"School","Img","Name","Rarity","Type","Target","Formula","Multiplier","Element","Time","Effects","Counter","Auto Target","SB","Uses","Max","Orb 1 Required","1-R1","1-R2","1-R3","1-R4","1-R5","Orb 2 Required","2-R1","2-R2","2-R3","2-R4","2-R5","Orb 3 Required","3-R1","3-R2","3-R3","3-R4","3-R5","Orb 4 Required","4-R1","4-R2","4-R3","4-R4","4-R5","Introducing Event","Name (JP)","ID","GL","✓"
"Black Magic","","Fire","1","BLK","Single","Magical","1.50","Fire","1.80","One single attack (1.50)","Y","Lowest HP% enemy","55","2","10","Minor Black","3","5","10","20","30","Minor Fire","3","8","15","30","45","","","","","","","","","","","","","Dungeons Update #1","ファイア","30111001","✓","✓"
"Black Magic","","Fira","2","BLK","Single","Magical","2.90","Fire","1.80","One single attack (2.90)","Y","Lowest HP% enemy","55","2","10","Lesser Black","5","10","20","30","50","Lesser Fire","8","15","30","45","75","","","","","","","","","","","","","Dungeons Update #1","ファイラ","30111002","✓","✓"
"Black Magic","","Firaga","3","BLK","Single","Magical","4.90","Fire","1.80","One single attack (4.90)","Y","Lowest HP% enemy","60","2","10","Black","5","10","20","30","50","Fire","8","15","30","45","75","","","","","","","","","","","","","Dungeons Update #2","ファイガ","30111003","✓","✓"
"Black Magic","","Firaja","4","BLK","Single","Magical","9.00","Fire","1.80","One single attack (9.00)","Y","Lowest HP% enemy","70","2","10","Greater Black","5","10","20","30","50","Greater Fire","8","15","30","45","75","","","","","","","","","","","","","Operation Mi'ihen","ファイジャ","30111004","✓","✓"
"Black Magic","","Blizzard","1","BLK","Single","Magical","1.50","Ice","1.80","One single attack (1.50)","Y","Lowest HP% enemy","55","2","10","Minor Black","3","5","10","20","30","Minor Ice","3","8","15","30","45","","","","","","","","","","","","","Dungeons Update #1","ブリザド","30111011","✓","✓"
"Black Magic","","Blizzara","2","BLK","Single","Magical","2.90","Ice","1.80","One single attack (2.90)","Y","Lowest HP% enemy","55","2","10","Lesser Black","5","10","20","30","50","Lesser Ice","5","15","30","45","75","","","","","","","","","","","","","Dungeons Update #1","ブリザラ","30111012","✓","✓"
"Black Magic","","Blizzaga","3","BLK","Single","Magical","4.90","Ice","1.80","One single attack (4.90)","Y","Lowest HP% enemy","60","2","10","Black","5","10","20","30","50","Ice","5","15","30","45","75","","","","","","","","","","","","","Dungeons Update #2","ブリザガ","30111013","✓","✓"
"Black Magic","","Blizzaja","4","BLK","Single","Magical","9.00","Ice","1.80","One single attack (9.00)","Y","Lowest HP% enemy","70","2","10","Greater Black","5","10","20","30","50","Greater Ice","5","15","30","45","75","","","","","","","","","","","","","Operation Mi'ihen","ブリザジャ","30111014","✓","✓"
"Black Magic","","Thunder","1","BLK","Single","Magical","1.50","Lightning","1.80","One single attack (1.50)","Y","Lowest HP% enemy","55","2","10","Minor Black","3","5","10","20","30","Minor Lightning","3","8","15","30","45","","","","","","","","","","","","","Dungeons Update #1","サンダー","30111021","✓","✓"
"Black Magic","","Thundara","2","BLK","Single","Magical","2.90","Lightning","1.80","One single attack (2.90)","Y","Lowest HP% enemy","55","2","10","Lesser Black","5","10","20","30","50","Lesser Lightning","5","15","30","45","75","","","","","","","","","","","","","Dungeons Update #1","サンダラ","30111022","✓","✓"
"Black Magic","","Thundaga","3","BLK","Single","Magical","4.90","Lightning","1.80","One single attack (4.90)","Y","Lowest HP% enemy","60","2","10","Black","5","10","20","30","50","Lightning","5","15","30","45","75","","","","","","","","","","","","","Dungeons Update #2","サンダガ","30111023","✓","✓"
"Black Magic","","Thundaja","4","BLK","Single","Magical","9.00","Lightning","1.80","One single attack (9.00)","Y","Lowest HP% enemy","70","2","10","Greater Black","5","10","20","30","50","Greater Lightning","5","15","30","45","75","","","","","","","","","","","","","The Pulse Fal'Cie","サンダジャ","30111024","✓","✓"
"Black Magic","","Water","1","BLK","Single","Magical","1.55","Water","1.80","One single attack (1.55)","Y","Lowest HP% enemy","55","2","10","Minor Black","2","5","10","20","30","Minor Fire","2","3","6","12","18","Minor Ice","2","3","6","12","18","","","","","","","Dungeons Update #1","ウォータ","30111031","✓","✓"
"Black Magic","","Watera","2","BLK","Single","Magical","3.05","Water","1.80","One single attack (3.05)","Y","Lowest HP% enemy","55","2","10","Lesser Black","5","10","20","30","50","Lesser Fire","3","6","12","18","30","Lesser Ice","3","6","12","18","30","","","","","","","Dungeons Update #1","ウォタラ","30111032","✓","✓"
"Black Magic","","Waterga","3","BLK","Single","Magical","4.90","Water","1.50","One single attack (4.90)","Y","Lowest HP% enemy","60","2","10","Black","5","10","20","30","50","Fire","3","6","12","18","30","Ice","3","6","12","18","30","","","","","","","Dungeons Update #4","ウォタガ","30111033","✓","✓"
"Black Magic","","Waterja","4","BLK","Single","Magical","9.00","Water","1.50","One single attack (9.00)","Y","Lowest HP% enemy","70","2","10","Greater Black","5","10","20","30","50","Greater Fire","3","6","12","18","30","Greater Ice","3","6","12","18","30","","","","","","","The Dreadnought Leviathan","ウォタジャ","30111034","✓","✓"
"Black Magic","","Bio","2","BLK","Single","Magical","2.80","Poison","1.80","One single attack (2.80), causes [Poison] (3%)","Y","Lowest HP% enemy","55","2","10","Lesser Black","5","10","20","30","50","Lesser Dark","5","15","30","45","75","","","","","","","","","","","","","Dungeons Update #2","バイオ","30111041","✓","✓"
"Black Magic","","Biora","3","BLK","Single","Magical","4.80","Poison","1.80","One single attack (4.80), causes [Poison] (3%)","Y","Lowest HP% enemy","60","2","10","Black","5","10","20","30","50","Dark","5","15","30","45","75","","","","","","","","","","","","","Dungeons Update #2","バイオラ","30111042","✓","✓"
"Black Magic","","Bioga","4","BLK","Single","Magical","8.80","Poison","1.80","One single attack (8.80), causes [Poison] (3%)","Y","Lowest HP% enemy","70","2","10","Greater Black","5","10","20","30","50","Greater Dark","5","15","30","45","75","","","","","","","","","","","","","Man in Black","バイオガ","30111043","✓","✓"
"Black Magic","","Dark","3","BLK","Single","Magical","5.00","Dark","1.80","One single attack (5.00)","Y","Lowest HP% enemy","60","2","10","Black","5","10","20","30","50","Non-Elemental","3","6","12","18","30","Dark","3","6","12","18","30","","","","","","","Dungeons Update #2","ダーク","30111051","✓","✓"
"Black Magic","","Darkra","4","BLK","Single","Magical","9.00","Dark","1.80","One single attack (9.00)","Y","Lowest HP% enemy","70","2","10","Greater Black","5","10","20","30","50","Greater Non-Elemental","3","6","12","18","30","Greater Dark","3","6","12","18","30","","","","","","","Third Pilgrimage","ダーラ","30111052","✓","✓"
"Black Magic","","Death","4","BLK","Single","","","","1.80","Causes [Instant KO] (70%)","Y","Random enemy","75","1","5","Greater Black","5","10","20","30","50","Greater Ice","3","6","12","18","30","Greater Dark","3","6","12","18","30","","","","","","","Dungeons Update #2","デス","30111061","✓","✓"
"Black Magic","","Flare","5","BLK","Single","Magical","13.25","NE","1.80","Five single attacks (2.65 each)","Y","Lowest HP% enemy","100","2","10","Major Black","10","20","30","50","100","Major Non-Elemental","6","12","18","30","60","Major Fire","6","12","18","30","60","","","","","","","Dungeons Update #2","フレア","30111071","✓","✓"
"Black Magic","","Sleep","1","BLK","Single","","","","1.80","Causes [Sleep] (30%)","Y","Random enemy without status","60","2","10","Minor Black","2","5","10","20","30","Minor Ice","2","3","6","12","18","Minor Dark","2","3","6","12","18","","","","","","","Dungeons Update #1","スリプル","30111081","✓","✓"
"Black Magic","","Poison","1","BLK","Single","","","","1.80","Causes [Poison] (30%)","Y","Random enemy without status","60","2","10","Minor Black","3","5","10","20","30","Minor Dark","3","8","15","30","45","","","","","","","","","","","","","Dungeons Update #1","ポイズン","30111091","✓","✓"
"Black Magic","","Confuse","1","BLK","Single","","","","1.80","Causes [Confuse] (30%)","Y","Random enemy without status","60","2","10","Minor Black","3","5","10","20","30","Minor Dark","3","8","15","30","45","","","","","","","","","","","","","Dungeons Update #1","コンフュ","30111101","✓","✓"
"Black Magic","","Gravity","3","BLK","Single","","","","1.80","Damages for 50% of the target's current HP, resisted via Instant KO","Y","Lowest HP% enemy","65","2","10","Black","5","10","20","30","50","Lightning","3","6","12","18","30","Dark","3","6","12","18","30","","","","","","","Dungeons Update #1","グラビデ","30111111","✓","✓"
"Black Magic","","Stop","3","BLK","Single","","","","1.80","Causes [Stop] (70%)","Y","Random enemy without status","65","2","10","Black","5","10","20","30","50","Non-Elemental","3","6","12","18","30","Dark","3","6","12","18","30","","","","","","","Dungeons Update #1","ストップ","30111121","✓","✓"
"Black Magic","","Comet","3","BLK","Single","Magical","5.10","NE","1.80","One single attack (5.10)","Y","Lowest HP% enemy","65","2","10","Black","5","10","20","30","50","Non-Elemental","3","6","12","18","30","Earth","3","6","12","18","30","","","","","","","Dungeons Update #1","コメット","30111131","✓","✓"
"Black Magic","","Break","4","BLK","Single","","","","1.80","Causes [Petrify] (25%)","Y","Random enemy without status","75","2","10","Greater Black","5","10","20","30","50","Greater Non-Elemental","3","6","12","18","30","Greater Earth","3","6","12","18","30","","","","","","","Dungeons Update #1","ブレイク","30111141","✓","✓"
"Black Magic","","Quake","4","BLK","All enemies","Magical","5.60","Earth","1.80","One group attack (5.60)","Y","All enemies","70","2","10","Greater Black","5","10","20","30","50","Greater Earth","3","6","12","18","30","Greater Dark","3","6","12","18","30","","","","","","","Dungeons Update #1","クエイク","30111151","✓","✓"
"Black Magic","","Fireball","2","BLK","All enemies","Magical","2.00","Fire","1.65","One group attack (2.00)","Y","All enemies","55","2","10","Lesser Black","5","10","20","30","50","Lesser Fire","8","15","30","45","75","","","","","","","","","","","","","Evil of Mardias","ファイアボール","30111161","","✓"
"Black Magic","","Raincall","2","BLK","All enemies","Magical","2.00","Water","1.65","One group attack (2.00)","Y","All enemies","55","2","10","Lesser Black","5","10","20","30","50","Lesser Ice","8","15","30","45","75","","","","","","","","","","","","","Evil of Mardias","レインコール","30111171","","✓"
"Black Magic","","Meteor","5","BLK","All enemies","Magical","10.50","NE","1.80","Three group attacks (3.50 each)","Y","All enemies","100","2","10","Major Black","10","20","30","50","100","Major Non-Elemental","6","12","18","30","60","Major Fire","3","6","9","12","15","Major Earth","6","12","18","30","60","Man in Black","メテオ","30111181","✓","✓"
"Black Magic","","Blind","1","BLK","Single","","","","1.80","Causes [Blind] (30%)","Y","Random enemy without status","60","4","12","Minor Black","3","5","10","20","30","Minor Dark","3","8","15","30","45","","","","","","","","","","","","","Touched by Magic","ブライン","30111201","✓","✓"
"Black Magic","","Blindga","3","BLK","Single","","","","1.80","Causes [Blind] (60%)","Y","Random enemy without status","65","4","12","Black","5","10","20","30","50","Dark","8","15","30","45","75","","","","","","","","","","","","","Touched by Magic","ブライガ","30111202","✓","✓"
"Black Magic","","Ruin","2","BLK","Single","Magical","3.00","NE","1.80","One group attack (3.00)","Y","Lowest HP% enemy","60","2","10","Lesser Black","5","10","20","30","50","Lesser Holy","3","6","12","18","30","Lesser Dark","3","6","12","18","30","","","","","","","Chasing Hope","ルイン","30111211","✓","✓"
"Black Magic","","Ruinga","4","BLK","All enemies","Magical","5.90","NE","1.80","One group attack (5.90)","Y","All enemies","75","2","10","Greater Black","5","10","20","30","50","Greater Holy","3","6","12","18","30","Greater Dark","3","6","12","18","30","","","","","","","Chasing Hope","ルインガ","30111213","✓","✓"
"Black Magic","","Snowball Flurry","2","BLK","All enemies","Magical","2.00","Ice","1.65","One group attack (2.00)","Y","All enemies","55","2","10","Lesser Black","5","10","20","30","50","Lesser Ice","8","15","30","45","75","","","","","","","","","","","","","Dungeons Update #13","陽気なスノーボール","30111221","✓","✓"
"Black Magic","","Lightning","2","BLK","All enemies","Magical","2.00","Lightning","1.65","One group attack (2.00)","Y","All enemies","55","2","10","Lesser Black","5","10","20","30","50","Lesser Lightning","8","15","30","45","75","","","","","","","","","","","","","Dungeons Update #16","いかずち","30111231","✓","✓"
"Black Magic","","Ultima","6","BLK","All enemies","Magical","12.00","Fire, Ice, Lightning, Earth, Wind, Water, Holy, Dark, Poison, NE","1.80","Three group attacks (4.00 each)","Y","All enemies","90","2","10","Black Crystal","10","20","30","50","100","Non-Elemental Crystal","6","12","18","30","60","Fire Crystal","6","12","18","30","60","Ability Record","1","0","0","0","0","Ultima Record","アルテマ","30111241","✓","✓"
"Black Magic","","Meltdown","6","BLK","Single","Magical","14.80","Fire, Wind, Earth","1.80","Four single attacks (3.70 each)","Y","Lowest HP% enemy","90","2","10","Black Crystal","10","20","30","50","100","Fire Crystal","6","12","18","30","60","Earth Crystal","6","12","18","30","60","Ability Record","1","0","0","0","0","Meltdown Record","メルトン","30111251","✓","✓"
"Black Magic","","Chain Blizzaga","5","BLK","Single","Magical","11.80","Ice","1.80","Four single attacks (2.95 each)","Y","Lowest HP% enemy","75","2","10","Major Black","10","20","40","60","100","Major Non-Elemental","6","12","24","36","60","Major Ice","6","12","24","36","60","","","","","","","Go Go Gullwings!","連続ブリザガ","30111261","✓","✓"
"Black Magic","","Chain Blizzaja","6","BLK","Single","Magical","15.25","Ice","1.80","Five single attacks (3.05 each)","Y","Lowest HP% enemy","90","2","10","Black Crystal","10","20","30","50","100","Non-Elemental Crystal","6","12","18","30","60","Ice Crystal","6","12","18","30","60","Ability Record","1","0","0","0","0","Hard-Won Absolution","連続ブリザジャ","30111262","✓","✓"
"Black Magic","","Chain Firaga","5","BLK","Single","Magical","11.80","Fire","1.80","Four single attacks (2.95 each)","Y","Lowest HP% enemy","75","2","10","Major Black","10","20","40","60","100","Major Non-Elemental","6","12","24","36","60","Major Fire","6","12","24","36","60","","","","","","","Friendship Ribbon","連続ファイガ","30111271","✓","✓"
"Black Magic","","Chain Firaja","6","BLK","Single","Magical","15.25","Fire","1.80","Five single attacks (3.05 each)","Y","Lowest HP% enemy","90","2","10","Black Crystal","10","20","30","50","100","Non-Elemental Crystal","6","12","18","30","60","Fire Crystal","6","12","18","30","60","Ability Record","1","0","0","0","0","Darkest Precepts","連続ファイジャ","30111272","✓","✓"
"Black Magic","","Stone","1","BLK","Single","Magical","1.50","Earth","1.80","One single attack (1.50)","Y","Lowest HP% enemy","55","2","10","Minor Black","3","5","10","20","30","Minor Earth","3","8","15","30","45","","","","","","","","","","","","","Thorns of the Rose","ストーン","30111291","✓","✓"
"Black Magic","","Stonera","2","BLK","Single","Magical","2.90","Earth","1.80","One single attack (2.90)","Y","Lowest HP% enemy","55","2","10","Lesser Black","5","10","20","30","50","Lesser Earth","8","15","30","45","75","","","","","","","","","","","","","Thorns of the Rose","ストンラ","30111292","✓","✓"
"Black Magic","","Stonega","3","BLK","Single","Magical","4.90","Earth","1.80","One single attack (4.90)","Y","Lowest HP% enemy","60","2","10","Black","5","10","20","30","50","Earth","8","15","30","45","75","","","","","","","","","","","","","Thorns of the Rose","ストンガ","30111293","✓","✓"
"Black Magic","","Stoneja","4","BLK","Single","Magical","9.00","Earth","1.80","One single attack (9.00)","Y","Lowest HP% enemy","70","2","10","Greater Black","5","10","20","30","50","Greater Earth","8","15","30","45","75","","","","","","","","","","","","","Thorns of the Rose","ストンジャ","30111294","✓","✓"
"Black Magic","","Chain Stonega","5","BLK","Single","Magical","11.80","Earth","1.80","Four single attacks (2.95 each)","Y","Lowest HP% enemy","75","2","10","Major Black","10","20","40","60","100","Major Earth","6","12","24","36","60","Major Dark","6","12","24","36","60","","","","","","","Thorns of the Rose","連続ストンガ","30111295","✓","✓"
"Black Magic","","Chain Thundaga","5","BLK","Single","Magical","11.80","Lightning","1.80","Four single attacks (2.95 each)","Y","Lowest HP% enemy","75","2","10","Major Black","10","20","40","60","100","Major Lightning","6","12","24","36","60","Major Wind","6","12","24","36","60","","","","","","","Heir of the Dynast-King","連続サンダガ","30111301","✓","✓"
"Black Magic","","Chain Thundaja","6","BLK","Single","Magical","15.25","Lightning","1.80","Five single attacks (3.05 each)","Y","Lowest HP% enemy","90","2","10","Black Crystal","10","20","30","50","100","Lightning Crystal","6","12","18","30","60","Wind Crystal","6","12","18","30","60","Ability Record","1","0","0","0","0","Darkest Precepts","連続サンダジャ","30111302","✓","✓"
"Black Magic","","Chain Biora","5","BLK","Single","Magical","11.80","Poison","1.80","Four single attacks (2.95 each), causes [Poison] (3%)","Y","Lowest HP% enemy","75","2","10","Major Black","10","20","40","60","100","Major Earth","6","12","24","36","60","Major Dark","6","12","24","36","60","","","","","","","The Lion Wakes","連続バイオラ","30111311","✓","✓"
"Black Magic","","Chain Waterga","5","BLK","Single","Magical","11.80","Water","1.80","Four single attacks (2.95 each)","Y","Lowest HP% enemy","75","2","10","Major Black","10","20","40","60","100","Major Fire","6","12","24","36","60","Major Ice","6","12","24","36","60","","","","","","","Scouring the Dephts","連続ウォタガ","30111321","✓","✓"
"Black Magic","","Chain Waterja","6","BLK","Single","Magical","15.25","Water","1.80","Five single attacks (3.05 each)","Y","Lowest HP% enemy","90","2","10","Black Crystal","10","20","30","50","100","Fire Crystal","6","12","18","30","60","Ice Crystal","6","12","18","30","60","Ability Record","1","0","0","0","0","One-Eyed Tyrant","連続ウォタジャ","30111322","✓","✓"
"Black Magic","","Tornado","5","BLK","Single","Magical","11.80","Wind","1.80","Four single attacks (2.95 each)","Y","Lowest HP% enemy","75","2","10","Major Black","10","20","40","60","100","Major Non-Elemental","6","12","24","36","60","Major Wind","6","12","24","36","60","","","","","","","Triumph over Darkness","トルネド","30111331","✓","✓"
"Black Magic","","Voltech","6","BLK","Single","Magical","14.80","Ice, Water, Lightning","1.80","Four single attacks (3.70 each)","Y","Lowest HP% enemy","90","2","10","Black Crystal","10","20","30","50","100","Ice Crystal","6","12","18","30","60","Lightning Crystal","6","12","18","30","60","Ability Record","1","0","0","0","0","Darkest Precepts","ボルテック","30111341","✓","✓"
"Black Magic","","Chain Stoneja","6","BLK","Single","Magical","15.25","Earth","1.80","Five single attacks (3.05 each)","Y","Lowest HP% enemy","90","2","10","Black Crystal","10","20","30","50","100","Earth Crystal","6","12","18","30","60","Dark Crystal","6","12","18","30","60","Ability Record","1","0","0","0","0","Mired in Despair","連続ストンジャ","30111351","✓","✓"
"Black Magic","","Chain Tornado","6","BLK","Single enemy","Magical","15.25","Wind","1.80","Five single attacks (3.05 each)","Y","Lowest HP% enemy","90","2","10","Black Crystal","10","20","30","50","100","Non-Elemental Crystal","6","12","18","30","60","Wind Crystal","6","12","18","30","60","Ability Record","1","0","0","0","0","Guardian of the Altar","連続トルネド","30111361","✓","✓"
"Black Magic","","Chain Bioga","6","BLK","Single enemy","Magical","15.25","Poison","1.80","Five single attacks (3.05 each), causes [Poison] (30%)","Y","Lowest HP% enemy","90","2","10","Black Crystal","10","20","30","50","100","Earth Crystal","6","12","18","30","60","Dark Crystal","6","12","18","30","60","Ability Record","1","0","0","0","0","Magicite: Odin (Poison)","連続バイオガ","30111701","✓","✓"
"Black Magic","","Chain Darkra","6","BLK","Single enemy","Magical","15.25","Dark","1.80","Five single attacks (3.05 each)","Y","Lowest HP% enemy","90","2","10","Black Crystal","10","20","30","50","100","Non-Elemental Crystal","6","12","18","30","60","Dark Crystal","6","12","18","30","60","Ability Record","1","0","0","0","0","New Years Party 2023","連続ダーラ","30111761","","✓"
"Black Magic","","Archsiphon","6","BLK","Single","Magical","","NE","1.80","Four single attacks (?~? each scaling with MAG)","?","Lowest HP% enemy","160","2","10","Black Crystal","10","20","30","50","100","Non-Elemental Crystal","6","12","18","30","60","Ice Crystal","6","12","18","30","60","Ability Record","1","0","0","0","0","","アークアスピル","30111861","",""
"Black Magic","","Drain","3","BLK","Single","Magical","4.50","Dark","1.80","One single attack (4.50), heals the user for 30% of the damage dealt","Y","Highest HP% enemy","60","2","10","Black","5","10","20","30","50","Dark","8","15","30","45","75","","","","","","","","","","","","","Magitek Facility Infiltration","ドレイン","30991001","✓","✓"
"Black Magic","","Drainga","4","BLK","Single","Magical","7.00","Dark","1.80","One single attack (7.00), heals the user for 30% of the damage dealt","Y","Highest HP% enemy","70","2","10","Greater Black","5","10","20","30","50","Greater Dark","8","15","30","45","75","","","","","","","","","","","","","Touched by Magic","ドレイガ","30991003","✓","✓"
"White Magic","","Cure","1","WHT","Single","Magical","1.20","Holy","1.50","Restores HP (30), damages undeads","Y","Lowest HP% ally","60","4","12","Minor White","3","5","10","20","30","Minor Holy","3","8","15","30","45","","","","","","","","","","","","","Dungeons Update #1","ケアル","30121001","✓","✓"
"White Magic","","Cura","2","WHT","Single","Magical","2.00","Holy","1.50","Restores HP (55), damages undeads","Y","Lowest HP% ally","60","4","12","Lesser White","5","10","20","30","50","Lesser Holy","8","15","30","45","75","","","","","","","","","","","","","Dungeons Update #1","ケアルラ","30121002","✓","✓"
"White Magic","","Curaga","3","WHT","Single","Magical","3.00","Holy","1.50","Restores HP (80), damages undeads","Y","Lowest HP% ally","65","4","12","White","5","10","20","30","50","Wind","3","6","12","18","30","Holy","3","6","12","18","30","","","","","","","Dungeons Update #1","ケアルダ","30121003","✓","✓"
"White Magic","","Curaja","4","WHT","Single","Magical","4.00","Holy","1.50","Restores HP (105), damages undeads","Y","Lowest HP% ally","75","4","12","Greater White","5","10","20","30","50","Greater Wind","3","6","12","18","30","Greater Holy","3","6","12","18","30","","","","","","","Dungeons Update #2","ケアルガ","30121004","✓","✓"
"White Magic","","Curada","6","WHT","Single ally","Magical","4.00","Holy","1.50","Restores HP (105), damages undeads, grants [HP Stock (2000)]","Y","Lowest HP% ally","100","4","12","White Crystal","10","20","30","50","100","Earth Crystal","6","12","18","30","60","Holy Crystal","6","12","18","30","60","Ability Record","1","0","0","0","0","Curada Record","ケアルジャ","30121005","✓","✓"
"White Magic","","Vox","1","WHT","Single","","","","1.50","Removes [Silence]","N","Random ally with status","60","4","12","Minor White","3","5","10","20","30","Minor Ice","3","8","15","30","45","","","","","","","","","","","","","Dungeons Update #1","ボキャル","30121010","✓","✓"
"White Magic","","Poisona","1","WHT","Single","","","","1.50","Removes [Poison]","N","Random ally with status","60","4","12","Minor White","3","5","10","20","30","Minor Dark","3","8","15","30","45","","","","","","","","","","","","","Dungeons Update #1","ポイゾナ","30121020","✓","✓"
"White Magic","","Blindna","1","WHT","Single","","","","1.50","Removes [Blind]","N","Random ally with status","60","4","12","Minor White","3","5","10","20","30","Minor Dark","3","8","15","30","45","","","","","","","","","","","","","Dungeons Update #1","ブラナ","30121030","✓","✓"
"White Magic","","Protect","1","WHT","Single","","","","1.50","Grants [Protect]","Y","Random ally without status","60","4","12","Minor White","3","5","10","20","30","Minor Earth","3","8","15","30","45","","","","","","","","","","","","","Dungeons Update #1","プロテス","30121040","✓","✓"
"White Magic","","Protectga","4","WHT","All allies","","","","1.50","Grants [Protect]","Y","All allies","75","2","10","Greater White","5","10","20","30","50","Greater Earth","8","15","30","45","75","","","","","","","","","","","","","Magitek Facility Infiltration","プロテガ","30121042","✓","✓"
"White Magic","","Shell","1","WHT","Single","","","","1.50","Grants [Shell]","Y","Random ally without status","60","4","12","Minor White","2","5","10","20","30","Minor Earth","2","3","6","12","18","Minor Holy","2","3","6","12","18","","","","","","","Dungeons Update #1","シェル","30121051","✓","✓"
"White Magic","","Shellga","4","WHT","All allies","","","","1.50","Grants [Shell]","Y","All allies","75","2","10","Greater White","5","10","20","30","50","Greater Earth","3","6","12","18","30","Greater Holy","3","6","12","18","30","","","","","","","The Battle Arena","シェルガ","30121052","✓","✓"
"White Magic","","Silence","1","WHT","Single","","","","1.50","Causes [Silence] (30%)","Y","Random enemy without status","60","4","12","Minor White","3","5","10","20","30","Minor Ice","3","8","15","30","45","","","","","","","","","","","","","Dungeons Update #1","サイレス","30121061","✓","✓"
"White Magic","","Silencega","3","WHT","Single","","","","1.50","Causes [Silence] (60%)","Y","Random enemy without status","65","4","12","White","5","10","20","30","50","Ice","8","15","30","45","75","","","","","","","","","","","","","Magitek Facility Infiltration","サイレガ","30121062","✓","✓"
"White Magic","","Slow","1","WHT","Single","","","","1.50","Causes [Slow] (30%)","Y","Random enemy without status","60","4","12","Minor White","3","5","10","20","30","Minor Wind","3","8","15","30","45","","","","","","","","","","","","","Dungeons Update #1","スロウ","30121071","✓","✓"
"White Magic","","Slowga","4","WHT","Single","","","","1.50","Causes [Slow] (80%)","Y","Random enemy without status","75","4","12","Greater White","5","10","20","30","50","Greater Wind","8","15","30","45","75","","","","","","","","","","","","","Magitek Facility Infiltration","スロウガ","30121072","✓","✓"
"White Magic","","Regen","2","WHT","Single","","","","1.50","Grants [Low Regen]","Y","Random ally without status","60","4","12","Lesser White","5","10","20","30","50","Lesser Holy","8","15","30","45","75","","","","","","","","","","","","","Dungeons Update #1","リジェネ","30121081","✓","✓"
"White Magic","","Stona","2","WHT","Single","","","","1.50","Removes [Petrify]","N","Random ally with status","60","4","12","Lesser White","5","10","20","30","50","Lesser Earth","8","15","30","45","75","","","","","","","","","","","","","Dungeons Update #1","ストナ","30121091","✓","✓"
"White Magic","","Haste","3","WHT","Single","","","","1.50","Grants [Haste]","Y","Random ally without status","65","4","12","White","5","10","20","30","50","Wind","8","15","30","45","75","","","","","","","","","","","","","Dungeons Update #1","ヘイスト","30121101","✓","✓"
"White Magic","","Hastega","5","WHT","All allies","","","","1.50","Grants [Haste]","Y","All allies","85","2","10","Major White","10","20","40","60","100","Major Wind","6","12","24","36","60","Major Holy","6","12","24","36","60","","","","","","","Summer Sun Festival","ヘイスガ","30121102","✓","✓"
"White Magic","","Esuna","3","WHT","Single","","","","1.50","Removes negative effects","Y","Random ally with status","65","2","10","White","5","10","20","30","50","Wind","3","6","12","18","30","Holy","3","6","12","18","30","","","","","","","Dungeons Update #2","エスナ","30121111","✓","✓"
"White Magic","","Raise","4","WHT","Single","","","","1.50","Removes KO [Raise: 20%], causes [Instant KO] (100%) to undeads","Y","Random ally with status","75","2","10","Greater White","5","10","20","30","50","Greater Holy","8","15","30","45","75","","","","","","","","","","","","","Dungeons Update #1","レイズ","30121121","✓","✓"
"White Magic","","Holy","5","WHT","Single","Magical","12.00","Holy","1.50","Four single attacks (3.00 each)","Y","Lowest HP% enemy","75","2","10","Major White","10","20","30","50","100","Major Ice","6","12","18","30","60","Major Holy","6","12","18","30","60","","","","","","","Dungeons Update #2","ホーリー","30121131","✓","✓"
"White Magic","","Hold","2","WHT","Single","","","","1.50","Causes [Paralyze] (1%)","Y","Random enemy without status","60","4","12","Lesser White","5","10","20","30","50","Lesser Earth","3","6","12","18","30","Lesser Holy","3","6","12","18","30","","","","","","","Dungeons Update #2","ホールド","30121141","✓","✓"
"White Magic","","Dia","2","WHT","Single","Magical","2.20","Holy","1.50","One single attack (2.20)","Y","Lowest HP% enemy","55","4","12","Lesser White","5","10","20","30","50","Lesser Wind","3","6","12","18","30","Lesser Holy","3","6","12","18","30","","","","","","","Dungeons Update #2","ディア","30121161","✓","✓"
"White Magic","","Diara","3","WHT","Single","Magical","4.20","Holy","1.50","One single attack (4.20)","Y","Lowest HP% enemy","60","4","12","White","5","10","20","30","50","Wind","3","6","12","18","30","Holy","3","6","12","18","30","","","","","","","Marriage of Convenience","アディア","30121162","✓","✓"
"White Magic","","Diaga","4","WHT","Single","Magical","8.30","Holy","1.65","One single attack (8.30)","Y","Lowest HP% enemy","70","4","12","Greater White","5","10","20","30","50","Greater Wind","3","6","12","18","30","Greater Holy","3","6","12","18","30","","","","","","","Footsteps of the Cetra","ダディア","30121164","✓","✓"
"White Magic","","Dispel","3","WHT","Single","","","","1.50","Removes positive effects","Y","Random enemy with status","65","2","10","White","5","10","20","30","50","Non-Elemental","3","6","12","18","30","Holy","3","6","12","18","30","","","","","","","Man in Black","デスペル","30121171","✓","✓"
"White Magic","","Berserk","3","WHT","Single","","","","1.50","Causes [Berserk] (50%)","Y","Random enemy without status","65","2","10","White","5","10","20","30","50","Non-Elemental","8","15","30","45","75","","","","","","","","","","","","","Dungeons Update #4","バーサク","30121181","✓","✓"
"White Magic","","Water of Might","3","WHT","Single","","","","1.65","[ATK +30%] for 25 seconds","Y","Random ally","65","2","10","Power","8","15","30","45","75","White","5","10","20","30","50","","","","","","","","","","","","","Evil of Mardias","力の水","30121191","","✓"
"White Magic","","Faith","3","WHT","Single","","","","1.65","[MAG +20%] for 25 seconds","N","Random ally","65","2","10","White","5","10","20","30","50","Dark","8","15","30","45","75","","","","","","","","","","","","","Footsteps of the Cetra","フェイス","30121203","✓","✓"
"White Magic","","Renewing Cure","3","WHT","Single","Magical","2.20","Holy","1.50","Restores HP (60), damages undeads, grants [Low Regen]","Y","Lowest HP% ally","65","4","12","White","5","10","20","30","50","Wind","3","6","12","18","30","Holy","3","6","12","18","30","","","","","","","Dungeons Update #13","セラピーケアル","30121211","✓","✓"
"White Magic","","Memento of Prayer","3","WHT","All allies","","","","1.50","Grants [Low Regen]","N","All allies","65","2","10","White","5","10","20","30","50","Earth","3","6","12","18","30","Holy","3","6","12","18","30","","","","","","","Dungeons Update #16","祈りのメメント","30121221","✓","✓"
"White Magic","","Arise","5","WHT","Single","","","","1.50","Removes KO [Raise: 100%], causes [Instant KO] (100%) to undeads","Y","Random ally with status","85","2","10","Major White","10","20","40","60","100","Major Wind","6","12","24","36","60","Major Holy","6","12","24","36","60","","","","","","","Seer of Destiny","アレイズ","30121231","✓","✓"
"White Magic","","Reraise","6","WHT","Single ally","","","","1.50","Grants [Reraise: 80%]","N","Random ally without status","100","2","10","White Crystal","10","20","30","50","100","Wind Crystal","6","12","18","30","60","Holy Crystal","6","12","18","30","60","Ability Record","1","0","0","0","0","Reraise Record","リレイズ","30121241","✓","✓"
"White Magic","","Curaise","4","WHT","Single","Magical","3.00","Holy","1.50","Restores HP (80), damages undeads, removes KO [Raise: 10%]","N","Ally with KO or lowest HP% ally","75","2","10","Greater White","5","10","20","30","50","Greater Wind","3","6","12","18","30","Greater Holy","3","6","12","18","30","","","","","","","Sketching Miracles","マレイズ","30121251","✓","✓"
"White Magic","","Ultra Cure","5","WHT","Single","Magical","4.00","Holy","1.50","Restores HP (105), damages undeads, removes negative effects","Y","Lowest HP% ally","85","4","12","Major White","10","20","40","60","100","Major Wind","6","12","24","36","60","Major Holy","6","12","24","36","60","","","","","","","A Dream for Spira","ウルトラキュアー","30121291","✓","✓"
"White Magic","","Grace","3","WHT","Single","","","","1.65","[MND +20%] for 25 seconds","N","Random ally without status","65","2","10","White","5","10","20","30","50","Non-Elemental","3","6","12","18","30","Holy","3","6","12","18","30","","","","","","","A Name Etched in Time","グレイス","30121301","✓","✓"
"White Magic","","De'Dia","5","WHT","Single enemy","Magical","9.21","Holy","1.65","Three single attacks (3.07 each), 25% chance to cause [Imperil Holy 10%] for 15 seconds","Y","Lowest HP% enemy","75","2","10","Major White","6","12","24","36","60","Major Non-Elemental","6","12","24","36","60","Major Holy","10","20","40","60","100","","","","","","","Clad in Red","デディア","30121311","✓","✓"
"White Magic","","Holyja","6","WHT","Single enemy","Magical","15.50","Holy","1.50","Five single attacks (3.10 each)","Y","Lowest HP% enemy","90","2","10","White Crystal","10","20","30","50","100","Ice Crystal","6","12","18","30","60","Holy Crystal","6","12","18","30","60","Ability Record","1","0","0","0","0","Guardian of the Altar","ホーリジャ","30121321","✓","✓"
"White Magic","","De'Diaja","6","WHT","Single enemy","Magical","10.50","Holy","1.65","Three single attacks (3.50 each), causes [Imperil Holy 10% (15s)] every second activation","Y","Lowest HP% enemy","90","2","10","White Crystal","6","12","18","30","60","Non-Elemental Crystal","6","12","18","30","60","Holy Crystal","10","20","30","50","100","Ability Record","1","0","0","0","0","Brink of the Void","デディアジャ","30121331","✓","✓"
"White Magic","","Wall","6","NAT","All allies","","","","1.65","Grants [10% Damage Reduction Barrier 1]","?","All allies","90","2","10","White Crystal","10","20","30","50","100","Non-Elemental Crystal","6","12","18","30","60","Holy Crystal","6","12","18","30","60","Ability Record","1","0","0","0","0","","ウォール","30121701","",""
"White Magic","","Reflect","3","WHT","Single","","","","1.50","Grants [Reflect]","Y","Random ally without status","65","2","10","White","5","10","20","30","50","Holy","8","15","30","45","75","","","","","","","","","","","","","Dungeons Update #2","リフレク","30991002","✓","✓"
"Combat","","Blade Bash","1","PHY","Single","Physical","1.10","-","1.65","One single attack (1.10), causes [Paralyze] (10%)","Y","Random enemy without status","60","2","10","Minor Power","3","5","10","20","30","Minor Lightning","3","8","15","30","45","","","","","","","","","","","","","Dungeons Update #1","みねうち","30151011","✓","✓"
"Combat","","Body Slam","1","PHY","Single","Physical","1.80","NE","1.65","One single attack (1.80), damages the user for 20% max HP","Y","Lowest HP% enemy","60","2","10","Minor Power","3","5","10","20","30","Minor Non-Elemental","3","8","15","30","45","","","","","","","","","","","","","Dungeons Update #1","体当たり","30151021","✓","✓"
"Combat","","Charge","2","PHY","Single","Physical","1.75","-","3.00","One single attack (1.75)","Y","Lowest HP% enemy","60","2","10","Lesser Power","5","10","20","30","50","Lesser Non-Elemental","8","15","30","45","75","","","","","","","","","","","","","Dungeons Update #1","チャージ","30151031","✓","✓"
"Combat","","Double Cut","2","PHY","Single","Physical","1.80","-","1.65","Two single attacks (0.90 each)","Y","Lowest HP% enemies","60","2","10","Lesser Power","5","10","20","30","50","Lesser Wind","8","15","30","45","75","","","","","","","","","","","","","Dungeons Update #1","連続斬り","30151041","✓","✓"
"Combat","","Bladeblitz","4","PHY","All enemies","Physical","1.50","-","1.65","One group attack (1.50)","Y","All enemies","75","2","10","Greater Power","5","10","20","30","50","Greater Wind","8","15","30","45","75","","","","","","","","","","","","","Dungeons Update #1","ぜんぎり","30151051","✓","✓"
"Combat","","Magic Break","3","PHY","Single","Physical","1.70","-","1.65","One single attack (1.70), [MAG -30%] for 15 seconds","Y","Random enemy","65","2","10","Power","5","10","20","30","50","Non-Elemental","3","6","12","18","30","Dark","3","6","12","18","30","","","","","","","Dungeons Update #1","マジックブレイク","30151061","✓","✓"
"Combat","","Armor Break","3","PHY","Single","Physical","1.70","-","1.65","One single attack (1.70), [DEF -30%] for 15 seconds","Y","Random enemy","65","2","10","Power","5","10","20","30","50","Non-Elemental","3","6","12","18","30","Earth","3","6","12","18","30","","","","","","","Dungeons Update #1","アーマーブレイク","30151071","✓","✓"
"Combat","","Power Break","3","PHY","Single","Physical","1.70","-","1.65","One single attack (1.70), [ATK -30%] for 15 seconds","Y","Random enemy","65","2","10","Power","5","10","20","30","50","Non-Elemental","3","6","12","18","30","Lightning","3","6","12","18","30","","","","","","","Dungeons Update #1","パワーブレイク","30151081","✓","✓"
"Combat","","Mental Break","3","PHY","Single","Physical","1.70","-","1.65","One single attack (1.70), [RES -30%] for 15 seconds","Y","Random enemy","65","2","10","Power","5","10","20","30","50","Non-Elemental","3","6","12","18","30","Ice","3","6","12","18","30","","","","","","","Dungeons Update #1","メンタルブレイク","30151091","✓","✓"
"Combat","","Pound","4","PHY","Single","Physical","2.30","-","1.65","One single attack (2.30), 100% hit rate","Y","Lowest HP% enemy","75","2","10","Greater Power","5","10","20","30","50","Greater Non-Elemental","3","6","12","18","30","Greater Earth","3","6","12","18","30","","","","","","","Festival of Gold","叩き潰す","30151101","✓","✓"
"Combat","","Barrage","5","PHY","Random enemies","Physical","4.00","-","1.65","Four random attacks (1.00 each)","Y","Random enemies","100","2","10","Major Power","10","20","30","50","100","Major Earth","6","12","18","30","60","Major Wind","6","12","18","30","60","","","","","","","Dungeons Update #2","みだれうち","30151111","✓","✓"
"Combat","","Cripple","3","NAT","Single","","","","1.65","Damages for 25% of the target's current HP, resisted via Instant KO","Y","Highest HP% enemy","65","2","10","Power","5","10","20","30","50","Fire","3","6","12","18","30","Earth","3","6","12","18","30","","","","","","","Dungeons Update #2","ぶちかます","30151121","✓","✓"
"Combat","","Wicked Shockwave","4","PHY","All enemies","Physical","1.60","Dark","1.65","One group attack (1.60), 100% hit rate","Y","All enemies","70","2","10","Greater Power","5","10","20","30","50","Greater Non-Elemental","3","6","12","18","30","Greater Dark","3","6","12","18","30","","","","","","","Evil of Mardias","邪剣波","30151131","","✓"
"Combat","","Launch","3","PHY","Single","Physical","2.00","-","1.65","One single attack (2.00)","Y","Random enemy","65","2","10","Power","5","10","20","30","50","Non-Elemental","3","6","12","18","30","Wind","3","6","12","18","30","","","","","","","Lightning Strikes","スマッシュアッパー","30151141","✓","✓"
"Combat","","Bonecrusher","4","PHY","Single","Physical","2.80","NE","1.65","One single attack (2.80), damages the user for 25% max HP","Y","Lowest HP% enemy","75","2","10","Greater Power","5","10","20","30","50","Greater Fire","3","6","12","18","30","Greater Dark","3","6","12","18","30","","","","","","","Lost Memories","肉斬骨断","30151151","✓","✓"
"Combat","","Crushdown","6","PHY","All enemies","Physical","3.60","Dark, NE","1.65","Three group ranged attacks (1.20 each), causes [Instant KO] (99%)","Y","All enemies","90","2","10","Power Crystal","10","20","30","50","100","Fire Crystal","6","12","18","30","60","Earth Crystal","6","12","18","30","60","Ability Record","1","0","0","0","0","Crushdown Record","クラッシュダウン","30151161","✓","✓"
"Combat","","Full Charge","5","PHY","Single enemy","Physical","4.80","-","3.30","Four single attacks (1.20 each)","Y","Lowest HP% enemy","100","2","10","Major Power","10","20","40","60","100","Major Earth","6","12","24","36","60","Major Wind","6","12","24","36","60","","","","","","","Window on the Past","フルチャージ","30151171","✓","✓"
"Combat","","Mind Break","3","PHY","Single","Physical","1.70","-","1.65","One single attack (1.70), [MND -30%] for 15 seconds","Y","Random enemy","65","2","10","Power","5","10","20","30","50","White","3","6","12","18","30","Non-Elemental","3","6","12","18","30","","","","","","","Ward of the Four Crystals","マインドブレイク","30151181","✓","✓"
"Combat","","Omega Drive","6","PHY","Single enemy","Physical","1.08","-","1.65","Four single attacks (0.27~1.42 each scaling with ATK)","Y","Lowest HP% enemy","160","2","10","Power Crystal","10","20","30","50","100","Fire Crystal","6","12","18","30","60","Dark Crystal","6","12","18","30","60","Ability Record","1","0","0","0","0","Omega Drive Record","オメガドライブ","30151191","✓","✓"
"Combat","","Lifesiphon","4","PHY","Single","Physical","1.80","-","1.65","One single attack (1.80), 100% hit rate","Y","Lowest HP% enemy","150","2","10","Greater Power","5","10","20","30","50","Greater Ice","3","6","12","18","30","Greater Wind","3","6","12","18","30","","","","","","","Fang's Oath","エンドアスピル","30171111","✓","✓"
"Combat","","Brave Burn","6","PHY","Single enemy","Physical","4.50","Fire","1.65","Five single attacks (0.90 each)","?","Lowest HP% enemy","90","2","10","Power Crystal","6","12","18","30","60","Non-Elemental Crystal","6","12","18","30","60","Fire Crystal","10","20","30","50","100","Ability Record","1","0","0","0","0","","ブレイブバーン","30151251","",""
"Support","","Salve","1","NAT","Self","","","","1.65","Restores HP (50)","Y","Self","60","4","12","Minor Power","3","5","10","20","30","Minor Holy","3","8","15","30","45","","","","","","","","","","","","","Dungeons Update #1","手当て","30161011","✓","✓"
"Support","","Boost","1","NAT","Single","","","","1.65","[ATK +25%] for 25 seconds","Y","Random ally","60","4","12","Minor Power","3","5","10","20","30","Minor Holy","3","8","15","30","45","","","","","","","","","","","","","Dungeons Update #1","おうえん","30161021","✓","✓"
"Support","","Intimidate","3","NAT","Single","","","","1.65","Causes [Paralyze] (50%)","Y","Random enemy without status","65","2","10","Power","5","10","20","30","50","Lightning","8","15","30","45","75","","","","","","","","","","","","","Dungeons Update #1","いあつ","30161031","✓","✓"
"Support","","Sleep Attack","2","PHY","Single","Physical","1.40","-","1.65","One single attack (1.40), causes [Sleep] (10%)","Y","Random enemy without status","60","2","10","Lesser Power","5","10","20","30","50","Lesser Ice","8","15","30","45","75","","","","","","","","","","","","","Dungeons Update #1","スリプルアタック","30161041","✓","✓"
"Support","","Silence Attack","2","PHY","Single","Physical","1.40","-","1.65","One single attack (1.40), causes [Silence] (10%)","Y","Random enemy without status","60","2","10","Lesser Power","5","10","20","30","50","Lesser Ice","8","15","30","45","75","","","","","","","","","","","","","Dungeons Update #1","サイレスアタック","30161051","✓","✓"
"Support","","Venom Attack","2","PHY","Single","Physical","1.40","-","1.65","One single attack (1.40), causes [Poison] (10%)","Y","Random enemy without status","60","2","10","Lesser Power","5","10","20","30","50","Lesser Dark","8","15","30","45","75","","","","","","","","","","","","","Dungeons Update #1","ベノムアタック","30161061","✓","✓"
"Support","","Dark Attack","2","PHY","Single","Physical","1.40","-","1.65","One single attack (1.40), causes [Blind] (10%)","Y","Random enemy without status","60","2","10","Lesser Power","5","10","20","30","50","Lesser Dark","8","15","30","45","75","","","","","","","","","","","","","Dungeons Update #1","ブラインアタック","30161071","✓","✓"
"Support","","Wrath","4","NAT","Self","","","","1.65","[ATK +3%] for 15 seconds","N","Self","180","2","10","Greater Power","5","10","20","30","50","Greater Fire","8","15","30","45","75","","","","","","","","","","","","","Dungeons Update #1","いかり","30161081","✓","✓"
"Support","","Entrust","5","NAT","Another ally","","","","1.65","Transfers the user's Soul Break points to the target","N","Random ally","85","2","10","Major Power","10","20","30","50","100","Major White","6","12","18","30","60","Major Black","6","12","18","30","60","","","","","","","Dungeons Update #2","たくす","30161091","✓","✓"
"Support","","Cry","2","NAT","Single","","","","1.65","Causes [Confuse] (30%)","Y","Random enemy without status","60","2","6","Lesser Power","5","10","20","30","50","Lesser Non-Elemental","3","6","12","18","30","Lesser Dark","3","6","12","18","30","","","","","","","Dungeons Update #2","うそなき","30161101","✓","✓"
"Support","","Silence Buster","3","PHY","Single","Physical","1.70","-","1.65","One single attack (1.70), causes [Silence] (30%)","Y","Random enemy without status","65","2","10","Power","5","10","20","30","50","Ice","8","15","30","45","75","","","","","","","","","","","","","Dungeons Update #2","サイレスバスター","30161112","✓","✓"
"Support","","Dark Buster","3","PHY","Single","Physical","1.70","-","1.65","One single attack (1.70), causes [Blind] (30%)","Y","Random enemy without status","65","2","10","Power","5","10","20","30","50","Non-Elemental","8","15","30","45","75","","","","","","","","","","","","","Dungeons Update #2","ブラインバスター","30161122","✓","✓"
"Support","","Venom Buster","3","PHY","Single","Physical","1.70","-","1.65","One single attack (1.70), causes [Poison] (30%)","Y","Random enemy without status","65","2","10","Power","5","10","20","30","50","Non-Elemental","3","6","12","18","30","Dark","3","6","12","18","30","","","","","","","Magitek Facility Infiltration","ベノムバスター","30161132","✓","✓"
"Support","","Sleep Buster","3","PHY","Single","Physical","1.70","-","1.65","One single attack (1.70), causes [Sleep] (30%)","Y","Random enemy without status","65","2","10","Power","5","10","20","30","50","Ice","3","6","12","18","30","Dark","3","6","12","18","30","","","","","","","Magitek Facility Infiltration","スリプルバスター","30161142","✓","✓"
"Support","","Mental Breakdown","4","PHY","Single","Physical","2.10","-","1.65","One single attack (2.10), [RES -50%] for 15 seconds","Y","Random enemy","75","2","10","Greater Power","5","10","20","30","50","Greater Non-Elemental","3","6","12","18","30","Greater Ice","3","6","12","18","30","","","","","","","Magitek Facility Infiltration","ハイメンタルブレイク","30161152","✓","✓"
"Support","","Magic Breakdown","4","PHY","Single","Physical","2.10","-","1.65","One single attack (2.10), [MAG -50%] for 15 seconds","Y","Random enemy","75","2","10","Greater Power","5","10","20","30","50","Greater Non-Elemental","3","6","12","18","30","Greater Dark","3","6","12","18","30","","","","","","","Magitek Facility Infiltration","ハイマジックブレイク","30161162","✓","✓"
"Support","","Power Breakdown","4","PHY","Single","Physical","2.10","-","1.65","One single attack (2.10), [ATK -40%] for 15 seconds","Y","Random enemy","75","2","10","Greater Power","5","10","20","30","50","Greater Non-Elemental","3","6","12","18","30","Greater Lightning","3","6","12","18","30","","","","","","","The Jenova Project","ハイパワーブレイク","30161172","✓","✓"
"Support","","Armor Breakdown","4","PHY","Single","Physical","2.10","-","1.65","One single attack (2.10), [DEF -40%] for 15 seconds","Y","Random enemy","75","2","10","Greater Power","5","10","20","30","50","Greater Non-Elemental","3","6","12","18","30","Greater Earth","3","6","12","18","30","","","","","","","The SeeD Exam Homecoming","ハイアーマーブレイク","30161182","✓","✓"
"Support","","Revive","2","NAT","Single ally","","","","1.50","Removes KO [Raise: 10%]","Y","Random ally with status","60","4","12","Lesser Power","5","10","20","30","50","Lesser Holy","8","15","30","45","75","","","","","","","","","","","","","The SeeD Exam Homecoming","蘇生","30161191","✓","✓"
"Support","","Life's Touch","2","NAT","Single","","","","1.65","Grants [Low Regen]","Y","Random ally without status","60","4","12","Lesser Power","5","10","20","30","50","Lesser Holy","8","15","30","45","75","","","","","","","","","","","","","Evil of Mardias","生命波","30161201","","✓"
"Support","","Full Break","5","PHY","Single","Physical","2.20","-","1.65","One single attack (2.20), [ATK, DEF, MAG and RES -30%] for 15 seconds","Y","Random enemy","100","2","10","Major Power","10","20","40","60","100","Major Ice","6","12","24","36","60","Major Lightning","6","12","24","36","60","","","","","","","Lost Memories","フルブレイク","30161211","✓","✓"
"Support","","Quadruple Foul","6","NAT","Random enemies","Hybrid","","Poison, NE","1.65","Four random hybrid ranged attacks (1.00 or 3.33), causes Poison (26%), Sleep (26%), Blind (26%) and Silence (26%)","Y","Random enemies","90","2","10","Power Crystal","10","20","30","50","100","Non-Elemental Crystal","6","12","18","30","60","Lightning Crystal","6","12","18","30","60","Ability Record","1","0","0","0","0","Tetra Foul Record","ペナルティ4","30161221","✓","✓"
"Support","","Affliction Break","6","PHY","Single","Physical","3.00","-","1.65","Two single attacks (1.50 each), causes [Status Chance -50%] for 15 seconds","Y","Lowest HP% enemy","100","2","10","Power Crystal","10","20","30","50","100","Non-Elemental Crystal","6","12","18","30","60","Dark Crystal","6","12","18","30","60","Ability Record","1","0","0","0","0","Affliction Break Record","ペナルティブレイク","30161231","✓","✓"
"Support","","Mind Breakdown","4","PHY","Single","Physical","2.10","-","1.65","One single attack (2.10), [MND -40%] for 15 seconds","Y","Random enemy","75","2","10","Greater Power","5","10","20","30","50","Greater White","3","6","12","18","30","Greater Non-Elemental","3","6","12","18","30","","","","","","","Ward of the Four Crystals","ハイマインドブレイク","30161241","✓","✓"
"Support","","Mighty Break","6","NAT","Single","Hybrid","","Fire, Ice, Lightning, Earth, Wind, Water, Holy, Dark, Poison","1.65","Three single hybrid ranged attacks (0.90 or 3.50), causes [ATK, DEF, MAG and RES -50% (8s)]","Y","Random enemy","90","2","10","Power Crystal","10","20","30","50","100","Non-Elemental Crystal","6","12","18","30","60","Lightning Crystal","6","12","18","30","60","Ability Record","1","0","0","0","0","","マイティブレイク","30161441","","✓"
"Celerity","","Aim","1","PHY","Single","Physical","1.10","-","1.20","One single attack (1.10), 100% hit rate","Y","Lowest HP% enemy","60","2","10","Minor Power","3","5","10","20","30","Minor Wind","3","8","15","30","45","","","","","","","","","","","","","Dungeons Update #1","ねらう","30171001","✓","✓"
"Celerity","","Quickness","3","NAT","Self","","","","1.20","Grants [Haste]","Y","Self","65","4","12","Power","5","10","20","30","50","Wind","8","15","30","45","75","","","","","","","","","","","","","Dungeons Update #1","ちょこまかうごく","30171011","✓","✓"
"Celerity","","Shadowbind","4","PHY","Single","Physical","2.10","-","1.20","One single ranged attack (2.10), causes [Stop] (40%)","Y","Random enemy without status","75","2","10","Greater Power","5","10","20","30","50","Greater Non-Elemental","8","15","30","45","75","","","","","","","","","","","","","Magitek Facility Infiltration","影縫い","30171021","✓","✓"
"Celerity","","Wind Slash","2","PHY","Single","Physical","1.40","Wind","1.20","One single ranged attack (1.40)","Y","Lowest HP% enemy","55","2","10","Lesser Power","5","10","20","30","50","Lesser Wind","8","15","30","45","75","","","","","","","","","","","","","Dungeons Update #2","かまいたち","30171031","✓","✓"
"Celerity","","Leg Shot","3","PHY","Single","Physical","1.70","-","1.20","One single attack (1.70), causes [Slow] (20%)","Y","Highest HP% enemy","65","2","10","Power","5","10","20","30","50","Earth","8","15","30","45","75","","","","","","","","","","","","","Dungeons Update #2","足を狙う","30171051","✓","✓"
"Celerity","","Quick Hit","5","PHY","Single","Physical","2.40","-","0.01","Two single attacks (1.20 each)","Y","Highest HP% enemy","95","2","10","Major Power","10","20","30","50","100","Major Wind","15","30","45","75","150","","","","","","","","","","","","","Magitek Facility Infiltration","クイックトリック","30171061","✓","✓"
"Celerity","","Dagger Toss","2","PHY","Single","Physical","1.70","-","1.20","One single ranged attack (1.70)","Y","Lowest HP% enemy","60","2","10","Lesser Power","5","10","20","30","50","Lesser Wind","8","15","30","45","75","","","","","","","","","","","","","Aspiring Hero","ダガーショット","30171071","✓","✓"
"Celerity","","Tempo Flurry","3","PHY","Single","Physical","1.80","-","1.20","Two single attacks (0.90 each), causes [Slow] (20%)","Y","Random enemies without status","65","2","10","Power","5","10","20","30","50","Lightning","3","6","12","18","30","Wind","3","6","12","18","30","","","","","","","Aspiring Hero","デュアルディレイ","30171081","✓","✓"
"Celerity","","Dismissal","4","PHY","Single","Physical","2.05","-","1.20","One single attack (2.05), causes [Stun] (25%)","Y","Lowest HP% enemy","75","2","10","Greater Power","5","10","20","30","50","Greater Lightning","3","6","12","18","30","Greater Wind","3","6","12","18","30","","","","","","","Aspiring Hero","断動","30171091","✓","✓"
"Celerity","","Paralyzing Shot","4","PHY","Single","Physical","2.10","-","1.20","One single attack (2.10), causes [Paralyze] (25%)","Y","Random enemy without status","75","2","10","Greater Power","5","10","20","30","50","Greater Lightning","3","6","12","18","30","Greater Wind","3","6","12","18","30","","","","","","","Defying Fate","パラライズショット","30171101","✓","✓"
"Celerity","","Northern Cross","6","NAT","Single enemy","Hybrid","","Ice, NE","1.20","Four single attacks (1.00 or 3.33 each), causes [Stun] (17%) and [Stop] (17%)","Y","Lowest HP% enemy","80","2","10","Power Crystal","10","20","30","50","100","Ice Crystal","6","12","18","30","60","Wind Crystal","6","12","18","30","60","Ability Record","1","0","0","0","0","Northern Cross Record","ノーザンクロス","30171121","✓","✓"
"Celerity","","Powerchain","5","PHY","Single","Physical","2.00","-","1.20","Two single attacks (1.00 each), grants [Instant Cast 1] to the user","Y","Lowest HP% enemy","95","2","10","Major Power","10","20","40","60","100","Major White","6","12","24","36","60","Major Wind","6","12","24","36","60","","","","","","","Window on the Past","チェーンスターター","30171131","✓","✓"
"Celerity","","Dervish","6","PHY","Single enemy","Physical","3.84","-","1.20","Eight single attacks (0.48 each), 0.60 multiplier if the user has Haste, grants [Haste] to the user","Y","Lowest HP% enemy","100","2","10","Power Crystal","10","20","30","50","100","Lightning Crystal","6","12","18","30","60","Wind Crystal","6","12","18","30","60","Ability Record","1","0","0","0","0","Dervish Record","スピードスター","30171141","✓","✓"
"Celerity","","Leaping Rush","5","PHY","Single enemy","Physical","2.72","-","1.20","4/5/6/7 single attacks (0.68 each) if the user used 0/3/5/7 damaging actions","Y","Lowest HP% enemy","95","2","10","Major Power","10","20","40","60","100","Major Lightning","6","12","24","36","60","Major Wind","6","12","24","36","60","","","","","","","Shield of the King","リッパーラッシュ","30171171","✓","✓"
"Celerity","","Ripping Blast","5","PHY","Single enemy","Physical","2.25","Wind","1.20","3/4/5 single attacks (0.75 each) if the user used 0/3/5 damaging actions","Y","Lowest HP% enemy","70","2","10","Major Power","10","20","40","60","100","Major Earth","6","12","24","36","60","Major Wind","6","12","24","36","60","","","","","","","3rd Anniversary Carnival","リッパーブラスト","30171181","✓","✓"
"Celerity","","Flash Disaster","6","PHY","Single enemy","Physical","2.25","Wind, Lightning","0.01","Three single attacks (0.75 each)","Y","Lowest HP% enemy","80","2","10","Power Crystal","10","20","30","50","100","Lightning Crystal","6","12","18","30","60","Wind Crystal","6","12","18","30","60","Ability Record","1","0","0","0","0","Stuff of Nightmares","クイックディザスター","30171194","✓","✓"
"Celerity","","Ripper Bolt","5","PHY","Single enemy","Physical","2.25","Lightning","1.20","3/4/5 single attacks (0.75 each) if the user used 0/3/5 damaging actions","Y","Lowest HP% enemy","70","2","10","Major Power","10","20","40","60","100","Major Lightning","6","12","24","36","60","Major Wind","6","12","24","36","60","","","","","","","Spark in the Void","リッパーボルト","30171201","✓","✓"
"Celerity","","Ripping Plasma","6","PHY","Single enemy","Physical","3.40","Lightning","1.20","4/5/6 single attacks (0.85 each) if the user used 0/3/5 damaging actions","Y","Lowest HP% enemy","80","2","10","Power Crystal","10","20","30","50","100","Non-Elemental Crystal","6","12","18","30","60","Lightning Crystal","6","12","18","30","60","Ability Record","1","0","0","0","0","Last Tears","リッパープラズマ","30171211","✓","✓"
"Celerity","","Running Start","6","PHY","Single enemy","Physical","1.80","Lightning, Wind","1.20","Two single attacks (0.90 each), grants [Instant Cast 1] to the user","Y","Lowest HP% enemy","80","2","10","Power Crystal","10","20","30","50","100","Lightning Crystal","6","12","18","30","60","Wind Crystal","6","12","18","30","60","Ability Record","1","0","0","0","0","Glory Feast 2019","レイジングスターター","30171221","✓","✓"
"Celerity","","Icebound","6","PHY","Single enemy","Physical","4.00","Ice","1.20","Five single attacks (0.80 each), removes [Haste]","Y","Lowest HP% enemy","80","2","10","Power Crystal","10","20","30","50","100","Non-Elemental Crystal","6","12","18","30","60","Ice Crystal","6","12","18","30","60","Ability Record","1","0","0","0","0","Whispers in the Wind","アイスバウンド","30171241","✓","✓"
"Celerity","","Ripping Storm","6","PHY","Single enemy","Physical","3.40","Wind","1.20","4/5/6 single attacks (0.85 each) if the user used 0/3/5 damaging actions","Y","Lowest HP% enemy","80","2","10","Power Crystal","10","20","30","50","100","Wind Crystal","6","12","18","30","60","Earth Crystal","6","12","18","30","60","Ability Record","1","0","0","0","0","Entrusted Pride","リッパーストーム","30171251","✓","✓"
"Summoning","","Goblin","1","SUM","Single enemy","Magical","2.70","-","1.80","One single attack (2.70), minimum damage 600","N","Lowest HP% enemy","60","2","6","Minor Summon","6","10","20","40","60","Minor Non-Elemental","3","5","10","20","30","","","","","","","","","","","","","Dungeons Update #1","ゴブリン ","30131001","✓","✓"
"Summoning","","Chocobo","2","SUM","Single enemy","Magical","5.40","-","1.80","One single attack (5.40), minimum damage 1000","N","Lowest HP% enemy","60","2","6","Lesser Summon","10","20","40","60","100","Lesser Non-Elemental","5","10","20","30","50","","","","","","","","","","","","","Dungeons Update #1","チョコボ","30131011","✓","✓"
"Summoning","","Dragon","2","SUM","All enemies","Magical","3.60","-","1.80","One group attack (3.60), minimum damage 600","N","All enemies","60","2","6","Lesser Summon","10","20","40","60","100","Lesser Non-Elemental","5","10","20","30","50","","","","","","","","","","","","","Dungeons Update #1","ドラゴン","30131021","✓","✓"
"Summoning","","Bomb","1","SUM","Single enemy","Magical","2.70","Fire","1.80","One single attack (2.70), minimum damage 600","N","Lowest HP% enemy","55","2","6","Minor Summon","6","10","20","40","60","Lesser Fire","3","5","10","20","30","","","","","","","","","","","","","Dungeons Update #1","ボム","30131031","✓","✓"
"Summoning","","Shiva","3","SUM","All enemies","Magical","5.50","Ice","1.80","Two group attacks (2.75 each), minimum damage 750","N","All enemies","60","2","6","Summon","10","20","40","60","100","Ice","5","10","20","30","50","","","","","","","","","","","","","Dungeons Update #1","シヴァ","30131041","✓","✓"
"Summoning","","Ramuh","3","SUM","All enemies","Magical","5.50","Lightning","1.80","Two group attacks (2.75 each), minimum damage 750","N","All enemies","60","2","6","Summon","10","20","40","60","100","Lightning","5","10","20","30","50","","","","","","","","","","","","","Dungeons Update #1","ラムウ","30131051","✓","✓"
"Summoning","","Ifrit","3","SUM","All enemies","Magical","5.50","Fire","1.80","Two group attacks (2.75 each), minimum damage 750","N","All enemies","60","2","6","Summon","10","20","40","60","100","Fire","5","10","20","30","50","","","","","","","","","","","","","Dungeons Update #1","イフリート","30131061","✓","✓"
"Summoning","","Syldra","4","SUM","All enemies","Magical","8.80","Lightning","1.80","Two group attacks (4.40 each), minimum damage 1100","N","All enemies","70","2","6","Greater Summon","10","20","40","60","100","Greater Lightning","6","12","24","36","60","Greater Wind","6","12","24","36","60","","","","","","","Dungeons Update #1","シルドラ","30131071","✓","✓"
"Summoning","","Leviathan","4","SUM","All enemies","Magical","8.80","Water","1.80","Two group attacks (4.40 each), minimum damage 1100","N","All enemies","70","2","6","Greater Summon","10","20","40","60","100","Greater Fire","6","12","24","36","60","Greater Ice","6","12","24","36","60","","","","","","","Dungeons Update #1","リヴァイアサン","30131081","✓","✓"
"Summoning","","Kirin","2","SUM","All allies","","","","1.80","Grants [Low Regen]","N","All allies","60","2","6","Lesser White","6","12","24","36","60","Lesser Summon","10","20","40","60","100","Lesser Holy","6","12","24","36","60","","","","","","","Magitek Facility Infiltration","キリン","30131101","✓","✓"
"Summoning","","Maduin","4","SUM","All enemies","Magical","9.60","NE","1.80","Two group attacks (4.80 each), minimum damage 1100","N","All enemies","75","2","6","Greater Summon","10","20","40","60","100","Greater Non-Elemental","5","10","20","30","50","","","","","","","","","","","","","Magitek Facility Infiltration","マディン","30131121","✓","✓"
"Summoning","","Odin","5","SUM","All enemies","Magical","12.00","NE","1.80","If not resisted, causes [Instant KO] (100%), otherwise, two group attacks (6.00 each), minimum damage 2500, causes [DEF and RES -20%] for 25 seconds","N","All enemies","100","2","6","Major Summon","10","20","40","60","100","Major Lightning","6","12","24","36","60","Major Dark","6","12","24","36","60","","","","","","","Magitek Facility Infiltration","オーディン","30131131","✓","✓"
"Summoning","","Phoenix","4","SUM","All enemies","Magical","8.00","Fire","1.80","One group attack (8.00), minimum damage 2200, removes KO [Raise: 50%] to a random ally with KO","N","All enemies","70","2","6","Greater Summon","5","10","20","30","50","Greater Fire","5","10","20","30","50","Major Fire","1","2","3","4","5","Greater Holy","3","5","10","15","25","Legendary Plunder","フェニックス","30131141","✓","✓"
"Summoning","","Valefor","4","SUM","All enemies","Magical","9.60","NE","1.80","Two group attacks (4.80 each), minimum damage 1100","N","All enemies","75","2","6","Greater Summon","5","10","20","30","50","Greater Non-Elemental","3","5","10","15","25","Greater Wind","5","10","20","30","50","Major Wind","1","2","3","4","5","Operation Mi'ihen","ヴァルファーレ","30131151","✓","✓"
"Summoning","","Carbuncle","4","SUM","All allies","","","","1.80","Grants [Reflect]","N","All allies","75","2","6","Greater Summon","10","20","40","60","100","Greater Holy","5","10","20","30","50","","","","","","","","","","","","","Princess of Alexandria","カーバンクル","30131171","✓","✓"
"Summoning","","Ixion","4","SUM","All enemies","Magical","9.20","Lightning","1.80","Two group attacks (4.60 each), minimum damage 1100","N","All enemies","70","2","6","Greater Summon","5","10","20","30","50","Greater Lightning","5","10","20","30","50","Major Lightning","1","2","3","4","5","Greater Wind","3","5","10","15","25","Marriage of Convenience","イクシオン","30131181","✓","✓"
"Summoning","","Alexander","4","SUM","All enemies","Magical","9.20","Holy","1.80","Two group attacks (4.60 each), minimum damage 1100","N","All enemies","70","2","6","Greater White","3","5","10","15","25","Greater Summon","5","10","20","30","50","Greater Holy","5","10","20","30","50","Major Holy","1","2","3","4","5","A Fateful Coin Toss","アレクサンダー","30131191","✓","✓"
"Summoning","","Quetzalcoatl","4","SUM","All enemies","Magical","8.00","Lightning","1.80","Two group attacks (4.00 each), minimum damage 1100, causes [Paralyze] (16%)","N","All enemies","70","2","6","Greater Summon","5","10","20","30","50","Greater Non-Elemental","3","5","10","15","25","Greater Lightning","5","10","20","30","50","Major Lightning","1","2","3","4","5","To Slay a Sorceress (Reissue)","ケツァクウァトル","30131201","✓","✓"
"Summoning","","Bahamut (V)","5","SUM","All enemies","Magical","16.50","NE","1.80","Three group attacks (5.50 each), minimum damage 2500","N","All enemies","100","2","6","Major Summon","10","20","40","60","100","Major Non-Elemental","6","12","24","36","60","Major Dark","6","12","24","36","60","","","","","","","Dungeons Update #8","バハムート","30131211","✓","✓"
"Summoning","","Cactuar","4","SUM","All enemies","","","","1.80","Three group attacks that deal 1000 damage each","N","All enemies","75","2","6","Greater Summon","10","20","40","60","100","Greater Non-Elemental","6","12","24","36","60","Greater Earth","6","12","24","36","60","","","","","","","Festival of Gold 2","サボテンダー","30131221","✓","✓"
"Summoning","","Orthros","4","SUM","Single enemy","Magical","9.60","NE","1.80","Eight single attacks (1.20 each), minimum damage 1000, causes [Blind] (10%)","N","Lowest HP% enemy","75","2","6","Greater Summon","10","20","40","60","100","Greater Ice","6","12","24","36","60","Greater Earth","6","12","24","36","60","","","","","","","Anniversary Celebration","オルトロス","30131231","✓","✓"
"Summoning","","Neo Bahamut","6","SUM","All enemies","Magical","19.20","NE","1.80","Four group attacks (4.80 each), minimum damage 2000, grants [MAG and RES +30% (8s)] to the user","N","All enemies","100","2","6","Summoning Crystal","10","20","30","50","100","Non-Elemental Crystal","6","12","18","30","60","Dark Crystal","6","12","18","30","60","Ability Record","1","0","0","0","0","Neo Bahamut Record","バハムート改","30131232","✓","✓"
"Summoning","","Fat Chocobo","4","SUM","All enemies","Magical","8.80","Earth","1.80","Two group attacks (4.40 each), minimum damage 1100","N","All enemies","70","2","6","Greater Summon","10","20","40","60","100","Greater Fire","6","12","24","36","60","Greater Earth","6","12","24","36","60","","","","","","","Festive Fantasy","デブチョコボ","30131241","✓","✓"
"Summoning","","Noel","4","SUM","All enemies","Magical","8.00","Ice","1.80","Two group attacks (4.00 each), minimum damage 1100, causes [Silence] (17%)","N","All enemies","70","2","6","Greater Summon","10","20","40","60","100","Greater Ice","6","12","24","36","60","Greater Dark","6","12","24","36","60","","","","","","","The Seven Heroes","ノエル","30131291","","✓"
"Summoning","","Titan","5","SUM","All enemies","Magical","15.00","Earth","1.80","Three group attacks (5.00 each), minimum damage 2500","N","All enemies","75","2","6","Major Summon","10","20","40","60","100","Major Fire","6","12","24","36","60","Major Earth","6","12","24","36","60","","","","","","","Reclaiming the Skies","タイタン","30131301","✓","✓"
"Summoning","","Valigarmanda","6","SUM","All enemies","Magical","16.50","Fire, Ice, Lightning","1.65","Three group attacks (5.50 each), minimum damage 2000","N","All enemies","90","2","6","Summoning Crystal","10","20","30","50","100","Ice Crystal","6","12","18","30","60","Lightning Crystal","6","12","18","30","60","Ability Record","1","0","0","0","0","Valigarmanda Record","ヴァリガルマンダ","30131311","✓","✓"
"Summoning","","Bahamut","5","SUM","All enemies","Magical","5.00","NE","1.80","One group attack (5.00), minimum damage 5500","N","All enemies","65","1","1","-","","","","","","-","","","","","","-","","","","","","","","","","","","Anniversary Celebration 2","-","30131091","✓","✓"
"Summoning","","Ultima Weapon","5","SUM","All enemies","Magical","15.00","Dark","1.80","Three group attacks (5.00 each), minimum damage 2500","N","All enemies","75","2","6","Major Summon","10","20","40","60","100","Major Non-Elemental","6","12","24","36","60","Major Dark","6","12","24","36","60","","","","","","","Ward of the Four Crystals","アルテマウェポン","30131321","✓","✓"
"Summoning","","Tiamat","5","SUM","All enemies","Magical","18.00","Wind","1.80","1/2/3 group attacks (6.00 each) at 550/900 MAG, minimum damage 2500","N","All enemies","75","2","6","Major White","6","12","24","36","60","Major Summon","10","20","40","60","100","Major Wind","6","12","24","36","60","","","","","","","Lady of the Vortex","ティアマット","30131331","✓","✓"
"Summoning","","Ogopogo","5","SUM","All enemies","Magical","18.00","Water","1.80","1/2/3 group attacks (6.00 each) at 550/900 MAG, minimum damage 2500","N","All enemies","75","2","6","Major White","6","12","24","36","60","Major Summon","10","20","40","60","100","Major Ice","6","12","24","36","60","","","","","","","Like Father Like Daughter","タイダリアサン","30131341","✓","✓"
"Summoning","","Madeen","5","SUM","All enemies","Magical","15.00","Holy","1.80","Three group attacks (5.00 each), minimum damage 2500","N","All enemies","75","2","6","Major Summon","10","20","40","60","100","Major Non-Elemental","6","12","24","36","60","Major Holy","6","12","24","36","60","","","","","","","Protect the Espers!","マディーン","30131351","✓","✓"
"Summoning","","Lunar Leviathan","6","SUM","All enemies","Magical","18.92","Water","1.80","Four group attacks (4.73 each), minimum damage 2000","N","All enemies","90","2","6","Summoning Crystal","10","20","30","50","100","Fire Crystal","6","12","18","30","60","Ice Crystal","6","12","18","30","60","Ability Record","1","0","0","0","0","One-Eyed Tyrant","ルナリヴァイア","30131361","✓","✓"
"Summoning","","Dark Valefor","6","SUM","All enemies","Magical","18.92","Wind","1.80","Four group attacks (4.73 each), minimum damage 2000","N","All enemies","90","2","6","White Crystal","6","12","18","30","60","Summoning Crystal","10","20","30","50","100","Wind Crystal","6","12","18","30","60","Ability Record","1","0","0","0","0","Terror of the Heavens","H・ヴァルファーレ","30131371","✓","✓"
"Summoning","","Bahamut (VI)","5","SUM","All enemies","Magical","16.50","NE","1.80","Three group attacks (5.50 each), minimum damage 2500","N","All enemies","80","2","6","Major Summon","0","20","40","60","100","Major Non-Elemental","0","12","24","36","60","Major Dark","0","12","24","36","60","","","","","","","Champions of the Sky"," バハムート【VI】","30131381","✓","✓"
"Summoning","","Lunar Ifrit","6","SUM","All enemies","Magical","18.92","Fire","1.80","Four group attacks (4.73 each), minimum damage 2000","N","All enemies","90","2","6","Summoning Crystal","10","20","30","50","100","Fire Crystal","6","12","18","30","60","Earth Crystal","6","12","18","30","60","Ability Record","1","0","0","0","0","Revel in Destruction","ルナイフリート","30131391","✓","✓"
"Summoning","","Lunar Dragon","6","SUM","All enemies","Magical","18.92","Holy","1.80","Four group attacks (4.73 each), minimum damage 2000","N","All enemies","90","2","6","White Crystal","6","12","18","30","60","Summoning Crystal","10","20","30","50","100","Holy Crystal","6","12","18","30","60","Ability Record","1","0","0","0","0","Hard-Won Absolution","ルナドラゴン","30131401","✓","✓"
"Summoning","","Brothers","6","SUM","All enemies","Magical","18.92","Earth","1.80","Four group attacks (4.73 each), minimum damage 2000","N","All enemies","90","2","6","Summoning Crystal","10","20","30","50","100","Fire Crystal","6","12","18","30","60","Earth Crystal","6","12","18","30","60","Ability Record","1","0","0","0","0","An Arduous Journey","ブラザーズ","30131411","✓","✓"
"Summoning","","Dark Ixion","6","SUM","All enemies","Magical","18.92","Lightning","1.80","Four group attacks (4.73 each), minimum damage 2000","N","All enemies","90","2","6","Summoning Crystal","10","20","30","50","100","Lightning Crystal","6","12","18","30","60","Wind Crystal","6","12","18","30","60","Ability Record","1","0","0","0","0","Blood Against Destiny","H･イクシオン","30131421","✓","✓"
"Summoning","","Anima","6","SUM","All enemies","Magical","18.92","Dark","1.80","Four group attacks (4.73 each), minimum damage 2000","N","All enemies","90","2","6","Summoning Crystal","10","20","30","50","100","Non-Elemental Crystal","6","12","18","30","60","Dark Crystal","6","12","18","30","60","Ability Record","1","0","0","0","0","Fat Black Chocobo Event: Dark","アニマ","30131431","✓","✓"
"Summoning","","Dark Shiva","6","SUM","All enemies","Magical","18.92","Ice","1.80","Four group attacks (4.73 each), minimum damage 2000","N","All enemies","90","2","6","Summoning Crystal","10","20","30","50","100","Ice Crystal","6","12","18","30","60","Dark Crystal","6","12","18","30","60","Ability Record","1","0","0","0","0","Whispers in the Wind","H・シヴァ","30131451","✓","✓"
"Spellblade","","Fire Strike","2","PHY","Single","Physical","1.50","Fire","1.65","One single attack (1.50)","Y","Lowest HP% enemy","55","2","10","Lesser Power","5","10","20","30","50","Lesser Black","3","6","12","18","30","Lesser Fire","3","6","12","18","30","","","","","","","Dungeons Update #1","ファイア剣","30141001","✓","✓"
"Spellblade","","Fira Strike","3","PHY","Single","Physical","1.80","Fire","1.65","One single attack (1.80)","Y","Lowest HP% enemy","60","2","10","Power","5","10","20","30","50","Black","3","6","12","18","30","Fire","3","6","12","18","30","","","","","","","Magitek Facility Infiltration","ファイラ剣","30141002","✓","✓"
"Spellblade","","Firaga Strike","4","PHY","Single","Physical","2.10","Fire","1.65","One single attack (2.10)","Y","Lowest HP% enemy","70","2","10","Greater Power","5","10","20","30","50","Greater Black","3","6","12","18","30","Greater Fire","3","6","12","18","30","","","","","","","Back to the Skies","ファイガ剣","30141003","✓","✓"
"Spellblade","","Blizzard Strike","2","PHY","Single","Physical","1.50","Ice","1.65","One single attack (1.50)","Y","Lowest HP% enemy","55","2","10","Lesser Power","5","10","20","30","50","Lesser Black","3","6","12","18","30","Lesser Ice","3","6","12","18","30","","","","","","","Dungeons Update #1","ブリザド剣","30141011","✓","✓"
"Spellblade","","Blizzara Strike","3","PHY","Single","Physical","1.80","Ice","1.65","One single attack (1.80)","Y","Lowest HP% enemy","60","2","10","Power","5","10","20","30","50","Black","3","6","12","18","30","Ice","3","6","12","18","30","","","","","","","Magitek Facility Infiltration","ブリザラ剣","30141012","✓","✓"
"Spellblade","","Blizzaga Strike","4","PHY","Single","Physical","2.10","Ice","1.65","One single attack (2.10)","Y","Lowest HP% enemy","70","2","10","Greater Power","5","10","20","30","50","Greater Black","3","6","12","18","30","Greater Ice","3","6","12","18","30","","","","","","","Successors of the Dawn","ブリザガ剣","30141013","✓","✓"
"Spellblade","","Thunder Strike","2","PHY","Single","Physical","1.60","Lightning","1.65","One single attack (1.60)","Y","Lowest HP% enemy","55","2","10","Lesser Power","5","10","20","30","50","Lesser Black","3","6","12","18","30","Lesser Lightning","3","6","12","18","30","","","","","","","Dungeons Update #1","サンダー剣","30141021","✓","✓"
"Spellblade","","Thundara Strike","3","PHY","Single","Physical","1.80","Lightning","1.65","One single attack (1.80)","Y","Lowest HP% enemy","60","2","10","Power","5","10","20","30","50","Black","3","6","12","18","30","Lightning","3","6","12","18","30","","","","","","","Festival of Gold","サンダラ剣","30141022","✓","✓"
"Spellblade","","Thundaga Strike","4","PHY","Single","Physical","2.10","Lightning","1.65","One single attack (2.10)","Y","Lowest HP% enemy","70","2","10","Greater Power","5","10","20","30","50","Greater Black","3","6","12","18","30","Greater Lightning","3","6","12","18","30","","","","","","","Big Bridge Showdown","サンダガ剣","30141023","✓","✓"
"Spellblade","","Drain Strike","3","PHY","Single","Physical","1.70","-","1.65","One single attack (1.70), heals the user for 30% of the damage dealt","Y","Lowest HP% enemy","65","2","10","Power","5","10","20","30","50","Black","3","6","12","18","30","Dark","3","6","12","18","30","","","","","","","Dungeons Update #1","ドレイン剣","30141031","✓","✓"
"Spellblade","","Flare Strike","5","PHY","Single enemy","Physical","4.00","NE","1.65","Five single attacks (0.80 each)","Y","Lowest HP% enemy","100","2","10","Major Power","10","20","30","50","100","Major Non-Elemental","6","12","18","30","60","Major Fire","6","12","18","30","60","","","","","","","Dungeons Update #2","フレア剣","30141041","✓","✓"
"Spellblade","","Water Strike","2","PHY","Single","Physical","1.50","Water","1.65","One single attack (1.50)","Y","Lowest HP% enemy","55","2","10","Lesser Power","5","10","20","30","50","Lesser Ice","3","6","12","18","30","Lesser Lightning","3","6","12","18","30","","","","","","","Dungeons Update #2","ウォータ剣","30141051","✓","✓"
"Spellblade","","Watera Strike","3","PHY","Single","Physical","1.80","Water","1.65","One single attack (1.80)","Y","Lowest HP% enemy","60","2","10","Power","5","10","20","30","50","Ice","3","6","12","18","30","Lightning","3","6","12","18","30","","","","","","","Back to the Skies","ウォタラ剣","30141052","✓","✓"
"Spellblade","","Waterga Strike","4","PHY","Single","Physical","2.10","Water","1.65","One single attack (2.10)","Y","Lowest HP% enemy","70","2","10","Greater Power","5","10","20","30","50","Greater Ice","3","6","12","18","30","Greater Lightning","3","6","12","18","30","","","","","","","Kingdom of Swords and Sorcery","ウォタガ剣","30141053","✓","✓"
"Spellblade","","Aero Strike","2","PHY","Single","Physical","1.50","Wind","1.65","One single attack (1.50)","Y","Lowest HP% enemy","55","2","10","Lesser Power","5","10","20","30","50","Lesser Wind","8","15","30","45","75","","","","","","","","","","","","","Dungeons Update #2","エアロ剣","30141061","✓","✓"
"Spellblade","","Aerora Strike","3","PHY","Single","Physical","1.80","Wind","1.65","One single attack (1.80)","Y","Highest HP% enemy","60","2","10","Power","5","10","20","30","50","Black","3","6","12","18","30","Wind","3","6","12","18","30","","","","","","","Lost Memories","エアロラ剣","30141062","✓","✓"
"Spellblade","","Break Strike","4","PHY","Single","Physical","2.10","-","1.65","One single attack (2.10), causes [Petrify] (15%)","Y","Highest HP% enemy","75","2","10","Greater Power","5","10","20","30","50","Greater Black","3","6","12","18","30","Greater Earth","3","6","12","18","30","","","","","","","Lightning Strikes","ブレイク剣","30141071","✓","✓"
"Spellblade","","Bio Strike","3","PHY","Single","Physical","1.80","Poison","1.65","One single attack (1.80)","Y","Lowest HP% enemy","60","2","10","Power","5","10","20","30","50","Black","3","6","12","18","30","Dark","3","6","12","18","30","","","","","","","Successors of the Dawn","バイオ剣","30141081","✓","✓"
"Spellblade","","Biora Strike","4","PHY","Single","Physical","2.10","Poison","1.65","One single attack (2.10)","Y","Lowest HP% enemy","70","2","10","Greater Power","5","10","20","30","50","Greater Black","3","6","12","18","30","Greater Dark","3","6","12","18","30","","","","","","","Broken Chains","バイオラ剣","30141082","✓","✓"
"Spellblade","","Quake Strike","5","PHY","All enemies","Physical","2.40","Earth","1.65","Two group attacks (1.20 each)","Y","All enemies","75","2","10","Major Power","10","20","40","60","100","Major Black","6","12","24","36","60","Major Earth","6","12","24","36","60","","","","","","","Four as One","クエイク剣","30141091","✓","✓"
"Spellblade","","Tornado Strike","5","PHY","All enemies","Physical","2.40","Wind","1.65","Two group attacks (1.20 each)","Y","All enemies","75","2","10","Major Power","10","20","40","60","100","Major Black","6","12","24","36","60","Major Wind","6","12","24","36","60","","","","","","","Kingdom of Swords and Sorcery","トルネド剣","30141101","✓","✓"
"Spellblade","","Snowspell Strike","6","PHY","Single enemy","Physical","4.40","Ice, Wind","1.65","Four single attacks (1.10 each)","Y","Lowest HP% enemy","90","2","10","Power Crystal","10","20","30","50","100","Ice Crystal","6","12","18","30","60","Wind Crystal","6","12","18","30","60","","","","","","","The Five Dooms","二刀魔法剣・吹雪","30141111","✓","✓"
"Spellblade","","Thundering Quadstrike","5","PHY","Single enemy","Physical","3.20","Lightning","1.65","Four single attacks (0.80 each)","Y","Lowest HP% enemy","75","2","10","Major Power","10","20","40","60","100","Major Fire","6","12","24","36","60","Major Lightning","6","12","24","36","60","","","","","","","Flash of Defiance","連続魔法剣・雷鳴","30141121","✓","✓"
"Spellblade","","Blazing Quadstrike","5","PHY","Single enemy","Physical","3.20","Fire","1.65","Four single attacks (0.80 each)","Y","Lowest HP% enemy","75","2","10","Major Power","10","20","40","60","100","Major Fire","6","12","24","36","60","Major Dark","6","12","24","36","60","","","","","","","Where the Heart Lies","連続魔法剣・豪炎","30141131","✓","✓"
"Spellblade","","Engulfing Quadstrike","5","PHY","Single enemy","Physical","3.20","Water","1.65","Four single attacks (0.80 each)","Y","Lowest HP% enemy","75","2","10","Major Power","10","20","40","60","100","Major Ice","6","12","24","36","60","Major Lightning","6","12","24","36","60","","","","","","","A Dream for Spira","連続魔法剣・水燕","30141141","✓","✓"
"Spellblade","","Frost Strike","5","PHY","All enemies","Physical","2.40","Ice","1.65","Two group attacks (1.20 each)","Y","All enemies","75","2","10","Major Power","10","20","40","60","100","Major Black","6","12","24","36","60","Major Ice","6","12","24","36","60","","","","","","","The Torch Burns On","フリーズ剣","30141151","✓","✓"
"Spellblade","","Tremoring Quadstrike","5","PHY","Single enemy","Physical","3.20","Earth","1.65","Four single attacks (0.80 each)","Y","Lowest HP% enemy","75","2","10","Major Power","10","20","40","60","100","Major Black","6","12","24","36","60","Major Earth","6","12","24","36","60","","","","","","","A Name Etched in Time","連続魔法剣・砂紋","30141161","✓","✓"
"Spellblade","","Raging Quadstrike","5","PHY","Single enemy","Physical","3.20","Wind","1.65","Four single attacks (0.80 each)","Y","Lowest HP% enemy","75","2","10","Major Power","10","20","40","60","100","Major Black","6","12","24","36","60","Major Wind","6","12","24","36","60","","","","","","","Summer Sun Festival","連続魔法剣・狂風","30141171","✓","✓"
"Spellblade","","Blastspell Strike","6","PHY","Single enemy","Physical","4.40","Fire, Earth","1.65","Four single attacks (1.10 each)","Y","Lowest HP% enemy","90","2","10","Power Crystal","10","20","30","50","100","Fire Crystal","6","12","18","30","60","Earth Crystal","6","12","18","30","60","Ability Record","1","0","0","0","0","Tyranny of the Impure","二刀魔法剣・爆砕","30141181","✓","✓"
"Spellblade","","Stormspell Strike","6","PHY","Single enemy","Physical","4.40","Lightning, Water","1.65","Four single attacks (1.10 each)","Y","Lowest HP% enemy","90","2","10","Power Crystal","10","20","30","50","100","Ice Crystal","6","12","18","30","60","Lightning Crystal","6","12","18","30","60","Ability Record","1","0","0","0","0","Tyranny of the Impure","二刀魔法剣・雷雨","30141191","✓","✓"
"Spellblade","","Inferno Assault","6","PHY","Single enemy","Physical","4.50","Fire","1.65","Five single attacks (0.90 each)","Y","Lowest HP% enemy","90","2","10","Power Crystal","10","20","30","50","100","Fire Crystal","6","12","18","30","60","Dark Crystal","6","12","18","30","60","Ability Record","1","0","0","0","0","Tyranny of the Impure","至高魔法剣・灼焔","30141201","✓","✓"
"Spellblade","","Tremor Assault","6","PHY","Single enemy","Physical","4.50","Earth","1.65","Five single attacks (0.90 each)","Y","Lowest HP% enemy","90","2","10","Power Crystal","10","20","30","50","100","Black Crystal","6","12","18","30","60","Earth Crystal","6","12","18","30","60","Ability Record","1","0","0","0","0","Terror of the Heavens","至高魔法剣・裂砕 ","30141221","✓","✓"
"Spellblade","","Freezing Quadstrike","5","PHY","Single enemy","Physical","3.20","Ice","1.65","Four single attacks (0.80 each)","Y","Lowest HP% enemy","75","2","10","Major Power","10","20","40","60","100","Major Black","6","12","24","36","60","Major Ice","6","12","24","36","60","","","","","","","4th Anniversary Memory","連続魔法剣・凍芯","30141231","✓","✓"
"Spellblade","","Iceclaw Assault","6","PHY","Single enemy","Physical","4.50","Ice","1.65","Five single attacks (0.90 each)","Y","Lowest HP% enemy","90","2","10","Power Crystal","10","20","30","50","100","Black Crystal","6","12","18","30","60","Ice Crystal","6","12","18","30","60","Ability Record","1","0","0","0","0","Awakening from Ignorance","至高魔法剣・凍爪","30141211","✓","✓"
"Spellblade","","Torrential Assault","6","PHY","Single enemy","Physical","4.50","Water","1.65","Five single attacks (0.90 each)","Y","Lowest HP% enemy","90","2","10","Power Crystal","10","20","30","50","100","Ice Crystal","6","12","18","30","60","Holy Crystal","6","12","18","30","60","Ability Record","1","0","0","0","0","Rays of Dawn","至高魔法剣・激流","30141281","✓","✓"
"Spellblade","","Thunderous Assault","6","PHY","Single enemy","Physical","4.50","Lightning","1.65","Five single attacks (0.90 each)","Y","Lowest HP% enemy","90","2","10","Power Crystal","10","20","30","50","100","Black Crystal","6","12","18","30","60","Lightning Crystal","6","12","18","30","60","Ability Record","1","0","0","0","0","Fat Black Chocobo: Howling Forgery","至高魔法剣・天雷","30141361","✓","✓"
"Spellblade","","Tempestuous Assault","6","PHY","Single enemy","Physical","4.50","Wind","1.65","Five single attacks (0.90 each)","Y","Lowest HP% enemy","90","2","10","Power Crystal","10","20","30","50","100","Black Crystal","6","12","18","30","60","Wind Crystal","6","12","18","30","60","Ability Record","1","0","0","0","0","Labyrinth Dungeon Season 5 Group 2 (V, Fire)","至高魔法剣・猛風","30141421","","✓"
"Spellblade","","Hallowed Assault","6","PHY","Single enemy","Physical","4.50","Holy","1.65","Five single attacks (0.90 each)","Y","Lowest HP% enemy","90","2","10","Power Crystal","10","20","30","50","100","Non-Elemental","6","12","18","30","60","Holy Crystal","6","12","18","30","60","Ability Record","1","0","0","0","0","Crystal Dungeon (Spellblade)","至高魔法剣・聖光","30141451","","✓"
"Spellblade","","Abyssal Assault","6","PHY","Single enemy","Physical","4.50","Dark","1.65","Five single attacks (0.90 each)","Y","Lowest HP% enemy","90","2","10","Power Crystal","10","20","30","50","100","Non-Elemental","6","12","18","30","60","Dark Crystal","6","12","18","30","60","Ability Record","1","0","0","0","0","Crystal Dungeon (Spellblade)","至高魔法剣・冥界","30141461","","✓"
"Spellblade","","Miasmatic Assault","6","PHY","Single enemy","Physical","4.50","Poison","1.65","Five single attacks (0.90 each)","Y","Lowest HP% enemy","90","2","10","Power Crystal","10","20","30","50","100","Black Crystal","6","12","18","30","60","Dark Crystal","6","12","18","30","60","Ability Record","1","0","0","0","0","New Years Party 2023","至高魔法剣・毒瘴","30141481","","✓"
"Spellblade","","Ultima Strike","6","PHY","Single enemy","Physical","2.70","Fire, Ice, Lightning, Earth, Wind, Water, Holy, Dark, Poison","1.65","Three single attacks (0.9 each), grants [Buff Prismatic 10% (5s)] to the user","?","Lowest HP% enemy","90","2","10","Power Crystal","10","20","30","50","100","Black Crystal","6","12","18","30","60","Non-Elemental","6","12","18","30","60","Ability Record","1","0","0","0","0","","アルテマ剣","30141501","",""
"Dragoon","","Jump","2","PHY","Single enemy","Physical","2.00","-","1.65","One single ranged jump attack (2.00), air time (1.65 sec.)","Y","Highest HP% enemy","60","2","10","Lesser Power","5","10","20","30","50","Lesser Lightning","3","6","12","18","30","Lesser Wind","3","6","12","18","30","","","","","","","Dungeons Update #1","ジャンプ","30181001","✓","✓"
"Dragoon","","Wind Jump","3","PHY","Single enemy","Physical","2.10","Wind","1.65","One single ranged jump attack (2.10), air time (1.65 sec.)","Y","Highest HP% enemy","60","2","10","Power","5","10","20","30","50","Non-Elemental","3","6","12","18","30","Wind","3","6","12","18","30","","","","","","","Big Bridge Showdown","ジャンプ・風","30181011","✓","✓"
"Dragoon","","Soaring Jump","4","PHY","Single enemy","Physical","2.50","-","1.65","One single ranged jump attack (2.50), air time (1.65 sec.)","Y","Highest HP% enemy","75","2","10","Greater Power","5","10","20","30","50","Greater Non-Elemental","3","6","12","18","30","Greater Wind","3","6","12","18","30","","","","","","","Dungeons Update #13","渾身ジャンプ","30181021","✓","✓"
"Dragoon","","Ice Jump","3","PHY","Single enemy","Physical","2.10","Ice","1.65","One single ranged jump attack (2.10), air time (1.65 sec.)","Y","Highest HP% enemy","60","2","10","Power","5","10","20","30","50","Non-Elemental","3","6","12","18","30","Ice","3","6","12","18","30","","","","","","","The Burning Blade!","ジャンプ・氷","30181031","✓","✓"
"Dragoon","","Lightning Jump","3","PHY","Single enemy","Physical","2.10","Lightning","1.65","One single ranged jump attack (2.10), air time (1.65 sec.)","Y","Highest HP% enemy","60","2","10","Power","5","10","20","30","50","Non-Elemental","3","6","12","18","30","Lightning","3","6","12","18","30","","","","","","","Fang's Oath","ジャンプ・雷","30181041","✓","✓"
"Dragoon","","Sky Grinder","5","PHY","All enemies","Physical","2.30","-","1.50","Two group ranged jump attacks (1.15 each), 50% additional critical chance","Y","All enemies","100","2","10","Major Ice","6","12","24","36","60","Major Lightning","10","20","40","60","100","Major Wind","6","12","24","36","60","","","","","","","A Summoner Reborn","スカイグランダー","30181051","✓","✓"
"Dragoon","","Leeching Leap","4","PHY","Single enemy","Physical","2.30","-","1.65","One single ranged jump attack (2.30), air time (1.65 sec.), heals the user for 40% of the damage dealt","Y","Lowest HP% enemy","75","2","10","Greater Lightning","5","10","20","30","50","Greater Wind","3","6","12","18","30","Greater Dark","3","6","12","18","30","","","","","","","A Summoner Reborn","ドレインダイブ","30181061","✓","✓"
"Dragoon","","Dragoon Jump","5","PHY","Single enemy","Physical","4.92","-","1.50","Four single ranged jump attacks (1.23 each), air time (2.50 sec.)","Y","Lowest HP% enemy","100","2","10","Major Non-Elemental","6","12","24","36","60","Major Fire","10","20","40","60","100","Major Lightning","6","12","24","36","60","","","","","","","A Summoner Grown","ドラグーンジャンプ","30181071","✓","✓"
"Dragoon","","Blood of the Wyvern","4","PHY","Single enemy","Physical","2.20","-","1.65","One single ranged attack (2.20), grants [No Air Time 2] to the user","Y","Lowest HP% enemy","75","2","10","Greater Ice","5","10","20","30","50","Greater Lightning","3","6","12","18","30","Greater Earth","3","6","12","18","30","","","","","","","A Summoner Grown","竜の血","30181081","✓","✓"
"Dragoon","","Sky High","6","PHY","Single enemy","Physical","5.70","Wind, NE","1.50","Six single ranged jump attacks (0.95 each), air time (2.50 sec.), 1.10/1.20/1.30/1.40/1.50 multiplier if 1/2/3/4/5 allies in air","Y","Lowest HP% enemy","90","2","10","Lightning Crystal","10","20","30","50","100","Earth Crystal","6","12","18","30","60","Wind Crystal","6","12","18","30","60","","","","","","","The Five Dooms","スカイハイ","30181091","✓","✓"
"Dragoon","","Lightning Dive","5","PHY","Single enemy","Physical","4.52","Lightning","1.50","Four single ranged jump attacks (1.13 each), air time (2.50 sec.)","Y","Lowest HP% enemy","75","2","10","Major Ice","6","12","24","36","60","Major Lightning","10","20","40","60","100","Major Wind","6","12","24","36","60","","","","","","","Reclaiming the Skies","ライトニングダイブ","30181101","✓","✓"
"Dragoon","","Aerial Dive","5","PHY","Single enemy","Physical","4.52","Wind","1.50","Four single ranged jump attacks (1.13 each), air time (2.50 sec.)","Y","Lowest HP% enemy","75","2","10","Major Lightning","10","20","40","60","100","Major Earth","6","12","24","36","60","Major Wind","6","12","24","36","60","","","","","","","Masters of the Planet","エアリアルダイブ","30181121","✓","✓"
"Dragoon","","Cyclone Bolt","5","PHY","Single enemy","Physical","2.10","Lightning, Wind","1.50","Three single ranged attacks (0.70 each), grants [No Air Time 2] to the user","Y","Lowest HP% enemy","75","2","10","Major Power","6","12","24","36","60","Major Lightning","10","20","40","60","100","Major Wind","6","12","24","36","60","","","","","","","Resolution Blooms","サイクロンボルト","30181131","✓","✓"
"Dragoon","","Impulse Dive","6","PHY","Single enemy","Physical","6.00","Lightning","1.50","Six single ranged jump attacks (1.00 each), air time (2.50 sec.)","Y","Lowest HP% enemy","90","2","10","Lightning Crystal","10","20","30","50","100","Earth Crystal","6","12","18","30","60","Wind Crystal","6","12","18","30","60","Ability Record","1","0","0","0","0","New Year Party 2019","インパルスダイブ","30181141","✓","✓"
"Dragoon","","Aqua Corkscrew","5","PHY","Single enemy","Physical","3.20","Water","0.01","Four single ranged jump attacks (0.80 each), air time (1.65 sec.)","Y","Lowest HP% enemy","75","2","10","Major Fire","10","20","40","60","100","Major Ice","6","12","24","36","60","Major Wind","6","12","24","36","60","","","","","","","Broken Horn, Unbroken Spirit","レイニースクリュー","30181151","✓","✓"
"Dragoon","","Hurricane Bolt","6","PHY","Single enemy","Physical","3.20","Lightning, Wind","1.50","Four single ranged jump attacks (0.80 each), grants [No Air Time 3] to the user","Y","Lowest HP% enemy","90","2","10","Power Crystal","6","12","18","30","60","Lightning Crystal","10","20","30","50","100","Wind Crystal","6","12","18","30","60","Ability Record","1","0","0","0","0","Fat Black Chocobo Event: Wind","ハリケーンボルト","30181161","✓","✓"
"Dragoon","","Serpent Dive","6","PHY","Single enemy","Physical","5.04","Water","0.83","Six single ranged jump attacks (0.84 each), air time (1.65/0.82/0.55) if the user used 0/1/2 damaging actions","Y","Lowest HP% enemy","80","2","10","Ice Crystal","6","12","18","30","60","Lightning Crystal","10","20","30","50","100","Wind Crystal","6","12","18","30","60","Ability Record","1","0","0","0","0","5th Anniversary Festival","サーペントダイブ","30181171","✓","✓"
"Dragoon","","Dark Side Dive","6","PHY","Single enemy","Physical","5.46","Dark","3.30","Six single ranged jump attacks (0.91 each), heals the user for 20% of the damage dealt","Y","Lowest HP% enemy","90","2","10","Lightning Crystal","10","20","30","50","100","Wind Crystal","6","12","18","30","60","Dark Crystal","6","12","18","30","60","Ability Record","1","0","0","0","0","Pride's Awakening","ダークサイドダイブ","30181211","✓","✓"
"Monk","","Death Strike","2","PHY","Single","Physical","2.00","-","1.65","One single attack (1.50), always deals a critical hit, 50% hit rate","Y","Highest HP% enemy","60","2","10","Lesser Power","5","10","20","30","50","Lesser Lightning","8","15","30","45","75","","","","","","","","","","","","","Dungeons Update #1","ひっさつ","30191001","✓","✓"
"Monk","","Chi Blast","2","PHY","Single","Physical","1.70","-","1.65","One single ranged attack (1.70)","Y","Lowest HP% enemy","60","2","10","Lesser Power","5","10","20","30","50","Lesser Non-Elemental","8","15","30","45","75","","","","","","","","","","","","","The Battle Arena","気孔弾","30191011","✓","✓"
"Monk","","Chakra","3","NAT","Self","Magical","1.50","-","1.65","Restores HP (80), damages undeads, [ATK +20%] for 25 seconds","Y","Self","65","2","10","Power","5","10","20","30","50","Holy","8","15","30","45","75","","","","","","","","","","","","","The Battle Arena","チャクラ","30191021","✓","✓"
"Monk","","Pressure Point","4","PHY","Single","Physical","2.10","-","1.65","One single attack (2.10), causes [Instant KO] (50%)","Y","Lowest HP% enemy","75","2","10","Greater Power","5","10","20","30","50","Greater Dark","8","15","30","45","75","","","","","","","","","","","","","The Battle Arena","点穴","30191031","✓","✓"
"Monk","","Punishing Palm","4","PHY","Single","Physical","2.10","-","1.65","One single attack (2.10), [ATK +30%] to the user for 20 seconds","Y","Lowest HP% enemy","75","2","10","Greater Power","5","10","20","30","50","Greater Fire","3","6","12","18","30","Greater Holy","3","6","12","18","30","","","","","","","A Place to Call Home","練気拳","30191041","✓","✓"
"Monk","","Kick","3","PHY","All enemies","Physical","1.30","-","1.65","One group attack (1.30)","Y","All enemies","65","4","12","Power","5","10","20","30","50","Non-Elemental","3","6","12","18","30","Wind","3","6","12","18","30","","","","","","","A Place to Call Home","けり","30191051","✓","✓"
"Monk","","Memento of Might","3","NAT","Self","","","","1.65","[ATK +30%] for 25 seconds","N","Self","65","4","12","Power","5","10","20","30","50","Earth","8","15","30","45","75","","","","","","","","","","","","","Dungeons Update #16","力のメメント","30191061","✓","✓"
"Monk","","Exploding Fist","5","PHY","Single enemy","Physical","2.90","-","1.65","Five single attacks (0.58 each), 20% additional critical chance","Y","Lowest HP% enemy","100","2","10","Major Power","10","20","40","60","100","Major Fire","6","12","24","36","60","Major Lightning","6","12","24","36","60","","","","","","","Forgotten Bond","爆裂正拳突き","30191071","✓","✓"
"Monk","","Piercing Strike","4","PHY","Single enemy","Physical","20.00","-","1.65","One single attack (20.00), ignores DEF","Y","Lowest HP% enemy","75","2","10","Greater Power","5","10","20","30","50","Greater Lightning","3","6","12","18","30","Greater Earth","3","6","12","18","30","","","","","","","Destiny's Path","鎧通し","30191081","✓","✓"
"Monk","","Lifebane","6","PHY","Single enemy","Physical","5.25","-","1.65","2/3/4/5 single attacks (1.05 each) at 492/780/1014 ATK, grants [ATK and DEF +30% (8s)] to the user","Y","Lowest HP% enemy","100","2","10","Fire Crystal","10","20","30","50","100","Lightning Crystal","6","12","18","30","60","Earth Crystal","6","12","18","30","60","","","","","","","The Five Dooms","乱命拳","30191091","✓","✓"
"Monk","","Meteor Crush","5","PHY","Single enemy","Physical","3.00","Earth","1.65","Two single attacks (1.50 each), [ATK +50%] to the user for 20 seconds","Y","Lowest HP% enemy","75","2","10","Major Power","10","20","40","60","100","Major Fire","6","12","24","36","60","Major Earth","6","12","24","36","60","","","","","","","Go Go Gullwings!","メテオクラッシュ","30191101","✓","✓"
"Monk","","Fires Within","5","PHY","Single enemy","Physical","3.40","Fire","1.65","Four single ranged attacks (0.85 each), restores HP to the user for 30% of the user's maximum HP","Y","Lowest HP% enemy","75","2","10","Major White","6","12","24","36","60","Major Fire","10","20","40","60","100","Major Earth","6","12","24","36","60","","","","","","","Aspiring Knight","内丹気砲","30191111","✓","✓"
"Monk","","Burning Rush","5","PHY","Single enemy","Physical","2.88","Fire","1.65","Four single attacks (0.72 each), 20% additional critical chance","Y","Lowest HP% enemy","75","2","10","Major Power","6","12","24","36","60","Major Fire","10","20","40","60","100","Major Earth","6","12","24","36","60","","","","","","","The Maiden of Water","バーニングラッシュ","30191121","✓","✓"
"Monk","","Gaia Rush","5","PHY","Single enemy","Physical","2.88","Earth","1.65","Four single attacks (0.72 each), 20% additional critical chance","Y","Lowest HP% enemy","75","2","10","Major Non-Elemental","6","12","24","36","60","Major Fire","10","20","40","60","100","Major Earth","6","12","24","36","60","","","","","","","Like Father Like Daughter","ガイアラッシュ","30191131","✓","✓"
"Monk","","Icicle Rush","5","PHY","Single enemy","Physical","2.88","Ice","1.65","Four single attacks (0.72 each), 20% additional critical chance","Y","Lowest HP% enemy","75","2","10","Major Power","6","12","24","36","60","Major Ice","10","20","40","60","100","Major Earth","6","12","24","36","60","","","","","","","3rd Anniversary Carnival","アイシクルラッシュ","30191141","✓","✓"
"Monk","","Ironfist Earth","6","PHY","Single enemy","Physical","4.00","Earth","1.65","Five single attacks (0.80/0.87/0.94 each) scaling with [Ironfist Earth Uses]","Y","Lowest HP% enemy","90","2","10","Non-Elemental Crystal","6","12","18","30","60","Fire Crystal","10","20","30","50","100","Earth Crystal","6","12","18","30","60","Ability Record","1","0","0","0","0","Mired in Despair","剛拳・地の型","30191151","✓","✓"
"Monk","","Ironfist Fire","6","PHY","Single enemy","Physical","4.00","Fire","1.65","Five single attacks (0.80/0.87/0.94 each) scaling with [Ironfist Fire Uses]","Y","Lowest HP% enemy","90","2","10","Fire Crystal","10","20","30","50","100","Earth Crystal","6","12","18","30","60","Holy Crystal","6","12","18","30","60","Ability Record","1","0","0","0","0","Mired in Despair","剛拳・炎の型","30191161","✓","✓"
"Monk","","Spark Rush","5","PHY","Single enemy","Physical","2.88","Lightning","1.65","Four single attacks (0.72 each), 20% additional critical chance","Y","Lowest HP% enemy","75","2","10","Major Fire","10","20","40","60","100","Major Lightning","6","12","24","36","60","Major Earth","6","12","24","36","60","","","","","","","The Words that Started It All","スパークラッシュ","30191171","✓","✓"
"Monk","","Earthen Rebuke","5","PHY","Single enemy","Physical","3.40","Earth","1.65","Four single ranged attacks (0.85 each), restores HP to the user for 30% of the user's maximum HP","Y","Lowest HP% enemy","75","2","10","Major Non-Elemental","6","12","24","36","60","Major Earth","6","12","24","36","60","Major Wind","10","20","40","60","100","","","","","","","Blood of the Monk","外丹気砲","30191181","✓","✓"
"Monk","","Ironfist Ice","6","PHY","Single enemy","Physical","4.00","Ice","1.65","Five single attacks (0.80/0.87/0.94 each) scaling with [Ironfist Ice Uses]","Y","Lowest HP% enemy","90","2","10","Non-Elemental Crystal","6","12","18","30","60","Ice Crystal","10","20","30","50","100","Earth Crystal","6","12","18","30","60","Ability Record","1","0","0","0","0","New Year Party 2019","剛拳・氷の型","30191191","✓","✓"
"Monk","","Spirited Dispatch","6","NAT","Self","","","","1.65","Grants [ATK and DEF +50%] to the user for 5 seconds, grants [HP Stock (2000)] and [Monk High Quick Cast 2]","Y","Self","100","2","10","White Crystal","6","12","18","30","60","Fire Crystal","6","12","18","30","60","Earth Crystal","10","20","30","50","100","Ability Record","1","0","0","0","0","Fat Black Chocobo Event: Earth","軒昂の構え","30191201","✓","✓"
"Monk","","Flashfist Lightning","6","PHY","Single enemy","Physical","4.00","Lightning","1.65","Five single attacks (0.80 each), cast time 1.65/1.10/0.825 scaling with [Flashfist Lightning Uses]","Y","Lowest HP% enemy","80","2","10","Fire Crystal","6","12","18","30","60","Lightning Crystal","10","20","30","50","100","Earth Crystal","6","12","18","30","60","Ability Record","1","0","0","0","0","A Mother Transformed","瞬拳・雷の型","30191211","✓","✓"
"Monk","","Meditative Palm","6","PHY","Single enemy","Physical","4.40","Fire, Earth","1.65","Five single ranged attacks (0.88 each)","Y","Lowest HP% enemy","90","2","10","Power Crystal","6","12","18","30","60","Fire Crystal","10","20","30","50","100","Earth Crystal","6","12","18","30","60","Ability Record","1","0","0","0","0","Fat Black Chocobo: Grand Forgery","気功掌","30191231","✓","✓"
"Thief","","Steal HP","2","PHY","Single enemy","Physical","1.40","-","1.20","One single attack (1.40), heals the user for 30% of the damage dealt","Y","Highest HP% enemy","60","2","10","Lesser Power","5","10","20","30","50","Lesser Wind","3","6","12","18","30","","","","","","","","","","","","","Kingdom Reborn","HPを盗む","30201001","✓","✓"
"Thief","","Steal Time","3","PHY","Single enemy","","","","1.20","Causes [Slow] (50%), if successful grants [Haste] to the user","N","Random enemy without status","65","2","10","Power","5","10","20","30","50","Lightning","3","6","12","18","30","Wind","3","6","12","18","30","","","","","","","Kingdom Reborn","時間を盗む","30201011","✓","✓"
"Thief","","Steal Defense","4","PHY","Single enemy","","","","1.20","[DEF -40%] for 20 seconds, [DEF +50%] to the user for 20 seconds","N","Random enemy","75","2","10","Greater Power","5","10","20","30","50","Greater Earth","3","6","12","18","30","Greater Wind","3","6","12","18","30","","","","","","","Kingdom Reborn","守りを盗む","30201021","✓","✓"
"Thief","","Steal Power","4","PHY","Single enemy","","","","1.20","[ATK -40%] for 20 seconds, [ATK +50%] to the user for 20 seconds","N","Random enemy without status","75","2","10","Greater Power","5","10","20","30","50","Greater Fire","3","6","12","18","30","Greater Wind","3","6","12","18","30","","","","","","","A Place to Call Home","力を盗む","30201031","✓","✓"
"Thief","","Mug Time","5","PHY","Single enemy","Physical","2.60","-","1.20","Two single attacks (1.30 each), causes [Slow] (100%), grants [Haste] to the user","Y","Random enemy without status","95","2","10","Major Power","10","20","40","60","100","Major Lightning","6","12","24","36","60","Major Wind","6","12","24","36","60","","","","","","","Assassin in Black","時間をぶんどる","30201041","✓","✓"
"Thief","","Thief's Revenge","5","PHY","Single enemy","Physical","3.50","-","1.20","1/2/3/4/5 single attacks (0.70 each) at 140/150/160/170 SPD, heals the user for 30% of the damage dealt","Y","Highest HP% enemy","95","2","10","Major Lightning","6","12","24","36","60","Major Wind","10","20","40","60","100","Major Dark","6","12","24","36","60","","","","","","","Seer of Destiny","シーフズレイド","30201051","✓","✓"
"Thief","","Mug Bloodlust","6","PHY","Single enemy","Physical","3.20","-","1.20","Two single attacks (1.60 each), [ATK and DEF -30%] for 20 seconds, [ATK and DEF +30%] to the user for 20 seconds","Y","Random enemy without status","100","2","10","Fire Crystal","6","12","18","30","60","Wind Crystal","10","20","30","50","100","Dark Crystal","6","12","18","30","60","","","","","","","The Five Dooms","闘志をぶんどる","30201061","✓","✓"
"Thief","","Dash and Slash","5","PHY","Single enemy","Physical","3.40","Wind","1.20","Four single attacks (0.85 each), 0.95 multiplier when equipping a dagger","Y","Lowest HP% enemy","65","2","10","Major Power","6","12","24","36","60","Major Wind","10","20","40","60","100","Major Dark","6","12","24","36","60","","","","","","","Where the Heart Lies","ダッシュバイト","30201071","✓","✓"
"Thief","","Poison Leaves","5","PHY","Single enemy","Physical","3.40","Poison","1.20","Four single attacks (0.85 each), 0.95 multiplier when equipping a dagger","Y","Lowest HP% enemy","65","2","10","Major Earth","6","12","24","36","60","Major Wind","10","20","40","60","100","Major Dark","6","12","24","36","60","","","","","","","Scheming Tyrant","ポイズンリーフ","30201081","✓","✓"
"Thief","","Soul Burn","5","PHY","Single enemy","Physical","2.80","Fire","1.20","Four single attacks (0.70~1.20 each scaling with HP%)","Y","Lowest HP% enemy","65","2","10","Major Fire","10","20","40","60","100","Major Wind","6","12","24","36","60","Major Dark","6","12","24","36","60","","","","","","","Strike Back at the Empire","ソウルバーン","30201091","✓","✓"
"Thief","","Fire Assault","6","PHY","Single enemy","Physical","4.00","Fire","1.20","Five single attacks (0.80 each), heals the user for 20% of the damage dealt","Y","Lowest HP% enemy","80","2","10","Fire Crystal","6","12","18","30","60","Wind Crystal","10","20","30","50","100","Dark Crystal","6","12","18","30","60","Ability Record","1","0","0","0","0","Stuff of Nightmares","バーンレイド","30201101","✓","✓"
"Thief","","Storm Assault","6","PHY","Single enemy","Physical","4.00","Wind","1.20","Five single attacks (0.80 each), heals the user for 20% of the damage dealt","Y","Lowest HP% enemy","80","2","10","Non-Elemental Crystal","6","12","18","30","60","Wind Crystal","10","20","30","50","100","Dark Crystal","6","12","18","30","60","Ability Record","1","0","0","0","0","Stuff of Nightmares","ストームレイド","30201111","✓","✓"
"Thief","","Heat Bite","5","PHY","Single enemy","Physical","3.40","Fire","1.20","Four single attacks (0.85 each), 0.95 multiplier when equipping a dagger","Y","Lowest HP% enemy","65","2","10","Major Fire","6","12","24","36","60","Major Wind","10","20","40","60","100","Major Dark","6","12","24","36","60","","","","","","","Dragons of Death","ヒートバイト","30201121","✓","✓"
"Thief","","Aquatic Weakness","6","PHY","Single enemy","Physical","3.20","Water","1.20","Four single attacks (0.80 each), causes [Imperil Water 10% (15s)] every second activation","Y","Lowest HP% enemy","80","2","10","Ice Crystal","6","12","18","30","60","Wind Crystal","10","20","30","50","100","Dark Crystal","6","12","18","30","60","Ability Record","1","0","0","0","0","Piercing the Darkness","アクアロウアー","30201131","✓","✓"
"Thief","","Splash Bite","5","PHY","Single enemy","Physical","3.40","Water","1.20","Four single attacks (0.85 each), 0.95 multiplier when equipping a dagger","Y","Lowest HP% enemy","65","2","10","Major Ice","6","12","24","36","60","Major Wind","10","20","40","60","100","Major Dark","6","12","24","36","60","","","","","","","Lion Dreambreaker","スプラッシュバイト","30201141","✓","✓"
"Thief","","Ripper Poison","6","PHY","Single enemy","Physical","5.10","Poison","1.20","4/5/6 single attacks (0.85 each) if the user used 0/3/5 damaging actions","Y","Lowest HP% enemy","80","2","10","Power Crystal","10","20","30","50","100","Wind Crystal","6","12","18","30","60","Dark Crystal","6","12","18","30","60","Ability Record","1","0","0","0","0","Magicite: Odin (Poison)","リッパーポイズン","30201251","✓","✓"
"Thief","","Poison Weakness","6","PHY","Single enemy","Physical","3.20","Poison","1.20","Four single attacks (0.80 each), causes [Imperil Poison 10% (15s)] every second activation","Y","Lowest HP% enemy","80","2","10","Earth Crystal","6","12","18","30","60","Wind Crystal","10","20","30","50","100","Dark Crystal","6","12","18","30","60","Ability Record","1","0","0","0","0","Magicite: Odin (Poison)","ポイズンロウアー","30201261","✓","✓"
"Knight","","Guard","2","NAT","Self","","","","1.65","Grants [Protect]","N","Self","60","4","12","Lesser Power","5","10","20","30","50","Lesser Earth","8","15","30","45","75","","","","","","","","","","","","","Dungeons Update #1","まもり","30211001","✓","✓"
"Knight","","Draw Fire","3","NAT","Self","","","","1.65","Grants [Draw Fire] for 25 seconds","N","Self","65","2","10","Power","8","15","30","45","75","Holy","5","10","20","30","50","","","","","","","","","","","","","To the Holy Land","ひきつける","30211002","✓","✓"
"Knight","","Minus Strike","4","PHY","Single","","","","1.65","Damages for 2 * (user's maximum HP - user's current HP)","Y","Random enemy","75","2","10","Greater Non-Elemental","3","6","12","18","30","Greater Lightning","3","6","12","18","30","Greater Holy","5","10","20","30","50","","","","","","","To the Holy Land","サガク剣","30211011","✓","✓"
"Knight","","Bracing Bash","3","PHY","Single","Physical","1.60","-","1.65","One single attack (1.60), [RES +50%] to the user for 20 seconds","Y","Lowest HP% enemy","65","2","10","Power","5","10","20","30","50","Non-Elemental","3","6","12","18","30","Earth","3","6","12","18","30","","","","","","","Gunblade of the Sorceress","メンタルバッシュ","30211021","✓","✓"
"Knight","","Magic Lure","4","NAT","Self","","","","1.65","Grants [Magic Lure] for 25 seconds","N","Self","75","2","10","Greater Power","5","10","20","30","50","Greater Black","3","6","12","18","30","Greater Fire","3","6","12","18","30","","","","","","","Gunblade of the Sorceress","魔法ひきつけ","30211031","✓","✓"
"Knight","","Memento of Protection","3","NAT","Single ally","","","","1.65","[DEF and RES +50%] for 25 seconds","N","Random ally without status","65","2","10","Power","8","15","30","45","75","Earth","5","10","20","30","50","","","","","","","","","","","","","Dungeons Update #16","守りのメメント","30211041","✓","✓"
"Knight","","Banishing Strike","4","PHY","Single","Physical","2.00","Holy","1.65","One single attack (2.00), removes positive effects","Y","Lowest HP% enemy","70","2","10","Greater Power","5","10","20","30","50","Greater Non-Elemental","3","6","12","18","30","Greater Holy","3","6","12","18","30","","","","","","","Someone to Protect","バニシュレイド","30211051","✓","✓"
"Knight","","Armor Strike","4","PHY","Single","Physical","2.80","-","1.65","One single attack (2.80), damage scales with both ATK and DEF","Y","Lowest HP% enemy","75","2","10","Greater Power","5","10","20","30","50","Greater White","3","6","12","18","30","Greater Earth","3","6","12","18","30","","","","","","","Someone to Protect","アーマーストライク","30211061","✓","✓"
"Knight","","Shield Bash","3","PHY","Single","Physical","1.60","-","1.65","One single attack (1.60), [DEF +50%] to the user for 20 seconds","Y","Lowest HP% enemy","65","2","10","Power","5","10","20","30","50","Earth","3","6","12","18","30","Holy","3","6","12","18","30","","","","","","","Someone to Protect","シールドバッシュ","30211071","✓","✓"
"Knight","","Saint Cross","5","PHY","Single enemy","Physical","3.40","Holy","1.65","Two single attacks (1.70 each), removes negative effects to the user, grants [High Regen] to the user","Y","Lowest HP% enemy","75","2","10","Major Earth","6","12","24","36","60","Major Wind","6","12","24","36","60","Major Holy","10","20","40","60","100","","","","","","","By Stone Revealed","セイントクロス","30211081","✓","✓"
"Knight","","Aegis Strike","6","PHY","All enemies","Physical","3.90","Holy","1.65","Three group attacks (1.30 each), damage scales with both ATK and DEF","Y","All enemies","90","2","10","Ice Crystal","6","12","18","30","60","Earth Crystal","6","12","18","30","60","Holy Crystal","10","20","30","50","100","","","","","","","The Five Dooms","イージスストライク","30211091","✓","✓"
"Knight","","Gaia's Cross","5","PHY","Single enemy","Physical","3.20","Earth","1.65","Two single attacks (1.60 each), grants [Draw Fire] to the user for 25 seconds","Y","Lowest HP% enemy","75","2","10","Major Ice","6","12","24","36","60","Major Earth","6","12","24","36","60","Major Holy","10","20","40","60","100","","","","","","","Aspiring Knight","ガイアクロス","30211101","✓","✓"
"Knight","","Guardbringer","5","PHY","Single enemy","Physical","4.00","Holy","1.65","3/4/5 single attacks (0.80 each) at 0/798/2736 DEF","Y","Lowest HP% enemy","75","2","10","Major Non-Elemental","6","12","24","36","60","Major Earth","6","12","24","36","60","Major Holy","10","20","40","60","100","","","","","","","Family Secrets","ガードブリンガー","30211111","✓","✓"
"Knight","","Divine Cross","5","PHY","Single enemy","Physical","3.20","Holy","1.65","Two single attacks (1.60 each), grants [Draw Fire] to the user for 25 seconds","Y","Lowest HP% enemy","75","2","10","Major Power","6","12","24","36","60","Major Non-Elemental","6","12","24","36","60","Major Holy","10","20","40","60","100","","","","","","","FF 30th Anniversary Parade","ディバインクロス","30211121","✓","✓"
"Knight","","Earthbringer","5","PHY","Single enemy","Physical","4.00","Earth","1.65","3/4/5 single attacks (0.80 each) at 0/798/2736 DEF","Y","Lowest HP% enemy","75","2","10","Major Fire","6","12","24","36","60","Major Earth","6","12","24","36","60","Major Holy","10","20","40","60","100","","","","","","","The Onion Knight Rises","アースブリンガー","30211131","✓","✓"
"Knight","","Assault Sabre","5","PHY","Single enemy","Physical","3.55","Holy","1.65","Five single attacks (0.71 each), [DEF -30%] to the user for 20 seconds","Y","Lowest HP% enemy","75","2","10","Major Power","6","12","24","36","60","Major Lightning","6","12","24","36","60","Major Holy","10","20","40","60","100","","","","","","","Trapped by the Past","アサルトセイバー","30211141","✓","✓"
"Knight","","Earth Sabre","5","PHY","Single enemy","Physical","3.55","Earth","1.65","Five single attacks (0.71 each), [DEF -30%] to the user for 20 seconds","Y","Lowest HP% enemy","75","2","10","Major Non-Elemental","6","12","24","36","60","Major Earth","10","20","40","60","100","Major Holy","6","12","24","36","60","","","","","","","Strike Back at the Empire","アースセイバー","30211151","✓","✓"
"Knight","","Healing Smite","6","PHY","Single enemy","Physical","4.00","Holy","1.65","Five single attacks (0.80 each), restores 2000 HP to the lowest HP% ally","Y","Lowest HP% enemy","90","2","10","White Crystal","6","12","18","30","60","Earth Crystal","6","12","18","30","60","Holy Crystal","10","20","30","50","100","Ability Record","1","0","0","0","0","Glory Feast","エンハンスレイド","30211161","✓","✓"
"Knight","","Gaia Force","6","PHY","Single enemy","Physical","4.25","Earth","1.65","Five single attacks (0.85/0.90/0.95 each) at 0/798/2736 DEF, grants [DEF +100%] to the user for 25 seconds","Y","Lowest HP% enemy","90","2","10","White Crystal","6","12","18","30","60","Earth Crystal","6","12","18","30","60","Holy Crystal","10","20","30","50","100","Ability Record","1","0","0","0","0","For Former Glory","ガイアストライク","30211171","✓","✓"
"Knight","","Great Form","6","PHY","Single enemy","Physical","4.00","Holy, Earth","1.65","Five single attacks (0.80 each), grants [20% Damage Reduction Barrier 1] to the user","Y","Lowest HP% enemy","90","2","10","White Crystal","6","12","18","30","60","Earth Crystal","6","12","18","30","60","Holy Crystal","10","20","30","50","100","Ability Record","1","0","0","0","0","The Journey of Light","グレートフォーム","30211221","✓","✓"
"Knight","","Divine Strike","6","PHY","Single enemy","Physical","4.75","Holy","1.65","5 single attacks (0.85/0.90/0.95), at 0/798/2736 DEF, DEF +100% to user","Y","Lowest HP% enemy","90","2","10","Non-Elemental Crystal","6","12","18","30","60","Earth Crystal","6","12","18","30","60","Holy Crystal","10","20","30","50","100","Ability Record","1","0","0","0","0","Crystal Dungeon: Knight","ディバインストライク","30211481","","✓"
"Samurai","","Retaliate","2","NAT","Self","","","","1.65","Grants [Retaliate] for 15 seconds","Y","Self","80","2","10","Lesser Power","5","10","20","30","50","Lesser Non-Elemental","3","6","12","18","30","Lesser Earth","3","6","12","18","30","","","","","","","Dungeons Update #2","かまえる","30221001","✓","✓"
"Samurai","","Iai Strike","3","PHY","Single","Physical","1.60","-","1.65","One single attack (1.60), causes [Instant KO] (30%)","Y","Highest HP% enemy","65","2","10","Power","5","10","20","30","50","Lightning","3","6","12","18","30","Dark","3","6","12","18","30","","","","","","","Ultimate Guardian","居合い抜き","30221011","✓","✓"
"Samurai","","Yukikaze","4","PHY","All enemies","Physical","1.50","-","1.65","One group attack (1.50), causes [Blind] (20%)","Y","All enemies","75","2","10","Greater Power","5","10","20","30","50","Greater Non-Elemental","3","6","12","18","30","Greater Ice","3","6","12","18","30","","","","","","","Ultimate Guardian","雪風","30221021","✓","✓"
"Samurai","","Flashing Blade","5","PHY","All enemies","Physical","2.66","-","1.65","Two group attacks (1.33 each), 100% hit rate, cast time 1.650/1.485/1.155/0.825/0.495 scaling with [Flashing Blade Uses]","Y","All enemies","100","2","10","Major Power","10","20","40","60","100","Major Non-Elemental","6","12","24","36","60","Major Ice","6","12","24","36","60","","","","","","","The Malice Within","剣閃","30221031","✓","✓"
"Samurai","","Mirror of Equity","4","PHY","Single","Physical","2.20","-","1.65","One single attack (2.20), causes [Sap] to the user, [ATK +30%] to the user for 20 seconds","Y","Lowest HP% enemy","75","2","10","Greater Power","5","10","20","30","50","Greater Lightning","3","6","12","18","30","Greater Dark","3","6","12","18","30","","","","","","","The Malice Within","明鏡","30221041","✓","✓"
"Samurai","","Fire Blossom","4","PHY","All enemies","Physical","1.60","Fire","1.65","One group attack (1.60)","Y","All enemies","70","2","10","Greater Power","5","10","20","30","50","Greater Non-Elemental","3","6","12","18","30","Greater Fire","3","6","12","18","30","","","","","","","The Lone Wolf's Lament","花焔","30221061","✓","✓"
"Samurai","","Demonsblood","6","PHY","All enemies","Physical","3.30","Dark, NE","1.65","Three group attacks (1.10 each), grants [Retaliate] to the user for 15 seconds","Y","All enemies","90","2","10","Non-Elemental Crystal","10","20","30","50","100","Ice Crystal","6","12","18","30","60","Dark Crystal","6","12","18","30","60","","","","","","","The Five Dooms","羅刹","30221081","✓","✓"
"Samurai","","Hailstorm","5","PHY","Single enemy","Physical","3.20","Ice","1.65","Four single attacks (0.80 each), grants [Hailstorm] to the user for 20 seconds","Y","Lowest HP% enemy","75","2","10","Major Power","10","20","40","60","100","Major Non-Elemental","6","12","24","36","60","Major Ice","6","12","24","36","60","","","","","","","Women of the World","氷雨","30221091","✓","✓"
"Samurai","","Warring Flame","5","PHY","Single enemy","Physical","3.00","Fire","1.65","Four single attacks (0.75 each), 50% additional critical chance if user has [Retaliate] or [High Retaliate]","Y","Lowest HP% enemy","75","2","10","Major Non-Elemental","10","20","40","60","100","Major Fire","6","12","24","36","60","Major Ice","6","12","24","36","60","","","","","","","The More the Merrier","抜刀・乱炎","30221101","✓","✓"
"Samurai","","Smoldering Moon","5","PHY","Single enemy","Physical","2.00","Fire","1.65","Two single attacks (1.00 each), grants [Retaliate] to the user","Y","Lowest HP% enemy","75","2","10","Major Non-Elemental","10","20","40","60","100","Major Fire","6","12","24","36","60","Major Ice","6","12","24","36","60","","","","","","","The More the Merrier","構え・焔月","30221111","✓","✓"
"Samurai","","Warring Frost","5","PHY","Single enemy","Physical","3.00","Ice","1.65","Four single attacks (0.75 each), 50% additional critical chance if user has [Retaliate] or [High Retaliate]","Y","Lowest HP% enemy","75","2","10","Major Non-Elemental","10","20","40","60","100","Major Ice","6","12","24","36","60","Major Lightning","6","12","24","36","60","","","","","","","Dream Meet Despair","抜刀・乱氷","30221121","✓","✓"
"Samurai","","Freezing Moon","5","PHY","Single enemy","Physical","2.00","Ice","1.65","Two single attacks (1.00 each), grants [Retaliate] to the user","Y","Lowest HP% enemy","75","2","10","Major Non-Elemental","10","20","40","60","100","Major Ice","6","12","24","36","60","Major Lightning","6","12","24","36","60","","","","","","","Dream Meet Despair","構え・冷月","30221131","✓","✓"
"Samurai","","Damning Flame","5","PHY","Single enemy","Physical","3.20","Fire","1.65","Four single attacks (0.80 each), grants [Hailstorm] to the user for 20 seconds","Y","Lowest HP% enemy","75","2","10","Major Power","6","12","24","36","60","Major Non-Elemental","10","20","40","60","100","Major Fire","6","12","24","36","60","","","","","","","A Promise Kept","業火","30221141","✓","✓"
"Samurai","","Iai Hellfire","5","PHY","Single enemy","Physical","3.55","Fire","1.65","Five single attacks (0.71 each), 20% additional critical chance, grants [Iai Bargain] to the user for 20 seconds","Y","Lowest HP% enemy","75","2","10","Major Non-Elemental","10","20","40","60","100","Major Fire","6","12","24","36","60","Major Lightning","6","12","24","36","60","","","","","","","A Promise Kept","居合・獄炎","30221151","✓","✓"
"Samurai","","Iai Hellfrost","5","PHY","Single enemy","Physical","3.55","Ice","1.65","Five single attacks (0.71 each), 20% additional critical chance, grants [Iai Bargain] to the user for 20 seconds","Y","Lowest HP% enemy","75","2","10","Major Non-Elemental","6","12","24","36","60","Major Ice","10","20","40","60","100","Major Lightning","6","12","24","36","60","","","","","","","Queen of the Dance","居合・獄氷","30221161","✓","✓"
"Samurai","","Fire-Touched Blade","6","PHY","Single enemy","Physical","4.25","Fire","1.65","Five single attacks (0.85 each), 50% additional critical chance if the user has [Retaliate] or [High Retaliate]","Y","Lowest HP% enemy","90","2","10","Non-Elemental Crystal","10","20","30","50","100","Fire Crystal","6","12","18","30","60","Wind Crystal","6","12","18","30","60","Ability Record","1","0","0","0","0","Revel in Destruction","抜刀ノ弐・火閃","30221171","✓","✓"
"Samurai","","Frost-Touched Blade","6","PHY","Single enemy","Physical","4.25","Ice","1.65","Five single attacks (0.85 each), 50% additional critical chance if the user has [Retaliate] or [High Retaliate]","Y","Lowest HP% enemy","90","2","10","Non-Elemental Crystal","10","20","30","50","100","Ice Crystal","6","12","18","30","60","Lightning Crystal","6","12","18","30","60","Ability Record","1","0","0","0","0","Hatred Incarnate","抜刀ノ弐・冷閃","30221181","✓","✓"
"Samurai","","Frostfire Carnage","6","PHY","All enemies","Physical","4.40","Fire, Ice","1.65","Five single attacks (0.74~0.88 each scaling with targets)","Y","All enemies","90","2","10","Non-Elemental Crystal","10","20","30","50","100","Fire Crystal","6","12","18","30","60","Ice Crystal","6","12","18","30","60","Ability Record","1","0","0","0","0","A Special Bond","なで斬り・氷炎","30221191","✓","✓"
"Samurai","","Pyro Glacial Stance","6","PHY","Single enemy","Physical","4.25","Fire, Ice","1.65","Five single attacks (0.85 each), grants [Retaliate] to the user for 15 seconds","Y","Lowest HP% enemy","90","2","10","Non-Elemental Crystal","10","20","30","50","100","Fire Crystal","6","12","18","30","60","Ice Crystal","6","12","18","30","60","Ability Record","1","0","0","0","0","Knights of Grandshelt","焔冷の構え","30221201","✓","✓"
"Samurai","","Ominous Carnage","6","PHY","All enemies","Physical","4.50","Dark","1.65","Five group attacks (0.6~0.9 each scaling with targets)","Y","All enemies","90","2","10","Non-Elemental Crystal","10","20","30","50","100","Dark Crystal","6","12","18","30","60","Power Crystal","6","12","18","30","60","Ability Record","1","0","0","0","0","Samurai CD","なで斬り・闇","30221351","✓","✓"
"Ninja","","Shuriken","2","PHY","Single","Physical","1.40","-","1.65","One single ranged attack (1.40)","Y","Highest HP% enemy","60","2","10","Lesser Power","5","10","20","30","50","Lesser Lightning","3","6","12","18","30","Lesser Wind","3","6","12","18","30","","","","","","","Dungeons Update #2","手裏剣","30231001","✓","✓"
"Ninja","","Flurry of Petals","4","PHY","Random enemies","Physical","2.20","-","1.65","Six random ranged attacks (0.37 each)","Y","Random enemies","75","2","10","Greater Power","5","10","20","30","50","Greater Dark","8","15","30","45","75","","","","","","","","","","","","","Assassin in Black","散華","30231011","✓","✓"
"Ninja","","Swift Bolt","3","NIN","All enemies","Magical","21.00","Lightning","0.83","One group attack (21.00), ignores RES","Y","All enemies","60","4","12","Power","5","10","20","30","50","Lightning","3","6","12","18","30","Dark","3","6","12","18","30","","","","","","","Assassin in Black","雷迅","30231021","✓","✓"
"Ninja","","Water Veil","3","NIN","All enemies","Magical","21.00","Water","0.83","One group attack (21.00), ignores RES","Y","All enemies","60","4","12","Power","5","10","20","30","50","Ice","3","6","12","18","30","Dark","3","6","12","18","30","","","","","","","The Burning Blade!","水遁","30231031","✓","✓"
"Ninja","","Shadowsteel","4","PHY","Single","Physical","2.10","-","1.65","One single attack (2.10), causes [Sap] (25%)","Y","Random enemy without status","75","2","10","Greater Power","5","10","20","30","50","Greater Ice","3","6","12","18","30","Greater Dark","3","6","12","18","30","","","","","","","The Burning Blade!","影刃","30231041","✓","✓"
"Ninja","","Fire Veil","3","NIN","All enemies","Magical","21.00","Fire","0.83","One group attack (21.00), ignores RES","Y","All enemies","60","4","12","Power","5","10","20","30","50","Fire","3","6","12","18","30","Dark","3","6","12","18","30","","","","","","","Hidden Resolve","火遁","30231051","✓","✓"
"Ninja","","Phantasm","4","NIN","Single","Magical","39.00","-","0.83","One single attack (39.00), ignores RES, causes [Sleep] (50%)","Y","Random enemy without status","75","2","10","Greater Power","5","10","20","30","50","Greater Black","3","6","12","18","30","Greater Dark","3","6","12","18","30","","","","","","","Hidden Resolve","幻夢","30231061","✓","✓"
"Ninja","","Doppelblade","5","PHY","All enemies","Physical","2.38","-","0.83","Two group attacks (1.19 each), causes [Sap] (17%)","Y","All enemies","95","2","10","Major Power","10","20","40","60","100","Major Ice","6","12","24","36","60","Major Dark","6","12","24","36","60","","","","","","","Sketching Miracles","狂影刃","30231071","✓","✓"
"Ninja","","Gust","4","NIN","All enemies","Magical","26.00","Wind","0.83","One group attack (26.00), ignores RES","Y","All enemies","70","2","10","Greater Non-Elemental","3","6","12","18","30","Greater Wind","5","10","20","30","50","Greater Dark","3","6","12","18","30","","","","","","","The Lord of Crags","旋風","30231081","✓","✓"
"Ninja","","Stitch in Time","6","PHY","Single enemy","Physical","3.00","-","0.01","Two single attacks (1.50 each), grants [Stitch in Time] to the user for 15 seconds","Y","Lowest HP% enemy","90","2","10","Ice Crystal","6","12","18","30","60","Wind Crystal","6","12","18","30","60","Dark Crystal","10","20","30","50","100","","","","","","","The Five Dooms","快刀乱麻","30231091","✓","✓"
"Ninja","","Smoldering Fire","5","NIN","Single","Magical","52.00","Fire","0.83","Two single attacks (26.00 each), ignores RES","Y","Lowest HP% enemy","65","2","10","Major Fire","6","12","24","36","60","Major Ice","6","12","24","36","60","Major Dark","10","20","40","60","100","","","","","","","Lady of the Vortex","かえんじん","30231101","✓","✓"
"Ninja","","Raging Storm","5","NIN","Single","Magical","52.00","Wind","0.83","Two single attacks (26.00 each), ignores RES","Y","Lowest HP% enemy","65","2","10","Major Ice","6","12","24","36","60","Major Wind","6","12","24","36","60","Major Dark","10","20","40","60","100","","","","","","","Cutting Winds, Soaring Lightning","ぼうふうじん","30231111","✓","✓"
"Ninja","","Reflecting Pool","5","PHY","Single enemy","Physical","2.00","Water","0.83","Two single attacks (1.00 each), grants [Physical Blink 1] and [Physical Blink Stacking 2] to the user","Y","Lowest HP% enemy","65","2","10","Major Ice","6","12","24","36","60","Major Wind","6","12","24","36","60","Major Dark","10","20","40","60","100","","","","","","","Fate Calls, Power Awakens","みなもうつし","30231121","✓","✓"
"Ninja","","Raging Waters","5","PHY","Single enemy","Physical","4.90","Water","0.83","3/5/7 single attacks (0.70 each) if the user has Physical Blink 0/1/2","Y","Lowest HP% enemy","65","2","10","Major Power","6","12","24","36","60","Major Ice","6","12","24","36","60","Major Dark","10","20","40","60","100","","","","","","","Fate Calls, Power Awakens","げきりゅうじん","30231131","✓","✓"
"Ninja","","Ancestral Reflection","5","PHY","Single enemy","Physical","2.00","Dark","0.83","Two single attacks (1.00 each), grants [Physical Blink 1] and [Physical Blink Stacking 2] to the user","Y","Lowest HP% enemy","65","2","10","Major Ice","6","12","24","36","60","Major Earth","6","12","24","36","60","Major Dark","10","20","40","60","100","","","","","","","The More the Merrier","みかげうつし","30231141","✓","✓"
"Ninja","","Shadow Embodied","5","PHY","Single enemy","Physical","4.90","Dark","0.83","3/5/7 single attacks (0.70 each) if the user has Physical Blink 0/1/2","Y","Lowest HP% enemy","65","2","10","Major Non-Elemental","6","12","24","36","60","Major Ice","6","12","24","36","60","Major Dark","10","20","40","60","100","","","","","","","The More the Merrier","しっこくじん","30231151","✓","✓"
"Ninja","","Shifting Sands","5","PHY","Single enemy","Physical","2.00","Earth","0.83","Two single attacks (1.00 each), grants [Physical Blink 1] and [Physical Blink Stacking 2] to the user","Y","Lowest HP% enemy","65","2","10","Major Earth","6","12","24","36","60","Major Wind","6","12","24","36","60","Major Dark","10","20","40","60","100","","","","","","","Enduring Bonds","すなかげろう","30231161","✓","✓"
"Ninja","","Desert Mirage","5","PHY","Single enemy","Physical","4.90","Earth","0.83","3/5/7 single attacks (0.70 each) if the user has Physical Blink 0/1/2","Y","Lowest HP% enemy","65","2","10","Major Ice","6","12","24","36","60","Major Earth","6","12","24","36","60","Major Dark","10","20","40","60","100","","","","","","","Enduring Bonds","さばくじん","30231171","✓","✓"
"Ninja","","Azure Unending","6","PHY","Single enemy","Physical","6.30","Water","0.83","3/5/7 single attacks (0.90 each) if the user has Physical Blink 0/1/2, grants [Physical Blink 1] and [Physical Blink Stacking 2] to the user","Y","Lowest HP% enemy","80","2","10","Ice Crystal","6","12","18","30","60","Wind Crystal","6","12","18","30","60","Dark Crystal","10","20","30","50","100","Ability Record","1","0","0","0","0","For Former Glory","水天一碧","30231181","✓","✓"
"Ninja","","Grind to Dust","6","PHY","Single enemy","Physical","6.30","Earth","0.83","3/5/7 single attacks (0.90 each) if the user has Physical Blink 0/1/2, grants [Physical Blink 1] and [Physical Blink Stacking 2] to the user","Y","Lowest HP% enemy","80","2","10","Earth Crystal","6","12","18","30","60","Wind Crystal","6","12","18","30","60","Dark Crystal","10","20","30","50","100","Ability Record","1","0","0","0","0","The Blaze of Dawn","木端微塵","30231185","✓","✓"
"Ninja","","Fleeting Fragrance","6","PHY","Single enemy","Physical","6.30","Dark","0.83","3/5/7 single attacks (0.90 each) if the user has Physical Blink 0/1/2, grants [Physical Blink 1] and [Physical Blink Stacking 2] to the user","Y","Lowest HP% enemy","80","2","10","Ice Crystal","6","12","18","30","60","Earth Crystal","6","12","18","30","60","Dark Crystal","10","20","30","50","100","Ability Record","1","0","0","0","0","Fat Black Chocobo: Shady Forgery","暗香疎影","30231201","✓","✓"
"Ninja","","Kaleidoshift","6","NAT","Self","","","","0.01","Grants [Physical Blink 2], [Physical Blink Stacking 2] and [Ninja Instant Cast 1]","N","Self","90","2","10","Ice Crystal","6","12","18","30","60","Wind Crystal","6","12","18","30","60","Dark Crystal","10","20","30","50","100","Ability Record","1","0","0","0","0","Autumn Festival 2020","変幻自在","30231211","✓","✓"
"Ninja","","Vibrant Blitz","6","NAT","Single enemy","Hybrid","","Fire, Lightning, Wind","0.83","5 single ranged hybrid attacks (0.9 or 457.50 each)","Y","Lowest HP% enemy","80","2","10","Fire Crystal","6","12","18","30","60","Lightning Crystal","6","12","18","30","60","Wind Crystal","10","20","30","50","100","Ability Record","1","0","0","0","0","Crystal Dungeon Ninja","極彩迅","30301201","","✓"
"Ninja","","Swift Toxin","6","NAT","Single enemy","Hybrid","","Poison","0.83","5 single ranged hybrid attacks (0.9 or 457.50 each)","Y","Lowest HP% enemy","80","2","10","Earth Crystal","6","12","18","30","60","Wind Crystal","6","12","18","30","60","Dark Crystal","10","20","30","50","100","Ability Record","1","0","0","0","0","Crystal Dungeon 2.0: Bio","劇毒迅","30231301","","✓"
"Ninja","","Shadow Ambush","6","NAT","Single enemy","Hybrid","","Earth, Water, Dark","0.83","5 single ranged hybrid attacks (0.9 or 457.50 each)","?","Lowest HP% enemy","80","2","10","Ice Crystal","6","12","18","30","60","Earth Crystal","10","20","30","50","100","Dark Crystal","6","12","18","30","60","Ability Record","1","0","0","0","0","","潜影迅","30231371","",""
"Bard","","Requiem","2","NAT","Single","Magical","4.20","-","1.65","One single attack (4.20)","Y","Lowest HP% enemy","60","2","10","Lesser White","8","15","30","45","75","Lesser Dark","5","10","20","30","50","","","","","","","","","","","","","To the Holy Land","レクイエム","30241001","✓","✓"
"Bard","","Rallying Etude","3","NAT","All allies","","","","1.65","[ATK +15%] for 25 seconds","Y","All allies","65","2","10","Power","3","6","12","18","30","White","5","10","20","30","50","Wind","3","6","12","18","30","","","","","","","To the Holy Land","ちからのうた","30241002","✓","✓"
"Bard","","Lullaby","2","NAT","All enemies","","","","1.50","Causes [Sleep] (20%)","N","All enemies","60","2","10","Lesser White","8","15","30","45","75","Lesser Ice","5","10","20","30","50","","","","","","","","","","","","","Dungeons Update #11","子守歌","30241011","✓","✓"
"Bard","","Mana's Paean","3","NAT","All allies","","","","1.65","[MAG +15%] for 25 seconds","N","All allies","65","2","10","Power","3","6","12","18","30","White","5","10","20","30","50","Dark","3","6","12","18","30","","","","","","","Dungeons Update #11","魔力の歌","30241021","✓","✓"
"Bard","","Spellbend Etude","4","NAT","All allies","","","","1.65","Grants [Shell]","N","All allies","75","2","10","Greater Power","3","6","12","18","30","Greater White","5","10","20","30","50","Greater Earth","3","6","12","18","30","","","","","","","Dungeons Update #11","耐魔のエチュード","30241031","✓","✓"
"Bard","","Enveloping Etude","4","NAT","All allies","","","","1.65","Grants [Protect]","N","All allies","75","2","10","Greater Power","3","6","12","18","30","Greater White","5","10","20","30","50","Greater Earth","3","6","12","18","30","","","","","","","Defying Fate","堅守のエチュード","30241041","✓","✓"
"Bard","","Angelsong","5","NAT","All allies","","","","1.65","Grants [High Regen]","Y","All allies","85","2","10","Major White","6","12","24","36","60","Major Earth","10","20","40","60","100","Major Holy","6","12","24","36","60","","","","","","","The Gilded Concert","天使の詩","30241061","✓","✓"
"Bard","","Allegro con Moto","6","NAT","All allies","","","","1.65","Grants [Magical Quick Cast 3]","Y","All allies","100","2","10","White Crystal","6","12","18","30","60","Earth Crystal","10","20","30","50","100","Holy Crystal","6","12","18","30","60","","","","","","","The Dark Mage","アレグロコンモート","30241071","✓","✓"
"Bard","","Mage's Hymn","5","NAT","All allies","","","","1.65","Grants [Hymn MAG +10%/20%/30%/40%/50%], grants [Mystic Bard 1/2/3/4/4] to the user if the user has Mystic Bard 0/1/2/3/4","Y","All allies","85","2","10","Major White","6","12","24","36","60","Major Earth","10","20","40","60","100","Major Dark","6","12","24","36","60","","","","","","","Limelit Stage","魔神の賛歌","30241081","✓","✓"
"Bard","","Warrior's Hymn","5","NAT","All allies","","","","1.65","Grants [Hymn ATK +10%/20%/30%/40%/50%], grants [Battle Bard 1/2/3/4/4] to the user if the user has Battle Bard 0/1/2/3/4","Y","All allies","85","2","10","Major White","6","12","24","36","60","Major Fire","6","12","24","36","60","Major Earth","10","20","40","60","100","","","","","","","Limelit Stage","鬼神の戦歌","30241091","✓","✓"
"Bard","","Goddess's Paean","5","NAT","All allies","","","","1.65","Grants [Hymn MND +10%/20%/30%/40%/50%], grants [Sacred Bard 1/2/3/4/4] to the user if the user has Sacred Bard 0/1/2/3/4","Y","All allies","85","2","10","Major White","6","12","24","36","60","Major Earth","10","20","40","60","100","Major Holy","6","12","24","36","60","","","","","","","Clad in Red","女神の聖歌","30241101","✓","✓"
"Bard","","Ode to Victory","5","NAT","All allies","","","","1.65","Grants [Critical Chance 10%/20%/30%/40%/50%] for 10 seconds, grants [Tactical Bard 1/2/3/4/4] to the user if the user has Tactical Bard 0/1/2/3/4","Y","All allies","85","2","10","Major Power","6","12","24","36","60","Major White","6","12","24","36","60","Major Earth","10","20","40","60","100","","","","","","","Summer Sun Festival","武神の凱歌","30241111","✓","✓"
"Bard","","Divine Dirge","6","NAT","Single enemy","Magical","10.32","Holy, NE","1.65","Three single attacks (3.44 each), grants [10% Damage Reduction Barrier 1] to all allies every second activation","Y","Lowest HP% enemy","90","2","10","White Crystal","6","12","18","30","60","Earth Crystal","10","20","30","50","100","Holy Crystal","6","12","18","30","60","Ability Record","1","0","0","0","0","Fat Black Chocobo: Radiant Forgery","神威の鎮魂歌","30241121","✓","✓"
"Dancer","","Box Step","3","NAT","All enemies","","","","1.65","[DEF -30%] for 15 seconds","N","All enemies","65","2","10","Power","5","10","20","30","50","Non-Elemental","3","6","12","18","30","Earth","3","6","12","18","30","","","","","","","Dungeons Update #11","ボックスステップ","30251021","✓","✓"
"Dancer","","Box Step Sarabande","4","NAT","All enemies","","","","1.65","[DEF -40%] for 15 seconds","N","All enemies","75","2","10","Greater White","3","6","12","18","30","Greater Earth","3","6","12","18","30","Greater Holy","5","10","20","30","50","","","","","","","A Brewing Nightmare","ハイボックスステップ","30251022","✓","✓"
"Dancer","","Stutter Step","3","NAT","All enemies","","","","1.65","[RES -30%] for 15 seconds","N","All enemies","65","2","10","Power","5","10","20","30","50","Non-Elemental","3","6","12","18","30","Ice","3","6","12","18","30","","","","","","","Dungeons Update #11","スタッターステップ","30251031","✓","✓"
"Dancer","","Stumble Step","4","NAT","All enemies","","","","1.65","[RES -50%] for 15 seconds","N","All enemies","75","2","10","Greater White","3","6","12","18","30","Greater Ice","3","6","12","18","30","Greater Wind","5","10","20","30","50","","","","","","","Forgotten Bond","ハイスタッターステップ","30251032","✓","✓"
"Dancer","","Weak Polka","3","NAT","All enemies","","","","1.65","[ATK -30%] for 15 seconds","N","All enemies","65","2","10","Power","5","10","20","30","50","Non-Elemental","3","6","12","18","30","Earth","3","6","12","18","30","","","","","","","Defying Fate","ウィークポルカ","30251041","✓","✓"
"Dancer","","Exhausting Polka","4","NAT","All enemies","","","","1.65","[ATK -40%] for 15 seconds","N","All enemies","75","2","10","Greater Fire","3","6","12","18","30","Greater Wind","5","10","20","30","50","Greater Dark","3","6","12","18","30","","","","","","","Forgotten Bond","ハイウィークポルカ","30251042","✓","✓"
"Dancer","","Halting Rumba","4","NAT","All enemies","","","","1.80","Causes [Stop] (70%)","N","All enemies","75","2","10","Greater Power","3","6","12","18","30","Greater Wind","5","10","20","30","50","Greater Dark","3","6","12","18","30","","","","","","","Tempered Resolve","ストップルンバ","30251051","✓","✓"
"Dancer","","Heathen Frolic","3","NAT","All enemies","","","","1.65","[MAG -30%] for 15 seconds","N","All enemies","65","2","10","Power","5","10","20","30","50","Ice","3","6","12","18","30","Wind","3","6","12","18","30","","","","","","","Tempered Resolve","アンフェイス","30251061","✓","✓"
"Dancer","","Heathen Frolic Sarabande","4","NAT","All enemies","","","","1.65","[MAG -50%] for 15 seconds","N","All enemies","75","2","10","Greater White","3","6","12","18","30","Greater Lightning","3","6","12","18","30","Greater Holy","5","10","20","30","50","","","","","","","A Brewing Nightmare","ハイアンフェイス","30251062","✓","✓"
"Dancer","","Multi Break","5","NAT","All enemies","","","","1.65","[ATK, DEF, MAG and RES -30%] for 15 seconds","N","All enemies","85","2","10","Major White","6","12","24","36","60","Major Holy","10","20","40","60","100","Major Dark","6","12","24","36","60","","","","","","","A Brewing Nightmare","ブレイクフィーバー","30251071","✓","✓"
"Dancer","","Crushing Tango","5","NAT","All enemies","","","","1.65","[DEF and RES -50%] for 10 seconds","N","All enemies","85","2","10","Major White","6","12","24","36","60","Major Earth","6","12","24","36","60","Major Holy","10","20","40","60","100","","","","","","","Unswayed by Phantoms","クラッシュタンゴ","30251081","✓","✓"
"Dancer","","Enfeebling Jitterbug","5","NAT","All enemies","","","","1.65","[ATK and MAG -50%] for 10 seconds","N","All enemies","85","2","10","Major White","6","12","24","36","60","Major Black","6","12","24","36","60","Major Holy","10","20","40","60","100","","","","","","","Unswayed by Phantoms","スマッシュジルバ","30251091","✓","✓"
"Dancer","","Passionate Salsa","6","NAT","All enemies","","","","1.65","[ATK, DEF, MAG and RES -50% (10s)], restores 500/600/700/800/1000 HP to all allies at 1/2/3/4/5 uses, resets if KO'd","N","All enemies","100","2","10","White Crystal","6","12","18","30","60","Holy Crystal","10","20","30","50","100","Dark Crystal","6","12","18","30","60","Ability Record","1","0","0","0","0","Howling Tempest: The Grand Hunt","パッションサルサ","30251101","✓","✓"
"Machinist","","Blind Shell","4","PHY","Single enemy","Physical","1.90","-","1.65","One single ranged attack (1.90), 2.40 multiplier if the target has Blind, causes [Blind] (60%)","Y","Random enemy without status","75","2","10","Greater Power","5","10","20","30","50","Greater Lightning","3","6","12","18","30","Greater Dark","3","6","12","18","30","","","","","","","A Meeting Beyond Time","ブライン弾","30261011","✓","✓"
"Machinist","","Silence Shell","4","PHY","Single enemy","Physical","1.90","-","1.65","One single ranged attack (1.90), 2.40 multiplier if the target has Silence, causes [Silence] (60%)","Y","Random enemy without status","75","2","10","Greater Power","5","10","20","30","50","Greater Ice","3","6","12","18","30","Greater Lightning","3","6","12","18","30","","","","","","","A Meeting Beyond Time","サイレス弾","30261021","✓","✓"
"Machinist","","Poison Shell","4","PHY","Single enemy","Physical","1.90","-","1.65","One single ranged attack (1.90), 2.40 multiplier if the target has Poison, causes [Poison] (60%)","Y","Random enemy without status","75","2","10","Greater Power","5","10","20","30","50","Greater Fire","3","6","12","18","30","Greater Ice","3","6","12","18","30","","","","","","","Eternal Calm","ポイズン弾","30261031","✓","✓"
"Machinist","","Confuse Shell","4","PHY","Single enemy","Physical","1.90","-","1.65","One single ranged attack (1.90), 2.40 multiplier if the target has Confuse, causes [Confuse] (60%), doesn't remove Confuse","Y","Random enemy without status","75","2","10","Greater Ice","5","10","20","30","50","Greater Lightning","3","6","12","18","30","Greater Dark","3","6","12","18","30","","","","","","","Consorting with Sky Pirates","コンフュ弾","30261041","✓","✓"
"Machinist","","Bio Grenade","5","PHY","All enemies","Physical","2.40","Poison","1.65","Two group ranged attacks (1.20 each), causes [Poison] (20%)","N","All enemies","75","2","10","Major Power","10","20","40","60","100","Major Fire","6","12","24","36","60","Major Earth","6","12","24","36","60","","","","","","","Two Sides of a Coin","バイオグレネード","30261051","✓","✓"
"Machinist","","Penalty Snipe","6","PHY","All enemies","Physical","3.00","Poison, NE","1.65","Three group ranged attacks (1.00/1.15/1.25/1.35 each) if the target has 0/1/2/3 ailments","Y","All enemies","90","2","10","Ice Crystal","10","20","30","50","100","Lightning Crystal","6","12","18","30","60","Dark Crystal","6","12","18","30","60","","","","","","","The Five Dooms","ペナルティスナイプ","30261061","✓","✓"
"Machinist","","Rapid Fire","5","PHY","Random enemies","Physical","3.50","-","1.65","Ten group ranged attacks (0.35 each)","Y","Random enemies","100","2","10","Major Fire","6","12","24","36","60","Major Ice","10","20","40","60","100","Major Lightning","6","12","24","36","60","","","","","","","A Sword for Peace","ラピッドファイア","30261071","✓","✓"
"Machinist","","Tempest Snipe","5","PHY","Single enemy","Physical","3.42","Lightning","1.65","Six single ranged attacks (0.57 each)","Y","Lowest HP% enemy","75","2","10","Major Black","6","12","24","36","60","Major Lightning","10","20","40","60","100","Major Wind","6","12","24","36","60","","","","","","","Family Secrets","テンペストスナイプ","30261081","✓","✓"
"Machinist","","Spark Offering","5","PHY","Single enemy","Physical","2.00","Lightning","1.65","Two single ranged attacks (1.00 each), 35% chance to cause [Imperil Lightning 10%] for 15 seconds","Y","Lowest HP% enemy","75","2","10","Major Non-Elemental","6","12","24","36","60","Major Ice","10","20","40","60","100","Major Lightning","6","12","24","36","60","","","","","","","Road Trip to Remember","スパークオファ","30261091","✓","✓"
"Machinist","","Frost Offering","5","PHY","Single enemy","Physical","2.00","Ice","1.65","Two single ranged attacks (1.00 each), 35% chance to cause [Imperil Ice 10%] for 15 seconds","Y","Lowest HP% enemy","75","2","10","Major Black","6","12","24","36","60","Major Ice","10","20","40","60","100","Major Lightning","6","12","24","36","60","","","","","","","Borrowed Dreams","コールドオファ","30261101","✓","✓"
"Machinist","","Flame Offering","5","PHY","Single enemy","Physical","2.00","Fire","1.65","Two single ranged attacks (1.00 each), 35% chance to cause [Imperil Fire 10%] for 15 seconds","Y","Lowest HP% enemy","75","2","10","Major Non-Elemental","6","12","24","36","60","Major Fire","10","20","40","60","100","Major Lightning","6","12","24","36","60","","","","","","","Unswayed by Phantoms","ヒートオファ","30261111","✓","✓"
"Machinist","","Burning Snipe","5","PHY","Single enemy","Physical","3.42","Fire","1.65","Six single ranged attacks (0.57 each)","Y","Lowest HP% enemy","75","2","10","Major Fire","10","20","40","60","100","Major Lightning","6","12","24","36","60","Major Wind","6","12","24","36","60","","","","","","","Unswayed by Phantoms","バーニングスナイプ","30261121","✓","✓"
"Machinist","","Freezing Snipe","5","PHY","Single enemy","Physical","3.42","Ice","1.65","Six single ranged attacks (0.57 each)","Y","Lowest HP% enemy","75","2","10","Major Ice","10","20","40","60","100","Major Lightning","6","12","24","36","60","Major Wind","6","12","24","36","60","","","","","","","Unswayed by Phantoms","フリージングスナイプ","30261131","✓","✓"
"Machinist","","Burnt Offering","6","PHY","Single enemy","Physical","3.40","Fire","1.65","Four single ranged attacks (0.85 each), 50% chance to cause [Imperil Fire 10%] for 15 seconds","Y","Lowest HP% enemy","90","2","10","Non-Elemental Crystal","6","12","18","30","60","Fire Crystal","10","20","30","50","100","Lightning Crystal","6","12","18","30","60","Ability Record","1","0","0","0","0","Revel in Destruction","フレイムオファ","30261141","✓","✓"
"Machinist","","Icy Offering","6","PHY","Single enemy","Physical","3.40","Ice","1.65","Four single ranged attacks (0.85 each), 50% chance to cause [Imperil Ice 10%] for 15 seconds","Y","Lowest HP% enemy","90","2","10","Black Crystal","6","12","18","30","60","Ice Crystal","10","20","30","50","100","Lightning Crystal","6","12","18","30","60","Ability Record","1","0","0","0","0","Hatred Incarnate","フロストオファ","30261151","✓","✓"
"Machinist","","Plasma Shock","6","PHY","Single enemy","Physical","3.40","Lightning","1.65","Four single ranged attacks (0.85 each), 50% chance to cause [Imperil Lightning 10%] for 15 seconds","Y","Lowest HP% enemy","90","2","10","Non-Elemental Crystal","6","12","18","30","60","Lightning Crystal","10","20","30","50","100","Wind Crystal","6","12","18","30","60","Ability Record","1","0","0","0","0","Fat Black Chocobo Event: Lightning","プラズマオファ","30261161","✓","✓"
"Machinist","","Trinity Grenade","6","PHY","Single enemy","Physical","4.40","Fire, Lightning, Ice","1.65","Five single ranged attacks (0.88 each)","Y","Lowest HP% enemy","90","2","10","Fire Crystal","10","20","30","50","100","Ice Crystal","6","12","18","30","60","Lightning Crystal","6","12","18","30","60","Ability Record","1","0","0","0","0","Fat Black Chocobo: Shocking Forgery","トリニティグレネード","30261181","✓","✓"
"Machinist","","Poison Offering","6","PHY","Single enemy","Physical","3.40","Poison","1.65","Four single ranged attacks (0.85 each), 50% chance to cause [Imperil Poison 10%] for 15 seconds","Y","Lowest HP% enemy","90","2","10","Lightning Crystal","6","12","18","30","60","Earth Crystal","6","12","18","30","60","Dark Crystal","10","20","30","50","100","Ability Record","1","0","0","0","0","Magicite: Odin (Poison)","ポイズンオファ","30261271","✓","✓"
"Darkness","","Dark Bargain","4","PHY","Single","Physical","2.20","Dark","1.65","One single attack (2.20), grants [Dark Bargain] to the user for 20 seconds","Y","Lowest HP% enemy","70","2","10","Greater Power","5","10","20","30","50","Greater Fire","3","6","12","18","30","Greater Dark","3","6","12","18","30","","","","","","","Twin Stars of Mysidia","ダークレイド","30271001","✓","✓"
"Darkness","","Sanguine Cross","5","PHY","Single","Physical","3.80","Dark","1.65","Four single attacks (0.95 each), damages the user for 15% max HP","Y","Lowest HP% enemy","75","2","10","Major Power","10","20","40","60","100","Major Earth","6","12","24","36","60","Major Dark","6","12","24","36","60","","","","","","","Twin Stars of Mysidia","ブラッディクロス","30271011","✓","✓"
"Darkness","","Dark Zone","5","BLK","Single","Magical","9.00","Dark","1.65","Four single attacks (2.25 each), 3.50 multiplier if the user has any Doom","Y","Lowest HP% enemy","75","2","10","Major Black","6","12","24","36","60","Major Non-Elemental","6","12","24","36","60","Major Dark","10","20","40","60","100","","","","","","","Angel of Death","ダークゾーン","30271021","✓","✓"
"Darkness","","Memento Mori","4","BLK","Single","Magical","8.00","Dark","1.65","One single attack (8.00), causes [Doom: 45] to the user, [MAG +30%] to the user for 50 seconds","Y","Lowest HP% enemy","70","2","10","Greater Black","3","6","12","18","30","Greater Non-Elemental","3","6","12","18","30","Greater Dark","5","10","20","30","50","","","","","","","Angel of Death","メメント・モリ","30271031","✓","✓"
"Darkness","","Death Throes","4","PHY","Single","Physical","1.80","Dark","1.65","One single attack (1.80), causes [Doom: 45] to the user, [ATK +30%] to the user for 50 seconds","Y","Lowest HP% enemy","70","2","10","Greater Ice","3","6","12","18","30","Greater Earth","3","6","12","18","30","Greater Dark","5","10","20","30","50","","","","","","","In the Footsteps of Greatness","死中活","30271041","✓","✓"
"Darkness","","Reaping Scythe","5","PHY","Single","Physical","2.20","Dark","1.65","Four single attacks (0.55 each), 1.00 multiplier if the user has any Doom","Y","Lowest HP% enemy","75","2","10","Major Fire","6","12","24","36","60","Major Earth","6","12","24","36","60","Major Dark","10","20","40","60","100","","","","","","","In the Footsteps of Greatness","告死の大鎌","30271051","✓","✓"
"Darkness","","Morbid Countdown","5","BLK","Single","Magical","9.00","Dark","1.65","Four single attacks (2.25 each), 3.80 multiplier if the user has any Doom, causes [Doom Timer -3] to the user","Y","Lowest HP% enemy","75","2","10","Major Non-Elemental","6","12","24","36","60","Major Ice","6","12","24","36","60","Major Dark","10","20","40","60","100","","","","","","","Flash of Defiance","イービルカウント","30271061","✓","✓"
"Darkness","","Dire Heal","5","BLK","Single","Magical","10.40","Dark","1.65","Four single attacks (2.60 each), heals the user for 20% of the damage dealt","Y","Lowest HP% enemy","75","2","10","Major Black","6","12","24","36","60","Major Non-Elemental","6","12","24","36","60","Major Dark","10","20","40","60","100","","","","","","","Destroyer of Light and Dark","ドレッドヒール","30271071","✓","✓"
"Darkness","","Dwindling Spirit","5","PHY","Single","Physical","4.40","Dark","1.65","3/4/5 single attacks (0.88 each) if the user's Doom timer is below 20/5","Y","Lowest HP% enemy","75","2","10","Major Black","6","12","24","36","60","Major Non-Elemental","6","12","24","36","60","Major Dark","10","20","40","60","100","","","","","","","Awakening Cloud","残魂の連打","30271081","✓","✓"
"Darkness","","Necrofear","5","BLK","Single","Magical","15.00","Dark","1.65","3/4/5 single attacks (3.00 each) if the user's Doom timer is below 20/5","Y","Lowest HP% enemy","75","2","10","Major Black","6","12","24","36","60","Major Non-Elemental","6","12","24","36","60","Major Dark","10","20","40","60","100","","","","","","","Awakening Cloud","ネクロフィアー","30271091","✓","✓"
"Darkness","","Dread Weapon","5","PHY","Single enemy","Physical","3.00","Dark","1.65","Four single attacks (0.75 each), heals the user for 20% of the damage dealt","Y","Lowest HP% enemy","75","2","10","Major Power","6","12","24","36","60","Major Earth","6","12","24","36","60","Major Dark","10","20","40","60","100","","","","","","","The Shadow Stirs","ドレッドウェポン","30271101","✓","✓"
"Darkness","","Crimson Cross","5","PHY","Single enemy","Physical","4.40","Dark","1.65","Four single attacks (1.10 each), damages the user for 25% max HP","Y","Lowest HP% enemy","75","2","10","Major Black","6","12","24","36","60","Major Earth","6","12","24","36","60","Major Dark","10","20","40","60","100","","","","","","","The Torch Burns On","クリムゾンクロス","30271111","✓","✓"
"Darkness","","Mark of Darkness","5","NAT","Single enemy","Hybrid","","Dark","1.65","Three single hybrid attacks (0.64 or 2.64 each), 25% chance to cause [Imperil Dark 10%] for 15 seconds","Y","Lowest HP% enemy","75","2","10","Major Non-Elemental","6","12","24","36","60","Major Fire","6","12","24","36","60","Major Dark","10","20","40","60","100","","","","","","","Fal'Cie Puppets","暗黒の烙印","30271121","✓","✓"
"Darkness","","Demon's Cross","6","PHY","Single enemy","Physical","5.35","Dark","1.65","Five single attacks (1.07 each), damages the user for 25/15/5% max HP scaling with [Demon's Cross Uses]","Y","Lowest HP% enemy","90","2","10","Black Crystal","6","12","18","30","60","Earth Crystal","6","12","18","30","60","Dark Crystal","10","20","30","50","100","Ability Record","1","0","0","0","0","Guardian of the Altar","デモンズクロス","30271131","✓","✓"
"Darkness","","Necro Countdown","6","BLK","Single enemy","Magical","18.90","Dark","1.65","5/6 single attacks (3.15 each) if the user's Doom timer is below 20, causes [Doom: 45] and [Doom Timer -1] to the user","Y","Lowest HP% enemy","90","2","10","Non-Elemental Crystal","6","12","18","30","60","Ice Crystal","6","12","18","30","60","Dark Crystal","10","20","30","50","100","Ability Record","1","0","0","0","0","Guardian of the Altar","ネクロカウント","30271141","✓","✓"
"Darkness","","Touched by Darkness","6","NAT","Single enemy","Hybrid","","Dark","1.65","Three single hybrid attacks (0.90 or 3.44 each), causes [Imperil Dark 10%] for 15 seconds every second activation","Y","Lowest HP% enemy","90","2","10","Non-Elemental Crystal","10","20","30","50","100","Fire Crystal","6","12","18","30","60","Dark Crystal","6","12","18","30","60","Ability Record","1","0","0","0","0","Hidden Treasure Hunter","常闇の烙印","30271151","✓","✓"
"Darkness","","Taboo Raid","6","PHY","Single enemy","Physical","5.60","Dark","1.65","Seven single attacks (0.80 each)","Y","Lowest HP% enemy","60","2","10","Non-Elemental Crystal","6","12","18","30","60","Earth Crystal","6","12","18","30","60","Dark Crystal","10","20","30","50","100","Ability Record","1","0","0","0","0","Lion Dreambreaker","タブーレイド","30271161","✓","✓"
"Darkness","","Forbidden Cross","6","BLK","Single enemy","Magical","18.15","Dark","1.65","Five single attacks (3.63 each), damages the user for 25/15/5% max HP scaling with 0/1/2 uses","Y","Lowest HP% enemy","90","2","10","Black Crystal","6","12","18","30","60","Non-Elemental Crystal","6","12","18","30","60","Dark Crystal","10","20","30","50","100","Ability Record","1","0","0","0","0","By the Light of the Moon","フォビドゥンクロス","30271191","✓","✓"
"Sharpshooter","","Sapphire Shot","5","PHY","Single enemy","Physical","3.40","Water","1.65","Four single ranged attacks (0.85 each), 0.95 multiplier when equipping a ranged weapon","Y","Lowest HP% enemy","75","2","10","Major Ice","10","20","40","60","100","Major Lightning","6","12","24","36","60","Major Holy","6","12","24","36","60","","","","","","","This Is Our Story","サファイアシュート","30281001","✓","✓"
"Sharpshooter","","Hydroburst","4","PHY","All enemies","Physical","1.50","Water","1.65","One group ranged attack (1.50), 1.70 multiplier when equipping a ranged weapon","Y","All enemies","70","2","10","Greater Non-Elemental","3","6","12","18","30","Greater Fire","3","6","12","18","30","Greater Ice","5","10","20","30","50","","","","","","","This Is Our Story","アクアバースト","30281011","✓","✓"
"Sharpshooter","","Blue Deep","4","PHY","Single enemy","Physical","2.10","Water","1.65","One single ranged attack (2.10), 2.35 multiplier when equipping a ranged weapon","Y","Lowest HP% enemy","70","2","10","Greater Ice","5","10","20","30","50","Greater Lightning","3","6","12","18","30","Greater Holy","3","6","12","18","30","","","","","","","Dreaming's End","ブルードライブ","30281021","✓","✓"
"Sharpshooter","","Icicle Shot","5","PHY","Single enemy","Physical","3.40","Ice","1.65","Four single ranged attacks (0.85 each), 0.95 multiplier when equipping a ranged weapon","Y","Lowest HP% enemy","75","2","10","Major Ice","6","12","24","36","60","Major Lightning","10","20","40","60","100","Major Dark","6","12","24","36","60","","","","","","","Pawn Among Kings","アイシクルショット","30281051","✓","✓"
"Sharpshooter","","Ruby Spark","5","PHY","Single enemy","Physical","3.40","Fire","1.65","Four single ranged attacks (0.85 each), 0.95 multiplier when equipping a ranged weapon","Y","Lowest HP% enemy","75","2","10","Major White","6","12","24","36","60","Major Fire","10","20","40","60","100","Major Lightning","6","12","24","36","60","","","","","","","Type-0: Into the Fray","ルビースパイク","30281061","✓","✓"
"Sharpshooter","","Flame Burst","4","PHY","All enemies","Physical","1.50","Fire","1.65","One group ranged attack (1.50), 1.70 multiplier when equipping a ranged weapon","Y","All enemies","70","2","10","Greater White","3","6","12","18","30","Greater Fire","5","10","20","30","50","Greater Lightning","3","6","12","18","30","","","","","","","Type-0: Into the Fray","フレイムバースト","30281071","✓","✓"
"Sharpshooter","","Sapphire Bullet","6","PHY","Single enemy","Physical","4.75","Water","1.65","Five single ranged attacks (0.95 each), 1.05 multiplier when equipping a ranged weapon","Y","Lowest HP% enemy","90","2","10","Ice Crystal","10","20","30","50","100","Lightning Crystal","6","12","18","30","60","Holy Crystal","6","12","18","30","60","Ability Record","1","0","0","0","0","One-Eyed Tyrant","サファイアブリット","30281101","✓","✓"
"Sharpshooter","","Icicle Bullet","6","PHY","Single enemy","Physical","4.75","Ice","1.65","Five single ranged attacks (0.95 each), 1.05 multiplier when equipping a ranged weapon","Y","Lowest HP% enemy","90","2","10","Ice Crystal","10","20","30","50","100","Lightning Crystal","6","12","18","30","60","Dark Crystal","6","12","18","30","60","Ability Record","1","0","0","0","0","Hidden Treasure Hunter","アイシクルブリット","30281111","✓","✓"
"Sharpshooter","","Trinity Bombshell","6","PHY","Single enemy","Physical","3.20","Fire, Water, Ice","1.65","Four single ranged attacks (0.80 each), 0.90 multiplier when equipping a ranged weapon, grants [Sharpshooter Quick Cast 2] to the user","Y","Lowest HP% enemy","90","2","10","Fire Crystal","6","12","18","30","60","Ice Crystal","10","20","30","50","100","Lightning Crystal","6","12","18","30","60","Ability Record","1","0","0","0","0","Footsteps Across Spira","トリニティブリット","30281112","✓","✓"
"Sharpshooter","","Ruby Bombshell","6","PHY","Single enemy","Physical","4.75","Fire","1.65","Five single ranged attacks (0.95 each), 1.05 multiplier when equipping a ranged weapon","Y","Lowest HP% enemy","90","2","10","White Crystal","6","12","18","30","60","Fire Crystal","10","20","30","50","100","Lightning Crystal","6","12","18","30","60","Ability Record","1","0","0","0","0","5th Anniversary Festival","ルビーブリット","30281131","✓","✓"
"Sharpshooter","","Midnight Throw","5","PHY","Single enemy","Physical","3.40","Dark","1.65","Four single ranged attacks (0.85 each), 0.95 multiplier when equipping a ranged weapon","Y","Lowest HP% enemy","70","2","10","Major Black","6","12","24","36","60","Major Lightning","6","12","24","36","60","Major Dark","10","20","40","60","100","","","","","","","Unyielding Devotion","ミッドナイトスロー","30281151","✓","✓"
"Sharpshooter","","Midnight Bullet","6","PHY","Single enemy","Physical","4.75","Dark","1.65","Five single ranged attacks (0.95 each), 1.05 multiplier when equipping a ranged weapon","Y","Lowest HP% enemy","90","2","10","Black Crystal","6","12","18","30","60","Lightning Crystal","6","12","18","30","60","Dark Crystal","10","20","30","50","100","Ability Record","1","0","0","0","0","Unyielding Devotion","ミッドナイトブリット","30281141","✓","✓"
"Witch","","Hell Thunder","5","BLK","Single","Magical","12.00","Lightning","2.60","Six single attacks (2.00 each)","Y","Lowest HP% enemy","75","2","10","Major Black","6","12","24","36","60","Major Lightning","6","12","24","36","60","Major Dark","10","20","40","60","100","","","","","","","Women of the World","ヘルサンダー","30301001","✓","✓"
"Witch","","Abyssal Shards","5","BLK","Single","Magical","12.00","Ice","2.60","Six single attacks (2.00 each)","Y","Lowest HP% enemy","75","2","10","Major Non-Elemental","6","12","24","36","60","Major Ice","6","12","24","36","60","Major Dark","10","20","40","60","100","","","","","","","Women of the World","レシオブリザド","30301011","✓","✓"
"Witch","","Sudden Thunder","4","BLK","Single","Magical","5.20","Lightning","1.65","Two single attacks (2.60 each), grants [Magical Quick Cast 1] to the user","Y","Lowest HP% enemy","70","2","10","Greater Black","3","6","12","18","30","Greater Lightning","3","6","12","18","30","Greater Dark","5","10","20","30","50","","","","","","","Women of the World","ファストサンダー","30301021","✓","✓"
"Witch","","Sudden Freeze","4","BLK","Single","Magical","5.20","Ice","1.65","Two single attacks (2.60 each), grants [Magical Quick Cast 1] to the user","Y","Lowest HP% enemy","70","2","10","Greater Non-Elemental","3","6","12","18","30","Greater Ice","3","6","12","18","30","Greater Dark","5","10","20","30","50","","","","","","","Women of the World","ファストブリザド","30301031","✓","✓"
"Witch","","Lunatic Thunder","6","BLK","Single","Magical","15.60","Lightning","2.60","Six single attacks (2.60 each)","Y","Lowest HP% enemy","90","2","10","Black Crystal","6","12","18","30","60","Lightning Crystal","6","12","18","30","60","Dark Crystal","10","20","30","50","100","Ability Record","1","0","0","0","0","Terror of the Heavens","ルナティックサンダー","30301041","✓","✓"
"Witch","","Chilling Blizzard","6","BLK","Single","Magical","15.60","Ice","2.60","Six single attacks (2.60 each)","Y","Lowest HP% enemy","90","2","10","Non-Elemental Crystal","6","12","18","30","60","Ice Crystal","6","12","18","30","60","Dark Crystal","10","20","30","50","100","Ability Record","1","0","0","0","0","Hatred Incarnate","スケアリーブリザド","30301051","✓","✓"
"Witch","","Sudden Thundara","5","BLK","Single","Magical","6.90","Lightning","1.65","Three single attacks (2.30 each), grants [Magical Quick Cast 1] to the user","Y","Lowest HP% enemy","75","2","10","Major Black","10","20","40","60","100","Major Lightning","6","12","24","36","60","Major Dark","6","12","24","36","60","","","","","","","Orphaned Lion","ファストサンダラ","30301061","✓","✓"
"Witch","","Sudden Blizzara","5","BLK","Single","Magical","6.90","Ice","1.65","Three single attacks (2.30 each), grants [Magical Quick Cast 1] to the user","Y","Lowest HP% enemy","75","2","10","Major Non-Elemental","10","20","40","60","100","Major Ice","6","12","24","36","60","Major Dark","6","12","24","36","60","","","","","","","Orphaned Lion","ファストブリザラ","30301071","✓","✓"
"Witch","","Howling Flames","6","BLK","Single enemy","Magical","15.60","Fire","2.60","Six single attacks (2.60 each)","Y","Lowest HP% enemy","90","2","10","Black Crystal","6","12","18","30","60","Fire Crystal","6","12","18","30","60","Dark Crystal","10","20","30","50","100","Ability Record","1","0","0","0","0","A Hope of Peace","スクリームファイア","30301091","✓","✓"
"Witch","","Phobia Stone","6","BLK","Single","Magical","15.60","Earth","2.60","Six single attacks (2.60 each)","Y","Lowest HP% enemy","90","2","10","Black Crystal","6","12","18","30","60","Earth Crystal","6","12","18","30","60","Dark Crystal","10","20","30","50","100","Ability Record","1","0","0","0","0","Crystal Dungeon (Lightning)","フォビアストーン","30301151","","✓"
"Witch","","Fast Stoneja","6","BLK","Single","Magical","14.80","Earth","1.65","Four single attacks (3.70 each), grants [Magical Quick Cast 2] to the user","Y","Lowest HP% enemy","90","2","10","Non-Elemental Crystal","6","12","18","30","60","Earth Crystal","6","12","18","30","60","Dark Crystal","10","20","30","50","100","Ability Record","1","0","0","0","0","Crystal Dungeon (Lightning)","ファストストンジャ","30301161","","✓"
"Witch","","Tri-Sorcery","6","BLK","Single","Magical","14.80","Fire, Ice, Lightning","1.65","Four single attacks (3.70 each), grants [Magical Quick Cast 2] to the user","Y","Lowest HP% enemy","90","2","10","Black Crystal","6","12","18","30","60","Non-Elemental Crystal","6","12","18","30","60","Dark Crystal","10","20","30","50","100","Ability Record","1","0","0","0","0","Crystal Dungeon (Lightning)","トライソーサリー","30301171","","✓"
"Witch","","Frightening Dark","6","BLK","Single","Magical","15.60","Dark","2.60","Six single attacks (2.60 each)","Y","Lowest HP% enemy","90","2","10","Black Crystal","6","12","18","30","60","Non-Elemental Crystal","6","12","18","30","60","Dark Crystal","10","20","30","50","100","Ability Record","1","0","0","0","0","New Years Party 2023","フライトゥンダーク","30301181","","✓"
"Witch","","Sudden Darkja","6","BLK","Single","Magical","14.80","Dark","1.65","Four single attacks (3.70 each), grants [Magical Quick Cast 2] to the user","Y","Lowest HP% enemy","90","2","10","Black Crystal","6","12","18","30","60","Non-Elemental Crystal","6","12","18","30","60","Dark Crystal","10","20","30","50","100","Ability Record","1","0","0","0","0","New Years Party 2023","ファストダージャ","30301191","","✓"
"Witch","","Calamity Storm","6","BLK","Single","Magical","15.60","Wind, Water","2.60","Six single attacks (2.60 each)","?","Lowest HP% enemy","90","2","10","Black Crystal","10","20","30","50","100","Ice Crystal","6","12","18","30","60","Wind Crystal","6","12","18","30","60","Ability Record","1","0","0","0","0","","カラミティストーム","30301271","","✓"
"Heavy","","Grand Charge","5","PHY","Single enemy","Physical","2.20","Earth, Dark","1.65","Four single attacks (0.55 each), grants [Heavy Charge +1] to the user","Y","Lowest HP% enemy","75","2","10","Major Power","10","20","40","60","100","Major Earth","6","12","24","36","60","Major Dark","6","12","24","36","60","","","","","","","Key to Another World","グランドチャージ","30311001","✓","✓"
"Heavy","","Heavy Charge","4","PHY","Single enemy","Physical","1.50","-","1.65","One single attack (1.50), grants [Heavy Charge +1] to the user","Y","Lowest HP% enemy","75","2","10","Greater Power","5","10","20","30","50","Greater Fire","3","6","12","18","30","Greater Earth","3","6","12","18","30","","","","","","","Key to Another World","ヘヴィチャージ","30311011","✓","✓"
"Heavy","","Gigant Swing","5","PHY","Single enemy","Physical","7.04","Earth","1.65","3/4/8 single attacks (1.00/1.00/0.88 each) at Heavy Charge 0/1/2, causes [Heavy Charge =0] to the user","Y","Lowest HP% enemy","75","2","10","Major Power","10","20","40","60","100","Major Fire","6","12","24","36","60","Major Earth","6","12","24","36","60","","","","","","","Key to Another World","ギガントスイング","30311021","✓","✓"
"Heavy","","Blast Burn","5","PHY","All enemies","Physical","5.28","Earth","1.65","1/2/6 group attacks (2.25/1.50/0.88 each) at Heavy Charge 0/1/2, causes [Heavy Charge =0] to the user","Y","All enemies","75","2","10","Major Power","10","20","40","60","100","Major Non-Elemental","6","12","24","36","60","Major Earth","6","12","24","36","60","","","","","","","Key to Another World","ブラストバーン","30311031","✓","✓"
"Heavy","","Evil Swing","5","PHY","Single enemy","Physical","7.04","Dark","1.65","3/4/8 single attacks (1.00/1.00/0.88 each) at Heavy Charge 0/1/2, causes [Heavy Charge =0] to the user","Y","Lowest HP% enemy","75","2","10","Major Power","10","20","40","60","100","Major Earth","6","12","24","36","60","Major Dark","6","12","24","36","60","","","","","","","Sailing the Skies","イービルスイング","30311041","✓","✓"
"Heavy","","Dark Impact","5","PHY","All enemies","Physical","5.28","Dark","1.65","1/2/6 group attacks (2.25/1.50/0.88 each) at Heavy Charge 0/1/2, causes [Heavy Charge =0] to the user","Y","All enemies","75","2","10","Major Power","10","20","40","60","100","Major Fire","6","12","24","36","60","Major Dark","6","12","24","36","60","","","","","","","Sailing the Skies","ダークインパクト","30311051","✓","✓"
"Heavy","","Stone Press","5","PHY","Single enemy","Physical","7.00","Earth","1.65","One single attack (3.00/4.00/7.00) capped at 99999 at Heavy Charge 0/1/2, causes [Heavy Charge =0] to the user","Y","Lowest HP% enemy","75","2","10","Major Power","10","20","40","60","100","Major Non-Elemental","6","12","24","36","60","Major Earth","6","12","24","36","60","","","","","","","Autumn Festival 2018","ストーンプレス","30311061","✓","✓"
"Heavy","","Wicked Press","5","PHY","Single enemy","Physical","7.00","Dark","1.65","One single attack (3.00/4.00/7.00) capped at 99999 at Heavy Charge 0/1/2, causes [Heavy Charge =0] to the user","Y","Lowest HP% enemy","75","2","10","Major Power","10","20","40","60","100","Major Earth","6","12","24","36","60","Major Dark","6","12","24","36","60","","","","","","","Dawn of Strife","イービルプレス","30311071","✓","✓"
"Heavy","","Quake Swing","6","PHY","Single enemy","Physical","7.04","Earth","1.65","4/5/8 single attacks (1.00/1.00/0.88 each) at Heavy Charge 0/1/2, causes [Imperil Earth 10%] at Heavy Charge 2, causes [Heavy Charge -1] to the user","Y","Lowest HP% enemy","90","2","10","Power Crystal","10","20","30","50","100","Fire Crystal","6","12","18","30","60","Earth Crystal","6","12","18","30","60","Ability Record","1","0","0","0","0","Crimson Flag Rising","クエイクスイング","30311081","✓","✓"
"Heavy","","Darkness Swing","6","PHY","Single enemy","Physical","7.04","Dark","1.65","4/5/8 single attacks (1.00/1.00/0.88 each) at Heavy Charge 0/1/2, causes [Imperil Dark 10%] at Heavy Charge 2, causes [Heavy Charge -1] to the user","Y","Lowest HP% enemy","90","2","10","Power Crystal","10","20","30","50","100","Earth Crystal","6","12","18","30","60","Dark Crystal","6","12","18","30","60","Ability Record","1","0","0","0","0","Ode to a Sundered World","ダークネススイング","30311091","✓","✓"
"Heavy","","Dual Swing","6","PHY","Single enemy","Physical","5.70","Earth, Dark","1.65","Three single attacks (1.20/1.50/1.90 each) at Heavy Charge 0/1/2, causes [Heavy Charge -1] to the user","Y","Lowest HP% enemy","90","2","10","Power Crystal","10","20","30","50","100","Earth Crystal","6","12","18","30","60","Dark Crystal","6","12","18","30","60","Ability Record","1","0","0","0","0","Chaotic Memories II (Type-0)","デュアルスイング","30311121","✓","✓"
"Heavy","","Triple Swing","6","PHY","Single enemy","Physical","3.20","Earth, Dark, Holy","1.65","Four single attacks (0.80 each), grants [Heavy Charge +1] to the user","?","Lowest HP% enemy","90","2","10","Earth Crystal","10","20","30","50","100","Holy Crystal","6","12","18","30","60","Dark Crystal","6","12","18","30","60","Ability Record","1","0","0","0","0","-","トリプルスイング","30311151","",""
"Heavy","","Sacred Swing","6","PHY","Single enemy","Physical","7.04","Holy","1.65","4/5/8 single attacks (1.00/1.00/0.88 each) at Heavy Charge 0/1/2, causes [Imperil Holy 10%] at Heavy Charge 2, causes [Heavy Charge -1] to the user","?","Lowest HP% enemy","90","2","10","Power Crystal","6","12","18","30","60","Non-Elemental Crystal","6","12","18","30","60","Holy Crystal","10","20","30","50","100","Ability Record","1","0","0","0","0","-","セイクリッドスイング","30311161","",""