"Character","Source","SB Ver","Img","Name","Type","Target","Formula","Multiplier","Element","Time","Effects","Counter","Auto Target","SB","School","Name (JP)","ID","GL","✓"
"Tyro","Keeper's Tome","BSB1","","Book of Despair","PHY","Single enemy","Physical","2.10","-","1.65","One single attack (2.10), [ATK and MAG -20%] for 15 seconds","Y","Random enemy","60","Support","戦意喪失の章","30510071","✓","✓"
"Tyro","Keeper's Tome","BSB1","","Book of Retribution","PHY","Single enemy","Physical","2.10","-","1.65","One single attack (2.10), [DEF and RES -20%] for 15 seconds","Y","Random enemy","60","Support","因果応報の章","30510072","✓","✓"
"Elarra","Magika Coat","BSB1","","Pulchra Magika","NAT","Self","","","","1.65","[MND +20%] for 25 seconds, grants [Quick Cast 3]","Y","Self","50","White Magic","フロース・プルクラ","30512521","✓","✓"
"Elarra","Magika Coat","BSB1","","Fomenta Magika","WHT","All allies","Magical","2.00","Holy","1.65","Restores HP (25), damages undeads","Y","All allies","50","White Magic","フロース・オドル","30512522","✓","✓"
"Warrior of Light","Ultimate Shield","BSB1","","Stroke of Light","PHY","Single enemy","Physical","2.40","Holy, NE","1.65","1/2/3/4/5 single attacks (0.48 each) at 327/654/1700/2490 DEF","Y","Lowest HP% enemy","50","Knight","ストライクオブライト","30510542","✓","✓"
"Warrior of Light","Ultimate Shield","BSB1","","Crystalize","PHY","All enemies","Physical","1.30","Holy, NE","1.65","Two group attacks (0.65 each), [DEF +50%] to the user for 25 seconds","Y","All enemies","50","Knight","クリスタルフォーム","30510541","✓","✓"
"Garland","Dark Rebirth","BSB1","","Deathblow","PHY","Single enemy","Physical","2.30","Dark","1.65","One single attack (2.30), heals the user for 20% of the damage dealt","Y","Lowest HP% enemy","50","Darkness","デスクロウ","30510161","✓","✓"
"Garland","Dark Rebirth","BSB1","","Wave of Darkness","PHY","All enemies","Physical","1.26","Dark","1.65","Two group ranged attacks (0.63 each), 80% additional critical chance","Y","All enemies","50","Darkness","やみのつなみ","30510162","✓","✓"
"Garland","Twin Swords","BSB2","","Chain Cast","PHY","Single enemy","Physical","0.80","Dark, NE","1.65","Two single attacks (0.40 each)","Y","Lowest HP% enemy","50","Darkness","チェーンバンプ","30512301","✓","✓"
"Garland","Twin Swords","BSB2","","Twist Drill","PHY","Single enemy","Physical","2.16","Dark, NE","1.65","4/5/6/7 single attacks (0.54/0.89/1.05/1.25 each) scaling with [Chain Cast Uses], 0/5/10/25% additional critical chance","Y","Lowest HP% enemy","50","Darkness","ツイストドリル","30512302","✓","✓"
"Sarah","Age-old Hymn","BSB1","","Inviolate Prayer","WHT","Single ally","Magical","3.00","Holy","0.01","Restores HP (80), grants [High Regen], damages undeads","N","Lowest HP% ally","50","White Magic","清き祈り","30510901","✓","✓"
"Sarah","Age-old Hymn","BSB1","","Simple Plea","WHT","All allies","Magical","2.00","Holy","1.65","Restores HP (25), damages undeads","N","All allies","50","White Magic","ささやかな願い","30510902","✓","✓"
"Wol","Shijin Spiral","BSB1","","Sneaky Attack","PHY","Single enemy","Physical","2.60","-","1.65","Four single attacks (0.65 each), causes [Stun] (9%)","Y","Lowest HP% enemy","50","Combat","トリックアタック","30511491","✓","✓"
"Wol","Shijin Spiral","BSB1","","Break Slayer","PHY","All enemies","Physical","2.40","-","1.65","Two group attacks (1.20 each), [ATK and DEF -20%] for 15 seconds","Y","All enemies","50","Support","ブレイクキラー","30511492","✓","✓"
"Wol","Howl of Hell","BSB2","","Reaver's Impact","PHY","Single enemy","Physical","1.95","Earth, Holy","1.65","Three single attacks (0.65 each), grants [Heavy Charge +1] to the user","Y","Lowest HP% enemy","50","Heavy","ヘルインパクト","30512821","✓","✓"
"Wol","Howl of Hell","BSB2","","Heavy Break","PHY","Single enemy","Physical","2.32","Earth, Holy","1.65","Four single attacks (0.58 each), [ATK and MAG -20%/-30%/-50%] for 15 seconds at Heavy Charge 0/1/2, [Heavy Charge =0] to the user","Y","Random enemy without status","50","Heavy","ヘヴィブレイク","30512822","✓","✓"
"Echo","Echo's Prize","BSB1","","Punishing Thunder","BLK","Single enemy","Magical","10.48","Lightning, NE","1.65","Four single attacks (2.62 each)","Y","Lowest HP% enemy","50","Black Magic","おしおきサンダー","30511501","✓","✓"
"Echo","Echo's Prize","BSB1","","Magic Meddling","NAT","All enemies","","","","1.65","[MAG -40%] for 15 seconds, causes [Stop] (20%)","N","All enemies","50","Special","ぼうがいストップ","30511502","✓","✓"
"Echo","Echoing Mischief","BSB2","","Faltering Blade","BLK","Single enemy","Magical","4.90","Holy, NE","1.65","One single attack (4.90), [ATK -40%] for 15 seconds","Y","Random enemy without status","50","Black Magic","しっかりブレイク","30511931","✓","✓"
"Echo","Echoing Mischief","BSB2","","Faltering Magic","BLK","Single enemy","Magical","4.90","Holy, NE","1.65","One single attack (4.90), [MAG -50%] for 15 seconds","Y","Random enemy without status","50","Black Magic","がっかりマジック","30511932","✓","✓"
"Master","Show of Courage","BSB1","","Storm and Strife","PHY","Single enemy","Physical","1.60","-","1.65","Four single attacks (0.40 each), eight attacks if the user has [Unbound Fury]","Y","Lowest HP% enemy","50","Monk","疾風怒濤","30510872","✓","✓"
"Master","Show of Courage","BSB1","","Bitter Blow","PHY","Single enemy","Physical","2.40","-","1.65","Four single attacks (0.60 each), grants [Unbound Fury] to the user for 25 seconds","Y","Lowest HP% enemy","50","Monk","背水一戦","30510871","✓","✓"
"Matoya","Inner Eye","BSB1","","Firefrost Chant","BLK","Single enemy","Magical","10.48","Fire, Ice","1.65","Four single attacks (2.62 each)","Y","Lowest HP% enemy","50","Black Magic","二重詠唱・対","30510881","✓","✓"
"Matoya","Inner Eye","BSB1","","Flamebolt Chant","BLK","Single enemy","Magical","10.48","Fire, Lightning","1.65","Four single attacks (2.62 each)","Y","Lowest HP% enemy","50","Black Magic","二重詠唱・極","30510882","✓","✓"
"Meia","Famfrit","BSB1","","Pallida Fructus","SUM","Self","","","","1.65","Grants [Magic Bargain] to the user for 20 seconds, grants [Summon Famfrit] to the user","N","Self","50","Summoning","パッリダ・フルクトゥス","30511481","✓","✓"
"Meia","Famfrit","BSB1","","Pallida Fructus (S)","SUM","All enemies","Magical","17.00","Water, NE","1.65","Four group attacks (4.25 each), minimum damage 1100, removes [Summon Famfrit] to the user","N","All enemies","50","Summoning","パッリダ・フルクトゥス","30511481","✓","✓"
"Meia","Famfrit","BSB1","","Pallida Schelling","SUM","Single enemy","Magical","8.96","Water, NE","1.65","Four single attacks (2.24 each), minimum damage 1100","N","Lowest HP% enemy","50","Summoning","パッリダ・シェリング","30511482","✓","✓"
"Meia","Famfrit","BSB1","","Pallida Schelling (S)","SUM","Single enemy","Magical","9.96","Water, NE","1.65","Four single attacks (2.49 each), minimum damage 1100","N","Lowest HP% enemy","50","Summoning","パッリダ・シェリング","30511482","✓","✓"
"Thief (I)","Invisibreak","BSB1","","Storm Trick","PHY","Single enemy","Physical","2.20","Wind, Poison","1.20","Four single attacks (0.55 each), grants [Thief Quick Cast 2] to the user","N","Lowest HP% enemy","50","Thief","ストームトリック","30512311","✓","✓"
"Thief (I)","Invisibreak","BSB1","","Storm Break","PHY","Single enemy","Physical","2.20","Wind, Poison","1.20","Two single attacks (1.10 each), [DEF -40%] for 15 seconds","N","Random enemy without status","50","Thief","ストームブレイク","30512312","✓","✓"
"Firion","Weaponsmaster","BSB1","","Chain Strike","PHY","Single enemy","Physical","0.52","Holy, NE","1.65","1/2/3/4/5/6/7/8 single ranged attacks (0.52 each) scaling with [Chain Strike Uses]","Y","Lowest HP% enemy","50","Combat","ウェポンチェイン","30510321","✓","✓"
"Firion","Weaponsmaster","BSB1","","Chain Launch","PHY","Single enemy","Physical","1.68","Holy, NE","1.65","Four single attacks (0.42 each), grants [Instant Cast 1] to the user","Y","Lowest HP% enemy","50","Combat","チェインムーブ","30510322","✓","✓"
"Maria","Meteor XVI","BSB1","","Break","BLK","Single enemy","Magical","12.00","Earth, NE","1.65","3/4/5/6 single attacks (2.00 each) at 624/973/1032 MAG, causes [Petrify] (5%)","Y","Lowest HP% enemy","50","Black Magic","ブレイク","30510341","✓","✓"
"Maria","Meteor XVI","BSB1","","Sunfire","BLK","All enemies","Magical","6.18","Earth, Fire","1.65","Two group attacks (3.09 each), grants [Magic Bargain] to the user for 20 seconds","Y","All enemies","50","Black Magic","太陽の炎","30510342","✓","✓"
"Guy","Gigantbreak","BSB1","","Stony Fang","PHY","Single enemy","Physical","0.56","Earth, NE","1.65","Four single attacks (0.14 each), multiplier increases with user's ATK","Y","Lowest HP% enemy","50","Combat","狼の猛牙","30511811","✓","✓"
"Guy","Gigantbreak","BSB1","","Colossal Strength","PHY","All enemies","Physical","1.30","Earth, NE","1.65","Two group attacks (0.65 each), grants [Dark Bargain] to the user for 20 seconds","Y","All enemies","50","Combat","巨漢の豪腕","30511812","✓","✓"
"Leon","Dark Knight's Charge","BSB1","","Blood Spoils","PHY","Single enemy","Physical","2.30","Dark","1.65","One single attack (2.30), heals the user for 20% of the damage dealt","Y","Lowest HP% enemy","50","Darkness","生命の略奪","30510331","✓","✓"
"Leon","Dark Knight's Charge","BSB1","","Ambition's Price","PHY","Single enemy","Physical","2.06","Dark","1.65","Two single attacks (1.03 each), grants [Hailstorm] to the user for 20 seconds","Y","Lowest HP% enemy","50","Darkness","野心の代償","30510332","✓","✓"
"Minwu","Seal of Heaven","BSB1","","Cure X","WHT","Single ally","Magical","4.00","Holy","0.01","Restores HP (105), damages undeads","Y","Lowest HP% ally","50","White Magic","ケアル10","30510351","✓","✓"
"Minwu","Seal of Heaven","BSB1","","Sap XVI","WHT","All enemies","Magical","6.08","Holy","1.65","Two group attacks (3.04 each), [MAG and MND -20%] for 15 seconds","Y","All enemies","50","White Magic","アンチ16","30510352","✓","✓"
"Minwu","Holy XVI","BSB2","","Magic Emblem","WHT","Single enemy","Magical","10.40","Holy, NE","1.65","Four single attacks (2.60 each)","Y","Lowest HP% enemy","50","White Magic","破魔の印","30512441","✓","✓"
"Minwu","Holy XVI","BSB2","","Light of Relief","WHT","Single ally","Magical","4.00","Holy","0.01","Restores HP (105), damages undeads","Y","Lowest HP% ally","50","White Magic","快癒の光","30512442","✓","✓"
"Gordon","Egil's Blaze","BSB1","","Royal Resolve","PHY","Single enemy","Physical","2.30","-","1.65","One single attack (2.30), [ATK -40%] for 15 seconds","Y","Random enemy without status","50","Support","王族の覚悟","30511111","✓","✓"
"Gordon","Egil's Blaze","BSB1","","Survivor's Will","PHY","Single enemy","Physical","2.30","-","1.65","One single attack (2.30), [DEF -40%] for 15 seconds","Y","Random enemy without status","50","Support","生き残りの意地","30511112","✓","✓"
"Leila","Poison Cloud XVI","BSB1","","Poison Sting","PHY","Single enemy","Physical","1.88","Poison, NE","0.60","Four single attacks (0.47 each)","Y","Lowest HP% enemy","50","Thief","ポイズンスティング","30511101","✓","✓"
"Leila","Poison Cloud XVI","BSB1","","Pirate's Venom","PHY","Single enemy","Physical","1.72","Poison, NE","1.20","Two single attacks (0.86 each), [ATK and MND -20%] for 20 seconds, [ATK and MND +20%] to the user for 20 seconds","Y","Random enemy without status","50","Thief","女海賊の毒牙","30511102","✓","✓"
"Ricard","Pride of Deist","BSB1","","Dragon Bloodwind","PHY","Single enemy","Physical","1.96","Wind, NE","1.65","Two single ranged attacks (0.98 each), grants [No Air Time 2] to the user","Y","Lowest HP% enemy","50","Dragoon","竜騎士団の嵐血","30511891","✓","✓"
"Ricard","Pride of Deist","BSB1","","Wyvern's Grace","PHY","Single enemy","Physical","1.88","Wind, NE","1.65","Four single attacks (0.47 each), grants [Dragoon +9% Boost 3] to the user","Y","Lowest HP% enemy","50","Dragoon","飛竜の加護","30511892","✓","✓"
"Josef","Undaunted Hero","BSB1","","Ice Breaker","PHY","Single enemy","Physical","1.41","Ice, NE","1.65","Three single attacks (0.47 each), six attacks if the user has [Unbound Fury]","Y","Lowest HP% enemy","50","Monk","砕氷の怪腕","30511881","✓","✓"
"Josef","Undaunted Hero","BSB1","","Man of Snow","PHY","Single enemy","Physical","1.88","Ice, NE","1.65","Four single attacks (0.47 each), grants [Unbound Fury] to the user for 25 seconds","Y","Lowest HP% enemy","50","Monk","雪原の男気","30511882","✓","✓"
"Emperor","Winds of War","BSB1","","Binding Gale","BLK","Single enemy","Magical","8.68","Wind, Dark","1.65","Four single attacks (2.17 each), causes [Stun] (9%)","Y","Lowest HP% enemy","50","Black Magic","封縛の風陣","30511251","✓","✓"
"Emperor","Winds of War","BSB1","","Leeching Winds","BLK","Single enemy","Magical","7.96","Wind, Dark","1.65","One single attack (7.96), heals the user for 20% of the damage dealt","Y","Lowest HP% enemy","50","Black Magic","生奪いし風","30511252","✓","✓"
"Emperor","Hell's Maw","BSB2","","Ruthless Ploy","BLK","Single enemy","Magical","7.72","Earth, Dark","1.65","Four single attacks (1.93 each), grants [Quick Cast 2] to the user","Y","Lowest HP% enemy","50","Black Magic","無情の陥穽","30512431","✓","✓"
"Emperor","Hell's Maw","BSB2","","Onyx Crest","BLK","Single enemy","Magical","4.06","Earth, Dark","1.65","Two single attacks (2.03 each), [MAG -50%] for 15 seconds","Y","Random enemy without status","50","Black Magic","漆黒の紋章","30512432","✓","✓"
"Hilda","Prayer for Peace","BSB1","","Graceful Minuet","WHT","Single ally","Magical","4.00","Holy","0.01","Restores HP (105), damages undeads","Y","Lowest HP% ally","50","White Magic","祝福のメヌエット","30512901","✓","✓"
"Hilda","Prayer for Peace","BSB1","","Song of Tranquility","WHT","All allies","Magical","2.00","Holy","1.65","Restores HP (25), damages undeads","Y","All allies","50","White Magic","安らぎの歌","30512902","✓","✓"
"Scott","Scathing Sun","BSB1","","Mark of Destruction","PHY","Single enemy","Physical","1.68","Fire, NE","1.65","Three single attacks (0.56 each), grants [Spellblade +15% Boost 3] to the user","Y","Lowest HP% enemy","50","Spellblade","魔印・爆裂斬","30511901","✓","✓"
"Scott","Scathing Sun","BSB1","","Fiery Vanguard","PHY","All enemies","Physical","1.30","Fire, NE","1.65","Two group attacks (0.65 each), grants [Dark Bargain] to the user for 20 seconds","Y","Lowest HP% enemy","50","Spellblade","先駆けの炎斬","30511902","✓","✓"
"Luneth","Eternal Wind","BSB1","","Pummeling Gale","PHY","Single enemy","Physical","1.96","Wind, NE","1.65","Four single ranged attacks (0.49 each), causes [Stun] (9%)","Y","Lowest HP% enemy","50","Combat","疾風の連撃","30510461","✓","✓"
"Luneth","Eternal Wind","BSB1","","Roaring Winds","PHY","All enemies","Physical","1.30","Wind, NE","1.65","Two group ranged attacks (0.65 each), grants [Hailstorm] to the user for 20 seconds","Y","All enemies","50","Combat","暴風の猛撃","30510462","✓","✓"
"Arc","Auroral Grace","BSB1","","Dedication to Purity","WHT","Single","Magical","3.00","Holy","1.65","Restores HP (80), damages undeads, removes negative effects","N","Lowest HP% ally","50","White Magic","浄化の心得","30511221","✓","✓"
"Arc","Auroral Grace","BSB1","","Dedication to Healing","WHT","All allies","Magical","2.00","Holy","1.65","Restores HP (25), damages undeads","N","All allies","50","White Magic","治癒の心得","30511222","✓","✓"
"Arc","Break of Valor","BSB2","","Dia Deluge","WHT","Single enemy","Magical","10.40","Holy, Water","1.65","Four single attacks (2.60 each)","Y","Lowest HP% enemy","50","White Magic","ディアウォータ","30511951","✓","✓"
"Arc","Break of Valor","BSB2","","Dia Cure","WHT","Single ally","Magical","4.00","Holy","1.65","Restores HP (105), damages undeads, [MND +30%] for 25 seconds","Y","Lowest HP% ally","50","White Magic","ディアケアル","30511952","✓","✓"
"Refia","Dance of Carnage","BSB1","","Riddle of the Flame","PHY","Single enemy","Physical","1.96","Fire, NE","1.65","Four single ranged attacks (0.49 each), 50% additional critical damage","Y","Lowest HP% enemy","50","Monk","焔の極意","30510491","✓","✓"
"Refia","Dance of Carnage","BSB1","","Fires of Carnage","PHY","All enemies","Physical","1.30","Fire, NE","1.65","Two group ranged attacks (0.65 each), grants [Dark Bargain] to the user for 20 seconds","Y","All enemies","50","Monk","修羅の炎陣","30510492","✓","✓"
"Ingus","Oathsworn Espada","BSB1","","Tour de Force","PHY","Single enemy","Physical","1.96","Earth, NE","1.65","Two single attacks (0.98 each), grants [Sentinel] to the user for 25 seconds","Y","Lowest HP% enemy","50","Knight","騎士の妙技","30510481","✓","✓"
"Ingus","Oathsworn Espada","BSB1","","Secrets of Sasune","PHY","Single enemy","Physical","1.96","Earth, NE","1.65","Two single attacks (0.98 each), grants [Retaliate] to the user for 15 seconds","Y","Lowest HP% enemy","50","Knight","サスーンの秘伝","30510482","✓","✓"
"Ingus","Faith Escutcheon","BSB2","","Titan Drive","PHY","Single enemy","Physical","1.95","Earth, NE","1.65","Three single attacks (0.65 each), grants [Knight +15% Boost 3] to the user","Y","Lowest HP% enemy","50","Knight","ティターンドライブ","30512201","✓","✓"
"Ingus","Faith Escutcheon","BSB2","","Aegis Form","NAT","Self","","","","1.65","[ATK and DEF +50%] for 20 seconds","Y","Self","50","Knight","イージスフォーム","30512202","✓","✓"
"Desch","Ancient Lightning","BSB1","","Heavenly Drum","BLK","Single enemy","Magical","8.00","Lightning, NE","1.65","Four single attacks (2.00 each), grants [Magical Quick Cast 1] to the user","Y","Lowest HP% enemy","50","Black Magic","古の天鼓","30511231","✓","✓"
"Desch","Ancient Lightning","BSB1","","Become the Lightning","BLK","All enemies","Magical","6.18","Lightning, NE","1.65","Two group attacks (3.09 each), grants [Magic Bargain] to the user for 20 seconds","Y","All enemies","50","Black Magic","滅私の稲妻","30511232","✓","✓"
"Onion Knight","Vessel of Fate","BSB1","","Extra Slice","PHY","Single enemy","Physical","1.88","-","1.65","Four single attacks (0.47 each), grants [Physical Instant Cast 1] to the user","Y","Lowest HP% enemy","50","Celerity","追加斬り","30510471","✓","✓"
"Onion Knight","Vessel of Fate","BSB1","","Swiftspell","BLK","Single enemy","Magical","9.00","-","1.65","Four single attacks (2.25 each), grants [Magical Instant Cast 1] to the user","Y","Lowest HP% enemy","50","Black Magic","速攻だいまほう","30510472","✓","✓"
"Cloud of Darkness","Fusillade Particle Beam","BSB1","","Aura Ball of Confounding","BLK","Single enemy","Magical","10.20","Dark, Holy","1.65","Four single attacks (2.55 each), causes [Silence] (7%) and [Blind] (7%)","Y","Lowest HP% enemy","50","Black Magic","封・波動球","30511241","✓","✓"
"Cloud of Darkness","Fusillade Particle Beam","BSB1","","Aura Ball of Binding","BLK","Single enemy","Magical","10.20","Dark, Holy","1.65","Four single attacks (2.55 each), causes [Paralyze] (7%) and [Stop] (7%)","Y","Lowest HP% enemy","50","Black Magic","縛・波動球","30511242","✓","✓"
"Cloud of Darkness","0-Form Particle Beam","BSB2","","Exploding Aura Ball","BLK","Single enemy","Magical","8.16","Dark, NE","1.65","Three single attacks (2.72 each), grants [Darkness +15% Boost 3] to the user","Y","Lowest HP% enemy","50","Black Magic","炸裂式 波動球","30512211","✓","✓"
"Cloud of Darkness","0-Form Particle Beam","BSB2","","Empowered Aura Ball","BLK","Single enemy","Magical","6.30","Dark, NE","1.65","Two single attacks (3.15 each), grants [Magic Bargain] to the user for 20 seconds","Y","Lowest HP% enemy","50","Black Magic","強化式 波動球","30512212","✓","✓"
"Aria","Maiden of Water","BSB1","","Clarion Prayer","WHT","Single ally","Magical","4.00","Holy","0.01","Restores HP (80), damages undeads, grants [High Regen]","Y","Lowest HP% ally","50","White Magic","澄んだ祈り","30511961","✓","✓"
"Aria","Maiden of Water","BSB1","","Fleeting Wish","WHT","All allies","Magical","2.00","Holy","1.65","Restores HP (25), damages undeads","Y","All allies","50","White Magic","儚き願い","30511962","✓","✓"
"Cecil (Dark Knight)","Dark Flame","BSB1","","Onyx Wave","PHY","Single enemy","Physical","2.16","Dark, NE","1.65","Four single attacks (0.54 each), ATK increases as HP decreases","Y","Lowest HP% enemy","50","Darkness","漆黒","30510851","✓","✓"
"Cecil (Dark Knight)","Dark Flame","BSB1","","Nightfall","PHY","All enemies","Physical","2.00","Dark, NE","1.65","Two group attacks (1.00 each), damages the user for 10% max HP","Y","All enemies","50","Darkness","ダークフォール","30510852","✓","✓"
"Cecil (Dark Knight)","Abyss Gate","BSB2","","Shadow Slice","PHY","Single enemy","Physical","2.16","Dark, NE","1.65","Four single attacks (0.54 each)","Y","Lowest HP% enemy","50","Darkness","シャドウスラッシュ","30512541","✓","✓"
"Cecil (Dark Knight)","Abyss Gate","BSB2","","Evil Drive","PHY","Single enemy","Physical","1.68","Dark, NE","1.65","Three single attacks (0.56 each), grants [Darkness +15% Boost 3] to the user","Y","Lowest HP% enemy","50","Darkness","イビルドライブ","30512542","✓","✓"
"Cecil (Paladin)","Paladin Force","BSB1","","Blessed Weapon","PHY","Single enemy","Physical","2.30","Holy","1.65","One single attack (2.30), restores HP (60) to the user","Y","Lowest HP% enemy","50","Combat","ブレスウェポン","30510051","✓","✓"
"Cecil (Paladin)","Paladin Force","BSB1","","Sacred Circle","PHY","All enemies","Physical","1.58","Holy","1.65","Two group attacks (0.79 each)","Y","All enemies","50","Combat","セイクリッドサークル","30510052","✓","✓"
"Cecil (Paladin)","Radiant Blast","BSB2","","Paladin's Charge","PHY","Single enemy","Physical","2.90","Holy, NE","1.65","3/4/5 single attacks (0.58 each) if the user has taken 3/7 attacks","Y","Lowest HP% enemy","50","Knight","パラディンフォーム","30511731","✓","✓"
"Cecil (Paladin)","Radiant Blast","BSB2","","Light Slash","PHY","Single enemy","Physical","2.32","Holy, NE","1.65","Four single attacks (0.58 each), [RES +100%] to the user for 20 seconds","Y","Lowest HP% enemy","50","Knight","ライトスラッシュ","30511732","✓","✓"
"Kain","Dragoon's Pride","BSB1","","Stormblood Dragon","PHY","Single enemy","Physical","2.06","Lightning","1.65","Two single ranged attacks (1.03 each), grants [No Air Time 2] to the user","Y","Lowest HP% enemy","50","Dragoon","竜騎士団の雷血","30510431","✓","✓"
"Kain","Dragoon's Pride","BSB1","","Triumphant Lancet","PHY","Single enemy","Physical","2.06","Lightning","1.65","Two single ranged attacks (1.03 each), smart ether 1 to the user","Y","Lowest HP% enemy","50","Dragoon","誇りの竜剣","30510432","✓","✓"
"Rydia","Mournful Cry","BSB1","","Gaia's Strike","SUM","Single enemy","Magical","8.96","Earth, NE","1.65","Four single attacks (2.24 each), minimum damage 1100","N","Lowest HP% enemy","50","Summoning","大地の一撃","30510451","✓","✓"
"Rydia","Mournful Cry","BSB1","","Gaia's Fury","SUM","All enemies","Magical","6.28","Earth, NE","1.65","Two group attacks (3.14 each), minimum damage 1100","N","All enemies","50","Summoning","大地の咆哮","30510452","✓","✓"
"Rydia","Law of the Eidolons","BSB2","","Gift of the Eidolon King","SUM","Single enemy","Magical","7.80","Water, Holy","1.65","Four single attacks (1.95 each), minimum damage 1100, grants [Magical Quick Cast 2] to the user","N","Lowest HP% enemy","50","Summoning","幻獣王の加護","30512071","✓","✓"
"Rydia","Law of the Eidolons","BSB2","","Gift of the Eidolon Queen","SUM","Single enemy","Magical","8.56","Water, Holy","1.65","Two single attacks (4.28 each), minimum damage 1100, smart ether 1 to the user","N","Lowest HP% enemy","50","Summoning","幻獣王妃の加護","30512072","✓","✓"
"Rosa","Holy Ray","BSB1","","Wall of Light","WHT","Single ally","Magical","4.00","Holy","1.65","Restores HP (105), grants [Magical Blink 1], damages undeads","Y","Lowest HP% ally","50","White Magic","ホワイトウォール","30510861","✓","✓"
"Rosa","Holy Ray","BSB1","","Ripple of Life","WHT","All allies","Magical","2.00","Holy","1.65","Restores HP (25), damages undeads","Y","All allies","50","White Magic","ヒールウェイブ","30510862","✓","✓"
"Edward","Whisperweed Ballad","BSB1","","Soothing Lullaby","PHY","Single enemy","Physical","1.95","Holy","1.65","One single ranged attack (1.95), [ATK and MAG -20%] for 15 seconds, causes [Sap] to the user","Y","Random enemy","50","Support","沈静のララバイ","30510441","✓","✓"
"Edward","Whisperweed Ballad","BSB1","","Baneful Nocturne","PHY","Single enemy","Physical","1.95","Holy","1.65","One single ranged attack (1.95),  [DEF and RES -20%] for 15 seconds, causes [Sap] to the user","Y","Random enemy","50","Support","虚脱のノクターン","30510442","✓","✓"
"Yang","Seven-Star Heavenly Fist","BSB1","","Crushing-Rock Blow","PHY","Single enemy","Physical","1.88","Earth, NE","1.65","Four single attacks (0.47 each), five attacks if the user has [Unbound Fury]","Y","Lowest HP% enemy","50","Monk","崩岩連打","30511371","✓","✓"
"Yang","Seven-Star Heavenly Fist","BSB1","","Explosive Fists","PHY","Single enemy","Physical","2.04","Earth, NE","1.65","Four single attacks (0.51 each), grants [Unbound Fury] to the user for 25 seconds","Y","Lowest HP% enemy","50","Monk","爆進連撃","30511372","✓","✓"
"Palom","Tri-Disaster","BSB1","","Bomb Thunder","BLK","Single enemy","Magical","9.20","Fire, Lightning","1.65","Four single attacks (2.30 each), grants [Magical Instant Cast 1] to the user if exploiting elemental weakness","Y","Lowest HP% enemy","50","Black Magic","ボムサンダー","30511381","✓","✓"
"Palom","Tri-Disaster","BSB1","","Ice Thunder","BLK","Single enemy","Magical","9.20","Ice, Lightning","1.65","Four single attacks (2.30 each), grants [Magical Instant Cast 1] to the user if exploiting elemental weakness","Y","Lowest HP% enemy","50","Black Magic","アイスサンダー","30511382","✓","✓"
"Porom","Healing Wind (IV)","BSB1","","Mysidia's Light","WHT","Single ally","Magical","3.00","Holy","1.65","Restores HP (80), damages undeads, removes KO [Raise: 20%]","N","Ally with KO or lowest HP% ally","50","White Magic","ミシディアの光印","30511391","✓","✓"
"Porom","Healing Wind (IV)","BSB1","","Cure Wave","WHT","All allies","Magical","2.00","Holy","1.65","Restores HP (25), damages undeads","N","All allies","50","White Magic","ケアルウェイブ","30511392","✓","✓"
"Tellah","Sage's Sagacity","BSB1","","Sage's Secrets","BLK","Single enemy","Magical","12.00","Earth, NE","1.65","Four single attacks (2.35/2.65/3.00 each) at 650/1200 MAG","Y","Lowest HP% enemy","50","Black Magic","賢者の秘術","30512061","✓","✓"
"Tellah","Sage's Sagacity","BSB1","","Forbidden Recollection","BLK","All enemies","Magical","7.86","Earth, NE","1.65","Two group attacks (3.93 each), grants [Magic Bargain] to the user for 20 seconds","Y","All enemies","50","Black Magic","追想の禁術","30512062","✓","✓"
"Edge","Seething Waters","BSB1","","Water Barrage","PHY","Single enemy","Physical","1.88","Water, NE","0.83","Four single attacks (0.47 each)","Y","Lowest HP% enemy","50","Ninja","水鉄砲の術","30510531","✓","✓"
"Edge","Seething Waters","BSB1","","Raging Seas","PHY","All enemies","Physical","1.20","Water, NE","0.83","Two group attacks (0.60 each)","Y","All enemies","50","Ninja","荒水行の術","30510532","✓","✓"
"Fusoya","Lunarian Prayer","BSB1","","Moonlight's Blessing","BLK","Single enemy","Magical","4.40","Holy, NE","1.65","Two single attacks (2.20 each)","Y","Lowest HP% enemy","50","Black Magic","月光の加護","30512551","✓","✓"
"Fusoya","Lunarian Prayer","BSB1","","Moonlight's Seal","BLK","Single enemy","Magical","6.90","Holy, NE","1.65","3/4/5/6 single attacks (2.30/2.35/2.40/3.00 each) scaling with [Moonlight's Blessing Uses]","Y","Lowest HP% enemy","50","Black Magic","月光の刻印","30512552","✓","✓"
"Golbez","Twin Moon","BSB1","","Shadow Dragon","SUM","Self","","","","1.65","Grants [Summon Shadow Dragon] and [Stoneskin: 30%]","N","Self","50","Summoning","黒竜召喚","30510891","✓","✓"
"Golbez","Twin Moon","BSB1","","Shadow Dragon (S)","SUM","All enemies","Magical","17.20","Dark","1.65","Four group attacks (4.30 each), minimum damage 1100, removes [Summon Shadow Dragon] to the user","N","All enemies","50","Summoning","黒竜召喚","30510891","✓","✓"
"Golbez","Twin Moon","BSB1","","Glare Hand","BLK","Single enemy","Magical","10.20","Dark","1.65","Four single attacks (2.55 each)","Y","Lowest HP% enemy","50","Black Magic","グレアハンド","30510892","✓","✓"
"Golbez","Twin Moon","BSB1","","Glare Hand (S)","BLK","Single enemy","Magical","10.20","Dark","1.65","Four single attacks (2.55 each), heals the user for 20% of the damage dealt","Y","Lowest HP% enemy","50","Black Magic","グレアハンド","30510892","✓","✓"
"Golbez","Abyssal Quasar","BSB2","","Rising Wave","BLK","Single enemy","Magical","10.48","Dark, NE","1.65","Four single attacks (2.62 each)","Y","Lowest HP% enemy","50","Black Magic","ライズウェイブ","30512761","✓","✓"
"Golbez","Abyssal Quasar","BSB2","","Attack System","BLK","Single enemy","Magical","7.95","Dark, NE","1.65","Three single attacks (2.65 each), grants [Quick Cast 2] to the user","Y","Lowest HP% enemy","50","Black Magic","迎撃システム","30512762","✓","✓"
"Cid (IV)","Falcon Drill","BSB1","","Lightning Hammer","PHY","Single enemy","Physical","2.20","Lightning, NE","1.65","Two single attacks (1.10 each), [MAG -50%] for 15 seconds","Y","Random enemy without status","50","Machinist","雷カナヅチ","30511751","✓","✓"
"Cid (IV)","Falcon Drill","BSB1","","Thunderbolt Wrench","PHY","Single enemy","Physical","2.20","Lightning, NE","1.65","Two single attacks (1.10 each), [DEF -40%] for 15 seconds","Y","Random enemy without status","50","Machinist","稲妻スパナ","30511752","✓","✓"
"Ceodore","Holy Cross","BSB1","","Curing Cut","PHY","Single enemy","Physical","2.20","Holy, NE","1.65","Four single attacks (0.55 each), restores HP to the lowest HP% ally for 25% of their maximum HP","Y","Lowest HP% enemy","50","Knight","ケアルスラッシュ","30511361","✓","✓"
"Ceodore","Holy Cross","BSB1","","Esuna Blade","PHY","All enemies","Physical","1.58","Holy, NE","1.65","Two group attacks (0.79 each), removes negative effects to a random ally with negative effects","Y","All enemies","50","Knight","エスナブレード","30511362","✓","✓"
"Rubicante","Trueflame Inferno","BSB1","","Avatar of Flame","BLK","Self","","","","1.65","Grants [Fire Cloak] and [Magical Blink 1]","Y","Self","50","Black Magic","ほむらのかた","30511741","✓","✓"
"Rubicante","Trueflame Inferno","BSB1","","Avatar of Flame (S)","BLK","Single enemy","Magical","8.84","Fire, NE","1.65","Four single attacks (2.21 each), removes [Fire Cloak] to the user","Y","Lowest HP% enemy","50","Black Magic","ほむらのかた","30511741","✓","✓"
"Rubicante","Trueflame Inferno","BSB1","","Rain of Fire","BLK","All enemies","Magical","5.90","Fire, NE","1.65","Two group attacks (2.95 each)","Y","All enemies","50","Black Magic","かえんげき","30511742","✓","✓"
"Rubicante","Trueflame Inferno","BSB1","","Rain of Fire (S)","BLK","All enemies","Magical","8.85","Fire, NE","1.65","Three group attacks (2.95 each)","Y","All enemies","50","Black Magic","かえんげき","30511742","✓","✓"
"Ursula","Five Star Crimson Palm","BSB1","","Boulder Buster","PHY","Single enemy","Physical","1.88","Earth, Fire","0.83","Four single attacks (0.47 each)","Y","Lowest HP% enemy","50","Monk","割岩連打","30512081","✓","✓"
"Ursula","Five Star Crimson Palm","BSB1","","Explosive Barrage","PHY","Single enemy","Physical","1.08","Earth, Fire","1.65","Two single attacks (0.54 each), grants [50% Critical] to the user for 15 seconds","Y","Lowest HP% enemy","50","Monk","爆裂連撃","30512082","✓","✓"
"Barbariccia","Maelstrom (IV)","BSB1","","Fast Winds","BLK","Single enemy","Magical","7.72","Wind, NE","1.65","Four single attacks (1.93 each), grants [Quick Cast 2] to the user","Y","Lowest HP% enemy","50","Black Magic","ファストウィンド","30512561","✓","✓"
"Barbariccia","Maelstrom (IV)","BSB1","","Aero Drive","BLK","All enemies","Magical","6.18","Wind, NE","1.65","Two group attacks (3.09 each), grants [Magic Bargain] to the user for 20 seconds","Y","All enemies","50","Black Magic","エアロドライブ","30512562","✓","✓"
"Lenna","Phoenix of Tycoon","BSB1","","Royal Judgment","WHT","Single enemy","Magical","10.52","Holy","1.65","Four single attacks (2.63 each), [MND +15%] to the user for 25 seconds","Y","Lowest HP% enemy","50","White Magic","聖女の審判","30510661","✓","✓"
"Lenna","Phoenix of Tycoon","BSB1","","Tycoon's Gift","WHT","All allies","Magical","2.00","Holy","1.65","Restores HP (25), damages undeads","Y","All allies","50","White Magic","タイクーンの福音","30510662","✓","✓"
"Lenna","Tender Mercy","BSB2","","Tycoon's Mark","WHT","Single ally","Magical","3.00","Holy","0.01","Restores HP (80), [MND +30%] for 25 seconds, damages undeads","Y","Lowest HP% ally","50","White Magic","タイクーンの印","30512151","✓","✓"
"Lenna","Tender Mercy","BSB2","","Care for Life","WHT","All allies","Magical","2.00","Holy","1.65","Restores HP (25), damages undeads","Y","All allies","50","White Magic","生命へのいたわり","30512152","✓","✓"
"Galuf","Sweet Sorrow","BSB1","","Leeching Blow","PHY","Single enemy","Physical","1.88","Fire, Earth","1.65","Four single attacks (0.47 each), restores HP to the lowest HP% ally for 25% of their maximum HP","Y","Lowest HP% enemy","50","Monk","吸命の拳打","30510641","✓","✓"
"Galuf","Sweet Sorrow","BSB1","","Feast of Souls","PHY","All enemies","Physical","1.34","Fire, Earth","1.65","Two group attacks (0.67 each), restores HP to the lowest HP% ally for 30% of their maximum HP","Y","All enemies","50","Monk","救魂の蹴撃","30510642","✓","✓"
"Galuf","Renewed Vigor","BSB2","","Shattering Fist","PHY","Single enemy","Physical","2.16","Earth, Fire","1.65","Four single attacks (0.54 each)","Y","Lowest HP% enemy","50","Monk","砕く豪拳","30512411","✓","✓"
"Galuf","Renewed Vigor","BSB2","","Restless Spirit","PHY","Single enemy","Physical","1.08","Earth, Fire","1.65","Two single attacks (0.54 each), grants [50% Critical] to the user for 15 seconds","Y","Lowest HP% enemy","50","Monk","昂る英魂","30512412","✓","✓"
"Gogo (V)","Deep Aqua Breath","BSB1","","Way of the Mimic","NAT","-","","","","1.65","Casts the last ability used by any ally, default ability (PHY: single, 1.50 physical), cast time -0.15 for each previous use","N","-","180","Special","ものまね道","30511431","✓","✓"
"Gogo (V)","Deep Aqua Breath","BSB1","","Infamous Waterworks","BLK","Single enemy","Magical","8.96","Water, NE","1.65","Four single attacks (2.24 each)","Y","Lowest HP% enemy","50","Black Magic","名人たしなみ・水芸","30511432","✓","✓"
"Gilgamesh","Gilgamesh Morphing Time","BSB1","","Dual Thrust","PHY","Single enemy","Physical","2.60","-","1.65","Two single attacks (1.30 each), removes positive effects","Y","Lowest HP% enemy","50","Samurai","双突き","30510251","✓","✓"
"Gilgamesh","Gilgamesh Morphing Time","BSB1","","Tsubamegaeshi","PHY","Single enemy","Physical","2.60","-","1.65","Two single attacks (1.30 each), grants [Retaliate] to the user for 15 seconds","Y","Lowest HP% enemy","50","Samurai","ツバメ返し","30510252","✓","✓"
"Gilgamesh","Gilgamesh Scorching Time","BSB2","","Kindred Soul","NAT","Self","","","","1.65","Grants [Retaliate] and [Countrymen]","Y","Self","50","Samurai","親友（とも）の魂","30512531","✓","✓"
"Gilgamesh","Gilgamesh Scorching Time","BSB2","","Kindred Soul (S)","NAT","Self","","","","1.65","Grants [Instant Cast 3], removes [Countrymen]","Y","Self","50","Samurai","親友（とも）の魂","30512531","✓","✓"
"Gilgamesh","Gilgamesh Scorching Time","BSB2","","Cross Slash","PHY","Single enemy","Physical","2.08","Fire, NE","1.65","Four single attacks (0.52 each)","Y","Lowest HP% enemy","50","Samurai","十文字斬り","30512532","✓","✓"
"Gilgamesh","Gilgamesh Scorching Time","BSB2","","Cross Slash (S)","PHY","Single enemy","Physical","2.60","Fire, Wind","1.65","Five single attacks (0.52 each)","Y","Lowest HP% enemy","50","Samurai","十文字斬り","30512532","✓","✓"
"Bartz","Light of the Four","BSB1","","Flurry Storm","PHY","Single enemy","Physical","2.52","Wind, Water","1.65","Four single attacks (0.63 each)","Y","Lowest HP% enemy","50","Spellblade","魔法剣みだれうち 嵐","30510061","✓","✓"
"Bartz","Light of the Four","BSB1","","Flurry Blast","PHY","Single enemy","Physical","2.52","Fire, Earth","1.65","Four single attacks (0.63 each)","Y","Lowest HP% enemy","50","Spellblade","魔法剣みだれうち 爆","30510062","✓","✓"
"Bartz","Woken Water","BSB2","","Smash Dive","PHY","Single enemy","Physical","2.00","-","1.20","One single attack (2.00), [ATK -40%] for 20 seconds, [ATK +50%] to the user for 20 seconds","Y","Random enemy without status","50","Thief","スマッシュダイブ","30511441","✓","✓"
"Bartz","Woken Water","BSB2","","Spellblade Torrent","PHY","Single enemy","Physical","2.16","Water, NE","1.65","Four single attacks (0.54 each)","Y","Lowest HP% enemy","50","Spellblade","魔法剣みだれうち 流","30511442","✓","✓"
"Bartz","Latent Power","BSB3","","Sundering Spellblade","PHY","Single enemy","Physical","1.88","Earth, Wind","1.65","Four single attacks (0.47 each), grants [Spellblade +15% Boost 2] to the user","Y","Lowest HP% enemy","50","Spellblade","魔法剣みだれうち 砕","30511841","✓","✓"
"Bartz","Latent Power","BSB3","","Whirling Sands","PHY","Single enemy","Physical","1.41","Earth, Wind","1.65","Three single attacks (0.47 each), grants [Meikyo Shisui] to the user for 20 seconds","Y","Lowest HP% enemy","50","Spellblade","直伝剣技・砂塵","30511842","✓","✓"
"Bartz","Call of the Wind","BSB4","","Gloomy Spellblade","PHY","Single enemy","Physical","2.16","Wind, NE","1.65","Four single attacks (0.54 each)","Y","Lowest HP% enemy","50","Spellblade","魔法剣みだれうち 颯","30512371","✓","✓"
"Bartz","Call of the Wind","BSB4","","Whirling Tornado","PHY","Single enemy","Physical","1.68","Wind, NE","1.65","Three single attacks (0.56 each), grants [Spellblade +15% Boost 3] to the user","Y","Lowest HP% enemy","50","Spellblade","直伝剣技・竜巻","30512372","✓","✓"
"Bartz","Call of the Flame","BSB5","","Spellblade Blaze","PHY","Single enemy","Physical","2.16","Fire, NE","1.65","Four single attacks (0.54 each)","Y","Lowest HP% enemy","50","Spellblade","魔法剣みだれうち 焔","30512421","✓","✓"
"Bartz","Call of the Flame","BSB5","","Crimson Instinct","PHY","Single enemy","Physical","1.68","Fire, NE","1.65","Three single attacks (0.56 each), grants [Spellblade +15% Boost 3] to the user","Y","Lowest HP% enemy","50","Spellblade","直伝剣技・紅蓮","30512422","✓","✓"
"Faris","Beryl Serpent","BSB1","","Deluge","PHY","Single enemy","Physical","2.30","-","1.65","One single ranged attack (2.30), [MAG -50%] for 15 seconds","Y","Random enemy","60","Support","激流","30510121","✓","✓"
"Faris","Beryl Serpent","BSB1","","Rough Tides","PHY","Single enemy","Physical","2.30","-","1.65","One single ranged attack (2.30), [ATK -40%] for 15 seconds","Y","Random enemy","60","Support","荒潮","30510122","✓","✓"
"Faris","Landlubber Lambast","BSB2","","Pirate Bomb","PHY","Single enemy","Physical","2.20","Wind, Fire","1.65","Two single ranged attacks (1.10 each), [ATK -40%] for 15 seconds","Y","Random enemy without status","50","Support","パイレーツボム","30512631","✓","✓"
"Faris","Landlubber Lambast","BSB2","","Pirate Cannon","PHY","Single enemy","Physical","2.20","Wind, Fire","1.65","Two single ranged attacks (1.10 each), [DEF -40%] for 15 seconds","Y","Random enemy without status","50","Support","パイレーツキャノン","30512632","✓","✓"
"Dorgann","Uncharted Lands","BSB1","","Protector's Vow","PHY","Single enemy","Physical","1.96","Earth, Wind","1.65","Four single attacks (0.49 each), grants [Knight +15% Boost 2] to the user","Y","Lowest HP% enemy","50","Knight","守護者の覚悟","30511831","✓","✓"
"Dorgann","Uncharted Lands","BSB1","","Blades of Sand","PHY","Single enemy","Physical","1.41","Earth, Wind","1.65","Three single attacks (0.47 each), grants [Meikyo Shisui] to the user for 20 seconds","Y","Lowest HP% enemy","50","Knight","我流剣技・砂塵","30511832","✓","✓"
"Exdeath","Neo Black Hole","BSB1","","Black Ray","BLK","Single enemy","Magical","8.16","Dark, NE","1.65","Four single attacks (2.04 each), 2.86 multiplier if the user has any Doom","Y","Lowest HP% enemy","50","Black Magic","ブラックレイ","30511451","✓","✓"
"Exdeath","Neo Black Hole","BSB1","","Black Storm","BLK","All enemies","Magical","6.30","Dark, NE","1.65","One group attack (6.30), causes [Doom: 45] to the user, [MAG +30%] to the user for 50 seconds","Y","All enemies","60","Black Magic","ブラックストーム","30511452","✓","✓"
"Krile","Tomorrow's Promise","BSB1","","Ignus Fatuus","BLK","Single enemy","Magical","8.68","Fire, NE","1.65","Four single attacks (2.17 each), causes [Stun] (9%)","Y","Lowest HP% enemy","50","Black Magic","おにび","30510651","✓","✓"
"Krile","Tomorrow's Promise","BSB1","","Eruption","BLK","All enemies","Magical","6.08","Fire, NE","1.65","Two group attacks (3.04 each), causes [Slow] (16%)","Y","All enemies","50","Black Magic","だいふんか","30510652","✓","✓"
"Krile","Brimstone","BSB2","","Consuming Flame","BLK","Single enemy","Magical","8.00","Fire, NE","0.83","Four single attacks (2.00 each)","Y","Lowest HP% enemy","50","Black Magic","れっか","30512641","✓","✓"
"Krile","Brimstone","BSB2","","Blood Bloom","BLK","All enemies","Magical","6.18","Fire, NE","1.65","Two group attacks (3.09 each), grants [Magic Bargain] to the user for 20 seconds","Y","All enemies","50","Black Magic","ぐれん","30512642","✓","✓"
"Xezat","Spellstorm Frostclash","BSB1","","Roaring Frostblade","PHY","Single enemy","Physical","1.68","Ice, Lightning","1.65","Three single ranged attacks (0.56 each), grants [Spellblade +15% Boost 3] to the user","Y","Lowest HP% enemy","50","Spellblade","轟く凍刃","30512391","✓","✓"
"Xezat","Spellstorm Frostclash","BSB1","","Chilling Stormfront","PHY","All enemies","Physical","1.30","Ice, Lightning","1.65","Two group ranged attacks (0.65 each), grants [Dark Bargain] to the user for 20 seconds","Y","Lowest HP% enemy","50","Spellblade","凍てつく雷陣","30512392","✓","✓"
"Kelger","Sonic Swiftness","BSB1","","Lupine Claw","PHY","Single enemy","Physical","1.88","Earth, Wind","0.83","Four single attacks (0.47 each)","Y","Lowest HP% enemy","50","Ninja","ルパインクロー","30512401","✓","✓"
"Kelger","Sonic Swiftness","BSB1","","Lupine Evasion","PHY","Single enemy","Physical","1.50","Earth, Wind","0.83","Two single attacks (0.75 each), grants [Physical Blink 1] to the user","Y","Lowest HP% enemy","50","Ninja","ルパインフットワーク","30512402","✓","✓"
"Terra","Blood of Espers","BSB1","","Chaos Fira","BLK","Single enemy","Magical","10.48","Fire, NE","1.65","Four single attacks (2.62 each)","Y","Lowest HP% enemy","50","Black Magic","ケイオスファイラ","30510081","✓","✓"
"Terra","Blood of Espers","BSB1","","Chaos Watera","BLK","Single enemy","Magical","10.48","Water, NE","1.65","Four single attacks (2.62 each)","Y","Lowest HP% enemy","50","Black Magic","ケイオスウォタラ","30510082","✓","✓"
"Terra","Finding Love","BSB2","","Fire Combo","BLK","Single enemy","Magical","8.00","Fire, NE","1.65","Four single attacks (2.00 each), 2.49 multiplier if exploiting elemental weakness","Y","Lowest HP% enemy","50","Black Magic","ファイアコンボ","30512231","✓","✓"
"Terra","Finding Love","BSB2","","Fire Wave","BLK","All enemies","Magical","6.18","Fire, NE","1.65","Two group attacks (3.09 each), grants [Magic Bargain] to the user for 20 seconds","Y","All enemies","50","Black Magic","ファイアウェイブ","30512232","✓","✓"
"Locke","Mirage Phoenix","BSB1","","Mug Weapon","PHY","Single enemy","Physical","2.00","-","1.20","One single attack (2.00), [ATK and MAG -20%] for 20 seconds, [ATK and MAG +20%] to the user for 20 seconds","Y","Random enemy","50","Thief","武器をぶんどる","30510221","✓","✓"
"Locke","Mirage Phoenix","BSB1","","Phoenix Buffet","PHY","Single enemy","Physical","2.16","Fire, Holy","1.20","Four single attacks (0.54 each)","Y","Lowest HP% enemy","50","Thief","不死鳥の翼撃","30510222","✓","✓"
"Locke","On the Hunt","BSB2","","Brave the Heat","PHY","Single enemy","Physical","1.88","Fire, NE","0.83","Four single ranged attacks (0.47 each)","Y","Lowest HP% enemy","50","Thief","ヒート・ブレイブ","30512221","✓","✓"
"Locke","On the Hunt","BSB2","","Searing Edge","PHY","Single enemy","Physical","1.72","Fire, NE","1.20","Two single ranged attacks (0.86 each), [ATK -50%] for 20 seconds, [ATK +50%] to the user for 20 seconds","Y","Random enemy without status","50","Thief","ヒート・エッジ","30512222","✓","✓"
"Celes","Maria's Song","BSB1","","Ardent Blade","PHY","Single enemy","Physical","2.16","Holy, Fire","1.65","Four single attacks (0.54 each)","Y","Lowest HP% enemy","50","Spellblade","愛と情熱の剣","30510261","✓","✓"
"Celes","Maria's Song","BSB1","","Frigid Blade","PHY","Single enemy","Physical","2.16","Holy, Ice","1.65","Four single attacks (0.54 each)","Y","Lowest HP% enemy","50","Spellblade","哀と静寂の剣","30510262","✓","✓"
"Celes","Invincible Blade","BSB2","","Gleaming Frostblade","PHY","Single enemy","Physical","2.32","Holy, Ice","1.65","Four single attacks (0.58 each), grants [Spellblade +15% Boost 2] to the user","Y","Lowest HP% enemy","50","Spellblade","鮮麗なる決別の剣","30511541","✓","✓"
"Celes","Invincible Blade","BSB2","","Dazzling Grimblade","PHY","All enemies","Physical","1.40","Holy, Ice","1.65","Two group attacks (0.70 each), grants [Dark Bargain] to the user for 20 seconds","Y","All enemies","50","Spellblade","絢爛なる覚悟の剣","30511542","✓","✓"
"Mog","Love Serenade","BSB1","","Fond Memories","WHT","Single ally","Magical","3.00","Holy","0.01","Restores HP (80), grants [High Regen], damages undeads","N","Lowest HP% ally","50","White Magic","あいのおもいで","30511521","✓","✓"
"Mog","Love Serenade","BSB1","","Moogle Justice","WHT","Single enemy","Magical","10.60","Holy","1.65","One single attack (10.60), [MAG -50%] for 25 seconds","Y","Lowest HP% enemy","50","White Magic","おおしきせいぎかん","30511522","✓","✓"
"Edgar","Bio Chainsaw","BSB1","","Bio Attack","PHY","Single enemy","Physical","1.96","Poison, NE","1.65","Four single ranged attacks (0.49 each), causes [Poison] (7%), [Blind] (7%) and [Silence] (7%)","Y","Lowest HP% enemy","50","Machinist","バイオアタック","30511131","✓","✓"
"Edgar","Bio Chainsaw","BSB1","","Bio Bomb","PHY","All enemies","Physical","1.40","Poison, NE","1.65","Two group ranged attacks (0.70 each), causes [Poison] (11%), [Blind] (11%) and [Silence] (11%)","Y","All enemies","50","Machinist","バイオボム","30511132","✓","✓"
"Edgar","Trifecta Drill","BSB2","","Enfeebling Flame","PHY","Single enemy","Physical","1.54","Poison, Fire","0.83","Two single ranged attacks (0.77 each), 20% chance to cause [Imperil Fire 10%] for 15 seconds","Y","Lowest HP% enemy","50","Machinist","ウィークメイク・炎","30512501","✓","✓"
"Edgar","Trifecta Drill","BSB2","","Enfeebling Bolt","PHY","Single enemy","Physical","1.54","Poison, Lightning","0.83","Two single ranged attacks (0.77 each), 20% chance to cause [Imperil Lightning 10%] for 15 seconds","Y","Lowest HP% enemy","50","Machinist","ウィークメイク・雷","30512502","✓","✓"
"Sabin","Perdition's Phoenix","BSB1","","Flame Cannon","PHY","Single enemy","Physical","1.60","Fire, NE","1.65","Four single attacks (0.40 each), [ATK and DEF +10%/20%/30%/40%/50%/60%/70%/80%] to the user for 25 seconds scaling with [Flame Cannon Uses]","Y","Lowest HP% enemy","50","Monk","フレイムキャノン","30510591","✓","✓"
"Sabin","Perdition's Phoenix","BSB1","","Flame Volley","PHY","All enemies","Physical","1.50","Fire, NE","1.65","Two group attacks (0.75 each)","Y","All enemies","50","Monk","ファイアストライク","30510592","✓","✓"
"Shadow","Shuriken Storm","BSB1","","Mark for Death","PHY","Single enemy","Physical","1.88","Dark, NE","0.83","Four single attacks (0.47 each)","Y","Lowest HP% enemy","50","Ninja","瞬斬","30510581","✓","✓"
"Shadow","Shuriken Storm","BSB1","","Dance with Death","PHY","All enemies","Physical","1.20","Dark, NE","0.83","Two group attacks (0.60 each)","Y","All enemies","50","Ninja","乱舞術","30510582","✓","✓"
"Cyan","Bushido Tempest","BSB1","","Doma Dragon Claw","PHY","Single enemy","Physical","2.40","-","1.65","One single attack (2.40), heals the user for 20% of the damage dealt","Y","Lowest HP% enemy","50","Samurai","ドマ流剣技・竜爪","30511161","✓","✓"
"Cyan","Bushido Tempest","BSB1","","Doma Double-Edged Sword","PHY","Single enemy","Physical","2.52","-","1.65","Four single attacks (0.63 each), grants [Dark Bargain] to the user for 20 seconds","Y","Lowest HP% enemy","50","Samurai","ドマ流剣技・諸刃","30511162","✓","✓"
"Gau","Maul of the Wild","BSB1","","Feral Flame","PHY","-","","","","1.65","Casts a random Feral Flame attack, grants [Rage] to the user for 2 turns","Y","-","50","Combat","あばれる・炎","30511871","✓","✓"
"Gau","Maul of the Wild","BSB1","","Feral Healing","NAT","-","","","","1.65","Casts a random Feral Healing attack, grants [Rage] to the user for 2 turns","N","-","50","Special","あばれる・回復","30511872","✓","✓"
"Setzer","Mostly Megaflare","BSB1","","Card Trick","PHY","Single enemy","Physical","2.10","-","1.65","One single ranged attack (2.10), [ATK and DEF -20%] for 15 seconds","Y","Random enemy","50","Support","カードトリック","30511151","✓","✓"
"Setzer","Mostly Megaflare","BSB1","","Magic Mystique","PHY","Single enemy","Physical","2.10","-","1.65","One single ranged attack (2.10), [MAG and RES -20%] for 15 seconds","Y","Random enemy","50","Support","マジックミステイク","30511152","✓","✓"
"Strago","Lore","BSB1","","Aquatic Shard","BLK","Single enemy","Magical","8.68","Water, Earth","1.65","Four single attacks (2.17 each), grants [Magical Blink 1] to a random ally without status","Y","Lowest HP% enemy","50","Black Magic","アクアストーン","30511511","✓","✓"
"Strago","Lore","BSB1","","Aquatic Gale","BLK","Single enemy","Magical","46.00","Water, Wind","1.65","Two single attacks (23.00 each), ignores RES","Y","Lowest HP% enemy","50","Black Magic","アクアウィンド","30511512","✓","✓"
"Relm","Star Prism","BSB1","","Rainbow Aura","WHT","Single ally","Magical","4.00","Holy","0.01","Restores HP (105), damages undeads","Y","Lowest HP% ally","50","White Magic","レインボードロー","30510571","✓","✓"
"Relm","Star Prism","BSB1","","Miracle Stroke","WHT","All allies","Magical","2.00","Holy","1.65","Restores HP (25), damages undeads","Y","All allies","50","White Magic","ミラクルスプレー","30510572","✓","✓"
"Gogo (VI)","Punishing Meteor","BSB1","","Quick Mime","NAT","-","","","","0.83","Casts the last ability used by any ally, default ability (PHY: single, 1.50 physical)","N","-","180","Special","クイックミミック","30511851","✓","✓"
"Gogo (VI)","Punishing Meteor","BSB1","","Adapting Attack","NAT","Single enemy","Hybrid","","-","1.65","Four single hybrid attacks (0.68 or 2.67 each)","Y","Lowest HP% enemy","50","Special","へんげんアタック","30511852","✓","✓"
"Umaro","Master's Voice","BSB1","","Take Aim","NAT","Single ally","","","","1.65","Restores HP for 40% of the target's maximum HP, grants [Instant Cast 1]","Y","Lowest HP% ally","50","Monk","なげつける","30511861","✓","✓"
"Umaro","Master's Voice","BSB1","","Frozen Mist","PHY","Single enemy","Physical","1.95","Ice, NE","1.65","Three single attacks (0.65 each), grants [Hailstorm] to the user for 20 seconds","Y","Lowest HP% enemy","50","Monk","フローズンミスト","30511862","✓","✓"
"Kefka","Symphony of Madness","BSB1","","Total Destruction","BLK","Single enemy","Magical","8.96","Poison, Dark","1.65","Four single attacks (2.24 each)","Y","Lowest HP% enemy","50","Black Magic","ゼンブハカイ","30511141","✓","✓"
"Kefka","Symphony of Madness","BSB1","","Dancing Clown","NAT","All enemies","","","","1.65","[ATK -40%] for 15 seconds, causes [Slow] (20%)","Y","All enemies","50","Dancer","ピエロダンス","30511142","✓","✓"
"Kefka","Harness the Fiend","BSB2","","Mad Delights","BLK","Single enemy","Magical","4.40","Dark, Poison","1.65","Two single attacks (2.20 each), causes [Madness -10%/-20%/30%/-30%] for 25 seconds scaling with uses","Y","Random enemy without status","50","Black Magic","狂気のたわむれ","30511941","✓","✓"
"Kefka","Harness the Fiend","BSB2","","Way of the Fiend","BLK","Single enemy","Magical","6.90","Dark, Poison","1.65","3/4/5/6 single attacks (2.30/2.35/2.40/3.00 each) scaling with [Mad Delights Uses]","Y","Lowest HP% enemy","50","Black Magic","まじんもどき","30511942","✓","✓"
"Leo","Warrior's Warrior","BSB1","","Knight's Ambition","PHY","Single enemy","Physical","2.40","Holy, Earth","1.65","Two single attacks (1.20 each), grants [Knight Quick Cast 2] to the user","Y","Lowest HP% enemy","50","Knight","騎士の本懐","30511531","✓","✓"
"Leo","Warrior's Warrior","BSB1","","General's Pride","PHY","All enemies","Physical","1.50","Holy, Earth","1.65","Two group attacks (0.75 each), grants [Sentinel] to the user","Y","All enemies","50","Knight","将軍の矜持","30511532","✓","✓"
"Cloud","Fenrir Overdrive","BSB1","","Whirl Slash","PHY","All enemies","Physical","1.40","-","1.65","Two group attacks (0.70 each), 80% additional critical chance","Y","All enemies","50","Combat","回転斬り","30511011","✓","✓"
"Cloud","Fenrir Overdrive","BSB1","","Quad Cut","PHY","Single enemy","Physical","2.00","-","1.65","Four single attacks (0.50 each), 80% additional critical chance","Y","Lowest HP% enemy","50","Combat","連斬り","30511021","✓","✓"
"Cloud","Cloud Cycle","BSB2","","Sonic Rush","PHY","Single enemy","Physical","0.56","Wind, NE","1.65","Four single attacks (0.14~0.65 each scaling with ATK)","Y","Lowest HP% enemy","50","Combat","ソニックラッシュ","30511061","✓","✓"
"Cloud","Cloud Cycle","BSB2","","Slashing Blow","PHY","All enemies","Physical","1.30","Wind, NE","1.65","Two group attacks (0.65 each), grants [Dark Bargain] to the user for 20 seconds","Y","All enemies","50","Combat","スラッシュブロウ","30511062","✓","✓"
"Cloud","Sonic Blade (KH)","BSB3","","Darkness Blast","PHY","Single enemy","Physical","1.50","Dark, Wind","1.65","Three single attacks (0.50 each), grants [Quick Cast 3] to the user","Y","Lowest HP% enemy","50","Combat","ダークネスブラスト","30512611","✓","✓"
"Cloud","Sonic Blade (KH)","BSB3","","Dark Gleam","PHY","Single enemy","Physical","1.68","Dark, Wind","1.65","Three single attacks (0.56 each), grants [Heavy Charge +1] to the user","Y","Lowest HP% enemy","50","Heavy","邪晄撃","30512612","✓","✓"
"Barret","Massive Hammerblow","BSB1","","Breakdown Bomb","PHY","Single enemy","Physical","2.40","-","1.65","Two single ranged attacks (1.20 each), [ATK -50%] for 15 seconds","Y","Random enemy without status","50","Support","ブレイクボム","30511691","✓","✓"
"Barret","Massive Hammerblow","BSB1","","Breakdown Launcher","PHY","Single enemy","Physical","2.40","-","1.65","Two single ranged attacks (1.20 each), [MAG -40%] for 15 seconds","Y","Random enemy without status","50","Support","ブレイクランチャー","30511692","✓","✓"
"Tifa","Meteor Crusher","BSB1","","Falcon's Dive","PHY","All enemies","Physical","1.50","Earth, NE","1.65","Two group attacks (0.75 each)","Y","All enemies","50","Monk","ファルコンダイブ","30510201","✓","✓"
"Tifa","Meteor Crusher","BSB1","","Elbow Smash","PHY","Single enemy","Physical","2.16","Earth, NE","1.65","Four single attacks (0.54 each)","Y","Lowest HP% enemy","50","Monk","エルボースマッシュ","30510202","✓","✓"
"Tifa","Rolling Blaze","BSB2","","Falcon Rush","PHY","Single enemy","Physical","1.88","Earth, NE","0.83","Four single attacks (0.47 each)","Y","Lowest HP% enemy","50","Monk","ファルコンラッシュ","30512161","✓","✓"
"Tifa","Rolling Blaze","BSB2","","Gaia Arrow","PHY","Single enemy","Physical","1.10","Earth, NE","0.83","One single attack (1.10), grants [50% Critical] to the user for 15 seconds","Y","Lowest HP% enemy","50","Monk","ガイアアロー","30512162","✓","✓"
"Aerith","White Materia","BSB1","","Wonders of the Cetra","WHT","Single ally","Magical","4.00","Holy","1.65","Restores HP (105), damages undeads, [MND +30%] for 25 seconds","Y","Lowest HP% ally","50","White Magic","セトラの神秘","30510291","✓","✓"
"Aerith","White Materia","BSB1","","Paean to Gaia","WHT","All allies","Magical","2.00","Holy","1.65","Restores HP (25), damages undeads","Y","All allies","50","White Magic","星に捧ぐ祈り","30510292","✓","✓"
"Aerith","Prayer of Salvation","BSB2","","Breath of the Planet","WHT","Single ally","Magical","4.00","Holy","0.01","Restores HP (105), damages undeads","Y","Lowest HP% ally","50","White Magic","星廻る息吹","30512031","✓","✓"
"Aerith","Prayer of Salvation","BSB2","","Blessing of the Ancients","NAT","Single ally","","","","1.65","[ATK and RES +30%] for 20 seconds, grants [High Regen]","Y","Random ally without status","50","White Magic","古代種の祝福","30512032","✓","✓"
"Red XIII","Cosmo Canyon","BSB1","","Steelbreak Howl","PHY","Single enemy","Physical","2.00","-","0.83","One single attack (2.00), [DEF -40%] for 15 seconds","Y","Random enemy without status","50","Support","ブレイクハウリング","30511031","✓","✓"
"Red XIII","Cosmo Canyon","BSB1","","Stone Fang","PHY","Single enemy","Physical","2.00","-","0.83","One single attack (2.00), [RES -50%] for 15 seconds","Y","Random enemy without status","50","Support","ブレイクファング","30511032","✓","✓"
"Yuffie","Guardian of Wutai","BSB1","","Riptide","PHY","Single enemy","Physical","1.88","Water, NE","0.83","Four single ranged attacks (0.47 each)","Y","Lowest HP% enemy","50","Ninja","水遁・散切の術","30510621","✓","✓"
"Yuffie","Guardian of Wutai","BSB1","","Eroding Wave","PHY","Single enemy","Physical","1.72","Water, NE","1.65","Two single ranged attacks (0.86 each), [ATK and DEF -20%] for 20 seconds, [ATK and DEF +20%] to the user for 20 seconds","Y","Random enemy without status","50","Ninja","水遁・浸蝕の術","30510622","✓","✓"
"Yuffie","Doom of the Living","BSB2","","Way of the Mirror","PHY","Single enemy","Physical","1.50","Water, NE","0.83","Two single ranged attacks (0.75 each), grants [Physical Blink 1] to the user","Y","Lowest HP% enemy","50","Ninja","水遁・分身の術","30512011","✓","✓"
"Yuffie","Doom of the Living","BSB2","","Cup Overflowing","PHY","Single enemy","Physical","1.66","Water, NE","0.83","One single ranged attack (1.66), smart ether 1 to the user","Y","Lowest HP% enemy","50","Ninja","水遁・豊水の術","30512012","✓","✓"
"Cait Sith","Lucky Girl","BSB1","","Toy Box Hammer","WHT","Single enemy","Magical","10.70","-","1.65","Two single attacks (5.35 each), [ATK and DEF -20%] for 25 seconds","Y","Lowest HP% enemy","50","White Magic","トイボックス・ハンマー","30511461","✓","✓"
"Cait Sith","Lucky Girl","BSB1","","Toy Box Fat Chocobo","WHT","Single enemy","Magical","10.70","-","1.65","Two single attacks (5.35 each), [MAG and RES -20%] for 25 seconds","Y","Lowest HP% enemy","50","White Magic","トイボックス・デブチョコボ","30511462","✓","✓"
"Vincent","Galian Beast","BSB1","","Claws of the Damned","PHY","Single enemy","Physical","2.60","Fire, NE","1.65","Four single attacks (0.47 each), 0.65 multiplier if the user has any Doom","Y","Lowest HP% enemy","50","Darkness","魔障の爪","30511081","✓","✓"
"Vincent","Galian Beast","BSB1","","Howl of the Damned","BLK","Single enemy","Magical","11.44","Fire, NE","1.65","Four single attacks (2.04 each), 2.86 multiplier if the user has any Doom","Y","Lowest HP% enemy","50","Darkness","魔獣の咆哮","30511082","✓","✓"
"Vincent","Flame Penalty","BSB2","","Brimming Chaos","NAT","Single enemy","Hybrid","","Fire, NE","1.65","Four single hybrid ranged attacks (0.67 or 2.63 each)","Y","Lowest HP% enemy","50","Darkness","カオスリムファイア","30512691","✓","✓"
"Vincent","Flame Penalty","BSB2","","Dual Slugs","NAT","Single enemy","Hybrid","","Fire, NE","1.65","Three single hybrid ranged attacks (0.66 or 2.65 each), grants [Quick Cast 2] to the user","Y","Lowest HP% enemy","50","Darkness","ヘテロスラッグ","30512692","✓","✓"
"Zack","Meteor Shots","BSB1","","Eye of the Tornado","PHY","Single enemy","Physical","1.88","Wind, NE","0.60","Four single attacks (0.47 each)","Y","Lowest HP% enemy","50","Celerity","トルネドターン","30510611","✓","✓"
"Zack","Meteor Shots","BSB1","","Blast Rush","PHY","All enemies","Physical","1.20","Wind, NE","0.60","Two group attacks (0.60 each)","Y","All enemies","50","Celerity","ブラストラッシュ","30510612","✓","✓"
"Sephiroth","Reunion","BSB1","","Despair","PHY","Single enemy","Physical","24.50","-","1.65","Two single attacks (12.25 each), ignores DEF","Y","Lowest HP% enemy","50","Combat","絶望","30510101","✓","✓"
"Sephiroth","Reunion","BSB1","","Perdition's Flame","PHY","Single enemy","Physical","2.52","Fire, NE","1.65","Four single attacks (0.63 each)","Y","Lowest HP% enemy","50","Combat","炎獄","30510102","✓","✓"
"Sephiroth","Octaslash","BSB2","","Black Wing","PHY","Single enemy","Physical","3.00","Dark, NE","1.65","3/4/5 single attacks (0.60 each) at 750/1180 ATK","Y","Lowest HP% enemy","50","Darkness","黒翼","30511471","✓","✓"
"Sephiroth","Octaslash","BSB2","","Fallen Angel","PHY","All enemies","Physical","1.30","Dark, NE","1.65","Two group attacks (0.65 each), grants [Dark Bargain] to the user for 20 seconds","Y","All enemies","50","Darkness","堕天","30511472","✓","✓"
"Cid (VII)","Dragon Dive","BSB1","","Aeroboost","PHY","Single enemy","Physical","2.08","Wind","1.65","Four single attacks (0.52 each), five attacks if exploiting elemental weakness","Y","Lowest HP% enemy","50","Combat","エアロブースト","30511071","✓","✓"
"Cid (VII)","Dragon Dive","BSB1","","Wind Force","PHY","All enemies","Physical","1.26","Wind","1.65","Two group attacks (0.63 each), three attacks if exploiting elemental weakness","Y","All enemies","50","Combat","ウインドフォース","30511072","✓","✓"
"Reno","Turk Triad","BSB1","","Trine Combo","PHY","Single enemy","Physical","0.52","Lightning, NE","1.65","1/2/3/4/5/6/7/8 single ranged attacks (0.52 each) scaling with [Trine Combo Uses]","Y","Lowest HP% enemy","50","Combat","トラインコンボ","30510632","✓","✓"
"Reno","Turk Triad","BSB1","","Stun Rod","PHY","Single enemy","Physical","1.96","Lightning, NE","1.65","Four single ranged attacks (0.49 each), causes [Stun] (9%)","Y","Lowest HP% enemy","50","Combat","スタンロッド","30510631","✓","✓"
"Angeal","Unleashed Wrath","BSB1","","End of Gluttony","NAT","Self","","","","1.65","Grants [Wings of White] and [Quick Cast 3]","Y","Self","50","Knight","暴食の結末","30512701","✓","✓"
"Angeal","Unleashed Wrath","BSB1","","End of Gluttony (S)","PHY","Single enemy","Physical","3.42","Holy, Wind","1.65","Six single attacks (0.57 each), 50% additional critical damage, removes [Wings of White] to the user","Y","Lowest HP% enemy","50","Knight","暴食の結末","30512701","✓","✓"
"Angeal","Unleashed Wrath","BSB1","","Charge of Greed","PHY","Single enemy","Physical","2.28","Holy, Wind","1.65","Four single attacks (0.57 each)","Y","Lowest HP% enemy","50","Knight","貪欲なる突進","30512702","✓","✓"
"Angeal","Unleashed Wrath","BSB1","","Charge of Greed (S)","PHY","Single enemy","Physical","2.85","Holy, Wind","1.65","Five single attacks (0.57 each)","Y","Lowest HP% enemy","50","Knight","貪欲なる突進","30512702","✓","✓"
"Rufus","President's Scorn","BSB1","","Triple Mako Shot","PHY","Single enemy","Physical","1.71","Dark, NE","1.65","Three single ranged attacks (0.57 each), grants [Quick Cast 2] to the user","Y","Lowest HP% enemy","50","Sharpshooter","流速三連魔晄弾","30512021","✓","✓"
"Rufus","President's Scorn","BSB1","","President's Gambit","PHY","All enemies","Physical","1.00","Dark, NE","1.65","Two group ranged attacks (0.50 each), 20% chance to cause [Imperil Dark 10%] for 15 seconds","Y","All enemies","50","Sharpshooter","統率者の策略","30512022","✓","✓"
"Shelke","Synaptic Net Dive","BSB1","","Magemash Pierce","PHY","Single enemy","Physical","1.80","Lightning, NE","0.83","One single attack (1.80), [MAG -50%] for 15 seconds","Y","Random enemy without status","50","Support","ハードブレイクピアス","30511681","✓","✓"
"Shelke","Synaptic Net Dive","BSB1","","Debilitating Stab","PHY","Single enemy","Physical","1.80","Lightning, NE","0.83","One single attack (1.80), [MND -40%] for 15 seconds","Y","Random enemy without status","50","Support","ウィークネススタブ","30511682","✓","✓"
"Rude","Ultimate Grand Spark","BSB1","","Ground Surge","NAT","Single enemy","Hybrid","","Earth, NE","1.65","Four single hybrid attacks (0.63 or 2.62 each)","Y","Lowest HP% enemy","50","Special","グラウンドサージ","30512041","✓","✓"
"Rude","Ultimate Grand Spark","BSB1","","Materia Charge","NAT","Single ally","","","","1.65","Restores HP for 40% of the target's maximum HP, grants [Stitch in Time] to the user","Y","Lowest HP% ally","50","Special","マテリアチャージ","30512042","✓","✓"
"Elena","Elite Operator","BSB1","","Try this on for size!","PHY","Single enemy","Physical","1.88","Fire, NE","0.83","Four single ranged attacks (0.47 each)","Y","Lowest HP% enemy","50","Sharpshooter","これをおみまいよ！","30512051","✓","✓"
"Elena","Elite Operator","BSB1","","Take THIS!","PHY","All enemies","Physical","1.10","Fire, NE","0.83","Two group ranged attacks (0.55 each), causes [Confuse] (24%)","Y","All enemies","50","Sharpshooter","これでもくらえっ！","30512052","✓","✓"
"Squall","Lion's Roar","BSB1","","Renzokuken Flame","PHY","Single enemy","Physical","2.52","Fire, NE","1.65","Four single attacks (0.63 each)","Y","Lowest HP% enemy","50","Combat","連続剣・炎","30510031","✓","✓"
"Squall","Lion's Roar","BSB1","","Renzokuken Wind","PHY","Single enemy","Physical","2.52","Wind, NE","1.65","Four single attacks (0.63 each)","Y","Lowest HP% enemy","50","Combat","連続剣・風","30510032","✓","✓"
"Squall","Steely Blade","BSB2","","Draw & Junction","PHY","Single enemy","Physical","0.80","Ice, NE","1.65","Two single attacks (0.40 each)","Y","Lowest HP% enemy","50","Spellblade","ドロー&ジャンクション","30511411","✓","✓"
"Squall","Steely Blade","BSB2","","Löwen Roar","PHY","Single enemy","Physical","2.16","Ice, NE","1.65","4/5/6/7 single attacks (0.54/0.89/1.05/1.25 each) scaling with [Draw & Junction Uses], 0/5/10/25% additional critical chance","Y","Lowest HP% enemy","50","Spellblade","レーヴェ・ロアー","30511412","✓","✓"
"Squall","Revolver Drive","BSB3","","Draw & Triple J","PHY","Single enemy","Physical","0.80","Fire, NE","1.65","Two single attacks (0.40 each)","Y","Lowest HP% enemy","50","Spellblade","ドロー&トリプルJ","30513201","✓","✓"
"Squall","Revolver Drive","BSB3","","Löwen Herz","PHY","Single enemy","Physical","2.16","Fire, NE","1.65","4/5/6/7 single attacks (0.54/0.89/1.05/1.25 each) scaling with [Draw & Triple J Uses], 0/5/10/25% additional critical chance","Y","Lowest HP% enemy","50","Spellblade","レーヴェン・ヘルツ","30513202","✓","✓"
"Rinoa","Sorceress's Awakening","BSB1","","Truespell Stonefall","BLK","Single enemy","Magical","10.48","Earth, NE","1.65","Four single attacks (2.62 each)","Y","Lowest HP% enemy","50","Black Magic","真の魔法・崩岩","30510111","✓","✓"
"Rinoa","Sorceress's Awakening","BSB1","","Truespell Iceraze","BLK","Single enemy","Magical","10.48","Ice, NE","1.65","Four single attacks (2.62 each)","Y","Lowest HP% enemy","50","Black Magic","真の魔法・氷滅","30510112","✓","✓"
"Rinoa","Angel Wing Ice Shards","BSB2","","Realm of Ice","BLK","Single enemy","Magical","10.20","Ice, NE","1.65","Four single attacks (2.00/2.25/2.55 each) at 650/1200 MAG","Y","Lowest HP% enemy","50","Black Magic","真の魔法・凍界","30511671","✓","✓"
"Rinoa","Angel Wing Ice Shards","BSB2","","Betrayal of Magic","NAT","Single enemy","","","","1.65","[MAG -40%] for 20 seconds, [MAG +30%] to the user for 20 seconds","N","Random enemy without status","50","Witch","真の魔法・魔壊","30511672","✓","✓"
"Quistis","Hail to the Queen","BSB1","","Cloying Fragrance","BLK","Single enemy","Magical","8.68","Poison, NE","1.65","Four single attacks (2.17 each), causes [Poison] (7%), [Blind] (7%), [Silence] (7%) and [Confuse] (7%)","Y","Lowest HP% enemy","50","Black Magic","スイートフレグランス","30510561","✓","✓"
"Quistis","Hail to the Queen","BSB1","","Vile Ichor","BLK","All enemies","Magical","6.18","Poison, NE","1.65","Two group attacks (3.09 each), grants [Magic Bargain] to the user for 20 seconds","Y","All enemies","50","Black Magic","デンジャラスリキッド","30510562","✓","✓"
"Zell","Duelist","BSB1","","Headlong Rush","PHY","Single enemy","Physical","2.52","-","1.65","Four single attacks (0.63 each), grants [Dark Bargain] to the user for 20 seconds","Y","Lowest HP% enemy","50","Combat","無鉄砲ラッシュ","30510551","✓","✓"
"Zell","Duelist","BSB1","","Lightning Reflexes","PHY","Single enemy","Physical","1.92","-","1.65","Four single attacks (0.48 each), grants [Instant Cast 1] to the user","Y","Lowest HP% enemy","50","Combat","脊髄反射コンボ","30510552","✓","✓"
"Zell","Fiery Meteor Barret","BSB2","","Flame Rush","PHY","Single enemy","Physical","2.16","Fire, NE","1.65","Four single attacks (0.54 each)","Y","Lowest HP% enemy","50","Monk","フレイムラッシュ","30512331","✓","✓"
"Zell","Fiery Meteor Barret","BSB2","","Spirit Beatdown","PHY","Single enemy","Physical","1.68","Fire, NE","1.65","Three single attacks (0.56 each), grants [Monk +15% Boost 3] to the user","Y","Lowest HP% enemy","50","Monk","スピリッツビート","30512332","✓","✓"
"Selphie","Strange Vision","BSB1","","Prayer for Home","WHT","Single","Magical","4.00","Holy","1.65","Restores HP (105), grants [High Regen], damages undeads","Y","Lowest HP% ally","50","White Magic","郷愁の祈り","30510281","✓","✓"
"Selphie","Strange Vision","BSB1","","Moonstone","WHT","Single enemy","Magical","10.50","Holy","1.65","Two single attacks (5.25 each), removes positive effects","Y","Lowest HP% enemy","50","White Magic","ムーンストーン","30510282","✓","✓"
"Selphie","Reality or Truth","BSB2","","Crescent Heal","WHT","Single ally","Magical","4.00","Holy","0.01","Restores HP (105), damages undeads","Y","Lowest HP% ally","50","White Magic","クレセントヒール","30512361","✓","✓"
"Selphie","Reality or Truth","BSB2","","Tiny Heal","WHT","All allies","Magical","2.00","Holy","1.65","Restores HP (25), damages undeads","Y","All allies","50","White Magic","プチケア","30512362","✓","✓"
"Irvine","Flame Shot","BSB1","","Blade Snipe","PHY","Single enemy","Physical","2.10","-","1.65","One single ranged attack (2.10), [ATK and RES -20%] for 15 seconds","Y","Random enemy","50","Support","アタックスナイプ","30511402","✓","✓"
"Irvine","Flame Shot","BSB1","","Mage Snipe","PHY","Single enemy","Physical","2.10","-","1.65","One single ranged attack (2.10), [DEF and MAG -20%] for 15 seconds","Y","Random enemy","50","Support","マジックスナイプ","30511401","✓","✓"
"Irvine","Hyper Canister","BSB2","","Quickening Flame","PHY","Single enemy","Physical","1.88","Fire, NE","0.83","Four single ranged attacks (0.47 each)","Y","Lowest HP% enemy","50","Sharpshooter","クイック&フレイム","30512341","✓","✓"
"Irvine","Hyper Canister","BSB2","","Reloading Flame","PHY","Single enemy","Physical","1.60","Fire, NE","1.65","Two single ranged attacks (0.80 each), smart ether 1 to the user","Y","Lowest HP% enemy","50","Sharpshooter","リロード&フレイム","30512342","✓","✓"
"Seifer","Sorceress's Knight","BSB1","","Desperate Madness","PHY","Single enemy","Physical","2.24","Dark, NE","1.65","Four single attacks (0.56 each), grants [Desperate Madness] and [Radiant Shield: 100%/125%/150%/175%/200%/225%/250%/275%/300%] to the user scaling with [Desperate Madness Uses]","Y","Lowest HP% enemy","50","Darkness","死にもの狂い","30510911","✓","✓"
"Seifer","Sorceress's Knight","BSB1","","Downfall","PHY","Single enemy","Physical","2.20","Dark, NE","1.65","One single attack (2.20), heals the user for 20% of the damage dealt","Y","Lowest HP% enemy","50","Darkness","大物喰らい","30510912","✓","✓"
"Seifer","Brutal Takedown","BSB2","","Mad Blade","PHY","Single enemy","Physical","2.55","Dark, Fire","1.65","Five single attacks (0.51 each), damages the user for 10% max HP","Y","Lowest HP% enemy","50","Darkness","狂剣","30512581","✓","✓"
"Seifer","Brutal Takedown","BSB2","","Dire Speed","PHY","Single enemy","Physical","1.50","Dark, Fire","1.65","Three single attacks (0.50 each), grants [Quick Cast 3] to the user","Y","Lowest HP% enemy","50","Darkness","忌速","30512582","✓","✓"
"Laguna","Split Laser","BSB1","","Rapid Punishment","PHY","Random enemies","Physical","2.00","Lightning, NE","1.65","Four random ranged attacks (0.50 each), causes [Paralyze] (7%) and [Silence] (7%)","Y","Random enemies","50","Machinist","ピヨピヨグチの刑","30511421","✓","✓"
"Laguna","Split Laser","BSB1","","Miraculous Vision","PHY","Single enemy","Physical","1.85","Lightning, NE","1.65","One single ranged attack (1.85), grants [Machinist Instant Cast 2] to the user","Y","Lowest HP% enemy","50","Machinist","妖精さんの奇跡","30511422","✓","✓"
"Laguna","Freezing Beam","BSB2","","Blizzard Bomb","PHY","Single enemy","Physical","1.96","Ice, NE","1.65","Four single ranged attacks (0.49 each), five attacks if exploiting elemental weakness","Y","Lowest HP% enemy","50","Machinist","ブリザドボム","30512351","✓","✓"
"Laguna","Freezing Beam","BSB2","","Faeries' Gift","PHY","Single enemy","Physical","1.85","Ice, NE","1.65","One single ranged attack (1.85), grants [Machinist Instant Cast 2] to the user","Y","Lowest HP% enemy","50","Machinist","妖精さんのみりき","30512352","✓","✓"
"Edea","Maelstrom","BSB1","","Glamour of Ice","BLK","Single enemy","Magical","12.00","Ice, Dark","1.65","3/4/5/6 single attacks (2.00 each) at 726/1133/1205 MAG","Y","Lowest HP% enemy","50","Black Magic","呪氷連撃","30510941","✓","✓"
"Edea","Maelstrom","BSB1","","Astral Force","BLK","All enemies","Magical","6.18","Ice, Dark","1.65","Two group attacks (3.09 each), grants [Magic Bargain] to the user for 20 seconds","Y","All enemies","50","Black Magic","アストラル・フォース","30510942","✓","✓"
"Raijin","Raijin Special","BSB1","","Lurking Tiger","PHY","Lowest HP% ally","","","","1.65","Restores HP for 40% of the target's maximum HP","Y","Lowest HP% ally","50","Monk","伏虎練気","30510931","✓","✓"
"Raijin","Raijin Special","BSB1","","Raijin Detonate","PHY","Single enemy","Physical","2.16","Lightning, NE","1.65","4/5/6/7/8/9/10 single attacks (0.54/0.92/1.17/1.40/1.62/1.86/2.05 each) scaling with [Lurking Tiger Uses], resets [Lurking Tiger Uses]","Y","Lowest HP% enemy","50","Monk","雷神爆裂撃","30510932","✓","✓"
"Fujin","Metsu","BSB1","","Shitsu","BLK","Single enemy","Magical","9.00","Wind, NE","0.83","Four single attacks (2.25 each)","Y","Lowest HP% enemy","50","Black Magic","疾","30510921","✓","✓"
"Fujin","Metsu","BSB1","","Hakai","BLK","Single enemy","Magical","8.70","Wind, NE","0.83","One single attack (8.70), [RES -30%] for 15 seconds","Y","Lowest HP% enemy","50","Black Magic","破","30510922","✓","✓"
"Kiros","Exsanguination","BSB1","","Armor Lapse","PHY","Single enemy","Physical","1.80","Dark, Ice","0.83","One single attack (1.80), [DEF -40%] for 15 seconds","Y","Random enemy without status","50","Support","アーマーペイン","30511991","✓","✓"
"Kiros","Exsanguination","BSB1","","Mental Lapse","NAT","Single enemy","Physical","1.80","Dark, Ice","0.83","One single attack (1.80), [RES -50%] for 15 seconds","Y","Random enemy without status","50","Support","メンタルペイン","30511992","✓","✓"
"Ward","Massive Anchor","BSB1","","Quickening Leap","PHY","All enemies","Physical","1.30","Earth, Wind","1.65","Two group ranged jump attacks (0.65 each), cast time 1.650/1.485/1.155/0.825/0.495/0.165 scaling with [Quickening Leap Uses]","Y","All enemies","50","Dragoon","ヘビーグランダー","30512001","✓","✓"
"Ward","Massive Anchor","BSB1","","Massive Presence","PHY","All enemies","Physical","1.30","Earth, Wind","1.65","Two group ranged attacks (0.65 each), grants [Dark Bargain] to the user for 20 seconds","Y","All enemies","50","Dragoon","マッシヴフォーム","30512002","✓","✓"
"Ultimecia","True Maelstrom","BSB1","","Winds of Ruin","BLK","Single enemy","Magical","4.40","Wind, Dark","1.65","Two single attacks (2.20 each)","Y","Lowest HP% enemy","50","Black Magic","終焉の風","30512571","✓","✓"
"Ultimecia","True Maelstrom","BSB1","","Sorceress's Decree","BLK","Single enemy","Magical","6.90","Wind, Dark","1.65","3/4/5/6 single attacks (2.30/2.35/2.40/3.00 each) scaling with [Winds of Ruin Uses]","Y","Lowest HP% enemy","50","Black Magic","魔女の審判","30512572","✓","✓"
"Zidane","Stellar Circle 5","BSB1","","Mug Power","PHY","Single enemy","Physical","2.00","-","1.20","One single attack (2.00), [ATK -40%] for 20 seconds, [ATK +50%] to the user for 20 seconds","Y","Random enemy without status","50","Thief","力をぶんどる【IX】","30510131","✓","✓"
"Zidane","Stellar Circle 5","BSB1","","Mug Defense","PHY","Single enemy","Physical","2.00","-","1.20","One single attack (2.00), [DEF -40%] for 20 seconds, [DEF +50%] to the user for 20 seconds","Y","Random enemy without status","50","Thief","守りをぶんどる【IX】","30510132","✓","✓"
"Zidane","Solution 9","BSB2","","Swift Steel","PHY","Single enemy","Physical","2.40","Wind, NE","1.20","Two single ranged attacks (1.20 each), causes [Swift Steel -10/20/30/30%], grants [Swift Steel +10/20/30/30%] to the user scaling with [Swift Steel Uses]","Y","Random enemy without status","50","Thief","スイフトスティール","30511561","✓","✓"
"Zidane","Solution 9","BSB2","","Thief's Offering","PHY","Single enemy","Physical","2.40","Wind, NE","1.20","Two single ranged attacks (1.20 each), grants [Swift Steel +0/10/20/30%] to all allies scaling with [Swift Steel Uses] if [Swift Steel Uses] is higher than 0, resets [Swift Steel Uses]","Y","Lowest HP% enemy","50","Thief","義賊の施し","30511562","✓","✓"
"Garnet","Dagger of Resolve","BSB1","","Healing Light","WHT","Single","Magical","4.00","Holy","1.65","Restores HP (105), removes negative effects, damages undeads","Y","Lowest HP% ally","50","White Magic","癒やしの光","30510141","✓","✓"
"Garnet","Dagger of Resolve","BSB1","","Ramuh's Judgment","SUM","All enemies","Magical","8.00","Lightning, Holy","1.65","Two group attacks (4.00 each), minimum damage 1100","N","All enemies","50","Summoning","雷帝の裁き","30510142","✓","✓"
"Garnet","Trial by Lightning","BSB2","","Summon Ramuh","NAT","Lowest HP% ally","","","","1.65","Restores HP for 40% of the target's maximum HP, grants [Summon Ramuh] to the user","N","Lowest HP% ally","50","Summoning","ラムウ召喚","30511191","✓","✓"
"Garnet","Trial by Lightning","BSB2","","Summon Ramuh (S)","SUM","All enemies","Magical","5.40","Lightning, NE","1.65","Two group attacks (2.70 each), min. 1100, restores HP to all allies for 30% of their max. HP, removes [Summon Ramuh] to the user","N","All enemies","50","Summoning","ラムウ召喚","30511191","✓","✓"
"Garnet","Trial by Lightning","BSB2","","Glimmering Peridot","SUM","Single enemy","Magical","10.48","Lightning, NE","1.65","Four single attacks (2.62 each), minimum damage 1100","N","Lowest HP% enemy","50","Summoning","ぺリドットの光輝","30511192","✓","✓"
"Garnet","Trial by Lightning","BSB2","","Glimmering Peridot (S)","SUM","Single enemy","Magical","13.10","Lightning, NE","1.65","Five single attacks (2.62 each), minimum damage 1100","N","Lowest HP% enemy","50","Summoning","ぺリドットの光輝","30511192","✓","✓"
"Vivi","Proof of Existence","BSB1","","Doublecast Fira","BLK","Single enemy","Magical","8.96","Fire, NE","1.65","Four single attacks (2.24 each)","Y","Lowest HP% enemy","50","Black Magic","W魔法・ファイラ","30510311","✓","✓"
"Vivi","Proof of Existence","BSB1","","Doublecast Fira All","BLK","All enemies","Magical","6.28","Fire, NE","1.65","Two group attacks (3.14 each)","Y","All enemies","50","Black Magic","W魔法・全体ファイラ","30510312","✓","✓"
"Vivi","Magic Fury","BSB2","","Glimmering Hope","BLK","Single enemy","Magical","8.72","Fire, Lightning, Ice","1.65","Four single attacks (2.18 each)","Y","Lowest HP% enemy","50","Black Magic","瞬くいのち","30511551","✓","✓"
"Vivi","Magic Fury","BSB2","","Shining Spirit","BLK","All enemies","Magical","7.80","Fire, NE","1.65","Two group attacks (3.90 each), grants [Magic Bargain] to the user for 20 seconds","Y","All enemies","50","Black Magic","煌くこころ","30511552","✓","✓"
"Steiner","Knight's Honor","BSB1","","Scorching Blade","PHY","Single enemy","Physical","2.08","Fire","1.65","Four single attacks (0.52 each), five attacks if exploiting elemental weakness","Y","Lowest HP% enemy","50","Combat","烈火剣","30510751","✓","✓"
"Steiner","Knight's Honor","BSB1","","Flame Break","PHY","All enemies","Physical","1.26","Fire","1.65","Two group attacks (0.63 each), three attacks if exploiting elemental weakness","Y","All enemies","50","Combat","フレイムブレイク","30510752","✓","✓"
"Steiner","Knight's Oath","BSB2","","Elemental Blade","PHY","Single enemy","Physical","2.40","Fire, Lightning, Ice","1.65","Four single attacks (0.60 each)","Y","Lowest HP% enemy","50","Spellblade","エレメントソード","30512141","✓","✓"
"Steiner","Knight's Oath","BSB2","","Elemental Threat","PHY","All enemies","Physical","1.66","Fire, Lightning, Ice","1.65","Two group attacks (0.83 each)","Y","All enemies","50","Spellblade","エレメントハザード","30512142","✓","✓"
"Freya","Dragon's Crest","BSB1","","Petal Storm","PHY","Single enemy","Physical","1.96","Wind, NE","1.65","Two single ranged attacks (0.98 each), grants [No Air Time 2] to the user","Y","Lowest HP% enemy","50","Dragoon","風華","30510771","✓","✓"
"Freya","Dragon's Crest","BSB1","","Dragon Leech","PHY","Single enemy","Physical","1.96","Wind, NE","1.65","Two single ranged attacks (0.98 each), smart ether 1 to the user","Y","Lowest HP% enemy","50","Dragoon","ドラゴンドロー","30510772","✓","✓"
"Quina","Pumpkin Head","BSB1","","Consume Power","PHY","Single enemy","Physical","2.10","-","1.65","One single attack (2.10), [ATK and DEF -20%] for 15 seconds","Y","Random enemy","50","Support","イーティングパワー","30511201","✓","✓"
"Quina","Pumpkin Head","BSB1","","Cuisine Magic","PHY","Single enemy","Physical","2.10","-","1.65","One single attack (2.10), [MAG and RES -20%] for 15 seconds","Y","Random enemy","50","Support","クッキングマジック","30511202","✓","✓"
"Quina","Angel's Banquet","BSB2","","Frog Rain","PHY","Single enemy","Physical","2.20","Water, NE","1.65","Four single attacks (0.55 each), restores HP (60) to the lowest HP% ally","Y","Lowest HP% enemy","50","Support","フロッグショット","30513101","✓","✓"
"Quina","Angel's Banquet","BSB2","","Juicy Energy","NAT","Self","","","","1.65","[MND +20%] for 25 seconds, grants [Quick Cast 3]","Y","Self","50","Support","ジューシーエナジー","30513102","✓","✓"
"Eiko","Prayer of the Lost","BSB1","","Eiko's Aid","WHT","Single ally","Magical","4.00","Holy","1.65","Restores HP (105), grants [Physical Blink 1], damages undeads","Y","Lowest HP% ally","50","White Magic","エーコのおうえん","30510301","✓","✓"
"Eiko","Prayer of the Lost","BSB1","","Wayfarer's Hymn","WHT","All allies","Magical","2.00","Holy","1.65","Restores HP (25), damages undeads","Y","All allies","50","White Magic","旅立ちの歌","30510302","✓","✓"
"Amarant","Fists of Flame","BSB1","","Flying Fire Fist","PHY","Single enemy","Physical","1.96","Fire, NE","1.65","Four single ranged attacks (0.49 each), 50% additional critical damage","Y","Lowest HP% enemy","50","Monk","飛炮拳","30511211","✓","✓"
"Amarant","Fists of Flame","BSB1","","Sundowner Kick","PHY","All enemies","Physical","1.30","Fire, NE","1.65","Two group ranged attacks (0.65 each), 50% additional critical damage","Y","All enemies","50","Monk","陽炎脚","30511212","✓","✓"
"Beatrix","Knight Protector","BSB1","","Bulwark Blade","PHY","Single enemy","Physical","2.50","Holy","1.65","Two single attacks (1.25 each), grants [Sentinel] to the user","Y","Lowest HP% enemy","50","Knight","守護の剣","30510151","✓","✓"
"Beatrix","Knight Protector","BSB1","","Sworn Blade","PHY","Single enemy","Physical","2.70","-","1.65","Two single attacks (1.35 each), [RES +40%] to the user for 20 seconds","Y","Random enemy","50","Knight","忠誠の剣","30510152","✓","✓"
"Beatrix","Seiken Thunder Slash","BSB2","","Banishing Shock","PHY","Single enemy","Physical","1.71","Holy, Lightning","1.65","Three single attacks (0.57 each), removes positive effects","Y","Lowest HP% enemy","50","Knight","バニシュショック","30512381","✓","✓"
"Beatrix","Seiken Thunder Slash","BSB2","","Divine Hazard","PHY","Single enemy","Physical","1.96","Holy, Lightning","1.65","Four single attacks (0.49 each), grants [Knight +15% Boost 2] to the user","Y","Lowest HP% enemy","50","Knight","セイントハザード","30512382","✓","✓"
"Kuja","Force Symphony","BSB1","","Clutch Shot","BLK","Single enemy","Magical","8.16","Dark, NE","1.65","Four single attacks (2.04 each), 2.86 multiplier if the user has any Doom","Y","Lowest HP% enemy","50","Black Magic","スナッチショット","30510761","✓","✓"
"Kuja","Force Symphony","BSB1","","Burst Energy","BLK","All enemies","Magical","5.88","Dark, NE","1.65","Two group attacks (2.94 each), 4.12 multiplier if the user has any Doom","Y","All enemies","50","Black Magic","バーストエナジー","30510762","✓","✓"
"Kuja","Corrupt Refrain","BSB2","","Soul Thruster","BLK","Single enemy","Magical","8.00","Dark, NE","0.83","Four single attacks (2.00 each), causes [Doom Timer -3] to the user","Y","Lowest HP% enemy","50","Darkness","ソウルスラスター","30512651","✓","✓"
"Kuja","Corrupt Refrain","BSB2","","Dark Ensemble","BLK","Single enemy","Magical","14.30","Dark, NE","1.65","2/3/4/5 single attacks (2.86 each) if the user's Doom timer is below 40/25/15","Y","Lowest HP% enemy","50","Darkness","ダークアンサンブル","30512652","✓","✓"
"Marcus","Poison Impulse","BSB1","","Poisoned Magic","PHY","Single enemy","Physical","1.80","Wind, Poison","0.83","Two single attacks (0.90 each), [MAG -50%] for 15 seconds","Y","Random enemy without status","50","Thief","マジックポイズン","30512131","✓","✓"
"Marcus","Poison Impulse","BSB1","","Poisoned Armor","PHY","Single enemy","Physical","1.80","Wind, Poison","0.83","Two single attacks (0.90 each), [DEF -40%] for 15 seconds","Y","Random enemy without status","50","Thief","アーマーポイズン","30512132","✓","✓"
"Tidus","Abes All-star","BSB1","","Volley Shot","PHY","Single enemy","Physical","2.16","Water, NE","1.65","Four single ranged attacks (0.54 each)","Y","Lowest HP% enemy","50","Combat","ボレーシュート","30510091","✓","✓"
"Tidus","Abes All-star","BSB1","","Spin Ball","PHY","All enemies","Physical","1.50","Water, NE","1.65","Two group ranged attacks (0.75 each)","Y","All enemies","50","Combat","スピンボール","30510092","✓","✓"
"Tidus","Sonic Strike","BSB2","","Dash Shot","PHY","Single enemy","Physical","2.16","Water, NE","0.83","Four single ranged attacks (0.54 each)","Y","Lowest HP% enemy","50","Sharpshooter","ダッシュシュート","30512091","✓","✓"
"Tidus","Sonic Strike","BSB2","","Invigorating Shot","PHY","Single enemy","Physical","1.68","Water, NE","1.65","Two single ranged attacks (0.84 each), grants [Sharpshooter +15% Boost 3] to the user","Y","Lowest HP% enemy","50","Sharpshooter","エナジーショット","30512092","✓","✓"
"Yuna","Trigger Happy","BSB1","","Scattershot","NAT","All enemies","Magical","8.00","-","1.65","Two group attacks (4.00 each)","N","All enemies","50","Special","マルチショット","30510021","✓","✓"
"Yuna","Trigger Happy","BSB1","","Soul Spring","WHT","All allies","Magical","2.00","Holy","1.65","Restores HP (15), damages undeads","N","All allies","50","White Magic","命の泉","30510022","✓","✓"
"Yuna","Tenets of the Fayth","BSB2","","Valefor","SUM","Self","","","","1.65","Grants [Summon Valefor]","N","Self","50","Summoning","ヴァルファーレ召喚","30510781","✓","✓"
"Yuna","Tenets of the Fayth","BSB2","","Valefor (S)","SUM","All enemies","Magical","19.20","-","1.65","Four group attacks (4.80 each), minimum damage 1100, removes [Summon Valefor] to the user","N","All enemies","50","Summoning","ヴァルファーレ召喚","30510781","✓","✓"
"Yuna","Tenets of the Fayth","BSB2","","Breath of the Heavens","WHT","All allies","Magical","2.00","Holy","1.65","Restores HP (25), damages undeads","N","All allies","50","White Magic","天来の息吹","30510782","✓","✓"
"Yuna","Tenets of the Fayth","BSB2","","Breath of the Heavens (S)","SUM","All enemies","Magical","4.80","-","1.65","One group attack (4.80), minimum damage 1100, restores HP (25) to all allies","N","All enemies","50","Summoning","天来の息吹","30510782","✓","✓"
"Wakka","Assault Reels","BSB1","","Wither Tackle","PHY","Single enemy","Physical","2.30","-","1.65","One single ranged attack (2.30), [MAG -50%] for 15 seconds","Y","Random enemy","50","Support","ウィザータックル","30510391","✓","✓"
"Wakka","Assault Reels","BSB1","","Pile Wither","PHY","Single enemy","Physical","2.30","-","1.65","One single ranged attack (2.30), [ATK -40%] for 15 seconds","Y","Random enemy","50","Support","パイルウィザー","30510392","✓","✓"
"Wakka","Dual Buster","BSB2","","Wither Magic","PHY","Single enemy","Physical","2.20","Water, NE","1.65","Two single ranged attacks (1.10 each), [MAG -50%] for 15 seconds","Y","Random enemy without status","50","Support","ウィザーマジック","30513001","✓","✓"
"Wakka","Dual Buster","BSB2","","Wither Defense","PHY","Single enemy","Physical","2.20","Water, NE","1.65","Two single ranged attacks (1.10 each), [DEF -40%] for 15 seconds","Y","Random enemy without status","50","Support","ウィザーディフェンス","30513002","✓","✓"
"Lulu","Triple Threat","BSB1","","Freezing Flame","BLK","Single enemy","Magical","10.48","Ice, Fire","1.65","Four single attacks (2.62 each)","Y","Lowest HP% enemy","50","Black Magic","氷結ファイア","30510801","✓","✓"
"Lulu","Triple Threat","BSB1","","Freezing Water","BLK","Single enemy","Magical","10.48","Ice, Water","1.65","Four single attacks (2.62 each)","Y","Lowest HP% enemy","50","Black Magic","氷結ウォータ","30510802","✓","✓"
"Kimahri","Aqua Breath (X)","BSB1","","Liquid Drain","PHY","Single enemy","Physical","1.88","Water, NE","1.65","Four single ranged attacks (0.47 each), restores HP to the lowest HP% ally for 25% of their maximum HP","Y","Lowest HP% enemy","50","Combat","ドレインリキッド","30511351","✓","✓"
"Kimahri","Aqua Breath (X)","BSB1","","Liquid Osmose","PHY","Single enemy","Physical","1.60","Water, NE","1.65","Two single ranged attacks (0.80 each), smart ether 1 to the user","Y","Lowest HP% enemy","50","Combat","アスピルリキッド","30511352","✓","✓"
"Rikku","Machinations","BSB1","","Shockstorm","PHY","All enemies","Physical","1.40","Water, Lightning","1.65","Two group ranged attacks (0.70 each), causes [Stun] (11%)","Y","All enemies","50","Machinist","ショックストーム","30510271","✓","✓"
"Rikku","Machinations","BSB1","","Anti-Power/Armor Shell","PHY","Single enemy","Physical","2.00","-","1.65","Two single ranged attacks (1.00 each), [ATK and DEF -20%] for 20 seconds, [ATK and DEF +20%] to the user for 20 seconds","Y","Lowest HP% enemy","50","Machinist","反パワー&アーマー弾","30510272","✓","✓"
"Rikku","Team Bomb","BSB2","","Flash Flood","PHY","Single enemy","Physical","1.88","Water, NE","0.83","Four single ranged attacks (0.47 each)","Y","Lowest HP% enemy","50","Machinist","フラッシュフラッド","30512451","✓","✓"
"Rikku","Team Bomb","BSB2","","Waterfall","PHY","Single enemy","Physical","1.72","Water, NE","1.65","Two single ranged attacks (0.86 each), [ATK -50%] for 20 seconds, [ATK +50%] to the user for 20 seconds","Y","Lowest HP% enemy","50","Machinist","ウォーターフォール","30512452","✓","✓"
"Auron","Bushido","BSB1","","Guardian's Resolve","PHY","Single enemy","Physical","2.40","-","1.65","One single attack (2.40), heals the user for 20% of the damage dealt","Y","Lowest HP% enemy","50","Samurai","覚悟を決めろ","30510381","✓","✓"
"Auron","Bushido","BSB1","","Decisive Instant","PHY","All enemies","Physical","1.82","-","1.65","Two group attacks (0.91 each), grants [Retaliate] to the user for 15 seconds","Y","All enemies","50","Samurai","決断する時","30510382","✓","✓"
"Auron","Tornado","BSB2","","Incandesce","PHY","Single enemy","Physical","2.16","Fire, NE","1.65","Four single attacks (0.54 each)","Y","Lowest HP% enemy","50","Samurai","灼炎","30511331","✓","✓"
"Auron","Tornado","BSB2","","Crimson Lotus","PHY","Single enemy","Physical","1.96","Fire, NE","1.65","Two single attacks (0.98 each), grants [Dark Bargain] to the user for 20 seconds","Y","Lowest HP% enemy","50","Samurai","紅蓮","30511332","✓","✓"
"Auron","Fiery Heart","BSB3","","Fangcrush Blade","PHY","Single enemy","Physical","2.20","Fire, NE","1.65","Two single attacks (1.10 each), [ATK -40%] for 15 seconds","Y","Random enemy without status","50","Samurai","牙砕の太刀","30512661","✓","✓"
"Auron","Fiery Heart","BSB3","","Spellbreak Blade","PHY","Single enemy","Physical","2.20","Fire, NE","1.65","Two single attacks (1.10 each), [MAG -50%] for 15 seconds","Y","Random enemy without status","50","Samurai","魔断の太刀","30512662","✓","✓"
"Jecht","Final Transformation","BSB1","","Jecht Stream","PHY","Single enemy","Physical","2.16","Dark, NE","1.65","Four single ranged attacks (0.54 each)","Y","Lowest HP% enemy","50","Monk","ジェクトストリーム","30510211","✓","✓"
"Jecht","Final Transformation","BSB1","","Jecht Bomber","PHY","All enemies","Physical","1.50","Dark, NE","1.65","Two group ranged attacks (0.75 each)","Y","All enemies","50","Monk","ジェクトボマー","30510212","✓","✓"
"Jecht","Wound Up","BSB2","","Eagle Talons","PHY","Single enemy","Physical","2.16","Fire, NE","0.83","Four single attacks (0.54 each)","Y","Lowest HP% enemy","50","Monk","イーグルラッシュ","30512671","✓","✓"
"Jecht","Wound Up","BSB2","","Rising Fist","PHY","Single enemy","Physical","1.95","Fire, NE","1.65","Three single attacks (0.65 each), grants [Monk +15% Boost 3] to the user","Y","Lowest HP% enemy","50","Monk","ライジングフィスト","30512672","✓","✓"
"Braska","Trine Summoning","BSB1","","Ifrit","SUM","Self","","","","1.65","Grants [Lingering Spirit] to the user for 20 seconds, grants [Summon Ifrit] to the user","N","Self","50","Summoning","イフリート召喚","30511631","✓","✓"
"Braska","Trine Summoning","BSB1","","Ifrit (S)","SUM","All enemies","Magical","17.00","Fire, NE","1.65","Four group attacks (4.25 each), minimum damage 1100, removes [Summon Ifrit] to the user","N","All enemies","50","Summoning","イフリート召喚","30511631","✓","✓"
"Braska","Trine Summoning","BSB1","","Eternal Prayer","SUM","Single enemy","Magical","7.96","Fire, NE","1.65","Four single attacks (1.99 each), minimum damage 1100","N","Lowest HP% enemy","50","Summoning","永遠への願い","30511632","✓","✓"
"Braska","Trine Summoning","BSB1","","Eternal Prayer (S)","SUM","Single enemy","Magical","9.95","Fire, NE","1.65","Five single attacks (1.99 each), minimum damage 1100","N","Lowest HP% enemy","50","Summoning","永遠への願い","30511632","✓","✓"
"Paine","Grand Storm","BSB1","","Aqua Storm","PHY","Single enemy","Physical","2.52","Water, Wind","1.65","Four single attacks (0.63 each)","Y","Lowest HP% enemy","50","Spellblade","アクアストーム","30511341","✓","✓"
"Paine","Grand Storm","BSB1","","Aqua Terra","PHY","Single enemy","Physical","2.52","Water, Earth","1.65","Four single attacks (0.63 each)","Y","Lowest HP% enemy","50","Spellblade","アクアグラウンド","30511342","✓","✓"
"Paine","Whelmen","BSB2","","Aqua Slash","PHY","Single enemy","Physical","2.16","Water, NE","1.65","Four single attacks (0.54 each)","Y","Lowest HP% enemy","50","Spellblade","アクアスラッシュ","30512461","✓","✓"
"Paine","Whelmen","BSB2","","Aqua Drive","PHY","Single enemy","Physical","1.68","Water, NE","1.65","Three single attacks (0.56 each), grants [Spellblade +15% Boost 3] to the user","Y","Lowest HP% enemy","50","Spellblade","アクアドライブ","30512462","✓","✓"
"Seymour","Anima's Pain","BSB1","","Death's Release","BLK","Single enemy","Magical","8.68","Dark, NE","1.65","Four single attacks (2.17 each), causes [Instant KO] (9%)","Y","Lowest HP% enemy","50","Black Magic","死色の救済","30510791","✓","✓"
"Seymour","Anima's Pain","BSB1","","Mortisunder","BLK","All enemies","Magical","6.08","Dark, NE","1.65","Two group attacks (3.04 each), causes [Slow] (16%)","Y","All enemies","50","Black Magic","幻光天破","30510792","✓","✓"
"Seymour","Guado Grudge","BSB2","","Thirst for Destruction","BLK","Single enemy","Magical","13.20","Dark, NE","1.65","Six single attacks (2.20 each), damages the user for 35% max HP","Y","Lowest HP% enemy","50","Black Magic","破滅の願望","30512171","✓","✓"
"Seymour","Guado Grudge","BSB2","","Grave Vengeance","BLK","Self","","","","1.65","Grants [Phantom Regen] to the user, grants [Magic Bargain] to the user for 20 seconds","N","Self","50","Black Magic","死人の怨念","30512172","✓","✓"
"Shantotto","Play Rough","BSB1",""," Fire Play","BLK","Single enemy","Magical","8.00","Lightning, Fire","0.83","Four single attacks (2.00 each)","Y","Lowest HP% enemy","50","Black Magic","ブチ切れファイア","30510991","✓","✓"
"Shantotto","Play Rough","BSB1","","Ice Play","BLK","Single enemy","Magical","8.00","Lightning, Ice","0.83","Four single attacks (2.00 each)","Y","Lowest HP% enemy","50","Black Magic","ブチ切れブリザド","30510992","✓","✓"
"Ayame","Meikyo Shisui","BSB1","","Chillfang Blade","PHY","Single enemy","Physical","1.88","Ice, NE","0.83","Four single attacks (0.47 each)","Y","Lowest HP% enemy","50","Samurai","刀極技・凍牙","30510501","✓","✓"
"Ayame","Meikyo Shisui","BSB1","","Icewyrm Blade","PHY","All enemies","Physical","1.30","Ice, NE","1.65","Two group attacks (0.65 each), grants [Dark Bargain] to the user for 20 seconds","Y","All enemies","50","Samurai","刀秘技・氷龍","30510502","✓","✓"
"Curilla","Intervention","BSB1","","Requiescat","PHY","Single enemy","Physical","2.32","Holy, NE","1.65","Four single attacks (0.58 each), grants [High Regen] to the user for 25 seconds","Y","Lowest HP% enemy","50","Knight","レクイエスカット","30510511","✓","✓"
"Curilla","Intervention","BSB1","","Blade of Uriel","PHY","All enemies","Physical","1.50","Holy, NE","1.65","Two group attacks (0.75 each), grants [Sentinel] to the user for 25 seconds","Y","All enemies","50","Knight","ウリエルブレード","30510512","✓","✓"
"Prishe","Nullifying Dropkick","BSB1","","Spin Combo","PHY","Single enemy","Physical","2.40","-","1.65","3/4/5/6 single attacks (0.80 each) at 1/2/3 different Monk abilities used, reset","Y","Lowest HP% enemy","50","Monk","スピンコンボ","30511261","✓","✓"
"Prishe","Nullifying Dropkick","BSB1","","Headlong Tackle","PHY","Single enemy","Physical","2.20","-","1.65","Four single attacks (0.55 each), grants [Dark Bargain] to the user","Y","Lowest HP% enemy","50","Monk","ライジングタックル","30511262","✓","✓"
"Lion","Walk the Plank","BSB1","","Broken Blade","PHY","Single enemy","Physical","2.00","-","0.83","One single attack (2.00), [ATK -40%] for 15 seconds","Y","Random enemy","50","Thief","ブレイクエッジ","30511271","✓","✓"
"Lion","Walk the Plank","BSB1","","Fraying Guard","PHY","Single enemy","Physical","2.00","-","0.83","One single attack (2.00), [DEF -40%] for 15 seconds","Y","Random enemy","50","Thief","ガードステッチ","30511272","✓","✓"
"Aphmau","Realignment","BSB1","","Activate","WHT","Single ally","","","","1.65","Restores HP (60), grants [Summon Activate] to the user","Y","Lowest HP% ally","50","White Magic","アクティベート","30511761","✓","✓"
"Aphmau","Realignment","BSB1","","Activate (S)","WHT","Single enemy","Magical","10.48","Lightning, NE","1.65","Four single attacks (2.62 each), restores HP (60) to the lowest HP% ally, removes [Summon Activate] to the user","Y","Lowest HP% enemy","50","White Magic","アクティベート","30511761","✓","✓"
"Aphmau","Realignment","BSB1","","Light Maneuver","WHT","All allies","","","","1.65","Restores HP (25)","Y","All allies","50","White Magic","ライトマニューバ","30511762","✓","✓"
"Aphmau","Realignment","BSB1","","Light Maneuver (S)","WHT","Single enemy","Magical","10.28","Lightning, NE","1.65","Two single attacks (5.14 each), restores HP (25) to all allies","Y","Lowest HP% enemy","50","White Magic","ライトマニューバ","30511762","✓","✓"
"Zeid","Abyssal Strike","BSB1","","Nether Void","PHY","Single enemy","Physical","1.96","Dark, NE","1.65","Four single attacks (0.49 each), five attacks if exploiting elemental weakness","Y","Lowest HP% enemy","50","Darkness","ネザーヴォイド","30511771","✓","✓"
"Zeid","Abyssal Strike","BSB1","","Desperate Strike","PHY","All enemies","Physical","1.30","Dark, NE","1.65","Two group attacks (0.65 each), grants [Dark Bargain] to the user for 20 seconds","Y","Lowest HP% enemy","50","Darkness","デスペレートブロー","30511772","✓","✓"
"Lilisette","Vivifying Waltz","BSB1","","Gust Slash","PHY","Single enemy","Physical","1.80","Lightning, Wind","0.83","One single attack (1.80), [MAG -50%] for 15 seconds","Y","Random enemy without status","50","Dancer","ガストスラッシュ","30513301","✓","✓"
"Lilisette","Vivifying Waltz","BSB1","","Divine Waltz","NAT","All allies","Magical","2.00","Holy","1.65","Restores HP (25), damages undeads","Y","All allies","50","Dancer","ディバインワルツ","30513302","✓","✓"
"Vaan","Ark Blast","BSB1","","Addle","PHY","Single enemy","Physical","2.00","-","0.83","One single attack (2.00), [MAG -50%] for 15 seconds","Y","Random enemy","50","Support","魔攻破壊","30510172","✓","✓"
"Vaan","Ark Blast","BSB1","","Expose","PHY","Single enemy","Physical","2.00","-","0.83","One single attack (2.00), [DEF -40%] for 15 seconds","Y","Random enemy","50","Support","防御破壊","30510171","✓","✓"
"Balthier","Gatling Gun","BSB1","","Mud Shot","PHY","Single enemy","Physical","2.30","-","1.65","Two single ranged attacks (1.15 each), 1.40 multiplier if the target has Blind, causes [Blind] (60%)","Y","Random enemy without status","60","Machinist","ソイルショット","30510231","✓","✓"
"Balthier","Gatling Gun","BSB1","","Wyrmfire Shot","PHY","Single enemy","Physical","2.44","Fire, NE","1.65","Four single ranged attacks (0.61 each)","Y","Lowest HP% enemy","50","Machinist","ナパームショット","30510232","✓","✓"
"Balthier","Spark of Change","BSB2","","Oil Bomb","PHY","Single enemy","Physical","0.60","Fire, NE","1.65","Two single ranged attacks (0.30 each), 25% chance to cause [Imperil Fire 10%] for 15 seconds","Y","Lowest HP% enemy","50","Machinist","オイルボム","30511601","✓","✓"
"Balthier","Spark of Change","BSB2","","Flame Ignition","PHY","Single enemy","Physical","0.96","Fire, NE","1.65","Four single ranged attacks (0.24/0.54/0.84/1.20 each) scaling with [Oil Bomb Uses]","Y","Lowest HP% enemy","50","Machinist","フレイムラプチャー","30511602","✓","✓"
"Fran","Gaze of the Void","BSB1","","Gleaming Wyrmfang","PHY","Single enemy","Physical","2.40","-","1.65","Two single ranged attacks (1.20 each), [ATK -40%] for 15 seconds","Y","Random enemy without status","50","Support","竜牙閃","30510981","✓","✓"
"Fran","Gaze of the Void","BSB1","","Paling Breaker","PHY","Single enemy","Physical","2.40","-","1.65","Two single ranged attacks (1.20 each), [RES -50%] for 15 seconds","Y","Random enemy without status","50","Support","崩魔壁","30510982","✓","✓"
"Fran","Thundering Hail","BSB2","","Icebolt Steelbane","PHY","Single enemy","Physical","2.20","Ice, Lightning","1.65","Two single ranged attacks (1.10 each), [ATK -40%] for 15 seconds","Y","Random enemy without status","50","Support","氷雷攻落","30512681","✓","✓"
"Fran","Thundering Hail","BSB2","","Icebolt Runebane","PHY","Single enemy","Physical","2.20","Ice, Lightning","1.65","Two single ranged attacks (1.10 each), [MAG -50%] for 15 seconds","Y","Random enemy without status","50","Support","氷雷魔崩","30512682","✓","✓"
"Basch","Shining Ray","BSB1","","Blade of Doom","PHY","Single enemy","Physical","2.08","Holy","1.65","Four single attacks (0.52 each), five attacks if exploiting elemental weakness","Y","Lowest HP% enemy","50","Knight","滅魔の刃","30510961","✓","✓"
"Basch","Shining Ray","BSB1","","Beacon of Light","PHY","All enemies","Physical","1.30","Holy, NE","1.65","Two group attacks (0.65 each), grants [Retaliate] to the user for 15 seconds","Y","All enemies","50","Knight","破邪の舞","30510962","✓","✓"
"Ashe","Dusk's Decree","BSB1","","Cleansing Storm","BLK","Single enemy","Magical","10.52","Lightning","1.65","Four single attacks (2.63 each), restores HP (60) to the user","Y","Lowest HP% enemy","50","Black Magic","清浄なる雷光","30510361","✓","✓"
"Ashe","Dusk's Decree","BSB1","","Rumbling Flash","BLK","All enemies","Magical","6.28","Lightning, NE","1.65","Two group attacks (3.14 each)","Y","All enemies","50","Black Magic","轟きの閃光","30510362","✓","✓"
"Penelo","Evanescence","BSB1","","Divine Twist","WHT","Single enemy","Magical","10.52","Holy","1.65","Four single attacks (2.63 each), [MND +15%] to the user for 25 seconds","Y","Lowest HP% enemy","50","White Magic","ホーリーステップ","30510371","✓","✓"
"Penelo","Evanescence","BSB1","","Mending Dance","WHT","All allies","Magical","2.00","Holy","1.65","Restores HP (25), damages undeads","Y","All allies","50","White Magic","癒しのダンス","30510372","✓","✓"
"Penelo","Resurrection","BSB2","","White Regen","WHT","Single ally","Magical","4.00","Holy","1.65","Restores HP (105), grants [High Regen], damages undeads","Y","Lowest HP% ally","50","White Magic","ホワイトリジェネ","30512181","✓","✓"
"Penelo","Resurrection","BSB2","","Healing Waltz","WHT","All allies","Magical","2.00","Holy","1.65","Restores HP (25), damages undeads","Y","All allies","50","White Magic","ヒールワルツ","30512182","✓","✓"
"Gabranth","Innocence","BSB1","","Judge's Rondo","PHY","Single enemy","Physical","1.88","Dark, NE","0.83","Four single attacks (0.47 each)","Y","Lowest HP% enemy","50","Combat","ジャッジ・ロンド","30510951","✓","✓"
"Gabranth","Innocence","BSB1","","Blood Trial","PHY","Single enemy","Physical","2.20","Dark, NE","1.65","One single attack (2.20), heals the user for 20% of the damage dealt","Y","Lowest HP% enemy","50","Darkness","ジャッジ・ブラッド","30510952","✓","✓"
"Larsa","Life Crystal","BSB1","","Quiet Contemplation","WHT","Single ally","Magical","4.00","Holy","0.01","Restores HP (105), damages undeads","Y","Lowest HP% ally","50","White Magic","白眉の静思","30511311","✓","✓"
"Larsa","Life Crystal","BSB1","","Sign of Integrity","WHT","All allies","Magical","2.00","Holy","1.65","Restores HP (25), damages undeads","Y","All allies","50","White Magic","廉潔の証明","30511312","✓","✓"
"Vayne","Force of Will","BSB1","","Hand of Empire","PHY","Single enemy","Physical","1.88","Dark, NE","1.65","Four single attacks (0.47 each), restores HP to the user for 25% of the user's maximum HP","Y","Lowest HP% enemy","50","Monk","明王掌","30510971","✓","✓"
"Vayne","Force of Will","BSB1","","Culling of Darkness","BLK","Single enemy","Magical","8.40","Dark, NE","1.65","Four single attacks (2.10 each), restores HP to the user for 25% of the user's maximum HP","Y","Lowest HP% enemy","50","Black Magic","冥天破","30510972","✓","✓"
"Reks","Whitefall","BSB1","","Elemental Strike","PHY","Single enemy","Physical","2.40","Lightning, Ice","1.65","Four single attacks (0.60 each), 0.75 multiplier if exploiting elemental weakness","Y","Lowest HP% enemy","50","Spellblade","エレメントドライブ","30511591","✓","✓"
"Reks","Whitefall","BSB1","","Healing Edge","PHY","Single enemy","Physical","2.32","-","1.65","Four single attacks (0.58 each), restores HP to the lowest HP% ally for 25% of their maximum HP","Y","Lowest HP% enemy","50","Knight","ヒールエッジ","30511592","✓","✓"
"Lightning","Requiem of the Goddess","BSB1","","Flourish of Steel","PHY","Single enemy","Physical","1.84","-","1.65","Four single attacks (0.46 each), 80% additional critical chance, causes [Stun] (9%)","Y","Lowest HP% enemy","50","Combat","連閃","30510041","✓","✓"
"Lightning","Requiem of the Goddess","BSB1","","Skyward Swing","PHY","All enemies","Physical","1.26","-","1.65","Two group attacks (0.63 each), 80% additional critical chance, causes [Slow] (16%)","Y","All enemies","50","Combat","天臨","30510042","✓","✓"
"Lightning","Focused Bolts","BSB2","","Azure Lightning","PHY","Single enemy","Physical","1.88","Lightning, NE","0.83","Four single attacks (0.47 each)","Y","Lowest HP% enemy","50","Combat","紫電","30511051","✓","✓"
"Lightning","Focused Bolts","BSB2","","Thunderclap","PHY","All enemies","Physical","1.20","Lightning, NE","0.83","Two group attacks (0.60 each)","Y","All enemies","50","Combat","迅雷","30511052","✓","✓"
"Snow","Here We Go!","BSB1","","Icy Revenge","PHY","Single enemy","Physical","2.16","Ice, NE","1.65","Four single attacks (0.54 each), ATK increases as HP decreases","Y","Lowest HP% enemy","50","Monk","リベンジフロスト","30510731","✓","✓"
"Snow","Here We Go!","BSB1","","Frost Charge","PHY","Single enemy","Physical","2.40","Ice, NE","1.65","Three single attacks (0.80 each), grants [Oathsworn Espada] to the user for 20 seconds","Y","Lowest HP% enemy","50","Monk","アイシクルチャージ","30510732","✓","✓"
"Snow","A Hero Rides","BSB2","","Frost Drive","PHY","Single enemy","Physical","2.44","Ice","1.65","Four single attacks (0.61 each), five attacks if exploiting elemental weakness","Y","Lowest HP% enemy","50","Monk","フロストドライブ","30511821","✓","✓"
"Snow","A Hero Rides","BSB2","","Spinning Diamond","PHY","All enemies","Physical","1.50","Ice, NE","1.65","Two group attacks (0.75 each), [DEF +50%] to the user for 20 seconds","Y","All enemies","50","Monk","ダイヤモンドターン","30511822","✓","✓"
"Vanille","Transcendent Dream","BSB1","","Light Eternal","WHT","Single enemy","Magical","10.60","Holy","1.65","Two single attacks (5.30 each), [RES -30%] for 25 seconds","Y","Lowest HP% enemy","50","White Magic","久遠の光印","30510401","✓","✓"
"Vanille","Transcendent Dream","BSB1","","Breath of Vitality","WHT","All allies","Magical","2.00","Holy","1.65","Restores HP (25), damages undeads","Y","All allies","50","White Magic","命脈の息吹","30510402","✓","✓"
"Vanille","Shifting Worlds","BSB2","","Splendorous Blessing","WHT","Single ally","Magical","4.00","Holy","0.01","Restores HP (80), damages undeads, grants [High Regen]","Y","Lowest HP% enemy","50","White Magic","極彩の恵み","30512791","✓","✓"
"Vanille","Shifting Worlds","BSB2","","Future's Omen","WHT","All allies","Magical","2.00","Holy","1.65","Restores HP (25), damages undeads","Y","All allies","50","White Magic","未来への兆し","30512792","✓","✓"
"Sazh","Choco-Chick Blues","BSB1","","Protect Puncture","PHY","Single enemy","Physical","2.10","-","1.65","One single ranged attack (2.10), [ATK and DEF -20%] for 15 seconds","Y","Random enemy","50","Support","デプロテショット","30511041","✓","✓"
"Sazh","Choco-Chick Blues","BSB1","","Shell Shatter","PHY","Single enemy","Physical","2.10","-","1.65","One single ranged attack (2.10), [MAG and RES -20%] for 15 seconds","Y","Random enemy","50","Support","デシェルショット","30511042","✓","✓"
"Hope","Divine Judgment","BSB1","","Purification","BLK","Single enemy","Magical","8.96","Holy, NE","1.65","Four single attacks (2.24 each)","Y","Lowest HP% enemy","50","Black Magic","鎧袖一触【XIII】","30510191","✓","✓"
"Hope","Divine Judgment","BSB1","","Obliterator","BLK","Single enemy","Magical","10.48","Earth, NE","1.65","Four single attacks (2.62 each)","Y","Lowest HP% enemy","50","Black Magic","金剛掌","30510192","✓","✓"
"Hope","Explosive Fist","BSB2","","Alexander","SUM","All enemies","","","","1.65","Causes [Slow] (29%), removes positive effects, grants [Summon Alexander] to the user","N","All enemies","50","Summoning","アレキサンダー召喚","30511121","✓","✓"
"Hope","Explosive Fist","BSB2","","Alexander (S)","SUM","All enemies","Magical","17.00","Holy, NE","1.65","Four group attacks (4.25 each), minimum damage 1100, removes [Summon Alexander] to the user","N","All enemies","50","Summoning","アレキサンダー召喚","30511121","✓","✓"
"Hope","Explosive Fist","BSB2","","Divine Judge","BLK","Single enemy","Magical","10.00","Holy, NE","1.65","Four single attacks (2.50 each)","Y","Lowest HP% enemy","50","Black Magic","聖裁","30511122","✓","✓"
"Hope","Explosive Fist","BSB2","","Divine Judge (S)","BLK","Single enemy","Magical","10.00","Holy, NE","1.65","Four single attacks (2.50 each), causes [Stun] (15%)","Y","Lowest HP% enemy","50","Black Magic","聖裁","30511122","✓","✓"
"Fang","Megaflare","BSB1","","Dragon Claws","PHY","Single enemy","Physical","2.16","Wind, NE","1.65","Four single attacks (0.54 each)","Y","Lowest HP% enemy","50","Dragoon","ドラゴンクロー","30510241","✓","✓"
"Fang","Megaflare","BSB1","","Whirlwind","PHY","All enemies","Physical","1.50","Wind, NE","1.65","Two group attacks (0.75 each)","Y","All enemies","50","Dragoon","エアリアルレイヴ","30510242","✓","✓"
"Fang","Raging Whirlwind","BSB2","","Seething Winds","PHY","Single enemy","Physical","2.08","Wind","1.65","Four single attacks (0.52 each), five attacks if exploiting elemental weakness","Y","Lowest HP% enemy","50","Combat","猛り舞う風","30511581","✓","✓"
"Fang","Raging Whirlwind","BSB2","","Biting Winds","PHY","All enemies","Physical","1.30","Wind, NE","1.65","Two group attacks (0.65 each), grants [Dark Bargain] to the user for 20 seconds","Y","All enemies","50","Combat","牙を剥く風","30511582","✓","✓"
"Serah","Moonfrost Arrows","BSB1","","Ice Burst","BLK","Single enemy","Magical","8.96","Ice, NE","1.65","Four single attacks (2.24 each)","Y","Lowest HP% enemy","50","Black Magic","アイシクルフラッド","30510421","✓","✓"
"Serah","Moonfrost Arrows","BSB1","","Raging Blizzard","BLK","All enemies","Magical","6.28","Ice, NE","1.65","Two group attacks (3.14 each)","Y","All enemies","50","Black Magic","ブリザードストーム","30510422","✓","✓"
"Serah","Eternity Unpromised","BSB2","","Artemis Shot","BLK","Single enemy","Magical","8.00","Ice, NE","0.83","Four single attacks (2.00 each)","Y","Lowest HP% enemy","50","Black Magic","アルテミスショット","30512191","✓","✓"
"Serah","Eternity Unpromised","BSB2","","Artemis Spin","BLK","All enemies","Magical","5.78","Ice, NE","0.83","Two group attacks (2.89 each)","Y","All enemies","50","Black Magic","アルテミスターン","30512192","✓","✓"
"Cid Raines","Metamorphose","BSB1","","Shining Moment","BLK","Single enemy","Magical","8.80","Dark, Holy","1.65","Four single attacks (2.20 each), grants [Magical Instant Cast 1] to the user","Y","Lowest HP% enemy","50","Black Magic","刹那の輝き","30510741","✓","✓"
"Cid Raines","Metamorphose","BSB1","","Lingering Spirit","BLK","All enemies","Magical","7.80","Dark, Holy","1.65","Two group attacks (3.90 each), grants [Lingering Spirit] to the user for 20 seconds","Y","All enemies","50","Black Magic","魂の残滓","30510742","✓","✓"
"Noel","Meteor Javelin","BSB1","","Arc Edge","PHY","Single enemy","Physical","2.30","-","1.65","One single attack (2.30), [ATK -40%] for 15 seconds","Y","Random enemy","50","Support","バウンスエッジ","30510411","✓","✓"
"Noel","Meteor Javelin","BSB1","","Butterfly Sting","PHY","Single enemy","Physical","2.30","-","1.65","One single attack (2.30), [MAG -50%] for 15 seconds","Y","Random enemy","50","Support","バタフライスティング","30510412","✓","✓"
"Noel","Hunter's Rimefang","BSB2","","Icicle Bite","PHY","Single enemy","Physical","1.56","Ice, NE","1.65","3/4/5/6 single attacks (0.52 each) scaling with [Icicle Bite Uses]","Y","Lowest HP% enemy","50","Combat","アイシクルバイト","30512471","✓","✓"
"Noel","Hunter's Rimefang","BSB2","","Frost Form","PHY","Single enemy","Physical","1.88","Ice, NE","1.65","Four single attacks (0.47 each), grants [Quick Cast 2] to the user","Y","Lowest HP% enemy","50","Combat","フロストフォーム","30512472","✓","✓"
"Noel","Break Frost","BSB3","","Icicle Break","PHY","Single enemy","Physical","1.80","Ice, NE","0.83","One single ranged attack (1.80), [ATK -40%] for 15 seconds","Y","Random enemy without status","50","Support","アイシクルブレイク","30512801","✓","✓"
"Noel","Break Frost","BSB3","","Rime Magic","PHY","Single enemy","Physical","1.80","Ice, NE","0.83","One single ranged attack (1.80), [MAG -50%] for 15 seconds","Y","Random enemy without status","50","Support","フロストマジック","30512802","✓","✓"
"Nabaat","Sacrifice Pawn","BSB1","","Harsh Punishment","BLK","Single enemy","Magical","8.96","Dark, NE","1.65","Four single attacks (2.24 each)","Y","Lowest HP% enemy","50","Black Magic","苛烈なお仕置き","30511571","✓","✓"
"Nabaat","Sacrifice Pawn","BSB1","","Fiendish Smile","BLK","All enemies","Magical","6.08","Dark, NE","1.65","Two group attacks (3.04 each), 20% chance to cause [Imperil Dark 10%] for 15 seconds","Y","All enemies","50","Black Magic","魔性の微笑み","30511572","✓","✓"
"Y'shtola","Asylum","BSB1","","Tetragrammaton","WHT","Single ally","Magical","4.00","Holy","0.01","Restores HP (105), damages undeads","Y","Lowest HP% ally","50","White Magic","テトラグラマトン","30510671","✓","✓"
"Y'shtola","Asylum","BSB1","","Medica","WHT","All allies","Magical","2.00","Holy","1.65","Restores HP (25), damages undeads","Y","All allies","50","White Magic","メディカ","30510672","✓","✓"
"Thancred","Kassatsu Katon","BSB1","","Duality","PHY","Single enemy","Physical","1.50","Fire, NE","1.65","Three single attacks (0.50 each), six attacks if the user has any Physical Blink","Y","Lowest HP% enemy","50","Ninja","一双","30510681","✓","✓"
"Thancred","Kassatsu Katon","BSB1","","Shade Shift","PHY","Single enemy","Physical","1.80","Fire, NE","1.65","Two single attacks (0.90 each), grants [Physical Blink 1] to the user","Y","Lowest HP% enemy","50","Ninja","残影","30510682","✓","✓"
"Thancred","Fang of the Serpent","BSB2","","Hornet's Sting","PHY","Single enemy","Physical","1.00","Poison, NE","0.83","Two single attacks (0.50 each)","Y","Lowest HP% enemy","50","Ninja","蜂毒","30511621","✓","✓"
"Thancred","Fang of the Serpent","BSB2","","Unending Assault","PHY","Single enemy","Physical","1.80","Poison, NE","0.83","4/5/6/7/8 single attacks (0.45/0.58/0.72/0.88/1.10 each) scaling with [Hornet's Sting Uses], 0/5/10/15/25% additional critical chance, resets [Hornet's Sting Uses]","Y","Lowest HP% enemy","50","Ninja","夢幻連段","30511622","✓","✓"
"Thancred","Kassatsu Doton","BSB3","","Shade Shift Aeolian Edge","PHY","Single enemy","Physical","1.50","Earth, NE","0.83","Two single ranged attacks (0.75 each), grants [Physical Blink 1] to the user","Y","Lowest HP% enemy","50","Ninja","残影旋風刃","30512781","✓","✓"
"Thancred","Kassatsu Doton","BSB3","","Armor Crush Throwing Dagger","PHY","Single enemy","Physical","1.66","Earth, NE","0.83","One single ranged attack (1.66 each), smart ether 1 to the user","Y","Lowest HP% enemy","50","Ninja","強甲破投刃","30512782","✓","✓"
"Yda","Forbidden Chakra","BSB1","","Snap Punch","PHY","Single enemy","Physical","2.32","Fire, NE","1.65","Four single attacks (0.58 each), grants [Greased Lightning 1/2/3/3] to the user if the user has Greased Lightning 0/1/2/3","Y","Lowest HP% enemy","50","Monk","崩拳","30510691","✓","✓"
"Yda","Forbidden Chakra","BSB1","","Fists of Earth","NAT","Self","","","","1.65","Grants [Stoneskin: 30%]","Y","Self","50","Monk","金剛の構え","30510692","✓","✓"
"Papalymo","Enochian Firaja","BSB1","","Astral Fire","BLK","Single enemy","Magical","12.00","Fire, NE","1.65","3/4/5/6 single attacks (2.00 each) at 720/1123/1193 MAG","Y","Lowest HP% enemy","50","Black Magic","アストラルファイア","30510701","✓","✓"
"Papalymo","Enochian Firaja","BSB1","","Flare Conversion","BLK","All enemies","Magical","6.18","Fire, NE","1.65","Two group attacks (3.09 each), grants [Magic Bargain] to the user for 20 seconds","Y","All enemies","50","Black Magic","コンバートフレア","30510702","✓","✓"
"Alphinaud","Aerial Blast","BSB1","","Wind Blade","SUM","Single enemy","Magical","7.64","Wind, NE","1.65","Four single attacks (1.91 each), grants [Instant Cast 1] to the user","N","Lowest HP% enemy","50","Summoning","ウィンドブレード","30510721","✓","✓"
"Alphinaud","Aerial Blast","BSB1","","Aetherflow","SUM","Single enemy","Magical","8.56","Wind, NE","1.65","Two single attacks (4.28 each), smart ether 1 to the user","N","Lowest HP% enemy","50","Summoning","エーテルフロー","30510722","✓","✓"
"Minfilia","The Echo","BSB1","","Rage of Halone","PHY","Single enemy","Physical","1.76","Holy, NE","1.65","Two single attacks (0.88 each), [ATK -40%] for 15 seconds","Y","Random enemy without status","50","Support","レイジ・オブ・ハルオーネ","30510711","✓","✓"
"Minfilia","The Echo","BSB1","","Glory Slash","PHY","Single enemy","Physical","1.76","Holy, NE","1.65","Two single attacks (0.88 each), [MAG -50%] for 15 seconds","Y","Random enemy without status","50","Support","グローリースラッシュ","30510712","✓","✓"
"Minfilia","Scion's Guidance","BSB2","","Goring Blade","PHY","Single enemy","Physical","2.32","Holy, NE","1.65","Four single attacks (0.58 each), grants [Knight +15% Boost 2] to the user","Y","Lowest HP% enemy","50","Knight","ゴアブレード","30512771","✓","✓"
"Minfilia","Scion's Guidance","BSB2","","Full Swing","PHY","Single enemy","Physical","2.00","Holy, NE","1.65","Two single attacks (1.00 each), removes positive effects","Y","Lowest HP% enemy","50","Knight","フルスイング","30512772","✓","✓"
"Cid (XIV)","Grenado Shot","BSB1","","Shoot & Reload","PHY","Single enemy","Physical","2.06","Earth, NE","1.65","One single ranged attack (2.06)","Y","Lowest HP% enemy","50","Machinist","ショット&リロード","30511611","✓","✓"
"Cid (XIV)","Grenado Shot","BSB1","","Split Shot","PHY","Single enemy","Physical","2.12","Earth, NE","1.65","Four single ranged attacks (0.53 each), 0/10/30/100% chance to cause [Imperil Earth 10%] scaling with [Shoot & Reload Uses], resets [Shoot & Reload Uses]","Y","Lowest HP% enemy","50","Machinist","スプリットショット","30511612","✓","✓"
"Ysayle","Shiva: Diamond Dust","BSB1","","Avalanche","BLK","Single enemy","Magical","6.87","Ice, NE","1.65","Three single attacks (2.29 each), grants [Magical Quick Cast 3] to the user","Y","Lowest HP% enemy","50","Black Magic","アバランチ","30512291","✓","✓"
"Ysayle","Shiva: Diamond Dust","BSB1","","Absolute Zero","BLK","All enemies","Magical","6.18","Ice, NE","1.65","Two group attacks (3.09 each), grants [Magic Bargain] to the user for 20 seconds","Y","All enemies","50","Black Magic","絶対零度","30512292","✓","✓"
"Haurchefant","Time of Need","BSB1","","Shield Swipe","PHY","Single enemy","Physical","2.20","Holy, Ice","1.65","Two single attacks (1.10 each), [ATK -40%] for 15 seconds","Y","Lowest HP% enemy","50","Knight","シールドスワイプ","30512271","✓","✓"
"Haurchefant","Time of Need","BSB1","","Spirits Within","PHY","Single enemy","Physical","2.20","Holy, Ice","1.65","Two single attacks (1.10 each), [MAG -50%] for 15 seconds","Y","Lowest HP% enemy","50","Knight","スピリッツウィズイン","30512272","✓","✓"
"Estinien","The Azure Dragoon","BSB1","","Blood of the Dragon","NAT","Self","","","","1.65","Grants [Jump +15% Boost 3] and [Blood of the Dragon]","Y","Self","50","Dragoon","蒼の竜血","30512281","✓","✓"
"Estinien","The Azure Dragoon","BSB1","","Blood of the Dragon (S)","PHY","Single enemy","Physical","1.96","Wind, Dark","1.65","Two single ranged jump attacks (0.98 each), grants [No Air Time 4] to the user, removes [Blood of the Dragon] to the user","Y","Lowest HP% enemy","50","Dragoon","蒼の竜血","30512281","✓","✓"
"Estinien","The Azure Dragoon","BSB1","","Fang and Claw","PHY","Single enemy","Physical","2.08","Wind, Dark","1.65","Four single ranged jump attacks (0.52 each)","Y","Lowest HP% enemy","50","Dragoon","竜牙竜爪","30512282","✓","✓"
"Estinien","The Azure Dragoon","BSB1","","Fang and Claw (S)","PHY","Single enemy","Physical","2.60","Wind, Dark","1.65","Five single ranged jump attacks (0.52 each)","Y","Lowest HP% enemy","50","Dragoon","竜牙竜爪","30512282","✓","✓"
"Noctis","Kings of Old","BSB1","","Death Drop","PHY","Single enemy","Physical","1.90","-","1.65","Two single attacks (0.95 each), grants [High Quick Cast 2] to the user","Y","Lowest HP% enemy","50","Combat","シフトレイド","30511781","✓","✓"
"Noctis","Kings of Old","BSB1","","Point-Warp","NAT","Self","","","","1.65","Grants [Stoneskin: 30%], smart ether 1","Y","Self","50","Combat","マップシフト","30511782","✓","✓"
"Gladiolus","Tempest","BSB1","","Shield Slam","PHY","Single enemy","Physical","2.40","Earth, NE","1.65","1/2/3/4/5 single attacks (0.48 each) at 327/654/1700/2490 DEF","Y","Lowest HP% enemy","50","Knight","盾・地面たたき","30511791","✓","✓"
"Gladiolus","Tempest","BSB1","","Royal Guard","PHY","Single enemy","Physical","2.50","Earth, NE","1.65","Two single attacks (1.25 each), grants [Sentinel] to the user for 25 seconds","Y","Lowest HP% enemy","50","Knight","ロイヤルガード","30511792","✓","✓"
"Ignis","Stalwart Cook","BSB1","","Royal Menu","PHY","Single enemy","Physical","1.92","Fire, Lightning, Ice","1.20","Three single attacks (0.64 each), grants [Ingredients +1] to the user","Y","Lowest HP% enemy","50","Thief","ロイヤルメニュー","30512511","✓","✓"
"Ignis","Stalwart Cook","BSB1","","Butler's Cooking (2 Ing.)","NAT","Single ally","","","","1.65","Grants [100% Critical], causes [Ingredients -1] to the user","Y","Lowest HP% ally","50","Support","バトラーズクッキング","30512512","✓","✓"
"Ignis","Stalwart Cook","BSB1","","Butler's Cooking (1 Ing.)","NAT","Single ally","","","","1.65","Restores HP for 30% of the target's maximum HP, grants [Critical Damage +50%], causes [Ingredients -1] to the user","Y","Lowest HP% ally","50","Support","バトラーズクッキング","30512512","✓","✓"
"Ignis","Stalwart Cook","BSB1","","Butler's Cooking (0 Ing.)","NAT","Single ally","","","","1.65","Restores HP for 40% of the target's maximum HP, grants [Instant Cast 1], causes [Ingredients -1] to the user","Y","Lowest HP% ally","50","Support","バトラーズクッキング","30512512","✓","✓"
"Prompto","Shots Fired","BSB1","","Furious Volley","PHY","Single enemy","Physical","2.20","Lightning, NE","1.65","Four single ranged attacks (0.55 each), grants [Machinist Quick Cast 2] to the user","Y","Lowest HP% enemy","50","Machinist","高速連射","30511981","✓","✓"
"Prompto","Shots Fired","BSB1","","Rolling Volley","PHY","Single enemy","Physical","2.20","Lightning, NE","1.65","Two single ranged attacks (1.10 each), [DEF -40%] for 15 seconds","Y","Random enemy without status","50","Machinist","転がり連射","30511982","✓","✓"
"Prompto","Recoil (XV)","BSB2","","Sharpshot","PHY","Single enemy","Physical","2.20","Lightning, Fire","1.65","Two single ranged attacks (1.10 each), [ATK -40%] for 15 seconds","Y","Lowest HP% enemy","50","Machinist","狙い撃ち","30512731","✓","✓"
"Prompto","Recoil (XV)","BSB2","","Jumpshot","PHY","Single enemy","Physical","2.20","Lightning, Fire","1.65","Two single ranged attacks (1.10 each), [MAG -50%] for 15 seconds","Y","Lowest HP% enemy","50","Machinist","ジャンプ撃ち","30512732","✓","✓"
"Iris","Kupo Cure","BSB1","","Pocket Elixir","WHT","Single ally","Magical","4.00","Holy","0.01","Restores HP (105), damages undeads","Y","Lowest HP% ally","50","White Magic","サポート・エリクサー","30511801","✓","✓"
"Iris","Kupo Cure","BSB1","","Pocket Potion","WHT","All allies","Magical","2.00","Holy","1.65","Restores HP (25), damages undeads","Y","All allies","50","White Magic","サポート・ポーション","30511802","✓","✓"
"Aranea","Air Superiority","BSB1","","Dash Strike","PHY","Single enemy","Physical","1.96","Lightning, Dark","1.65","Two single ranged attacks (0.98 each), grants [No Air Time 2] to the user","Y","Lowest HP% enemy","50","Dragoon","ダッシュ突き","30511971","✓","✓"
"Aranea","Air Superiority","BSB1","","Heavy Foot","PHY","Single enemy","Physical","1.88","Lightning, Dark","1.65","Four single ranged attacks (0.47 each), grants [Dragoon +9% Boost 3] to the user","Y","Lowest HP% enemy","50","Dragoon","踏み込み突き","30511972","✓","✓"
"Ramza","Unsung Hero","BSB1","","Noble Blade","PHY","Single","Physical","2.50","Holy","1.65","Two single attacks (1.25 each), removes positive effects","Y","Lowest HP% enemy","50","Knight","戦士の剣","30510181","✓","✓"
"Ramza","Unsung Hero","BSB1","","Steel","NAT","Single ally","","","","1.65","Grants 80 Soul Break points","Y","Random ally","50","Support","はげます","30510182","✓","✓"
"Ramza","Battle Cry (FFT)","BSB2","","Warrior's Dance","PHY","Single enemy","Physical","2.70","Holy, NE","1.65","Five single attacks (0.54 each)","Y","Lowest HP% enemy","0","Support","戦士の剣舞","30512121","✓","✓"
"Ramza","Battle Cry (FFT)","BSB2","","Warrior's Will","NAT","Self","","","","1.65","-","N","Self","180","Support","戦士の闘志","30512122","✓","✓"
"Agrias","Divine Ruination","BSB1","","Devotion's Blade","PHY","Single enemy","Physical","2.50","Holy","1.65","Two single attacks (1.25 each), grants [Sentinel] to the user","Y","Lowest HP% enemy","50","Knight","忠の剣技","30510521","✓","✓"
"Agrias","Divine Ruination","BSB1","","Faith's Blade","PHY","Single enemy","Physical","2.50","Holy","1.65","Two single attacks (1.25 each), [RES +40%] to the user for 20 seconds","Y","Lowest HP% enemy","50","Knight","信の剣技","30510522","✓","✓"
"Delita","Hero-King","BSB1","","Godfire Blade","PHY","Single enemy","Physical","2.32","Holy, Fire","1.65","Four single attacks (0.58 each), 50% additional critical damage","Y","Lowest HP% enemy","50","Spellblade","聖炎斬","30510811","✓","✓"
"Delita","Hero-King","BSB1","","Icebolt Wave","PHY","Single enemy","Physical","2.32","Lightning, Ice","1.65","Four single attacks (0.58 each), 50% additional critical damage","Y","Lowest HP% enemy","50","Spellblade","氷雷破","30510812","✓","✓"
"Ovelia","Heart's Lament","BSB1","","Sister's Supplication","WHT","Single ally","Magical","4.00","Holy","0.01","Restores HP (105), damages undeads","Y","Lowest HP% ally","50","White Magic","修道女の哀願","30511321","✓","✓"
"Ovelia","Heart's Lament","BSB1","","Sister's Mercy","WHT","All allies","Magical","2.00","Holy","1.65","Restores HP (25), damages undeads","Y","All allies","50","White Magic","修道女の慈恵","30511322","✓","✓"
"Ovelia","Desperate Plea","BSB2","","Esuna Heal","WHT","Single ally","Magical","3.00","Holy","1.65","Restores HP (80), damages undeads, removes negative effects","Y","Lowest HP% ally","50","White Magic","ヒールエスナ","30512621","✓","✓"
"Ovelia","Desperate Plea","BSB2","","Princess Heal","WHT","All allies","Magical","2.00","Holy","1.65","Restores HP (25), damages undeads","Y","All allies","50","White Magic","プリンセスヒール","30512622","✓","✓"
"Mustadio","Sharpshot Spray","BSB1","","Quick Trigger","PHY","Single enemy","Physical","2.40","-","1.65","Two single ranged attacks (1.20 each), grants [Machinist Instant Cast 2] to the user","Y","Lowest HP% enemy","50","Machinist","ファストトリガー","30511301","✓","✓"
"Mustadio","Sharpshot Spray","BSB1","","Aegis Crush","PHY","Single enemy","Physical","2.30","-","1.65","One single ranged attack (2.30), [DEF -40%] for 15 seconds","Y","Random enemy without status","50","Support","パワークラッシュ","30511302","✓","✓"
"Orlandeau","Swordplay","BSB1","","Steely Swordplay","PHY","Single enemy","Physical","4.00","Holy, NE","3.30","Four single attacks (1.00 each), [ATK and DEF -20%] for 15 seconds","Y","Lowest HP% enemy","50","Knight","剣技・剛","30510821","✓","✓"
"Orlandeau","Swordplay","BSB1","","Dark Swordplay","PHY","Single enemy","Physical","3.80","Dark, NE","3.30","Two single attacks (1.90 each), heals the user for 20% of the damage dealt","Y","Lowest HP% enemy","50","Knight","剣技・闇","30510822","✓","✓"
"Gaffgarion","Fellsword Dance","BSB1","","Darkblade","PHY","Single enemy","Physical","1.96","Dark, NE","1.65","Two single attacks (0.98 each), smart ether 1 to the user","Y","Lowest HP% enemy","50","Darkness","ダークブレード","30510831","✓","✓"
"Gaffgarion","Fellsword Dance","BSB1","","Bloodblade","PHY","All enemies","Physical","1.34","Dark, NE","1.65","One group attack (1.34), restores HP to the lowest HP% ally for 30% of their maximum HP","Y","All enemies","50","Darkness","ブラッドブレード","30510832","✓","✓"
"Rapha","Heaven's Wrath (FFT)","BSB1","","Thunder Mark","BLK","Single enemy","Magical","9.44","Lightning, NE","1.65","Four single attacks (2.36 each), restores HP (60) to the lowest HP% ally","Y","Lowest HP% enemy","50","Black Magic","天雷の印","30511281","✓","✓"
"Rapha","Heaven's Wrath (FFT)","BSB1","","Roaring Sky","BLK","All enemies","Magical","7.86","Lightning, NE","1.65","Two group attacks (3.93 each), grants [Magic Bargain] to the user for 20 seconds","Y","All enemies","50","Black Magic","轟天陣","30511282","✓","✓"
"Marach","Hell's Wrath","BSB1","","Lightning Mark","BLK","Single enemy","Magical","9.00","Lightning, Dark","0.83","Four single attacks (2.25 each)","Y","Lowest HP% enemy","50","Black Magic","迅雷の印","30511291","✓","✓"
"Marach","Hell's Wrath","BSB1","","Thunderbreak","BLK","All enemies","Magical","6.88","Lightning, Dark","0.83","Two group attacks (3.44 each)","Y","All enemies","50","Black Magic","疾雷陣","30511292","✓","✓"
"Meliadoul","Crush Helm","BSB1","","Divine Break","PHY","Single enemy","Physical","2.20","Earth, Holy","1.65","Two single attacks (1.10 each), [ATK -40%] for 15 seconds","Y","Random enemy without status","50","Support","ディバインブレイク","30511921","✓","✓"
"Meliadoul","Crush Helm","BSB1","","Divine Crush","PHY","Single enemy","Physical","2.20","Earth, Holy","1.65","Two single attacks (1.10 each), [ATK and MAG -20%] for 15 seconds","Y","Random enemy without status","50","Support","ディバインクラッシュ","30511922","✓","✓"
"Marche","Knight Combo","BSB1","","Saint Blade","PHY","Single enemy","Physical","1.95","Holy, NE","1.65","Three single attacks (0.65 each), grants [Knight +15% Boost 3] to the user","Y","Lowest HP% enemy","50","Knight","セイントブレード","30512101","✓","✓"
"Marche","Knight Combo","BSB1","","Saint Shield","PHY","Single enemy","Physical","2.50","Holy, NE","1.65","Two single attacks (1.25 each), grants [Sentinel] to the user for 25 seconds","Y","Lowest HP% enemy","50","Knight","セイントガード","30512102","✓","✓"
"Montblanc","Black Combo","BSB1","","Magic Combo","BLK","Single enemy","Magical","10.36","Fire, Ice, Lightning","1.65","Four single attacks (2.59 each)","Y","Lowest HP% enemy","50","Black Magic","魔法コンボ","30512111","✓","✓"
"Montblanc","Black Combo","BSB1","","Moogle Rush","BLK","Single enemy","Magical","6.20","Fire, Ice, Lightning","1.65","Two single attacks (3.10 each), grants [Lingering Spirit] to the user for 20 seconds","Y","Lowest HP% enemy","50","Black Magic","魔法アクセル","30512112","✓","✓"
"Alma","Wisdom of Orbonne","BSB1","","Angelic Glimmer","WHT","Single ally","Magical","4.00","Holy","0.01","Restores HP (105), damages undeads","Y","Lowest HP% ally","50","White Magic","聖天使の片鱗","30512321","✓","✓"
"Alma","Wisdom of Orbonne","BSB1","","Cleric's Bearing","WHT","All allies","Magical","2.00","Holy","1.65","Restores HP (25), damages undeads","Y","All allies","50","White Magic","聖職のたしなみ","30512322","✓","✓"
"Orran","Record of Truth","BSB1","","Lodestar","WHT","Single ally","Magical","2.20","Holy","1.65","Restores HP (60), damages undeads, grants [Instant Cast 1]","Y","Lowest HP% ally","50","White Magic","星の導き","30512811","✓","✓"
"Orran","Record of Truth","BSB1","","Divine Blessing","WHT","All allies","Magical","2.00","Holy","1.65","Restores HP (25), damages undeads","Y","All allies","50","White Magic","天の加護","30512812","✓","✓"
"Ace","Firaga RF","BSB1","","Fire BOM","BLK","Single enemy","Magical","7.84","Fire, NE","0.83","Four single attacks (1.96 each), five attacks if user is in front row","Y","Lowest HP% enemy","50","Black Magic","ファイアBOM","30511641","✓","✓"
"Ace","Firaga RF","BSB1","","Fire SHG","BLK","All enemies","Magical","7.80","Fire, NE","1.65","Two group attacks (3.90 each), grants [Lingering Spirit] to the user for 20 seconds","Y","All enemies","50","Black Magic","ファイアSHG","30511642","✓","✓"
"Ace","Firaga SHG","BSB2","","Card Haste","BLK","Single enemy","Magical","8.96","Fire, NE","1.65","Four single attacks (2.24 each), grants [Black Magic Quick Cast 2] to the user","Y","Lowest HP% enemy","50","Black Magic","ファストカード","30513401","✓","✓"
"Ace","Firaga SHG","BSB2","","Spirit Hand","BLK","All enemies","Magical","7.80","Fire, NE","1.65","Two group attacks (3.90 each), grants [Magic Bargain] to the user for 20 seconds","Y","All enemies","50","Black Magic","スピリットデッキ","30513402","✓","✓"
"Deuce","Concerto","BSB1","","Cure ff","WHT","Single ally","Magical","4.00","Holy","0.01","Restores HP (105), damages undeads","Y","Lowest HP% ally","50","White Magic","ケアルff","30511651","✓","✓"
"Deuce","Concerto","BSB1","","Healing Melody","WHT","All allies","Magical","2.00","Holy","1.65","Restores HP (25), damages undeads","Y","All allies","50","White Magic","癒しの旋律","30511652","✓","✓"
"Nine","Class Zero Basher-in-Chief","BSB1","","Tornado Lance","PHY","Single enemy","Physical","1.92","Wind","1.65","Four single attacks (0.48 each), 0.60 multiplier if exploiting elemental weakness","Y","Lowest HP% enemy","50","Combat","トルネドランス","30511661","✓","✓"
"Nine","Class Zero Basher-in-Chief","BSB1","","Cyclonic Blast","PHY","All enemies","Physical","1.30","Wind, NE","1.65","Two group attacks (0.65 each), grants [Dark Bargain] to the user for 20 seconds","Y","All enemies","50","Combat","ワイルドブラスト","30511662","✓","✓"
"Machina","Cyclone Drive","BSB1","","Earth Drive","PHY","Single enemy","Physical","1.95","Earth, Dark","1.65","Three single attacks (0.65 each), grants [Spellblade +15% Boost 3] to the user","Y","Lowest HP% enemy","50","Spellblade","アースドライブ","30512251","✓","✓"
"Machina","Cyclone Drive","BSB1","","Fear Field","WHT","Self","","","","1.65","Grants [Stoneskin: 30%]","Y","Self","50","White Magic","フィアーフィールド","30512252","✓","✓"
"Rem","Siphon Delta","BSB1","","Manalchemy Drain","WHT","Single enemy","Magical","9.40","Holy, Dark","1.65","Four single attacks (2.35 each), restores HP (60) to the user","Y","Lowest HP% enemy","50","White Magic","コンバートドレイン","30512241","✓","✓"
"Rem","Siphon Delta","BSB1","","Manalchemy Barrier","NAT","Self","","","","1.65","Grants [Magical Blink 1] and [White Magic +15% Boost 3]","Y","Self","50","White Magic","コンバートバリア","30512242","✓","✓"
"Queen","Mana Sphere","BSB1","","Thunder Judgment","PHY","Single enemy","Physical","1.95","Lightning, Dark","1.65","Three single attacks (0.65 each), grants [Spellblade +15% Boost 3] to the user","Y","Lowest HP% enemy","50","Spellblade","サンダージャッジ","30512261","✓","✓"
"Queen","Mana Sphere","BSB1","","Energy Spark","PHY","All enemies","Physical","1.40","Lightning, Dark","1.65","Two group ranged attacks (0.70 each), grants [Dark Bargain] to the user for 20 seconds","Y","Lowest HP% enemy","50","Spellblade","エナジースパーク","30512262","✓","✓"
"King","Magazine Blast","BSB1","","Multitask","PHY","Single enemy","Physical","2.04","Lightning, Fire","1.65","Four single ranged attacks (0.51 each), five attacks if exploiting elemental weakness","Y","Lowest HP% enemy","50","Machinist","リロード射撃","30512491","✓","✓"
"King","Magazine Blast","BSB1","","Quick Shot (Type-0)","PHY","Single enemy","Physical","1.85","Lightning, Fire","1.65","One single ranged attack (1.85), grants [Machinist Instant Cast 2] to the user","Y","Lowest HP% enemy","50","Machinist","クイックショット【零式】","30512492","✓","✓"
"Cinque","Gaia Pulse","BSB1","","Gaia Swing","PHY","Single enemy","Physical","1.68","Earth, NE","1.65","Three single attacks (0.56 each), grants [Heavy +15% Boost 3] to the user","Y","Lowest HP% enemy","50","Heavy","アーススイング","30512481","✓","✓"
"Cinque","Gaia Pulse","BSB1","","Gaia Break","PHY","Single enemy","Physical","1.79","Earth, NE","1.65","One single attack (1.79), [DEF -40%] for 15 seconds","Y","Random enemy without status","50","Heavy","アースブレイク","30512482","✓","✓"
"Seven","Diving Strike","BSB1","","Blizzard Crush","BLK","Single enemy","Magical","4.72","Ice, NE","1.65","Two single attacks (2.36 each), [ATK -40%] for 15 seconds","Y","Random enemy without status","50","Black Magic","ブリザドクラッシュ","30512711","✓","✓"
"Seven","Diving Strike","BSB1","","Frost Magic","BLK","Single enemy","Magical","4.72","Ice, NE","1.65","Two single attacks (2.36 each), [MAG -50%] for 15 seconds","Y","Random enemy without status","50","Black Magic","フリーズマジック","30512712","✓","✓"
"Sice","Black Hole (Type-0)","BSB1","","Nebula Slash","PHY","Single enemy","Physical","2.52","Dark, NE","1.65","Four single attacks (0.63 each)","Y","Lowest HP% enemy","50","Darkness","ネビュラスラッシュ","30512721","✓","✓"
"Sice","Black Hole (Type-0)","BSB1","","Dark Boon","PHY","Single enemy","Physical","1.53","Dark, NE","1.65","Three single attacks (0.51 each), grants [Darkness Quick Cast 3] to the user","Y","Lowest HP% enemy","50","Darkness","ダークブースト","30512722","✓","✓"
"Jack","Lightning Flash","BSB1","","Class Clown","PHY","Single enemy","Physical","1.96","Fire, NE","1.65","Four single attacks (0.49 each), grants [Samurai +15% Boost 2] to the user","Y","Lowest HP% enemy","50","Samurai","気炎万丈","30513501","✓","✓"
"Jack","Lightning Flash","BSB1","","Fiery Reckoning","PHY","Single enemy","Physical","1.96","Fire, NE","1.65","Two single attacks (0.98 each), grants [Retaliate] to the user for 15 seconds","Y","Lowest HP% enemy","50","Samurai","炎威の構え","30513502","✓","✓"
"Eight","Glacial Phantasm","BSB1","","Apex Strike","PHY","Single enemy","Physical","2.16","Ice, NE","1.65","Four single attacks (0.54 each), 100% additional critical chance if the user has any Physical Blink","Y","Lowest HP% enemy","50","Monk","極拳","30512831","✓","✓"
"Eight","Glacial Phantasm","BSB1","","Umbral Frost","PHY","Single enemy","Physical","1.50","Ice, NE","0.83","Two single attacks (0.75 each), grants [Physical Blink 1] to the user","Y","Lowest HP% enemy","50","Monk","氷影","30512832","✓","✓"
"Sora","Ars Arcanum","BSB1","","Arcanum","PHY","Single enemy","Physical","0.74","Fire, Lightning, Ice","1.65","Two single attacks (0.37 each)","Y","Lowest HP% enemy","50","Spellblade","コンボ","30512591","✓","✓"
"Sora","Ars Arcanum","BSB1","","Break (KH)","PHY","Single enemy","Physical","1.00","Fire, Lightning, Ice","1.65","4/5/6/7 single attacks (0.50/0.83/0.97/1.16 each) scaling with [Arcanum Uses], 0/5/10/25% additional critical chance","Y","Lowest HP% enemy","50","Spellblade","ブリッツ","30512592","✓","✓"
"Riku","Darkhand Helm Split","BSB1","","Dash Swing","PHY","Single enemy","Physical","1.88","Dark, NE","0.83","Four single attacks (0.47 each)","Y","Lowest HP% enemy","50","Darkness","ダッシュ振り","30512601","✓","✓"
"Riku","Darkhand Helm Split","BSB1","","Scourge","PHY","Single enemy","Physical","1.68","Dark, NE","1.65","Three single attacks (0.56 each), grants [Darkness +15% Boost 3] to the user","Y","Lowest HP% enemy","50","Darkness","振り払い","30512602","✓","✓"
"Reynn","Channel Element: Ice","BSB1","","Glacial Arrow","BLK","Single enemy","Magical","8.00","Ice, NE","1.65","Four single attacks (2.00 each), 2.49 multiplier if exploiting elemental weakness","Y","Lowest HP% enemy","50","Black Magic","グレイシャーアロー","30511181","✓","✓"
"Reynn","Channel Element: Ice","BSB1","","Big Freeze","BLK","Single enemy","Magical","8.40","Ice, NE","1.65","Two single attacks (4.20 each), restores HP to the user for 25% of the user's maximum HP","Y","Lowest HP% enemy","50","Black Magic","ビッグフローズン","30511182","✓","✓"
"Lann","Channel Element: Fire","BSB1","","Melting Blow","PHY","Single enemy","Physical","1.92","Fire, NE","1.65","Four single ranged attacks (0.48 each), 0.60 multiplier if exploiting elemental weakness","Y","Lowest HP% enemy","50","Combat","メルトスマッシュ","30511171","✓","✓"
"Lann","Channel Element: Fire","BSB1","","Solar Flame","PHY","All enemies","Physical","1.30","Fire, NE","1.65","Two group ranged attacks (0.65 each), grants [Dark Bargain] to the user for 20 seconds","Y","All enemies","50","Combat","ソーラーフレイム","30511172","✓","✓"
"Morrow","Chrono Break","BSB1","","Seal","PHY","Single enemy","Physical","2.00","-","0.83","One single attack (2.00), [MAG -50%] for 15 seconds","Y","Random enemy","50","Support","魔封陣","30511701","✓","✓"
"Morrow","Chrono Break","BSB1","","Great Divide","PHY","Single enemy","Physical","2.00","-","0.83","One single attack (2.00), [MND -40%] for 15 seconds","Y","Random enemy","50","Support","一刀両断","30511702","✓","✓"
"Aemo","Reprogram","BSB1","","Healing Harmony","WHT","Single ally","Magical","3.00","Holy","1.65","Restores HP (80), damages undeads, removes negative effects","Y","Lowest HP% ally","50","White Magic","癒しの歌","30511711","✓","✓"
"Aemo","Reprogram","BSB1","","Living Harmony","WHT","All allies","Magical","2.00","Holy","1.65","Restores HP (25), damages undeads","Y","All allies","50","White Magic","生命の歌","30511712","✓","✓"
"Wrieg","Force Blaster","BSB1","","Geocrush","PHY","Single enemy","Physical","3.32","Earth, NE","1.65","Four single ranged jump attacks (0.83 each), air time (2.50 sec.)","Y","Lowest HP% enemy","50","Dragoon","ジオクラッシュ","30511721","✓","✓"
"Wrieg","Force Blaster","BSB1","","Earth Stomp","PHY","All enemies","Physical","1.50","Earth, NE","1.65","Two group attacks (0.75 each), grants [Sentinel] to the user for 25 seconds","Y","All enemies","50","Knight","アースストンプ","30511722","✓","✓"
"Tama","Petal Pummel","BSB1","","Bid for Time","WHT","Single ally","Magical","2.20","Holy","0.01","Restores HP (60), damages undeads, removes KO [Raise: 20%]","Y","Lowest HP% ally","50","White Magic","ときわたり","30512751","✓","✓"
"Tama","Petal Pummel","BSB1","","Cheer","WHT","All allies","Magical","2.00","Holy","1.65","Restores HP (25), damages undeads","Y","All allies","50","White Magic","げきれい","30512752","✓","✓"
"Enna Kros","Creator's Judgment","BSB1","","Might of A","BLK","Single enemy","Magical","8.96","Earth, Holy","1.65","Four single attacks (2.24 each)","Y","Lowest HP% enemy","50","Black Magic","Aの力","30512741","✓","✓"
"Enna Kros","Creator's Judgment","BSB1","","Mortal Meddling","BLK","Single enemy","Magical","6.87","Earth, Holy","1.65","Three single attacks (2.29 each), grants [Black Magic +15% Boost 3] to the user","Y","Lowest HP% enemy","50","Black Magic","世界への干渉","30512742","✓","✓"