"Realm","Img","Name","HP","ATK","DEF","MAG","RES","MND","ACC","EVA","SPD","HP - 99","ATK - 99","DEF - 99","MAG - 99","RES - 99","MND - 99","ACC - 99","EVA - 99","SPD - 99","HP - RS","ATK - RS","DEF - RS","MAG - RS","RES - RS","MND - RS","HP - LS","ATK - LS","DEF - LS","MAG - LS","RES - LS","MND - LS","SPD - LS","HP - RB","ATK - RB","DEF - RB","MAG - RB","RES - RB","MND - RB","SPD - RB","HP - CW","ATK - CW","DEF - CW","MAG - CW","RES - CW","MND - CW","HP - Mastery","ATK - Mastery","DEF - Mastery","MAG - Mastery","RES - Mastery","MND - Mastery","SPD - Mastery","Dagger","Sword","Katana","Axe","Hammer","Spear","Fist","Rod","Staff","Bow","Instrument","Whip","Thrown","Gun","Book","Blitzball","Hairpin","Gun-arm","Gambling Gear","Doll","Keyblade","Shield","Hat","Helm","Light Armor","Heavy Armor","Robe","Bracer","Accessory","Black Magic","White Magic","Combat","Support","Celerity","Summoning","Spellblade","Dragoon","Monk","Thief","Knight","Samurai","Ninja","Bard","Dancer","Machinist","Darkness","Sharpshooter","Witch","Heavy","ID"
"Core","","Tyro","18845","581","248","419","231","271","25","25","180","6800","131","130","130","130","130","25","25","130","1145","25","28","24","11","21","500","30","20","30","20","30","0","9200","190","40","190","40","60","50","1200","30","30","30","30","30","0","175","0","15","0","0","0","Y","Y","Y","Y","Y","Y","Y","Y","Y","Y","Y","Y","Y","Y","Y","Y","Y","Y","Y","Y","","Y","Y","Y","Y","Y","Y","Y","Y","5","5","5","5","5","5","5","5","5","5","5","5","5","5","6","5","6","6","6","6","10000200"
"Core","","Warrior","7200","184","184","113","113","113","25","25","95","6000","154","154","83","83","83","25","25","95","0","0","0","0","0","0","0","0","0","0","0","0","0","","","","","","","","1200","30","30","30","30","30","0","0","0","0","0","0","0","Y","Y","","Y","Y","","","","","","","","","","","","","","","","","Y","Y","Y","Y","Y","","Y","Y","","","5","","","","","","","","","","","","","","","","","","10000300"
"Core","","Knight","6299","148","195","148","148","148","25","25","95","5099","118","165","118","118","118","25","25","95","0","0","0","0","0","0","0","0","0","0","0","0","0","","","","","","","","1200","30","30","30","30","30","0","0","0","0","0","0","0","Y","Y","","Y","Y","","","","","","","","","","","","","","","","","Y","Y","Y","Y","Y","","Y","Y","","","4","","","","","","","","5","","","","","","","","","","10000400"
"Core","","Monk","6700","193","140","113","146","148","25","25","136","5500","163","110","83","116","118","25","25","136","0","0","0","0","0","0","0","0","0","0","0","0","0","","","","","","","","1200","30","30","30","30","30","0","0","0","0","0","0","0","Y","","","","","","Y","","","","","","","","","","","","","","","","Y","","Y","","","Y","Y","","","","","","","","","5","","","","","","","","","","","","10000600"
"Core","","Red Mage","5249","127","115","173","171","173","25","25","118","4049","97","85","143","141","143","25","25","118","0","0","0","0","0","0","0","0","0","0","0","0","0","","","","","","","","1200","30","30","30","30","30","0","0","0","0","0","0","0","Y","Y","","","","Y","","Y","Y","Y","","","","","","","","","","","","","Y","","Y","","Y","Y","Y","4","4","","","","","","","","","","","","","","","","","","","10000900"
"Core","","Black Mage","4700","125","101","184","184","148","25","25","118","3500","95","71","154","154","118","25","25","118","0","0","0","0","0","0","0","0","0","0","0","0","0","","","","","","","","1200","30","30","30","30","30","0","0","0","0","0","0","0","Y","","","","","","","Y","","","","","","","","","","","","","","","Y","","Y","","Y","Y","Y","4","","","","","","","","","","","","","","","","","","","","10001100"
"Core","","Magus","5249","113","113","207","202","160","25","25","107","4049","83","83","177","172","130","25","25","107","0","0","0","0","0","0","0","0","0","0","0","0","0","","","","","","","","1200","30","30","30","30","30","0","0","0","0","0","0","0","Y","","","","","","","Y","Y","","","","","","","","","","","","","","Y","","Y","","Y","Y","Y","5","","","","","","","","","","","","","","","","","","","","10001200"
"Core","","White Mage","5200","125","113","148","196","184","25","25","118","4000","95","83","118","166","154","25","25","118","0","0","0","0","0","0","0","0","0","0","0","0","0","","","","","","","","1200","30","30","30","30","30","0","0","0","0","0","0","0","Y","","","","","","","","Y","","","","","","","","","","","","","","Y","","Y","","Y","Y","Y","","4","","","","","","","","","","","","","","","","","","","10001400"
"Core","","Devout","5825","113","113","180","199","207","25","25","107","4625","83","83","150","169","177","25","25","107","0","0","0","0","0","0","0","0","0","0","0","0","0","","","","","","","","1200","30","30","30","30","30","0","0","0","0","0","0","0","Y","","","","","","","Y","Y","","","","","","","","","","","","","","Y","","Y","","Y","Y","Y","","5","","","","","","","","","","","","","","","","","","","10001500"
"Core","","Summoner","4649","114","100","183","193","161","25","25","118","3449","84","70","153","163","131","25","25","118","0","0","0","0","0","0","0","0","0","0","0","0","0","","","","","","","","1200","30","30","30","30","30","0","0","0","0","0","0","0","Y","","","","","","","Y","Y","Y","","","","","","","","","","","","","Y","","Y","","Y","Y","Y","4","","","","","5","","","","","","","","","","","","","","","10001700"
"Core","","Samurai","6610","184","166","148","166","148","25","25","118","5410","154","136","118","136","118","25","25","118","0","0","0","0","0","0","0","0","0","0","0","0","0","","","","","","","","1200","30","30","30","30","30","0","0","0","0","0","0","0","Y","","Y","","","","","","","","","","","","","","","","","","","","Y","Y","Y","Y","","Y","Y","","","","","","","","","","","","5","","","","","","","","","10001900"
"Core","","Dragoon","6200","178","166","160","125","148","25","25","142","5000","148","136","130","95","118","25","25","142","0","0","0","0","0","0","0","0","0","0","0","0","0","","","","","","","","1200","30","30","30","30","30","0","0","0","0","0","0","0","Y","Y","","Y","","Y","","","","","","","","","","","","","","","","Y","Y","Y","Y","Y","","Y","Y","","","4","","","","","5","","","","","","","","","","","","","10002000"
"Core","","Dark Knight","5850","187","150","169","153","148","25","25","95","4650","157","120","139","123","118","25","25","95","0","0","0","0","0","0","0","0","0","0","0","0","0","","","","","","","","1200","30","30","30","30","30","0","0","0","0","0","0","0","Y","Y","Y","","","","","","","","","","","","","","","","","","","Y","Y","Y","Y","Y","","Y","Y","","","4","","","","","","","","","","","","","","6","","","","10002200"
"Core","","Spellblade","5700","182","148","187","148","148","25","25","130","4500","152","118","157","118","118","25","25","130","0","0","0","0","0","0","0","0","0","0","0","0","0","","","","","","","","1200","30","30","30","30","30","0","0","0","0","0","0","0","Y","Y","","","","","","","","","","","","","","","","","","","","Y","Y","Y","Y","Y","","Y","Y","","","","","","","5","","","","","","","","","","","","","","10002300"
"Core","","Viking","7200","190","151","125","143","148","25","25","113","6000","160","121","95","113","118","25","25","113","0","0","0","0","0","0","0","0","0","0","0","0","0","","","","","","","","1200","30","30","30","30","30","0","0","0","0","0","0","0","Y","","","Y","Y","","","","","","","","","","","","","","","","","","Y","Y","Y","Y","","Y","Y","","","4","","","","","","","","","","","","","","","","","6","10002400"
"Core","","Berserker","7249","192","146","101","131","101","25","25","118","6049","162","116","71","101","71","25","25","118","0","0","0","0","0","0","0","0","0","0","0","0","0","","","","","","","","1200","30","30","30","30","30","0","0","0","0","0","0","0","Y","","","Y","Y","","","","","","","","","","","","","","","","","Y","Y","Y","Y","Y","","Y","Y","","","4","","","","","","","","","","","","","","","","","6","10002500"
"Core","","Ranger","5700","148","125","148","148","148","30","25","130","4500","118","95","118","118","118","30","25","130","0","0","0","0","0","0","0","0","0","0","0","0","0","","","","","","","","1200","30","30","30","30","30","0","0","0","0","0","0","0","Y","","","","","","","","","Y","","","","","","","","","","","","","Y","","Y","","","Y","Y","","","3","3","3","","","","","","","","","","","","","6","","","10002600"
"Core","","Thief (Core)","5900","160","143","139","143","148","25","28","172","4700","130","113","109","113","118","25","28","172","0","0","0","0","0","0","0","0","0","0","0","0","0","","","","","","","","1200","30","30","30","30","30","0","0","0","0","0","0","0","Y","","","","","","","","","","","","Y","","","","","","","","","","Y","","Y","","","Y","Y","","","","","5","","","","","5","","","","","","","","","","","10002700"
"Core","","Bard","5200","125","125","160","172","160","25","25","118","4000","95","95","130","142","130","25","25","118","0","0","0","0","0","0","0","0","0","0","0","0","0","","","","","","","","1200","30","30","30","30","30","0","0","0","0","0","0","0","Y","","","","","","","","","","Y","","","","","","","","","","","","Y","","Y","","Y","Y","Y","","","","4","","","","","","","","","","5","","","","","","","10002800"
"Core","","Ninja","6100","187","141","148","148","148","25","25","166","4900","157","111","118","118","118","25","25","166","0","0","0","0","0","0","0","0","0","0","0","0","0","","","","","","","","1200","30","30","30","30","30","0","0","0","0","0","0","0","Y","","Y","","","","","","","","","","Y","","","","","","","","","","Y","Y","Y","","Y","Y","Y","","","3","","4","","","","","","","","5","","","","","4","","","10003000"
"Core","","Gladiator","7200","186","160","148","148","148","25","25","118","6000","156","130","118","118","118","25","25","118","0","0","0","0","0","0","0","0","0","0","0","0","0","","","","","","","","1200","30","30","30","30","30","0","0","0","0","0","0","0","Y","Y","Y","Y","Y","Y","","","","Y","","","","","","","","","","","","Y","Y","Y","Y","Y","","Y","Y","","","5","","4","","","","","","","","","","","","","","","","10003300"
"Core","","Elarra","17913","127","185","264","268","658","26","25","190","5208","97","115","197","179","208","26","25","150","505","0","0","17","9","30","500","0","20","20","30","40","0","10500","0","20","0","20","260","40","1200","30","30","30","30","30","0","0","0","0","0","90","0","Y","","","","","","","Y","Y","","Y","","","","Y","","","","","","","","Y","","Y","","Y","Y","Y","3","5","","","","5","","","","","","","","5","6","","","","","","10004000"
"Core","","Biggs","19915","683","320","156","259","145","26","25","167","7475","203","184","126","149","115","26","25","117","740","30","16","0","0","0","1000","30","40","0","40","0","0","9500","300","50","0","40","0","50","1200","30","30","30","30","30","0","90","0","0","0","0","0","Y","Y","","Y","Y","","Y","","","","","","","","","","","","","","","Y","Y","Y","Y","Y","","Y","Y","2","","5","","","","3","","","","5","","","","","","","","","6","10004300"
"Core","","Wedge","17936","569","226","566","220","180","25","25","205","6041","202","125","212","123","90","25","25","165","495","12","6","24","7","0","700","20","25","45","20","0","0","9500","250","40","200","40","60","40","1200","30","30","30","30","30","0","55","0","55","0","0","0","Y","Y","","","","","","Y","Y","","","","","","","","","","","","","","Y","","Y","","Y","Y","Y","3","","","5","5","","","","","5","","","","","","","","","","","10004400"
"Core","","Dr. Mog","17564","129","204","755","299","330","25","25","189","5524","99","114","217","194","209","25","25","149","340","0","0","28","5","21","500","0","20","45","30","15","0","10000","0","40","240","40","40","40","1200","30","30","30","30","30","0","0","0","195","0","15","0","Y","","","","","","","Y","Y","","","","","","Y","","","","","","","","Y","","Y","","Y","Y","Y","5","5","","5","","5","","","","","","","","","","","","","","","10004500"
"Core","","Shadowsmith","18260","411","225","417","224","254","25","25","180","6800","131","130","130","130","130","25","25","130","560","15","5","22","4","4","500","30","20","30","20","30","0","9200","190","40","190","40","60","50","1200","30","30","30","30","30","0","15","0","15","0","0","0","Y","Y","Y","Y","Y","Y","Y","Y","Y","Y","Y","Y","Y","Y","Y","Y","Y","Y","Y","Y","","Y","Y","Y","Y","Y","Y","Y","Y","5","","5","4","","5","5","","","","","","","","","","6","","","","10005000"
"I","","Warrior of Light","20485","767","335","153","254","142","25","25","168","7930","200","197","123","142","112","25","25","118","855","27","18","0","2","0","1000","30","40","0","40","0","0","9500","290","50","0","40","0","50","1200","30","30","30","30","30","0","190","0","0","0","0","0","Y","Y","","Y","Y","","","","","","","","","","","","","","","","","Y","Y","Y","Y","Y","","Y","Y","","4","5","","2","","","","","","5","","","","","","","","","","10100100"
"I","","Garland","19583","805","279","187","243","141","25","25","166","7253","212","155","157","142","111","25","25","116","830","33","14","0","1","0","800","40","30","0","30","0","0","9500","280","50","0","40","0","50","1200","30","30","30","30","30","0","210","0","0","0","0","0","Y","Y","","Y","Y","Y","","","","","","","","","","","","","","","","Y","Y","Y","Y","Y","","Y","Y","","","5","","","","","","","","3","","","","","","6","","","6","10100200"
"I","","Sarah","17980","154","185","179","280","692","25","25","175","5270","124","105","149","169","213","25","25","135","510","0","0","0","21","29","500","0","30","0","40","40","0","10500","0","20","0","20","260","40","1200","30","30","30","30","30","0","0","0","0","0","120","0","Y","","","","","","","Y","Y","","Y","","","","","","","","","","","Y","Y","","Y","","Y","Y","Y","","5","","","","","","","","","","","","5","","","","","","","10100300"
"I","","Wol","19214","725","261","150","251","165","25","33","209","6889","202","141","120","149","135","25","33","179","725","33","10","0","2","0","800","40","30","0","30","0","0","9600","290","50","0","40","0","30","1200","30","30","30","30","30","0","130","0","0","0","0","0","Y","Y","Y","Y","Y","Y","","","","Y","","","","","","","","","","","","Y","Y","Y","Y","Y","","Y","Y","","","3","5","4","","","3","4","4","5","4","","","","","","6","","6","10100400"
"I","","Echo","17225","123","199","573","305","478","25","25","193","5070","93","109","218","199","184","25","25","153","455","0","0","30","6","19","500","0","20","40","30","20","0","10000","0","40","160","40","200","40","1200","30","30","30","30","30","0","0","0","95","0","25","0","Y","","","","","","","Y","Y","Y","Y","","","","","","","","","","","","Y","","Y","","Y","Y","Y","5","4","","","","","","","","","","","","","6","","","","","","10100500"
"I","","Master","18918","721","244","150","227","179","25","25","217","6658","211","124","120","124","149","25","25","187","560","40","10","0","3","0","800","40","30","0","30","0","0","9700","270","50","0","40","0","30","1200","30","30","30","30","30","0","130","0","0","0","0","0","Y","","","","","","Y","","","","","","","","","","","","","","","","Y","","Y","","","Y","Y","","","5","","","","","","5","","","","","","","","","","","","10100600"
"I","","Matoya","17150","135","198","661","293","324","25","25","175","5110","105","108","217","184","212","25","25","135","340","0","0","24","9","22","500","0","20","40","30","20","0","10000","0","40","240","40","40","40","1200","30","30","30","30","30","0","0","0","110","0","0","0","Y","","","","","","","Y","Y","","","","","","","","","","","","","","Y","","Y","","Y","Y","Y","5","5","","","","","","","","","","","","","","","","","6","","10100700"
"I","","Meia","17860","147","223","717","317","141","25","25","182","5665","117","120","217","179","111","25","25","142","495","0","3","30","18","0","500","0","30","40","40","0","0","10000","0","40","270","50","0","40","1200","30","30","30","30","30","0","0","0","130","0","0","0","Y","","","","","","","Y","Y","","","","","","","","","","","","","","Y","","Y","","Y","Y","Y","5","","","","","5","","","","","","","","","","","","","6","","10100800"
"I","","Thief (I)","18811","688","269","151","264","165","25","33","226","6636","205","135","121","149","135","25","33","186","775","28","19","0","5","0","800","35","25","0","20","0","20","9400","280","60","0","60","0","20","1200","30","30","30","30","30","0","110","0","0","0","0","0","Y","Y","","","","","","","","","","","","","","","","","","","","Y","Y","Y","Y","","","Y","Y","","","4","","5","","","","","5","","","","","","","","","","","10100900"
"II","","Firion","20057","821","266","179","240","179","25","25","190","6537","209","143","149","135","149","25","25","150","820","32","13","0","5","0","800","40","30","0","30","0","0","10700","320","50","0","40","0","40","1200","30","30","30","30","30","0","190","0","0","0","0","0","Y","Y","Y","Y","Y","Y","Y","Y","Y","Y","","","Y","","","","","","","","","Y","Y","Y","Y","Y","","Y","Y","1","","5","3","3","","","","","","5","5","","","","","","6","","","10200100"
"II","","Maria","17855","187","220","717","323","210","25","25","182","5655","157","120","217","187","172","25","25","142","500","0","0","30","16","8","500","0","30","40","40","0","0","10000","0","40","270","50","0","40","1200","30","30","30","30","30","0","0","0","130","0","0","0","Y","Y","","","","Y","","Y","Y","Y","","","","","","","","","","","","","Y","","Y","","Y","Y","Y","5","3","","","","","","","","","","","","","","","","6","4","","10200200"
"II","","Guy","19605","699","277","150","222","154","26","25","170","7475","212","155","120","121","124","26","25","120","630","37","12","0","1","0","800","40","30","0","30","0","0","9500","280","50","0","40","0","50","1200","30","30","30","30","30","0","100","0","0","0","0","0","Y","Y","","Y","Y","Y","Y","","","","","","","","","","","","","","","Y","Y","Y","Y","Y","","Y","Y","","","5","","","","","","5","","4","","","","","","","","","6","10200300"
"II","","Leon","19185","704","327","202","227","172","25","25","182","6955","206","194","172","127","142","25","25","142","630","38","13","0","0","0","800","40","30","0","30","0","0","9600","280","50","0","40","0","40","1200","30","30","30","30","30","0","110","10","0","0","0","0","Y","Y","","Y","","Y","","","","Y","","","","","","","","","","","","Y","Y","","Y","Y","","Y","Y","3","","5","","","","","","","","5","","","","","","6","","","","10200400"
"II","","Minwu","19160","154","185","194","279","786","25","25","189","5785","124","105","164","169","220","25","25","149","375","0","0","0","20","26","500","0","30","0","40","40","0","11300","0","20","0","20","320","40","1200","30","30","30","30","30","0","0","0","0","0","150","0","Y","","","","","","","Y","Y","","","","","","","","","","","","","Y","Y","","Y","","Y","Y","Y","","5","","","","","","","","","","","","","","","","","","","10200500"
"II","","Gordon","18270","459","357","397","380","271","25","25","189","6370","181","140","182","178","181","25","25","149","600","38","12","0","2","0","800","35","35","0","30","0","0","9300","70","140","160","140","60","40","1200","30","30","30","30","30","0","105","0","25","0","0","0","Y","Y","","","","Y","","","Y","Y","","","","","","","","","","","","Y","Y","","Y","","","Y","Y","3","4","","5","","","","","","","","","","","","","","","","","10200600"
"II","","Leila","18553","702","270","150","259","165","25","25","227","6408","203","142","120","149","135","25","25","187","645","34","13","0","0","0","800","35","25","0","20","0","20","9500","260","60","0","60","0","20","1200","30","30","30","30","30","0","140","0","0","0","0","0","Y","Y","","Y","","Y","","","Y","Y","","","Y","","","","","","","","","","Y","","Y","","","Y","Y","","","4","","5","","","","","5","","","","","","","","6","","","10200700"
"II","","Ricard","19275","708","290","194","220","179","25","25","209","6825","208","172","164","120","149","25","25","179","850","40","8","0","0","0","800","40","30","0","30","0","0","9600","280","50","0","40","0","30","1200","30","30","30","30","30","0","110","0","0","0","0","0","Y","Y","","Y","","Y","","","","","","","","","","","","","","","","Y","Y","Y","Y","Y","","Y","Y","2","","4","","","","","5","","","","","","","","","","","","","10200800"
"II","","Josef","18870","760","248","165","240","165","25","28","207","6565","211","124","135","135","135","25","28","167","605","39","14","0","5","0","800","40","30","0","30","0","0","9700","270","50","0","40","0","40","1200","30","30","30","30","30","0","170","0","0","0","0","0","Y","","","Y","Y","","Y","","","","","","","","","","","","","","","Y","Y","","Y","","Y","Y","Y","","","5","4","","","","","5","","","","","","","","","","","","10200900"
"II","","Emperor","17971","120","238","771","320","222","25","25","182","5911","90","132","211","187","184","25","25","132","460","0","6","30","13","8","500","0","30","40","40","0","0","9900","0","40","270","50","0","50","1200","30","30","30","30","30","0","0","0","190","0","0","0","Y","Y","","","","","","Y","Y","","","","","","","","","","","","","","Y","","Y","","Y","Y","Y","5","4","","","","4","","","","","","","","","","","6","","","","10201000"
"II","","Hilda","18164","129","210","147","289","649","25","25","177","5664","99","130","117","179","212","25","25","137","500","0","0","0","20","27","500","0","30","0","40","40","0","10300","0","20","0","20","260","40","1200","30","30","30","30","30","0","0","0","0","0","80","0","Y","","","","","","","Y","Y","","Y","Y","","","","","","","","","","","Y","","Y","","Y","Y","Y","","5","","","","","","","","","","","","5","6","","","","","","10201100"
"II","","Scott","19312","693","287","156","255","187","25","25","177","6882","205","149","126","155","157","25","25","137","830","28","28","0","0","0","800","40","30","0","30","0","0","9600","280","50","0","40","0","40","1200","30","30","30","30","30","0","110","0","0","0","0","0","Y","Y","","Y","Y","Y","","Y","Y","Y","","","","","","","","","","","","Y","Y","Y","Y","Y","Y","Y","Y","3","4","5","","","","5","","","","4","","","","","","","","","","10201200"
"III","","Luneth","19225","755","302","150","212","150","25","25","185","6825","208","187","120","112","120","25","25","145","800","37","5","0","0","0","800","40","30","0","30","0","0","9600","280","50","0","40","0","40","1200","30","30","30","30","30","0","160","0","0","0","0","0","Y","Y","Y","Y","Y","Y","","","","","","","","","","","","","","","","Y","Y","Y","Y","Y","","Y","Y","","","5","3","5","","4","5","","","","","","","","","4","","","","10300100"
"III","","Arc","17355","154","212","534","300","658","25","25","189","5200","124","121","203","191","210","25","25","149","455","0","1","21","9","18","500","0","20","20","30","40","0","10000","0","40","210","40","210","40","1200","30","30","30","30","30","0","0","0","50","0","150","0","Y","","","","","","","Y","Y","Y","","","","","","","","","","","","","Y","","Y","","Y","Y","Y","3","5","","","","5","","","","","","","","","","","","","","","10300200"
"III","","Refia","18740","724","240","160","251","179","25","25","212","6305","209","118","130","147","149","25","25","172","735","35","12","0","4","0","800","40","30","0","30","0","0","9700","270","50","0","40","0","40","1200","30","30","30","30","30","0","140","0","0","0","0","0","Y","","","","Y","","Y","","","","","","Y","","","","","","","","","","Y","","Y","","","Y","Y","","","5","","4","","","","5","","","","","","","","","6","","","10300300"
"III","","Ingus","20420","669","380","150","296","165","25","25","170","7670","200","206","120","157","135","25","25","120","850","24","24","0","4","0","1000","35","40","0","35","0","0","9700","210","70","0","70","0","50","1200","30","30","30","30","30","0","170","10","0","0","0","0","Y","Y","","Y","Y","","","","","","","","","","","","","","","","","Y","Y","Y","Y","Y","","Y","Y","","4","4","4","","","","","","","5","","","","","","","","","","10300400"
"III","","Desch","18166","238","242","724","277","135","25","25","189","6176","188","142","214","157","105","25","25","149","490","20","0","30","0","0","500","0","30","40","40","0","0","9800","0","40","270","50","0","40","1200","30","30","30","30","30","0","0","0","140","0","0","0","Y","Y","","","","","","Y","Y","","Y","","","","","","","","","","","","Y","","Y","","Y","Y","Y","5","","","4","","","3","","","","","","","4","","5","","","","","10300500"
"III","","Onion Knight","18660","601","235","674","228","317","25","25","205","6800","205","130","211","130","203","25","25","175","660","46","10","33","3","24","700","30","25","30","25","0","0","9300","210","40","220","40","60","30","1200","30","30","30","30","30","0","80","0","150","0","0","0","Y","Y","Y","Y","Y","Y","Y","Y","Y","Y","Y","Y","Y","Y","Y","","","","","","","Y","Y","Y","Y","Y","Y","Y","Y","3","3","3","3","3","","","","","","","","5","","","","","","","","10300600"
"III","","Cloud of Darkness","18931","154","218","828","325","228","25","25","179","5911","124","109","218","199","184","25","25","129","420","0","9","30","6","14","500","0","30","40","40","0","0","10900","0","40","310","50","0","50","1200","30","30","30","30","30","0","0","0","200","0","0","0","Y","","","","","","","Y","Y","","","Y","","","","","","","","","","","Y","","Y","","Y","Y","Y","5","4","","","","","","","","","","","","","","","6","","6","","10300700"
"III","","Aria","17835","154","182","182","306","682","25","25","193","5135","124","102","152","194","213","25","25","153","500","0","0","0","22","29","500","0","30","0","40","40","0","10500","0","20","0","20","260","40","1200","30","30","30","30","30","0","0","0","0","0","110","0","Y","","","","","","","Y","Y","","Y","","","","","","","","","","","","Y","","Y","","Y","Y","Y","","5","","3","","","","","","","","","","5","4","","","","","","10300900"
"IV","","Cecil (Dark Knight)","19950","747","272","150","224","179","25","25","170","7800","217","149","120","120","149","25","25","120","650","40","13","0","4","0","800","40","30","0","30","0","0","9500","280","50","0","40","0","50","1200","30","30","30","30","30","0","140","0","0","0","0","0","Y","Y","","","","","","","","","","","","","","","","","","","","Y","Y","Y","Y","Y","","Y","Y","","","5","","","","","","","","","","","","","","6","","","6","10400100"
"IV","","Cecil (Paladin)","20625","640","367","150","289","379","25","25","170","7475","194","209","120","149","149","25","25","120","850","26","18","0","0","0","1000","30","40","0","40","0","0","9800","190","70","0","70","170","50","1200","30","30","30","30","30","300","170","0","0","0","30","0","Y","Y","","Y","Y","","","","","Y","","","","","","","","","","","","Y","Y","Y","Y","Y","","Y","Y","","5","5","3","","","","","","","5","","","","","","","","","","10400200"
"IV","","Kain","20650","814","294","179","221","179","25","25","209","7280","211","164","149","120","149","25","25","179","870","33","20","0","1","0","800","40","30","0","30","0","0","10500","320","50","0","40","0","30","1200","30","30","30","30","30","0","180","0","0","0","0","0","Y","Y","","Y","","Y","","","","","","","","","","","","","","","","Y","Y","Y","Y","Y","","Y","Y","","","5","","3","","","5","","","","","","","","","","","","","10400300"
"IV","","Rydia","17340","150","209","777","323","201","25","25","189","5135","120","108","217","194","164","25","25","149","505","0","1","30","9","7","500","0","30","40","40","0","0","10000","0","40","260","50","0","40","1200","30","30","30","30","30","0","0","0","200","0","0","0","Y","","","","","","","Y","","","","Y","","","","","","","","","","","Y","","Y","","Y","Y","Y","5","2","","","","5","","","","","","","","","","","","","4","","10400400"
"IV","","Rosa","18295","176","202","179","288","675","25","25","189","5785","144","120","149","176","209","25","25","149","510","2","2","0","22","26","500","0","30","0","40","40","0","10300","0","20","0","20","260","40","1200","30","30","30","30","30","0","0","0","0","0","110","0","Y","","","","","","","Y","Y","Y","","","","","","","","","","","","","Y","","Y","","Y","Y","Y","","5","","4","1","","","","","","","","","","","","","6","","","10400600"
"IV","","Edward","17895","375","331","414","373","246","25","27","197","5980","158","120","194","164","138","25","27","157","515","12","6","5","9","13","800","35","35","0","30","0","0","9400","70","140","150","140","60","40","1200","30","30","30","30","30","0","70","0","35","0","5","0","Y","","","","","","","","","Y","Y","","","","","","","","","","","","Y","","Y","","Y","Y","Y","","","","5","","","","","","","","","","5","","","","","","","10400700"
"IV","","Yang","19417","689","286","150","266","179","25","25","198","7247","209","163","120","166","149","25","25","158","570","40","13","0","0","0","800","40","30","0","30","0","0","9600","280","50","0","40","0","40","1200","30","30","30","30","30","0","90","0","0","0","0","0","Y","","","","","","Y","","","","","","","","","","","","","","","","Y","","Y","","Y","Y","Y","","","5","","3","","","","5","","","","","","","","","","","","10400800"
"IV","","Palom","17275","123","217","744","337","142","25","25","189","5070","93","117","224","202","112","25","25","149","505","0","0","30","15","0","500","0","30","40","40","0","0","10000","0","40","260","50","0","40","1200","30","30","30","30","30","0","0","0","160","0","0","0","Y","","","","","","","Y","Y","","","","","","","","","","","","","","Y","","Y","","Y","Y","Y","5","","","","","","","","","","","","","","","","","","","","10400900"
"IV","","Porom","17775","142","185","179","296","705","25","25","189","5070","112","105","149","191","218","25","25","149","505","0","0","0","15","27","500","0","30","0","40","40","0","10500","0","20","0","20","260","40","1200","30","30","30","30","30","0","0","0","0","0","130","0","Y","","","","","","","Y","Y","Y","","","","","","","","","","","","","Y","","Y","","Y","Y","Y","","5","","","","","","","","","","","","","","","","","","","10401000"
"IV","","Tellah","18565","135","196","769","309","285","25","25","189","5525","105","105","212","194","217","25","25","149","340","0","1","27","5","18","500","0","20","40","30","20","0","11000","0","40","310","50","0","40","1200","30","30","30","30","30","0","0","0","150","0","0","0","Y","","","","","","","Y","Y","","","","","","","","","","","","","","Y","","Y","","Y","Y","Y","5","4","","","","","","","","","","","","","","","","","","","10401100"
"IV","","Edge","18220","607","225","430","247","225","25","25","217","6435","205","130","149","157","135","25","25","187","485","37","0","11","0","0","800","35","25","0","20","0","20","9300","160","40","240","40","60","10","1200","30","30","30","30","30","0","140","0","0","0","0","0","Y","","Y","","","","Y","","","","","","Y","","","","","","","","","","Y","","Y","","","Y","Y","","","2","","5","","","","","4","","","5","","","","","6","","","10401200"
"IV","","Fusoya","17370","135","199","475","281","589","25","25","189","5330","105","108","217","176","212","25","25","149","340","0","1","18","5","27","500","0","20","40","30","20","0","10000","0","40","100","40","250","40","1200","30","30","30","30","30","0","0","0","70","0","50","0","Y","","","","","","","Y","Y","","","","","","","","","","","","","","Y","","Y","","Y","Y","Y","5","5","","","","","","","","","","","","","","","","","","","10401300"
"IV","","Golbez","19825","194","278","780","325","135","25","25","173","6825","164","173","205","194","105","25","25","123","600","0","5","35","11","0","500","0","30","40","40","0","0","10700","0","40","320","50","0","50","1200","30","30","30","30","30","0","0","0","150","0","0","0","Y","Y","Y","Y","Y","","","Y","","","","","","","","","","","","","","Y","Y","Y","Y","Y","","Y","Y","5","","3","3","","","","","","","5","","","","","","6","","","","10401400"
"IV","","Cid (IV)","19841","726","297","147","216","142","26","25","179","7591","209","171","117","115","112","26","25","109","750","42","11","0","1","0","800","35","35","0","30","0","0","9500","280","50","0","40","0","70","1200","30","30","30","30","30","0","130","0","0","0","0","0","Y","","","Y","Y","","","","","","","","","","","","","","","","","Y","Y","Y","Y","Y","","Y","Y","","","5","4","","","","","","","","","","","","5","","","","","10401500"
"IV","","Ceodore","19595","720","332","156","307","229","25","25","186","6915","204","179","126","162","196","25","25","146","780","36","13","0","5","3","1000","30","40","0","40","0","0","9700","270","70","0","70","0","40","1200","30","30","30","30","30","0","150","0","0","0","0","0","Y","Y","","","","Y","","","Y","Y","","","","","","","","","","","","Y","Y","Y","Y","Y","Y","Y","Y","","5","5","4","","","","","","","5","","","","","","","","","","10401800"
"IV","","Rubicante","17913","120","230","702","294","244","25","25","180","5813","90","133","212","170","184","25","25","140","400","0","7","30","14","10","500","0","20","40","30","20","0","10000","0","40","270","50","0","40","1200","30","30","30","30","30","0","0","0","120","0","0","0","Y","","","","","","Y","Y","Y","","","","","","","","","","","","","","Y","","Y","","Y","Y","Y","5","5","","","","","","","","","","","","","","","6","","","","10402000"
"IV","","Ursula","18732","708","267","150","258","179","25","30","214","6382","200","137","120","158","149","25","30","184","650","38","20","0","0","0","800","40","30","0","30","0","0","9700","280","50","0","40","0","30","1200","30","30","30","30","30","0","120","0","0","0","0","0","Y","","","","","","Y","","","","","Y","","","","","","","","","","","Y","","Y","","Y","Y","Y","","","5","","5","","","","5","","","","","","","","","","","","10402100"
"IV","","Barbariccia","17816","141","221","685","325","141","25","30","182","5616","111","119","217","189","111","25","30","142","500","0","2","28","16","0","500","0","30","40","40","0","0","10000","0","40","270","50","0","40","1200","30","30","30","30","30","0","0","0","100","0","0","0","Y","","","","","","","Y","Y","","","","","","","","","","","","","","Y","","Y","","Y","Y","Y","5","","","","","","","","","","","","","","","","6","","6","","10402200"
"V","","Lenna","17878","154","185","206","275","713","25","25","189","5198","124","105","176","164","214","25","25","149","480","0","0","0","21","29","500","0","30","0","40","40","0","10500","0","20","0","20","260","40","1200","30","30","30","30","30","0","0","0","0","0","140","0","Y","","","","","","","Y","Y","Y","","","","","","","","","","","","","Y","","Y","","Y","Y","Y","2","5","","","","","","","","","","","","","6","","","","","","10500200"
"V","","Galuf","20325","822","282","191","263","187","25","25","212","7120","206","163","161","161","157","25","25","172","605","36","9","0","2","0","800","40","30","0","30","0","0","10600","320","50","0","40","0","40","1200","30","30","30","30","30","0","190","0","0","0","0","0","Y","","Y","","Y","","Y","","","","","","","","","","","","","","","","Y","","Y","","","Y","Y","","4","5","3","","","","","5","","","4","4","","","","","","","6","10500500"
"V","","Gogo (V)","17856","120","195","672","284","307","25","25","179","5876","90","105","217","176","194","25","25","129","280","0","0","25","8","23","500","0","20","40","30","20","0","10000","0","40","240","40","40","50","1200","30","30","30","30","30","0","0","0","120","0","0","0","Y","","","","","","","Y","Y","","","","","","","","","","","","","","Y","","Y","","Y","Y","Y","5","5","","","","","","","","","","","","5","","","","","","","10500600"
"V","","Gilgamesh","20355","772","337","219","257","172","25","25","171","7985","197","202","189","157","142","25","25","121","870","35","15","0","0","0","800","40","30","0","30","0","0","9500","290","50","0","40","0","50","1200","30","30","30","30","30","0","180","10","0","0","0","0","Y","Y","Y","Y","Y","Y","Y","Y","","","","","","","","","","","","","","Y","Y","Y","Y","Y","","Y","Y","","","5","","","","","4","","","5","5","","","","","","","","","10500700"
"V","","Bartz","19129","814","275","179","236","179","25","33","193","6679","209","149","149","135","149","25","33","148","850","35","16","0","1","0","800","40","30","0","30","0","0","9600","250","50","0","40","0","40","1200","30","30","30","30","30","0","250","0","0","0","0","5","Y","Y","Y","Y","","Y","","","","Y","","","Y","","","","","","","","","Y","Y","Y","Y","Y","","Y","Y","","","5","","4","","5","","","4","","","","","","","","6","","","10500800"
"V","","Faris","18212","790","263","150","263","165","25","32","217","6042","187","120","120","139","135","25","32","187","670","38","8","0","4","0","800","35","35","0","30","0","0","9500","290","70","0","60","0","30","1200","30","30","30","30","30","0","210","0","0","0","0","0","Y","Y","","","","Y","","","","Y","Y","Y","Y","","","","","","","","","Y","Y","Y","Y","Y","Y","Y","Y","","","","5","4","","","","","5","","","","","4","","","6","","","10500900"
"V","","Dorgann","20063","685","339","145","280","170","24","25","181","7513","204","190","115","150","140","24","25","141","850","31","19","0","0","0","800","40","30","0","30","0","0","9700","270","70","0","70","0","40","1200","30","30","30","30","30","0","110","0","0","0","0","0","Y","Y","Y","Y","","Y","","","","","","","","","","","","","","","","Y","Y","Y","Y","Y","","Y","Y","","","5","4","","","3","","","","5","2","","","","","","","","","10501000"
"V","","Exdeath","18925","154","213","724","287","557","25","25","173","5725","124","123","212","194","202","25","25","123","500","0","0","32","3","15","500","0","20","40","20","30","0","11000","0","40","300","40","250","50","1200","30","30","30","30","30","0","0","0","110","0","30","0","Y","Y","","","","","","Y","Y","","","","","","","","","","","","","","Y","Y","Y","Y","Y","Y","Y","5","5","","","","","","","","","","","","","","","6","","","","10501100"
"V","","Krile","17725","156","214","837","321","136","25","25","181","5525","126","114","217","191","106","25","25","141","500","0","0","30","10","0","500","0","30","40","40","0","0","10000","0","40","260","50","0","40","1200","30","30","30","30","30","0","0","0","260","0","0","0","Y","","","","","","","Y","Y","","","Y","","","","","","","","","","Y","Y","","Y","","Y","Y","Y","5","","","","","5","","","","","","","","","","","","","4","","10501200"
"V","","Xezat","19071","689","282","205","240","179","27","25","180","6611","207","153","175","140","149","27","25","140","760","32","19","0","0","0","800","40","30","0","30","0","0","9700","270","50","0","40","0","40","1200","30","30","30","30","30","0","110","0","0","0","0","0","Y","Y","Y","Y","Y","Y","","","","","","","","","","","","","","","","Y","Y","Y","Y","Y","","Y","Y","4","","4","","","","5","","","","3","","","","","","","","","","10501600"
"V","","Kelger","18753","701","262","198","253","166","25","32","227","6538","206","142","161","143","136","25","32","187","715","40","5","7","0","0","800","35","25","0","20","0","20","9500","280","60","0","60","0","20","1200","30","30","30","30","30","0","110","0","0","0","0","0","Y","Y","Y","","","","","","","","","","","","","","","","","","","Y","Y","Y","Y","Y","","Y","Y","","","5","","5","","","","","4","","","5","","","","","","","","10501700"
"VI","","Terra","18560","168","222","789","322","179","25","25","189","6500","135","120","217","194","149","25","25","149","560","3","2","32","8","0","500","0","30","40","40","0","0","9800","0","40","260","50","0","40","1200","30","30","30","30","30","0","0","0","210","0","0","0","Y","Y","","","","","","Y","","","","","","","","","","","","","","Y","Y","Y","Y","Y","Y","Y","Y","5","3","","4","","5","","","","","","","","","","","","","4","","10600100"
"VI","","Locke","19285","757","270","150","263","165","25","33","227","7150","205","138","120","149","135","25","33","187","835","27","17","0","4","0","800","35","25","0","20","0","20","9300","280","60","0","60","0","20","1200","30","30","30","30","30","0","180","0","0","0","0","0","Y","Y","","","","","","","","","","","Y","","","","","","","","","Y","Y","Y","Y","","Y","Y","Y","","","4","3","5","","","","","5","","","","","","","","6","","","10600300"
"VI","","Celes","19157","778","256","224","336","179","25","25","189","6707","200","141","194","224","149","25","25","149","850","28","5","0","12","0","800","40","30","0","30","0","0","9600","280","50","0","40","0","40","1200","30","30","30","30","30","0","200","0","0","0","0","0","Y","Y","","","","","","Y","Y","","","","","","","","","","","","","Y","Y","Y","Y","","Y","Y","Y","4","3","3","","","","5","","","","5","","","","","","","","","","10600400"
"VI","","Mog","19045","311","327","197","369","536","25","29","209","6630","185","147","167","179","212","25","29","169","515","36","0","0","0","24","500","0","30","0","40","40","0","10200","60","120","0","120","100","40","1200","30","30","30","30","30","0","0","0","0","0","130","0","Y","","","","","Y","","Y","Y","","Y","","","","","","","","","","","Y","Y","","Y","","Y","Y","Y","3","5","","","","","","5","","","","","","","6","","","","","","10600500"
"VI","","Edgar","19785","705","366","150","280","179","25","25","175","7235","202","209","120","149","149","25","25","135","850","23","27","0","1","0","800","40","30","0","30","0","0","9700","250","70","0","70","0","40","1200","30","30","30","30","30","0","160","0","0","0","0","0","Y","Y","","","","Y","","","","","","","","Y","","","","","","","","Y","Y","Y","Y","Y","","Y","Y","","","5","5","","","","","","","5","","","","","5","","6","","","10600600"
"VI","","Sabin","19580","742","284","150","225","179","25","25","204","7475","213","164","120","120","149","25","25","164","605","39","10","0","5","0","800","40","30","0","30","0","0","9500","280","50","0","40","0","40","1200","30","30","30","30","30","0","140","0","0","0","0","0","Y","","","","","","Y","","","","","","","","","","","","","","","Y","Y","","Y","","","Y","Y","","","5","","","","","","5","","","","","","","","","","","","10600700"
"VI","","Shadow","19940","778","250","203","267","165","25","32","227","6825","205","130","164","157","135","25","32","187","715","38","5","9","0","0","800","35","25","0","20","0","20","10400","330","60","0","60","0","20","1200","30","30","30","30","30","0","140","0","0","0","0","0","Y","","Y","","","","","","","","","","Y","","","","","","","","","","Y","","Y","","Y","Y","Y","","","4","","5","","","","","","","","5","","","","","6","","","10600800"
"VI","","Cyan","19155","729","276","165","235","179","25","25","189","6955","212","154","135","135","149","25","25","149","600","37","12","0","0","0","800","40","30","0","30","0","0","9600","270","50","0","40","0","40","1200","30","30","30","30","30","0","140","0","0","0","0","0","Y","","Y","","","","","","","","","","","","","","","","","","","Y","Y","Y","Y","Y","Y","Y","Y","","","5","","","","","","","","","5","","","","","","","","","10600900"
"VI","","Gau","18857","718","259","202","235","194","25","29","213","6857","203","135","172","120","164","25","29","173","600","40","9","0","5","0","800","35","25","0","20","0","20","9400","280","60","0","60","0","20","1200","30","30","30","30","30","0","130","0","0","0","0","0","Y","","","","","","Y","","","","","","","","","","","","","","","","Y","","Y","","","Y","Y","","","5","","5","","","","","","","","","","","","","","","","10601000"
"VI","","Setzer","18190","745","266","179","278","187","25","25","182","5980","176","123","149","149","157","25","25","142","710","34","8","0","9","0","800","35","35","0","30","0","0","9500","320","70","0","60","0","40","1200","30","30","30","30","30","0","150","0","0","0","0","0","Y","Y","","","","","","","","","","","Y","","","","","","Y","","","Y","Y","Y","Y","","Y","Y","Y","","","3","5","3","","","","","","","","","","","5","","6","","","10601100"
"VI","","Strago","18630","135","217","770","306","249","25","25","189","5590","105","117","210","179","202","25","25","149","340","0","0","30","7","17","500","0","30","40","40","0","0","11000","0","40","310","50","0","40","1200","30","30","30","30","30","0","0","0","150","0","0","0","Y","","","","","","","Y","Y","","","","","","","","","","","","","Y","Y","","Y","","Y","Y","Y","5","3","","","","4","","","","","","","","","","","","","","","10601200"
"VI","","Relm","17890","148","175","270","268","707","25","25","189","5200","118","105","197","184","208","25","25","149","490","0","0","23","4","29","500","0","20","20","30","40","0","10500","0","20","0","20","260","40","1200","30","30","30","30","30","0","0","0","0","0","140","0","Y","","","","","","","Y","Y","","","Y","","","","","","","","","","","Y","","Y","","Y","Y","Y","3","5","","4","","4","","","","","","","","","","","","","","","10601300"
"VI","","Gogo (VI)","17786","520","220","572","217","327","25","25","179","5876","199","130","211","127","203","25","25","129","710","16","0","16","0","14","500","30","20","30","20","20","0","9500","190","40","230","40","60","50","1200","30","30","30","30","30","0","55","0","55","0","0","0","Y","Y","","","","","","Y","Y","","","","","","","","","","","","","","Y","Y","Y","","Y","Y","Y","5","5","5","","","","","","","","","","","","","","","","","","10601400"
"VI","","Umaro","18889","705","277","150","221","150","26","25","170","6679","215","152","120","121","120","26","25","120","510","40","15","0","0","0","800","40","30","0","30","0","0","9700","270","50","0","40","0","50","1200","30","30","30","30","30","0","110","0","0","0","0","0","Y","","","","Y","","Y","","","","","","Y","","","","","","","","","","Y","","Y","","","Y","Y","","","5","","","","","","5","","","","","","","","","6","","","10601500"
"VI","","Kefka","17950","194","227","727","342","105","25","25","189","5850","164","127","215","202","75","25","25","149","500","0","0","32","20","0","500","0","30","40","40","0","0","9900","0","40","260","50","0","40","1200","30","30","30","30","30","0","0","0","150","0","0","0","Y","","","","","","","Y","Y","","Y","","","","","","","","","","","Y","Y","","Y","","Y","Y","Y","5","","","3","","","","","","","","","","5","4","","6","","","","10601600"
"VI","","Leo","19631","737","344","150","260","178","25","25","177","7081","210","197","120","130","148","25","25","107","850","37","17","0","0","0","800","40","30","0","30","0","0","9700","270","70","0","70","0","70","1200","30","30","30","30","30","0","150","0","0","0","0","0","Y","Y","Y","","","","","","","","","","","","","","","","","","","Y","Y","Y","Y","Y","","Y","Y","","","5","","","","","","","","5","4","","","","","","","","6","10601700"
"VI","","Ultros","18662","498","253","538","247","180","25","25","189","6772","202","151","212","148","90","25","25","149","590","21","7","21","4","0","700","20","25","40","25","0","0","9400","210","40","220","40","60","40","1200","30","30","30","30","30","0","15","0","15","0","0","0","Y","","","","","","Y","Y","","","","Y","Y","","","","","","","","","","Y","","Y","","","Y","","5","","5","","","5","","","","","","","","","","","","","","","10607800"
"VII","","Cloud","20099","909","268","150","250","179","25","25","189","6679","212","149","120","149","149","25","25","149","820","37","9","0","1","0","800","40","30","0","30","0","0","10600","320","50","0","40","0","40","1200","30","30","30","30","30","0","270","0","0","0","0","0","Y","Y","Y","","","","","","","","","","","","","","","","","","","Y","Y","Y","Y","Y","","Y","Y","","","5","","3","","4","","","","","5","","","","","","","","6","10700100"
"VII","","Barret","18930","700","286","138","257","179","25","25","172","6930","187","142","108","135","149","25","25","122","600","38","9","0","2","0","800","35","35","0","30","0","0","9400","290","70","0","60","0","50","1200","30","30","30","30","30","0","120","0","0","0","0","0","Y","","","","","","","","","","","","","Y","","","","Y","","","","","Y","","Y","","Y","Y","Y","2","","3","5","","","","","","","","","","","","5","","6","","","10700200"
"VII","","Tifa","18727","755","284","179","249","179","25","30","209","6402","208","164","149","149","149","25","30","179","525","37","10","0","0","0","800","40","30","0","30","0","0","9800","280","50","0","40","0","30","1200","30","30","30","30","30","0","160","0","0","0","0","0","Y","","","","","","Y","","","","","","","","","","","","","","","","Y","","Y","","Y","Y","Y","","","5","","3","","","","5","","","","","","","","","","","","10700300"
"VII","","Aerith","17880","150","175","273","255","667","25","25","189","5200","120","105","206","169","209","25","25","149","480","0","0","17","6","28","500","0","20","20","30","40","0","10500","0","20","0","20","260","40","1200","30","30","30","30","30","0","0","0","0","0","100","0","Y","","","","","","","Y","Y","","","","","","","","","","","","","","Y","","Y","","Y","Y","Y","3","5","","2","","5","","","","","","","","","","","","","","","10700400"
"VII","","Red XIII","18100","376","277","615","250","239","25","25","209","6500","178","170","217","149","149","25","25","169","300","33","2","28","1","0","800","35","35","0","30","0","0","9300","50","40","260","40","60","40","1200","30","30","30","30","30","0","50","0","80","0","0","0","Y","","","","","","Y","","","","","","","","","","Y","","","","","","Y","Y","Y","","","Y","Y","4","1","3","5","","","","","","","","","","","","","","","","","10700500"
"VII","","Yuffie","18168","766","227","308","228","225","25","32","217","6328","197","130","191","127","135","25","32","187","640","19","2","17","6","0","700","40","25","20","25","0","0","9300","270","40","50","40","60","30","1200","30","30","30","30","30","0","210","0","0","0","0","0","Y","","Y","","","","Y","","","Y","","","Y","","","","","","","","","","Y","","Y","","","Y","Y","3","","","","4","","","","","5","","","5","","4","","","6","","","10700600"
"VII","","Cait Sith","18167","194","337","439","385","441","25","29","184","6097","164","147","205","179","217","25","29","144","470","0","0","24","6","24","500","0","20","20","30","40","0","9900","0","140","160","140","40","40","1200","30","30","30","30","30","0","0","0","0","0","90","0","Y","","","","","","","Y","Y","","Y","","","","","","","","","","","","Y","","Y","","","Y","Y","","4","","","","4","","","","","","","","5","6","","","","","","10700700"
"VII","","Vincent","18151","506","213","661","233","120","31","25","212","6041","194","118","212","124","90","31","25","172","410","22","0","29","4","0","700","30","25","30","25","0","0","9800","160","40","280","50","0","40","1200","30","30","30","30","30","0","70","0","80","0","0","0","Y","","","","","","","Y","Y","","","","","Y","","","","","","","","","Y","","Y","","","Y","Y","5","","","4","","4","","","","","","","","","","5","6","6","","","10700800"
"VII","","Zack","20062","774","256","179","247","172","25","30","223","6512","212","135","149","157","142","25","30","173","850","37","16","0","0","0","800","35","25","0","20","0","20","10700","320","50","0","40","0","30","1200","30","30","30","30","30","0","140","0","0","0","0","0","Y","Y","Y","","","","Y","","","","","","","","","","","","","","","Y","Y","Y","Y","Y","","Y","Y","","","5","3","5","","3","","","","","","","","","","","","","","10700900"
"VII","","Sephiroth","20450","858","274","182","253","182","25","25","192","7150","228","152","152","152","152","25","25","152","800","40","12","0","1","0","800","40","30","0","30","0","0","10500","320","50","0","40","0","40","1200","30","30","30","30","30","0","200","0","0","0","0","0","Y","","Y","","","","","","","","","","","","","","","","","","","","Y","","Y","Y","","Y","Y","3","","5","","","","","","","","","5","","","","","6","","","","10701000"
"VII","","Cid (VII)","20062","783","289","172","235","172","25","25","194","6662","203","169","142","135","142","25","25","154","800","40","10","0","0","0","800","40","30","0","30","0","0","10600","330","50","0","40","0","40","1200","30","30","30","30","30","0","140","0","0","0","0","0","Y","","","","","Y","","","","","","","","","","","","","","","","","Y","","Y","Y","","Y","Y","","","4","3","3","","","5","","","","","","","","5","","","","","10701100"
"VII","","Reno","18306","562","246","572","267","195","25","25","205","6616","202","151","202","172","105","25","25","165","490","20","0","30","0","0","700","30","25","30","25","0","0","9300","210","40","210","40","60","40","1200","30","30","30","30","30","0","70","0","70","0","0","0","Y","","","","","","Y","Y","","","","","Y","","","","","","","","","","Y","","Y","","Y","Y","Y","5","","4","","5","","","","","","","","","","","5","","","","","10701200"
"VII","","Angeal","20803","746","321","143","253","171","24","25","186","7453","204","195","113","151","141","24","25","146","850","32","16","0","2","0","800","40","30","0","30","0","0","10500","330","50","0","40","0","40","1200","30","30","30","30","30","0","110","0","0","0","0","0","Y","Y","","","","Y","","","","","","","","","","","","","","","","Y","Y","Y","Y","Y","","Y","Y","","4","5","","","","5","","","","5","","","","","","","","","6","10701500"
"VII","","Rufus","19805","735","254","153","234","199","26","25","184","6500","210","131","123","139","149","26","25","144","705","35","13","0","5","0","700","40","30","0","20","20","0","10700","320","50","0","40","0","40","1200","30","30","30","30","30","0","100","0","0","0","0","0","Y","","","","","","","","","","","","","Y","","","","","","","","","Y","","Y","","Y","Y","Y","","4","4","4","","","","","","","","","","","","","6","6","","","10701800"
"VII","","Shelke","19035","716","288","148","250","165","25","33","217","6930","206","139","118","127","135","25","33","187","705","35","14","0","3","0","800","35","35","0","30","0","0","9400","270","70","0","60","0","30","1200","30","30","30","30","30","0","140","0","0","0","0","0","Y","Y","","","","Y","","","","","","","","","","","","","","","","","Y","","Y","","","Y","Y","","","3","5","5","","","","","","","","","","","4","","","","","10701900"
"VII","","Rude","18613","545","252","548","249","255","25","25","182","6893","203","157","194","164","160","25","25","132","520","22","0","24","0","5","700","40","25","30","15","0","0","9300","200","40","220","40","60","50","1200","30","30","30","30","30","0","50","0","50","0","0","0","Y","","","","","","Y","","","","","","","","","","","","","","","","Y","","Y","","Y","Y","Y","5","4","5","","","","","","5","","","","","","","","","","","","10702000"
"VII","","Elena","19077","718","262","154","245","177","26","25","187","6727","206","143","124","139","147","26","25","147","750","42","9","0","6","0","800","40","30","0","30","0","0","9600","280","50","0","40","0","40","1200","30","30","30","30","30","0","120","0","0","0","0","0","Y","","","","","","Y","","","","","","Y","Y","","","","","","","","","Y","","Y","","Y","Y","Y","","","5","","4","","","","","","","","","","","5","","6","","","10702100"
"VII","","Genesis","19217","681","273","193","257","177","26","25","189","6777","209","148","163","157","147","26","25","149","840","32","15","0","0","0","800","40","30","0","30","0","0","9600","290","50","0","40","0","40","1200","30","30","30","30","30","0","80","0","0","0","0","0","Y","Y","","","","","","","","","","","","","","","","","","","","","Y","","Y","","","Y","Y","4","","5","","","","5","","","","","","","4","","","6","","","","10708000"
"VIII","","Squall","19015","802","264","179","249","179","25","25","175","6565","209","135","149","149","149","25","25","135","850","33","19","0","0","0","800","40","30","0","30","0","0","9600","270","50","0","40","0","40","1200","30","30","30","30","30","0","220","0","0","0","0","0","Y","Y","","","","","","","","","","","","","","","","","","","","Y","Y","Y","Y","Y","","Y","Y","2","3","5","","3","","5","","","","","","","","","","","","","","10800100"
"VIII","","Rinoa","17945","174","220","817","291","179","25","25","189","5850","144","120","217","157","149","25","25","149","495","0","0","30","14","0","500","0","30","40","40","0","0","9900","0","40","260","50","0","40","1200","30","30","30","30","30","0","0","0","240","0","0","0","Y","","","","","","","Y","","","","","Y","","","","","","","","","","Y","","Y","","Y","Y","Y","5","3","","3","2","5","","","","","","","","","","","","6","6","","10800200"
"VIII","","Quistis","17940","203","214","691","281","251","25","25","189","5850","166","120","203","172","149","25","25","149","490","7","4","18","9","12","500","0","20","40","30","20","0","9900","0","40","240","40","40","40","1200","30","30","30","30","30","0","0","0","160","0","0","0","Y","","","","","","","Y","Y","","","Y","","","","","","","","","","","Y","","Y","","Y","Y","Y","4","2","","4","","","","","","","","","","","","","","","","","10800300"
"VIII","","Zell","18725","743","255","165","234","179","25","28","217","6500","208","141","135","144","149","25","28","187","525","40","9","0","0","0","800","35","25","0","20","0","20","9700","280","50","0","40","0","10","1200","30","30","30","30","30","0","150","0","0","0","0","0","Y","","","","","","Y","","","","","","","","","","","","","","","","Y","","Y","","","Y","Y","","","5","","4","","","","5","","","","","","","","","","","","10800400"
"VIII","","Selphie","18185","150","193","226","278","711","25","25","189","5720","120","112","179","176","208","25","25","149","465","0","1","17","12","23","500","0","30","0","40","40","0","10300","0","20","0","20","260","40","1200","30","30","30","30","30","0","0","0","0","0","150","0","Y","","","","","","","Y","Y","","","Y","","","","","","","","","","","Y","","Y","","Y","Y","Y","3","5","","","3","","","","","","","","","","6","","","","","","10800500"
"VIII","","Irvine","18175","718","265","184","268","179","30","25","182","6045","179","121","154","142","149","30","25","142","530","44","9","0","6","0","800","35","35","0","30","0","0","9600","290","70","0","60","0","40","1200","30","30","30","30","30","0","140","0","0","0","0","0","Y","","","","","","","","","","","","","Y","","","","","","","","","Y","","Y","","","Y","Y","1","2","3","5","","","","","","","","","","","","5","","6","","","10800600"
"VIII","","Seifer","20250","750","331","148","266","172","25","25","189","7670","202","194","118","166","142","25","25","149","880","33","27","0","0","0","1000","35","30","0","30","0","0","9500","290","50","0","40","0","40","1200","30","30","30","30","30","0","160","0","0","0","0","0","Y","Y","","","","","","","","","","","","","","","","","","","","Y","Y","Y","Y","Y","","Y","Y","2","","5","3","","","","","","","5","5","","","","","6","","","","10800700"
"VIII","","Laguna","18940","759","249","156","252","172","25","25","184","6500","206","130","126","149","142","25","25","144","740","33","9","0","3","0","800","40","30","0","30","0","0","9700","290","50","0","40","0","40","1200","30","30","30","30","30","0","160","0","0","0","0","0","Y","Y","","","","","","","","","","","","Y","","","","","","","","Y","Y","Y","Y","Y","","Y","Y","","","4","3","4","","","","","","","","","","","5","","6","","","10800900"
"VIII","","Edea","17730","154","209","754","301","90","25","25","179","5525","124","109","224","164","60","25","25","129","505","0","0","30","17","0","500","0","30","40","40","0","0","10000","0","40","260","50","0","50","1200","30","30","30","30","30","0","0","0","170","0","0","0","Y","","","","","","","Y","Y","","","","Y","","","","","","","","","","Y","","Y","","Y","Y","Y","5","","","","","","","","","","","","","","","","6","6","6","","10801000"
"VIII","","Raijin","19317","751","281","150","238","179","25","25","182","7147","201","158","120","138","149","25","25","132","570","40","13","0","0","0","800","40","30","0","30","0","0","9600","290","50","0","40","0","50","1200","30","30","30","30","30","0","150","0","0","0","0","0","Y","","","Y","Y","Y","Y","","","","","","","","","","","","","","","Y","Y","","Y","Y","","Y","Y","","","5","3","3","","","","5","","","","","","","","","","","","10801200"
"VIII","","Fujin","18211","198","216","722","274","190","25","25","199","5911","148","115","212","156","160","25","25","159","600","0","6","30","13","0","700","20","25","40","25","0","0","9800","0","40","270","50","0","40","1200","30","30","30","30","30","0","0","0","140","0","0","0","Y","","","","","","","Y","","","","","Y","","","","","","","","","","Y","","Y","","Y","Y","Y","5","4","","4","","","","","","","","","5","","","","","6","","","10801300"
"VIII","","Kiros","18592","684","272","211","267","165","25","32","217","6537","202","132","170","147","135","25","32","187","555","37","5","11","0","0","800","35","35","0","30","0","0","9500","270","70","0","60","0","30","1200","30","30","30","30","30","0","110","0","0","0","0","0","Y","Y","","","","","Y","","","","","","","Y","","","","","","","","Y","Y","Y","Y","Y","","Y","Y","","","4","4","5","","","","5","","","","5","","","","","6","","","10801500"
"VIII","","Ward","19656","689","296","147","229","162","25","26","168","7306","209","178","117","129","132","25","26","118","850","40","8","0","0","0","800","40","30","0","30","0","0","9500","270","50","0","40","0","50","1200","30","30","30","30","30","0","100","0","0","0","0","0","Y","","","","","Y","","","","","","","Y","Y","","","","","","","","Y","Y","Y","Y","Y","","Y","Y","","","5","","","","","5","","","3","","","","","","","6","","6","10801600"
"VIII","","Ultimecia","18915","147","206","792","305","185","25","25","178","5690","117","106","224","164","152","25","25","128","525","0","0","28","21","3","500","0","30","40","40","0","0","11000","0","40","310","50","0","50","1200","30","30","30","30","30","0","0","0","160","0","0","0","Y","","","","","","","Y","Y","","","","Y","","","","","","","","","","Y","","Y","","Y","Y","Y","5","5","","","","5","","","","","","","","","","","6","","6","","10802000"
"IX","","Zidane","18952","738","271","150","245","165","25","33","227","6857","206","142","120","135","135","25","33","187","695","37","14","0","0","0","800","35","25","0","20","0","20","9400","260","60","0","60","0","20","1200","30","30","30","30","30","0","170","0","0","0","0","0","Y","Y","Y","","","","","","","","","","Y","","","","","","","","","","Y","","Y","","","Y","Y","","","4","3","5","","","","","5","3","","","","","4","","","","","10900100"
"IX","","Garnet","18755","150","195","808","289","393","25","25","189","5850","120","105","214","179","194","25","25","149","505","0","0","24","10","19","500","0","20","40","30","20","0","10700","0","40","290","40","130","40","1200","30","30","30","30","30","0","0","0","210","0","0","0","Y","","","","","","","Y","Y","","","","","","","","","","","","","","Y","","Y","","Y","Y","Y","","5","","2","","5","","","","","","","","5","","","","","","","10900200"
"IX","","Vivi","17275","123","212","809","346","142","25","25","181","5070","93","109","224","214","112","25","25","141","505","0","8","30","12","0","500","0","25","45","40","0","0","10000","0","40","260","50","0","40","1200","30","30","30","30","30","0","0","0","220","0","0","0","Y","","","","","","","Y","Y","","","","","","","","","","","","","","Y","","Y","","Y","Y","Y","5","","","","","","","","","","","","","","","","","","","","10900300"
"IX","","Steiner","20745","688","365","150","283","179","25","25","170","7995","199","200","120","142","149","25","25","120","850","29","25","0","1","0","1000","30","40","0","40","0","0","9700","210","70","0","70","0","50","1200","30","30","30","30","30","0","190","0","0","0","0","0","Y","Y","","Y","","","","","","","","","","","","","","","","","","Y","Y","Y","Y","Y","","Y","Y","","","5","","","","5","","","","5","","","","","","","","","","10900400"
"IX","","Freya","18555","717","268","150","266","172","25","33","213","6315","200","147","120","135","142","25","33","173","740","37","1","0","11","0","800","40","30","0","30","0","0","9500","270","60","0","60","0","40","1200","30","30","30","30","30","0","140","0","0","0","0","0","Y","","","","","Y","","","","","","","","","","","","","","","","","Y","Y","Y","Y","Y","Y","Y","","","","4","4","","","5","","","","","","","6","","","","","","10900500"
"IX","","Quina","18712","602","413","209","396","187","25","25","170","6687","182","164","179","172","157","25","25","120","525","35","14","0","4","0","800","35","35","0","30","0","0","9500","180","170","0","160","0","50","1200","30","30","30","30","30","0","140","0","0","0","0","0","Y","","","","","Y","","Y","","","","","","","","","","","","","","","Y","","Y","","Y","Y","Y","3","","3","5","","","","","","","","","","","","","","","","","10900600"
"IX","","Eiko","17460","130","190","529","300","648","25","25","175","5135","100","97","197","194","205","25","25","135","625","0","3","17","6","28","500","0","20","20","30","40","0","10000","0","40","210","40","220","40","1200","30","30","30","30","30","0","0","0","55","0","125","0","Y","","","","","","","Y","Y","","Y","","","","","","","","","","","","Y","","Y","","Y","Y","Y","","5","","","","5","","","","","","","","4","","","","","","","10900700"
"IX","","Amarant","18772","726","275","165","251","179","25","28","203","6682","206","155","135","149","149","25","28","173","390","40","10","0","2","0","800","40","30","0","30","0","0","9700","280","50","0","40","0","30","1200","30","30","30","30","30","0","130","0","0","0","0","0","Y","","","","","","Y","","","","","","Y","","","","","","","","","","Y","","Y","","","Y","Y","","","5","3","3","","","","5","","","","","","","","","6","","","10900800"
"IX","","Beatrix","19423","745","309","150","242","202","25","25","174","7123","212","184","120","142","172","25","25","124","600","38","15","0","0","0","1000","35","30","0","30","0","0","9500","280","50","0","40","0","50","1200","30","30","30","30","30","0","150","0","0","0","0","0","Y","Y","","","","","","","","","","","","","","","","","","","","Y","Y","Y","Y","Y","","Y","Y","","5","5","","","","","","","","5","","","","","","","","","","10900900"
"IX","","Kuja","18845","120","210","788","290","257","25","25","198","5725","90","120","218","164","194","25","25","158","420","0","0","30","16","13","500","0","20","40","30","20","0","11000","0","40","310","50","0","40","1200","30","30","30","30","30","0","0","0","160","0","0","0","Y","","","","","","","Y","Y","","","","","","","","","","","","","","Y","","Y","","Y","Y","Y","5","5","","","","","","","","","","","","","","","6","","","","10901000"
"IX","","Marcus","19025","694","284","151","249","165","25","32","219","6930","203","145","121","139","135","25","32","179","695","36","14","0","0","0","800","35","25","0","20","0","20","9400","280","70","0","60","0","20","1200","30","30","30","30","30","0","110","0","0","0","0","0","Y","Y","","","","","","","","","","","Y","","","","","","","","","","Y","","Y","","","Y","Y","","","4","4","4","","","","","5","","","","","","","","","","","10901500"
"X","","Tidus","18780","736","266","179","246","179","25","33","219","6500","206","135","149","135","149","25","33","179","880","35","16","0","1","0","800","35","25","0","20","0","20","9400","280","60","0","60","0","20","1200","30","30","30","30","30","0","150","0","0","0","0","0","Y","Y","","","","","","","","","","","Y","","","Y","","","","","","Y","Y","Y","Y","Y","","Y","Y","","","5","3","5","","","","","","","","","","","","","6","","","11000100"
"X","","Yuna","17955","135","202","595","281","665","25","25","189","5850","105","112","205","181","205","25","25","149","505","0","0","25","0","25","500","0","20","20","30","40","0","9900","0","40","230","40","220","40","1200","30","30","30","30","30","0","0","0","85","0","145","0","Y","","","","","","","Y","Y","","","","","Y","","","","","","","","","Y","","Y","","Y","Y","Y","","5","","3","","5","","","","","","","","","","","","6","","","11000200"
"X","","Wakka","18683","718","274","179","271","179","30","25","189","6343","179","127","149","149","149","30","25","149","840","34","12","0","2","0","800","35","35","0","30","0","0","9500","290","70","0","60","0","40","1200","30","30","30","30","30","0","150","0","0","0","0","0","Y","","","","","","","","","Y","","","Y","","","Y","","","","","","","Y","Y","Y","Y","","Y","Y","","","3","5","3","","","","","","","","","","","","","6","","","11000300"
"X","","Lulu","17730","123","209","774","331","142","25","25","179","5525","93","109","224","194","112","25","25","129","505","0","0","30","17","0","500","0","30","40","40","0","0","10000","0","40","270","50","0","50","1200","30","30","30","30","30","0","0","0","180","0","0","0","Y","","","","","","","Y","Y","","","","","","","","","","","Y","","","Y","","Y","","Y","Y","Y","5","","","","","","","","","","","","","","","","","","6","","11000400"
"X","","Kimahri","19065","717","265","218","267","209","25","25","189","6565","203","141","188","164","179","25","25","149","800","34","14","0","3","0","800","40","30","0","30","0","0","9700","280","50","0","40","0","40","1200","30","30","30","30","30","0","130","0","0","0","0","0","Y","","","","","Y","","","","","","","","","","","","","","","","Y","Y","Y","Y","Y","","Y","Y","3","","4","3","","","","5","","","","","","","","","","","","","11000500"
"X","","Rikku","18574","723","283","150","260","165","25","32","217","6599","194","139","120","135","135","25","32","187","475","34","9","0","5","0","800","35","35","0","30","0","0","9500","270","70","0","60","0","30","1200","30","30","30","30","30","0","160","0","0","0","0","0","Y","","","","","","Y","","","","","","Y","","","Y","","","","","","Y","Y","","Y","","Y","Y","Y","","","","3","5","","","","","5","","","","4","6","5","","6","","","11000600"
"X","","Auron","19025","769","286","165","220","165","25","25","170","6825","212","169","135","120","135","25","25","120","600","37","7","0","0","0","800","40","30","0","30","0","0","9600","270","50","0","40","0","50","1200","30","30","30","30","30","0","180","0","0","0","0","0","Y","Y","Y","","","","","","","","","","","","","","","","","","","","Y","Y","Y","Y","","Y","Y","","","5","5","","","","","","","3","5","","","","","","","","","11000700"
"X","","Jecht","19105","773","243","150","223","168","25","29","198","6670","213","126","120","123","138","25","29","158","835","40","7","0","0","0","800","40","30","0","30","0","0","9600","280","50","0","40","0","40","1200","30","30","30","30","30","0","170","0","0","0","0","0","Y","Y","","","","","Y","","","","","","Y","","","Y","","","","","","","Y","","Y","","","Y","Y","","","5","","4","","","","5","","3","","","","","","6","6","","","11001000"
"X","","Braska","17931","140","195","723","296","254","25","25","189","5861","110","105","213","176","192","25","25","149","370","0","0","30","10","12","500","0","20","40","30","20","0","10000","0","40","260","50","0","40","1200","30","30","30","30","30","0","0","0","150","0","0","0","Y","","","","","","","Y","Y","","","","","","","","","","","","","","Y","","Y","","Y","Y","Y","5","4","","","","5","","","","","","","","","","","","","","","11001200"
"X","","Paine","19017","776","300","150","235","162","26","25","201","6597","209","179","120","135","132","26","25","161","820","37","11","0","0","0","800","40","30","0","30","0","0","9600","280","50","0","40","0","40","1200","30","30","30","30","30","0","180","0","0","0","0","0","Y","Y","Y","","","","","","","","","","","Y","","","","","","","","Y","Y","Y","Y","Y","","Y","Y","","","5","","","","5","","","","5","","","","","","","6","","","11001500"
"X","","Seymour","19168","144","229","787","281","143","25","25","180","6218","114","123","217","153","113","25","25","140","450","0","6","30","8","0","500","0","30","40","40","0","0","10800","0","40","310","50","0","40","1200","30","30","30","30","30","0","0","0","160","0","0","0","Y","","","","","","","Y","Y","","","","","","","","","","","","","","Y","","Y","","Y","Y","Y","5","","","","","5","","","","","","","","","","","6","","","","11001800"
"XI","","Shantotto","17405","177","209","736","336","142","25","25","189","5330","147","108","226","194","112","25","25","149","375","0","1","30","22","0","500","0","30","40","40","0","0","10000","0","40","260","50","0","40","1200","30","30","30","30","30","0","0","0","150","0","0","0","Y","","","","","","","Y","Y","","","","","","","","","","","","","","Y","","Y","","Y","Y","Y","5","","","","","","","","4","","","","","","","","","","6","","11100100"
"XI","","Ayame","19935","771","297","150","225","162","25","25","184","6705","211","176","120","123","132","25","25","134","530","40","11","0","2","0","800","40","30","0","30","0","0","10700","330","50","0","40","0","50","1200","30","30","30","30","30","0","120","0","0","0","0","0","Y","Y","Y","","","","","","","","","","","","","","","","","","","","Y","Y","Y","Y","","Y","Y","","","5","","","","5","","","","","5","","","","","","","","","11100200"
"XI","","Curilla","19611","718","318","170","229","216","25","25","180","7501","206","197","120","139","166","25","25","110","910","32","21","0","0","0","500","40","20","20","20","20","0","9500","280","50","0","40","0","70","1200","30","30","30","30","30","0","130","0","0","0","0","0","Y","Y","","","","","","","","","","","","","","","","","","","","Y","Y","Y","Y","Y","","Y","Y","","3","4","4","","","","","","","5","","","","","","","","","","11100300"
"XI","","Prishe","18775","703","257","150","231","202","25","30","210","6405","213","135","120","131","172","25","30","180","570","40","12","0","0","0","800","40","30","0","30","0","0","9800","280","50","0","40","0","30","1200","30","30","30","30","30","0","100","0","0","0","0","0","Y","Y","","","","","Y","","","","","","","","","","","","","","","","Y","","Y","","Y","Y","Y","","4","5","","5","","","","5","","","","","","","","","","","","11100400"
"XI","","Lion","19555","749","256","209","242","165","25","32","227","6415","203","139","164","126","135","25","32","187","640","31","2","15","6","0","800","35","25","0","20","0","20","10500","330","60","0","60","0","20","1200","30","30","30","30","30","0","120","0","0","0","0","0","Y","","","","","","Y","","","Y","","","Y","","","","","","","","","","Y","","Y","","","Y","Y","","","4","","5","","","","","5","","","5","","","","","","","","11100500"
"XI","","Aphmau","18355","150","180","281","266","663","25","25","189","5850","120","110","205","176","205","25","25","149","505","0","0","26","10","28","500","0","20","20","30","40","0","10300","0","20","0","20","260","40","1200","30","30","30","30","30","0","0","0","0","0","100","0","Y","","","","","","Y","Y","Y","","","","","","","","","","","","","","Y","","Y","","Y","Y","Y","","5","","","","5","","","5","","","","","","","","","","","","11100600"
"XI","","Zeid","20570","732","260","169","256","175","25","25","179","7290","212","143","139","149","145","25","25","129","780","40","7","0","7","0","800","40","30","0","30","0","0","10500","330","50","0","40","0","50","1200","30","30","30","30","30","0","80","0","0","0","0","0","Y","Y","","Y","","","","","","","","","","","","","","","","","","Y","Y","Y","Y","Y","","Y","Y","3","","5","","","","3","","","","","","","","","","6","","","6","11100700"
"XI","","Lilisette","18347","532","336","151","332","292","25","33","226","6407","197","121","121","122","209","25","33","186","440","30","0","0","0","23","800","35","25","0","20","0","20","9500","210","160","0","160","0","20","1200","30","30","30","30","30","0","30","0","0","0","30","0","Y","Y","","","","","Y","","","","","","Y","","","","","","","","","","Y","","Y","","","Y","Y","","","4","5","5","","","","","","","","","","6","","","","","","11100800"
"XI","","Naja","19412","550","384","144","323","154","25","25","172","7112","209","159","114","123","124","25","25","122","800","31","15","0","0","0","800","40","30","0","30","0","0","9500","190","150","0","140","0","50","1200","30","30","30","30","30","0","50","0","0","0","0","0","Y","","","Y","Y","","Y","","","","","","","","","","","","","","","Y","Y","","Y","","","Y","Y","","","5","5","","","","","5","","","","","","","","","","","6","11100900"
"XI","","Arciela","18814","194","223","647","292","196","25","25","181","5524","164","114","210","164","164","25","25","141","590","0","9","27","8","2","500","0","30","40","40","0","0","11000","0","40","320","50","0","40","1200","30","30","30","30","30","0","0","0","20","0","0","0","Y","Y","","","","","Y","","","","","","","","","","","","","","","","Y","","Y","","Y","Y","Y","5","4","","4","","","5","","4","","4","","","","","","","","6","","11101100"
"XII","","Vaan","19125","759","265","150","250","165","25","32","219","6930","206","141","120","135","135","25","32","179","695","38","9","0","5","0","800","35","25","0","20","0","20","9500","250","60","0","60","0","20","1200","30","30","30","30","30","0","200","0","0","0","0","0","Y","Y","Y","Y","Y","Y","","","","","","","","","","","","","","","","Y","Y","Y","Y","Y","","Y","Y","","","4","4","5","","","","","5","","","","","","","","","","","11200100"
"XII","","Balthier","19165","768","257","153","248","179","25","32","209","6825","202","135","123","142","149","25","32","179","740","36","12","0","6","0","800","40","30","0","30","0","0","9600","280","50","0","40","0","30","1200","30","30","30","30","30","0","180","0","0","0","0","0","Y","Y","","","","Y","","","","","","","","Y","","","","","","","","","Y","","Y","","Y","Y","Y","","","5","3","4","","4","","","4","","","","","","5","","6","","","11200200"
"XII","","Fran","19620","786","266","172","235","179","25","25","199","6435","181","132","142","109","149","25","25","149","685","40","9","0","6","0","800","35","35","0","30","0","0","10500","330","60","0","60","0","50","1200","30","30","30","30","30","0","170","0","0","0","0","0","Y","","","","","Y","","Y","Y","Y","","","","","","","","","","","","","Y","","Y","","Y","Y","Y","3","","","5","5","","","","","","","","","","","5","","6","","","11200300"
"XII","","Basch","21408","781","340","150","284","159","25","25","170","7608","212","184","120","142","129","25","25","120","900","29","16","0","2","0","1000","30","40","0","40","0","0","10700","320","70","0","70","0","50","1200","30","30","30","30","30","0","160","0","0","0","0","0","Y","Y","Y","Y","Y","Y","Y","","","","","","","","","","","","","","","Y","Y","Y","Y","Y","","Y","Y","","","5","","","","","","","","5","5","","","","","","","","","11200400"
"XII","","Ashe","18358","174","226","736","323","182","25","25","189","6298","142","123","216","191","152","25","25","149","560","2","3","30","12","0","500","0","30","40","40","0","0","9800","0","40","270","50","0","40","1200","30","30","30","30","30","0","0","0","150","0","0","0","Y","Y","","","","Y","","Y","Y","Y","","","","Y","","","","","","","","Y","Y","","Y","","Y","Y","Y","5","3","","3","","5","","","","","","","","","","","","6","4","","11200500"
"XII","","Penelo","18315","165","190","179","257","661","25","25","189","5785","135","102","149","155","212","25","25","149","530","0","8","0","12","29","500","0","30","0","40","40","0","10300","0","20","0","20","260","40","1200","30","30","30","30","30","0","0","0","0","0","90","0","Y","","","","","Y","","Y","Y","Y","","","","","","","","","","","","","Y","","Y","","Y","Y","Y","","5","","","","","","","","","","","","","6","","","","","","11200600"
"XII","","Gabranth","21219","798","346","150","261","179","25","25","177","7619","208","197","120","135","129","25","25","107","900","30","19","0","6","0","700","40","30","0","20","20","0","10800","330","70","0","70","0","70","1200","30","30","30","30","30","0","160","0","0","0","0","0","Y","Y","Y","Y","Y","Y","Y","","","","","","","","","","","","","","","Y","Y","Y","Y","Y","","Y","Y","","4","5","","","","","","","","4","","","","","","6","","","6","11200700"
"XII","","Larsa","18723","213","226","159","258","704","26","25","175","6218","183","142","129","149","203","26","25","135","505","0","4","0","19","31","500","0","30","0","40","40","0","10300","0","20","0","20","260","40","1200","30","30","30","30","30","0","0","0","0","0","140","0","Y","Y","","","","","Y","Y","Y","","","","","","","","","","","","","","Y","","Y","","Y","Y","Y","","5","","5","","","","","","","","","","4","","","","","","","11200800"
"XII","","Vayne","19185","636","237","631","218","189","25","25","179","6625","209","142","211","123","99","25","25","129","360","32","0","25","0","0","700","30","25","30","25","0","0","10300","260","40","260","40","60","50","1200","30","30","30","30","30","0","75","0","75","0","0","0","Y","Y","","","","","Y","Y","Y","","","","","","","","","","","","","","Y","","Y","Y","Y","Y","Y","5","","5","","","","","","5","","","","","","","","6","","","","11201000"
"XII","","Reks","19061","697","278","202","229","189","26","25","199","6611","209","155","172","129","155","26","25","159","850","38","13","0","0","4","800","40","30","0","30","0","0","9600","280","50","0","40","0","40","1200","30","30","30","30","30","0","100","0","0","0","0","0","Y","Y","Y","","","Y","","","","","","","","","","","","","","","","Y","Y","Y","Y","Y","","Y","Y","4","4","5","","","","5","","","","3","","","","","","","","","","11201100"
"XIII","","Lightning","18845","779","259","179","252","179","25","25","209","6435","206","133","149","152","149","25","25","179","710","33","16","0","0","0","800","40","30","0","30","0","0","9700","270","50","0","40","0","30","1200","30","30","30","30","30","0","200","0","0","0","0","0","Y","Y","","","","Y","","","","","","","","Y","","","","","","","","Y","Y","Y","Y","Y","","Y","Y","3","2","5","","5","","4","","","","5","","","","","","","6","","","11300100"
"XIII","","Snow","19695","782","311","181","243","179","25","25","209","7280","200","187","151","141","149","25","25","179","715","37","14","0","2","0","1000","35","30","0","30","0","0","9500","280","50","0","40","0","30","1200","30","30","30","30","30","0","200","0","0","0","0","0","Y","","","","","","Y","","","","","","","","","","","","","","","Y","Y","Y","Y","Y","Y","Y","Y","","","5","","2","","","","5","","5","","","","","","","","","","11300200"
"XIII","","Vanille","18080","148","175","268","256","726","25","28","189","5525","118","105","202","167","202","25","28","149","455","0","0","16","9","24","500","0","20","20","30","40","0","10400","0","20","0","20","260","40","1200","30","30","30","30","30","0","0","0","0","0","170","0","Y","","","","","","","Y","Y","","","","","","","","","","","","","","Y","","Y","","Y","Y","Y","4","5","","4","","3","","","","","","","","","","","","","","","11300300"
"XIII","","Sazh","18115","704","267","179","276","187","25","25","182","5980","176","123","149","149","157","25","25","142","635","33","9","0","7","0","800","35","35","0","30","0","0","9500","290","70","0","60","0","40","1200","30","30","30","30","30","0","140","0","0","0","0","0","Y","","","","","","","","","","","","","Y","","","","","","","","","Y","","Y","Y","","Y","Y","3","3","2","5","","","","","","","","","","","","5","","6","","","11300400"
"XIII","","Hope","17705","197","210","745","273","261","25","25","189","5525","147","120","205","164","200","25","25","149","480","0","0","30","9","11","500","20","20","40","20","20","0","10000","0","40","270","50","0","40","1200","30","30","30","30","30","0","0","0","170","0","0","0","Y","","","","","","","Y","Y","","","","Y","","","","","","","","","Y","Y","","Y","","Y","Y","Y","5","4","","","","5","","","","","","","","","","","","6","","","11300500"
"XIII","","Fang","19915","842","263","150","229","165","25","28","201","6565","212","141","120","129","135","25","28","161","650","40","12","0","0","0","800","40","30","0","30","0","0","10700","330","50","0","40","0","40","1200","30","30","30","30","30","0","190","0","0","0","0","0","Y","Y","","","","Y","","","","","","","","","","","","","","","","","Y","","Y","Y","","Y","Y","","","5","3","4","","","5","","","","","","","","","","","","","11300600"
"XIII","","Serah","17805","154","215","810","297","194","25","25","189","5525","124","109","220","164","164","25","25","149","580","0","6","30","13","0","500","0","30","40","40","0","0","10000","0","40","260","50","0","40","1200","30","30","30","30","30","0","0","0","230","0","0","0","Y","Y","","","","","","Y","Y","Y","","","","","","","","","","","","","Y","","Y","","Y","Y","Y","5","4","","","","","","","","","","","","","","","","6","4","","11300700"
"XIII","","Cid Raines","19505","229","231","779","247","147","25","25","182","6305","187","126","212","123","117","25","25","142","700","12","5","27","4","0","500","0","30","40","40","0","0","10800","0","40","310","50","0","40","1200","30","30","30","30","30","0","0","0","160","0","0","0","Y","Y","","","","Y","Y","Y","Y","","","","","","","","","","","","","","Y","","Y","","Y","Y","Y","5","3","","4","","","","","3","","","","","","","","6","","","","11301000"
"XIII","","Noel","20167","837","261","150","245","187","25","30","209","6857","208","141","120","145","157","25","30","169","710","39","10","0","0","0","800","40","30","0","30","0","0","10600","340","50","0","40","0","40","1200","30","30","30","30","30","0","180","0","0","0","0","0","Y","Y","","","","Y","","","","Y","","","","","","","","","","","","","Y","","Y","Y","Y","Y","Y","","4","5","","4","","","5","","4","","","","","","","","6","","","11301100"
"XIII","","Nabaat","18193","196","214","728","281","155","25","25","180","5813","166","109","218","156","117","25","25","140","780","0","5","30","5","8","500","0","30","40","40","0","0","9900","0","40","270","50","0","40","1200","30","30","30","30","30","0","0","0","140","0","0","0","Y","Y","","","","","","Y","Y","","","Y","","","","","","","","","","","Y","","Y","","Y","Y","Y","5","","","4","","","","","","","","","","","","","6","","4","","11301200"
"XIV","","Y'shtola","17745","165","212","544","298","621","25","25","189","5525","135","121","194","176","212","25","25","149","520","0","1","0","22","29","500","0","20","20","30","40","0","10000","0","40","250","40","210","40","1200","30","30","30","30","30","0","0","0","50","0","100","0","Y","","","","","","","Y","Y","","","","","","","","","","","","","Y","Y","","Y","","Y","Y","Y","5","5","","4","","","","","","","","","","","","","","","6","","11400100"
"XIV","","Thancred","18980","614","268","419","264","165","25","32","227","6860","206","142","164","149","135","25","32","187","720","38","11","0","5","0","800","35","25","0","20","0","20","9400","190","60","220","60","0","20","1200","30","30","30","30","30","0","115","0","5","0","0","0","Y","Y","","","","","Y","","","Y","Y","","","","","","","","","","","Y","Y","Y","Y","Y","","Y","Y","","","5","3","5","","5","","","5","","","5","3","","","","","","6","11400200"
"XIV","","Yda","19043","717","257","150","230","179","25","30","210","6543","208","141","120","128","149","25","30","180","900","39","6","0","2","0","800","40","30","0","30","0","0","9600","280","50","0","40","0","30","1200","30","30","30","30","30","0","120","0","0","0","0","0","Y","Y","","","","","Y","","","","","","","","","","","","","","","","Y","","Y","","Y","Y","Y","","","5","4","","","","","5","","","","","","","","","","","","11400300"
"XIV","","Papalymo","18715","120","200","782","317","215","25","25","189","5525","90","106","222","191","164","25","25","149","490","0","4","30","16","1","500","0","20","40","30","20","0","11000","0","40","320","50","0","40","1200","30","30","30","30","30","0","0","0","140","0","0","0","Y","","","","","","","Y","Y","","","","","","","","","","","","","","Y","","Y","","Y","Y","Y","5","4","","","","","","","","","","","","","","","","","","","11400500"
"XIV","","Alphinaud","17460","144","211","677","284","493","25","25","189","5590","114","111","217","173","203","25","25","149","370","0","0","30","1","20","500","0","30","40","40","0","0","9800","0","40","240","40","230","40","1200","30","30","30","30","30","0","0","0","120","0","10","0","Y","","","","","","","Y","Y","","","","","","Y","","","","","","","","Y","","Y","","Y","Y","Y","4","4","","","","5","","","","","","","","","","","","","","","11400600"
"XIV","","Minfilia","18900","593","401","147","367","234","25","25","174","6825","194","160","117","141","190","25","25","124","675","34","6","0","6","14","800","35","35","0","30","0","0","9400","170","170","0","160","0","50","1200","30","30","30","30","30","0","130","0","0","0","0","0","Y","Y","","","","","","","","","","","","","","","","","","","","Y","Y","","Y","","Y","Y","Y","","5","4","5","","","","","","","5","","","","","","","","","","11400700"
"XIV","","Cid (XIV)","20105","696","297","135","253","190","25","25","182","6930","203","147","105","131","157","25","25","142","775","28","15","0","2","3","800","35","35","0","30","0","0","10400","330","70","0","60","0","40","1200","30","30","30","30","30","0","70","0","0","0","0","0","Y","Y","","","Y","","","","","","","","","Y","","","","","","","","","Y","","Y","Y","Y","Y","Y","","","4","5","","","","","","","","","","","","5","","","","","11400800"
"XIV","","Ysayle","17966","153","228","676","305","184","25","25","189","5886","123","120","216","166","154","25","25","149","480","0","8","30","19","0","500","0","30","40","40","0","0","9900","0","40","270","50","0","40","1200","30","30","30","30","30","0","0","0","90","0","0","0","Y","Y","","","","","","Y","Y","Y","","","","","","","","","","","","","Y","","Y","","Y","Y","Y","5","","","","","5","","","","","","","","","","","","","6","","11400900"
"XIV","","Haurchefant","20445","596","372","150","302","180","25","25","170","7635","199","202","120","162","150","25","25","120","910","27","30","0","0","0","1000","30","40","0","40","0","0","9700","210","70","0","70","0","50","1200","30","30","30","30","30","0","100","0","0","0","0","0","Y","Y","","","","","","","","","","","","","","","","","","","","Y","Y","Y","Y","Y","","Y","Y","","4","4","4","","","","","","","5","","","","","","","","","","11401000"
"XIV","","Estinien","20223","738","285","147","228","175","25","27","207","6753","212","160","117","123","145","25","27","177","870","36","15","0","5","0","800","40","30","0","30","0","0","10600","340","50","0","40","0","30","1200","30","30","30","30","30","0","80","0","0","0","0","0","Y","Y","","","","Y","","","","","","","","","","","","","","","","","Y","Y","Y","Y","","Y","Y","","","5","","4","","","5","","","","","","","","","6","","","","11401100"
"XIV","","Alisaie","18486","249","206","633","270","302","25","25","189","5816","164","116","210","162","177","25","25","149","470","5","0","23","8","15","500","0","20","40","30","20","0","10500","50","40","270","40","60","40","1200","30","30","30","30","30","0","0","0","60","0","0","0","Y","Y","","","","","","Y","Y","","","","","","Y","","","","","","","","Y","","Y","","Y","Y","Y","5","5","4","","","4","5","","","","","","","","","","","","","","11401200"
"XV","","Noctis","18988","733","255","180","226","179","26","33","219","6658","209","141","149","135","149","26","33","179","730","39","9","1","1","0","800","35","25","0","20","0","20","9600","260","50","0","40","0","20","1200","30","30","30","30","30","0","160","0","0","0","0","0","Y","Y","Y","Y","Y","Y","","","Y","Y","","","Y","Y","","","","","","","","Y","Y","","Y","","","Y","Y","3","","5","","5","","","5","","","","5","","","","4","","","","6","11500100"
"XV","","Gladiolus","19855","733","310","150","221","145","26","25","167","7475","210","184","120","121","115","26","25","117","680","38","16","0","0","0","1000","35","30","0","30","0","0","9500","290","50","0","40","0","50","1200","30","30","30","30","30","0","130","0","0","0","0","0","Y","Y","Y","Y","","","","","","","","","","","","","","","","","","Y","Y","Y","Y","Y","Y","Y","Y","","","5","","","","","","","","5","5","","","","","","","","6","11500200"
"XV","","Ignis","18903","686","258","203","243","169","25","25","209","6403","197","135","172","141","139","25","25","179","800","39","13","1","2","0","800","40","30","0","30","0","0","9700","290","50","0","40","0","30","1200","30","30","30","30","30","0","90","0","0","0","0","0","Y","","","","","Y","","Y","Y","","","","Y","","","","","","","","","","Y","","Y","Y","Y","Y","Y","4","","4","5","","","","3","","5","","","","","","","","6","","","11500300"
"XV","","Prompto","18477","710","276","153","268","169","25","25","217","6282","200","132","123","142","139","25","25","187","695","35","9","0","6","0","800","35","35","0","30","0","0","9500","290","70","0","60","0","30","1200","30","30","30","30","30","0","120","0","0","0","0","0","Y","","","","","","","","","Y","","","","Y","","","","","","","","","Y","","Y","Y","","Y","Y","","","4","5","4","","","","","","","","","","","5","","6","","","11500400"
"XV","","Iris","18653","190","227","147","256","648","26","25","203","6218","160","142","117","149","207","26","25","173","435","0","5","0","17","31","500","0","30","0","40","40","0","10300","0","20","0","20","260","30","1200","30","30","30","30","30","0","0","0","0","0","80","0","Y","","","","","","Y","Y","Y","","","","Y","","","","","","","","","","Y","","Y","Y","","Y","Y","","5","","","","","","","5","","","","","","4","","","","","","11500500"
"XV","","Aranea","19068","726","283","153","240","169","25","26","212","6598","208","168","123","135","139","25","26","172","870","38","5","0","5","0","800","40","30","0","30","0","0","9600","290","50","0","40","0","40","1200","30","30","30","30","30","0","120","0","0","0","0","0","Y","Y","","","","Y","","","","","","","","","","","","","","","","Y","Y","Y","Y","Y","","Y","Y","","","5","","4","","","5","","","","","","","","","6","","","","11500600"
"XV","","Cor","19224","693","258","165","233","183","26","25","212","6454","215","143","135","132","153","26","25","172","1070","48","5","0","1","0","800","40","30","0","30","0","0","9700","280","50","0","40","0","40","1200","30","30","30","30","30","0","80","0","0","0","0","0","Y","Y","Y","","","","","","","","","","","","","","","","","","","","Y","","Y","","","Y","Y","","","5","","5","","","","","","5","5","","","","","","","","","11500800"
"XV","","Lunafreya","17954","131","202","557","284","576","25","25","189","5849","101","112","214","179","201","25","25","149","505","0","0","28","5","20","500","0","20","40","30","20","0","9900","0","40","210","40","270","40","1200","30","30","30","30","30","0","0","0","35","0","35","0","Y","","","","","","","Y","Y","","","","","","","","","","","","","","Y","","Y","","Y","Y","Y","4","5","","4","","5","","","","","","","","","","","","","","","11500900"
"XV","","Ardyn","20250","643","279","179","249","176","26","25","189","7810","211","159","149","148","146","26","25","149","940","32","10","0","1","0","800","40","30","0","30","0","0","9500","280","50","0","40","0","40","1200","30","30","30","30","30","0","50","0","0","0","0","0","Y","Y","Y","Y","Y","Y","","","Y","Y","","","Y","Y","","","","","","","","Y","Y","","Y","","","Y","Y","3","","5","","5","","","5","","","","5","","","","4","6","","","6","11501000"
"XV","","Ravus","19058","623","281","179","235","179","26","25","189","6658","209","161","149","135","149","26","25","149","800","34","10","0","0","0","800","40","30","0","30","0","0","9600","290","50","0","40","0","40","1200","30","30","30","30","30","0","20","0","0","0","0","0","Y","Y","","","","Y","","","","","","","","","","","","","","","","Y","Y","Y","Y","","Y","Y","Y","","","5","","5","","5","","","","5","","","","","","6","","","","11501200"
"XVI","","Clive","19430","615","274","183","253","183","25","25","193","7150","228","152","153","152","153","25","25","153","780","37","12","0","1","0","800","40","30","0","30","0","0","9500","270","50","0","40","0","40","1200","30","30","30","30","30","0","10","0","0","0","0","0","Y","Y","Y","","","","","","","","","","","","","","","","","","","","Y","Y","Y","Y","","Y","Y","4","","5","4","","","5","","","","5","","","","","","","","","6","11600100"
"XVI","","Jill","17925","174","224","586","284","198","25","25","189","5850","144","120","217","157","149","25","25","149","375","0","4","29","7","19","500","0","30","40","40","0","0","10000","0","40","260","50","0","40","1200","30","30","30","30","30","0","0","0","10","0","0","0","Y","Y","","","","","","","","","","","","","","","","","","","","","Y","","Y","","Y","Y","Y","5","5","","","","","4","","","","","","","","","","","","6","","11600200"
"XVI","","Joshua","17239","180","199","470","256","488","25","25","206","5199","148","108","203","148","211","25","25","166","340","2","1","22","8","22","500","0","20","40","30","20","0","10000","0","40","170","40","200","40","1200","30","30","30","30","30","0","0","0","5","0","5","0","Y","Y","","","","","","","","","","","","","","","","","","","","","Y","","Y","","Y","Y","Y","5","5","","","","","5","","","","","","","","","","","","","","11600300"
"XVI","","Cidolfus","19511","218","253","628","289","136","25","25","189","6171","188","142","214","157","105","25","25","149","640","0","11","24","12","1","500","0","30","40","40","0","0","11000","0","40","310","50","0","40","1200","30","30","30","30","30","0","0","0","10","0","0","0","Y","Y","","","","","","","Y","","","","","","","","","","","","","","Y","","Y","","Y","Y","Y","6","5","6","","","","6","","","","","","","","","5","","","","","11600500"
"FFT","","Ramza","18930","740","301","202","273","172","25","25","194","6890","206","149","172","142","142","25","25","154","640","29","17","0","11","0","800","35","35","0","30","0","0","9400","290","70","0","60","0","40","1200","30","30","30","30","30","0","150","0","0","0","0","0","Y","Y","Y","Y","","","","","","","Y","","","","","","","","","","","Y","Y","Y","Y","Y","Y","Y","Y","","","4","5","","","","","","","5","","4","3","","","","","","","15000100"
"FFT","","Agrias","19700","705","303","150","245","187","25","25","173","7150","212","181","120","145","157","25","25","123","850","38","12","0","0","0","1000","35","30","0","30","0","0","9500","290","50","0","40","0","50","1200","30","30","30","30","30","0","100","0","0","0","0","0","Y","Y","","","","","","","","","","","","","","","","","","","","Y","Y","Y","Y","Y","","Y","Y","","4","5","","","","4","","","","5","","","","","","","","","","15000200"
"FFT","","Delita","19622","710","319","150","236","159","25","25","170","7272","209","193","120","130","129","25","25","120","850","31","16","0","6","0","800","40","30","0","30","0","0","9500","290","50","0","40","0","50","1200","30","30","30","30","30","0","110","0","0","0","0","0","Y","Y","","Y","Y","","","","","","","","","","","","","","","","","Y","Y","Y","Y","Y","","Y","Y","","","5","","","","5","","","","5","","","","","","","","","","15000300"
"FFT","","Ovelia","17926","154","186","179","277","694","25","25","189","5321","124","105","149","173","216","25","25","149","505","0","1","0","14","28","500","0","30","0","40","40","0","10400","0","20","0","20","260","40","1200","30","30","30","30","30","0","0","0","0","0","120","0","Y","","","","","","","Y","Y","","","","","","","","","","","","","","Y","","Y","","Y","Y","Y","","5","","","","","","","","","","","","","","","","","","","15000400"
"FFT","","Mustadio","18719","653","284","147","269","179","25","32","212","6674","203","141","117","142","149","25","32","172","545","30","13","0","7","0","800","40","30","0","30","0","0","9500","290","70","0","60","0","40","1200","30","30","30","30","30","0","60","0","0","0","0","0","Y","Y","","","","","","","","","","","","Y","","","","","","","","","Y","","Y","","Y","Y","Y","","","","4","4","","","","","","","","","","","5","","6","","","15000500"
"FFT","","Orlandeau","19450","726","291","147","241","147","24","25","203","7150","227","170","117","141","117","24","25","173","800","39","11","0","0","0","800","40","30","0","30","0","0","9500","270","50","0","40","0","30","1200","30","30","30","30","30","0","120","0","0","0","0","0","Y","Y","Y","","","","","","","","","","","","","","","","","","","Y","Y","Y","Y","Y","Y","Y","Y","","","5","","5","","5","","","","5","5","","","","","6","","","","15000600"
"FFT","","Gaffgarion","19781","718","269","160","238","168","25","25","189","7501","210","149","130","138","138","25","25","149","780","38","10","0","0","0","800","40","30","0","30","0","0","9500","290","50","0","40","0","40","1200","30","30","30","30","30","0","110","0","0","0","0","0","Y","Y","","Y","","","","","","","","","","","","","","","","","","Y","Y","Y","Y","Y","Y","Y","Y","","","5","","","","4","","","","4","","","","","","6","","","","15000700"
"FFT","","Rapha","17700","121","200","644","312","232","25","25","180","5525","91","108","212","194","172","25","25","140","475","0","2","32","8","10","500","0","20","40","30","20","0","10000","0","40","270","50","0","40","1200","30","30","30","30","30","0","0","0","60","0","0","0","Y","","","","","","","Y","Y","","","","","","","","","","","","","","Y","","Y","","Y","Y","Y","5","4","","","","","","","","","","","4","","4","","","","6","","15000900"
"FFT","","Marach","17995","189","228","659","288","153","25","25","180","5725","147","123","218","164","119","25","25","140","670","12","5","31","4","4","500","0","30","40","40","0","0","9900","0","40","270","50","0","40","1200","30","30","30","30","30","0","0","0","70","0","0","0","Y","","","","","","","Y","Y","","","","","","","","","","","","","","Y","","Y","","Y","Y","Y","5","","3","","","","","","","","","","4","","","","6","","","","15001000"
"FFT","","Meliadoul","19225","666","319","150","259","142","25","25","174","6825","203","197","120","149","112","25","25","124","800","33","12","0","10","0","800","40","30","0","30","0","0","9600","300","50","0","40","0","50","1200","30","30","30","30","30","0","60","0","0","0","0","0","Y","Y","","","","Y","","","","Y","","","","","","","","","","","","Y","Y","Y","Y","Y","Y","Y","Y","","","4","5","","","","","","","5","","","","","","","","","6","15001100"
"FFT","","Marche","19579","685","280","181","258","187","25","25","181","7019","205","147","151","158","157","25","25","141","860","35","23","0","0","0","1000","35","30","0","30","0","0","9500","300","50","0","40","0","40","1200","30","30","30","30","30","0","80","0","0","0","0","0","Y","Y","Y","","","","","","","","","","","","","","","","","","","Y","Y","Y","Y","Y","","Y","Y","","4","5","","","","","","","","5","","4","","","","","","","","15001200"
"FFT","","Montblanc","17490","129","224","668","323","196","25","25","177","5295","99","114","218","191","166","25","25","137","495","0","10","30","12","0","500","0","30","40","40","0","0","10000","0","40","270","50","0","40","1200","30","30","30","30","30","0","0","0","80","0","0","0","Y","","","","","","","Y","Y","","","","","","","","","","","","","","Y","","Y","","Y","Y","Y","5","","","6","","","","","","","","","","","6","","","","","","15001300"
"FFT","","Alma","18114","132","178","278","259","654","25","25","189","5524","102","108","205","179","206","25","25","149","490","0","0","23","0","28","500","0","20","20","30","40","0","10400","0","20","0","20","260","40","1200","30","30","30","30","30","0","0","0","0","0","90","0","Y","","","","","","","Y","Y","","Y","","","","","","","","","","","","Y","","Y","","Y","Y","Y","4","5","","","","5","","","","","","","","3","","","","","","","15001400"
"FFT","","Orran","17689","123","278","218","403","521","24","25","200","5134","93","105","168","200","209","24","25","160","355","0","3","0","23","32","500","0","20","20","30","40","0","10500","0","120","0","120","160","40","1200","30","30","30","30","30","0","0","0","0","0","50","0","Y","","","","","","","Y","Y","Y","Y","","","","Y","","","","","","","","Y","","Y","","Y","Y","Y","4","5","","4","","","","","","","","","","5","","","","","","","15002800"
"Type-0","","Ace","18132","202","223","755","287","189","25","25","205","6042","172","123","216","154","152","25","25","165","490","0","0","29","13","7","500","0","30","40","40","0","0","9900","0","40","270","50","0","40","1200","30","30","30","30","30","0","0","0","170","0","0","0","Y","","","","","","","Y","Y","","","","Y","","","","","","","","","","Y","","Y","","Y","Y","Y","5","4","","","5","5","","","","","","","","","","","","6","","","16000100"
"Type-0","","Deuce","18809","123","170","266","290","729","25","25","189","5134","93","100","200","200","209","25","25","149","475","0","0","16","10","30","500","0","20","20","30","40","0","11500","0","20","0","20","310","40","1200","30","30","30","30","30","0","0","0","0","0","110","0","Y","","","","","","","Y","Y","","Y","","","","","","","","","","","","Y","","Y","","Y","Y","Y","5","5","","","","","","","","","","","","5","","","","","","","16000200"
"Type-0","","Nine","19633","700","311","150","212","147","25","24","196","7453","203","187","120","112","117","25","24","156","680","37","14","0","0","0","800","40","30","0","30","0","0","9500","290","50","0","40","0","40","1200","30","30","30","30","30","0","100","0","0","0","0","0","Y","Y","","","","Y","","","","","","","","","","","","","","","","Y","Y","Y","Y","Y","","Y","Y","3","3","5","","","","","5","","","","","","","","","","","","","16000300"
"Type-0","","Machina","19921","730","310","172","245","179","25","25","169","7571","203","181","142","145","149","25","25","119","850","37","19","0","0","0","800","40","30","0","30","0","0","9500","280","50","0","40","0","50","1200","30","30","30","30","30","0","140","0","0","0","0","0","Y","Y","","","","","","","","","","","","","","","","","","","","","Y","Y","Y","Y","Y","Y","Y","3","3","5","","","","5","","","","","","","","","","","","","","16000400"
"Type-0","","Rem","17389","178","198","335","259","648","25","25","206","5199","148","108","203","148","211","25","25","166","490","0","0","12","11","27","500","0","20","20","30","40","0","10000","0","40","70","40","200","40","1200","30","30","30","30","30","0","0","0","0","0","140","0","Y","","","","","","","Y","Y","","","","","","","","","","","","","","Y","","Y","","Y","Y","Y","5","5","","","4","5","","","","","","","","","","","","","","","16000500"
"Type-0","","Queen","19060","730","314","179","242","179","25","25","211","6510","199","179","149","152","149","25","25","161","850","31","25","0","0","0","800","40","30","0","20","0","10","9700","280","50","0","40","0","40","1200","30","30","30","30","30","0","150","0","0","0","0","0","Y","Y","","","","","","","","","","","","","","","","","","","","","Y","","Y","","","Y","Y","3","4","4","","5","","5","","","","4","","","","","","","","","","16000600"
"Type-0","","King","19030","710","243","181","246","188","26","25","197","6670","206","126","151","142","158","26","25","157","760","34","7","0","4","0","800","40","30","0","30","0","0","9600","280","50","0","40","0","40","1200","30","30","30","30","30","0","120","0","0","0","0","0","Y","","","","","","","","","","","","","Y","","","","","","","","","Y","","Y","","","Y","Y","3","3","4","4","","","","","","","","","","","","5","","6","","","16000700"
"Type-0","","Cinque","19453","735","300","169","245","179","26","25","166","7253","206","181","139","145","149","26","25","116","700","29","19","0","0","0","800","50","20","0","30","0","0","9500","290","50","0","40","0","50","1200","30","30","30","30","30","0","130","0","0","0","0","0","Y","","","","Y","","","","","","","","","","","","","","","","","","Y","","Y","Y","","Y","Y","3","3","5","5","","","","","","","","","","","","","","","","6","16000800"
"Type-0","","Seven","19358","198","240","740","290","198","25","25","176","6398","166","134","209","160","168","25","25","126","460","2","6","31","10","0","500","0","30","40","40","0","0","10800","0","40","310","50","0","50","1200","30","30","30","30","30","0","0","0","120","0","0","0","Y","Y","","","","","","Y","Y","","","Y","","","","","","","","","","","Y","","Y","","Y","Y","Y","5","4","4","5","","","","","","","","","","","","","","","","","16000900"
"Type-0","","Sice","19119","681","294","175","255","181","26","25","189","6789","199","174","145","145","151","26","25","149","730","32","10","0","10","0","800","40","30","0","30","0","0","9600","280","50","0","40","0","40","1200","30","30","30","30","30","0","100","0","0","0","0","0","Y","Y","","Y","","","","","","","","","","","","","","","","","","","Y","","Y","","","Y","Y","3","3","5","","","","","","","","","","","","","","6","","","","16001000"
"Type-0","","Jack","18889","689","264","150","222","183","25","25","170","6659","222","149","120","121","153","25","25","120","530","47","5","0","1","0","800","40","30","0","30","0","0","9700","270","50","0","40","0","50","1200","30","30","30","30","30","0","80","0","0","0","0","0","Y","Y","Y","","","","","","","","","","","","","","","","","","","","Y","","Y","","","Y","Y","3","3","5","","","","","","","","","5","","","","","","","","","16001100"
"Type-0","","Eight","18862","699","255","150","235","179","25","30","218","6557","203","136","120","133","149","25","30","188","605","46","9","0","2","0","800","40","30","0","30","0","0","9700","290","50","0","40","0","30","1200","30","30","30","30","30","0","90","0","0","0","0","0","Y","","","","","","Y","","","","","","","","","","","","","","","","Y","","Y","","","Y","Y","3","3","5","","5","","","","5","","","","","","","","","","","","16001200"
"Type-0","","Cater","18489","681","271","179","280","197","25","25","206","6454","191","127","149","149","167","25","25","176","535","35","9","0","11","0","800","35","35","0","30","0","0","9500","280","70","0","60","0","30","1200","30","30","30","30","30","0","110","0","0","0","0","0","Y","","","","","","","","","","","","","Y","","","","","","","","","Y","","Y","","","Y","Y","3","4","","5","","","","","","","","","","","","5","","6","","","16001300"
"Type-0","","Trey","18559","687","243","181","234","180","26","25","197","6119","200","126","151","129","149","26","25","157","640","37","7","0","5","1","800","40","30","0","30","0","0","9800","280","50","0","40","0","40","1200","30","30","30","30","30","0","100","0","0","0","0","0","Y","","","","","","","","","Y","","","","","","","","","","","","","Y","","Y","","","Y","Y","3","3","","5","","","","","","","","","","","","","","6","","","16001400"
"Type-0","","Kurasame","19304","585","235","569","239","180","25","25","198","6434","211","136","205","141","90","25","25","158","570","24","4","24","3","0","700","40","25","20","25","0","0","10400","260","40","270","40","60","40","1200","30","30","30","30","30","0","20","0","20","0","0","0","Y","Y","Y","","","","","","","","","","Y","","","","","","","","","","Y","","Y","","Y","Y","Y","5","3","5","","","","5","","","","","5","","","","","","","","","16001600"
"KH","","Sora","9622","400","227","178","195","191","25","25","168","6772","209","154","148","135","160","25","25","168","850","41","13","0","0","1","800","40","30","0","30","0","0","","","","","","","","1200","30","30","30","30","30","0","80","0","0","0","0","0","Y","Y","","","","","","Y","Y","","","","","","","","","","","","Y","Y","Y","","Y","","Y","Y","Y","3","4","5","","","","5","","","","","","","","","","","","","","17000100"
"KH","","Riku","9852","394","224","202","209","183","26","25","172","7052","220","152","172","148","153","26","25","172","800","44","12","0","1","0","800","40","30","0","30","0","0","","","","","","","","1200","30","30","30","30","30","0","60","0","0","0","0","0","Y","Y","","","","","","","","","","","","","","","","","","","Y","","Y","Y","Y","Y","Y","Y","Y","4","","5","","5","","","","","","","","","","","","6","","","","17000200"
"KH","","Roxas","9642","367","236","178","195","184","25","25","168","6712","212","156","148","135","154","25","25","168","930","35","20","0","0","0","800","40","30","0","30","0","0","","","","","","","","1200","30","30","30","30","30","0","50","0","0","0","0","0","Y","Y","","","","","","","","","","","","","","","","","","","Y","","Y","","Y","","Y","Y","Y","3","4","5","","","","","","","","5","","","","","","6","","","","17000400"
"KH","","Axel","9092","316","197","305","223","129","25","25","172","6632","202","134","211","164","99","25","25","172","560","19","8","19","4","0","700","40","25","20","25","0","0","","","","","","","","1200","30","30","30","30","30","0","25","0","25","0","0","0","Y","","","","","","","Y","Y","","","","Y","","","","","","","","","","Y","","Y","","Y","Y","Y","5","","","","5","","","","","","","","5","","","","","6","","","17000500"
"Beyond","","Reynn","18930","184","223","684","311","207","25","25","189","5850","154","116","214","179","172","25","25","149","480","0","7","30","12","5","500","0","30","40","40","0","0","10900","0","40","320","50","0","40","1200","30","30","30","30","30","0","0","0","50","0","0","0","Y","","","","","","Y","Y","Y","","","","Y","","","","","","","","","","Y","","Y","","Y","Y","Y","5","4","","","","5","","","","","","","","","","","","","4","","19000500"
"Beyond","","Lann","19110","678","266","288","258","165","25","27","184","6860","208","145","148","149","135","25","27","144","650","40","11","0","9","0","800","40","30","0","30","0","0","9600","290","50","100","40","0","40","1200","30","30","30","30","30","0","70","0","10","0","0","0","Y","Y","","","","","Y","","","","","","Y","","","","","","","","","","Y","","Y","","Y","Y","Y","","","5","4","","5","","","5","","","","","","","","","","","","19000600"
"Beyond","","Morrow","18710","649","274","150","266","165","25","33","217","6630","206","136","120","135","135","25","33","187","680","38","3","0","11","0","800","35","35","0","30","0","0","9400","290","70","0","60","0","30","1200","30","30","30","30","30","0","50","0","0","0","0","0","Y","Y","","Y","","Y","","","","Y","","","","","","","","","","","","Y","Y","Y","Y","","","Y","Y","","","4","5","5","","4","","","","","","","","","","","","","","19001100"
"Beyond","","Aemo","17855","174","170","268","258","611","26","25","189","5200","144","100","202","170","206","26","25","149","455","0","0","16","8","25","500","0","20","20","30","40","0","10500","0","20","0","20","260","40","1200","30","30","30","30","30","0","0","0","0","0","50","0","Y","","","","","","","Y","Y","Y","Y","","","","","","","","","","","","Y","","Y","","Y","Y","Y","4","5","","","","5","","","","","","","","4","","","","","","","19001200"
"Beyond","","Wrieg","19433","636","310","147","236","172","25","26","194","6813","199","177","117","135","142","25","26","154","920","27","23","0","1","0","800","40","30","0","30","0","0","9700","300","50","0","40","0","40","1200","30","30","30","30","30","0","40","0","0","0","0","0","Y","Y","","Y","","Y","","","","","","","","","","","","","","","","Y","Y","Y","Y","Y","","Y","Y","","","4","","","","","5","","","4","","","","","","","","","6","19001300"
"Beyond","","Tama","17937","125","182","264","283","622","26","25","195","5362","95","108","203","191","203","26","25","155","375","0","4","11","12","29","500","0","20","20","30","40","0","10500","0","20","0","20","260","40","1200","30","30","30","30","30","0","0","0","0","0","60","0","Y","","","","","","","Y","Y","","","","","","","","","","","","","","Y","","Y","","Y","Y","Y","5","5","","","","","","","","","","","","","","","","","","","19001600"
"Beyond","","Enna Kros","17860","147","202","675","315","252","25","25","176","5800","117","108","218","194","192","25","25","136","360","0","4","27","11","10","500","0","20","40","30","20","0","10000","0","40","270","50","0","40","1200","30","30","30","30","30","0","0","0","90","0","0","0","Y","","","","","","","Y","Y","","","","Y","","","","","","","","","","Y","","Y","","Y","Y","Y","5","5","","","","5","","","","","","","","","","","","","6","","19001700"
"Beyond","","Serafie","17674","129","203","649","296","248","25","25","199","5524","99","109","217","172","192","25","25","159","450","0","4","32","14","6","500","0","20","40","30","20","0","10000","0","40","260","50","0","40","1200","30","30","30","30","30","0","0","0","70","0","0","0","Y","","","","","","","Y","Y","","Y","","Y","","","","","","","","","","Y","","Y","","Y","Y","Y","5","4","","","","","","","","","","","","5","","","","","","","19003200"
"Beyond","","Rain","19227","660","293","156","257","179","26","25","189","6777","209","161","126","157","149","26","25","149","850","31","22","0","0","0","800","40","30","0","30","0","0","9600","290","50","0","40","0","40","1200","30","30","30","30","30","0","60","0","0","0","0","0","Y","Y","","","","","","","","","","","","","","","","","","","","","Y","Y","Y","Y","","Y","Y","","","5","","","","5","","","","5","","","","","","","","","","19003300"
"Beyond","","Fina","16889","202","203","302","306","599","25","25","189","5199","122","120","200","179","210","25","25","149","490","0","3","2","17","29","500","0","10","20","40","40","0","9500","50","40","50","40","250","40","1200","30","30","30","30","30","0","0","0","0","0","40","0","Y","","","","","","","Y","Y","Y","Y","","","","","","","","","","","","Y","","Y","","Y","Y","Y","5","5","","5","","","","","","","","","","","","","","6","","","19003400"
"Beyond","","Lasswell","19430","659","293","150","242","178","25","25","191","6930","211","169","120","142","148","25","25","151","800","38","14","0","0","0","800","40","30","0","30","0","0","9700","290","50","0","40","0","40","1200","30","30","30","30","30","0","50","0","0","0","0","0","Y","Y","Y","","","","","","","","","","","","","","","","","","","","Y","","Y","","","Y","Y","","","5","5","","","","","","","","5","","","","","","","","","19003500"
"DB Only","","Shared","","","","","","","","","","","","","","","","","","","","","","","","","","","","","","","","","","","","","","","","","","","","","","","","","","","","","","","","","","","","","","","","","","","","","","","","","","","","","","","","","","","","","","","","","","","","","","","","","","","","","-2"