"Character","Realm","Season","Group","Name","Type","Synergy","Combine","Rarity","Level","ATK","DEF","MAG","RES","MND","ACC","EVA","Fixed Passive Effects","Random Passive Effects","Brar","Blv","Batk","Bdef","Bmag","Bres","Bmnd","Bacc","Beva","Mrar","Mlv","Matk","Mdef","Mmag","Mres","Mmnd","Macc","Meva","ID","GL"
"Wedge","Core","1","B","Crescent Knife","Dagger","","","S","50","258","0","258","0","0","95","0","Hand of Vengeance 5
Prismatic damage +20%","Wind +1/2/3/4/5% Boost
Quick Cast 3/4/5%
Grants [MAG +10% (8s)]/[MAG +20% (8s)]/[MAG +30% (8s)] at the beginning of the battle","S","50","165","","165","","","95","","S","99","350","","350","","","95","","21301214","✓"
"Wedge","Core","1","B","Wedge's Hat","Hat","","","S","50","49","101","49","143","0","0","105","Empower Healing 5%
Prismatic damage +20%","Wind Ability +1/2/3/4/5% Boost
Grants [20% Damage Reduction Barrier 1 Follow-Up]/[30% Damage Reduction Barrier 1 Follow-Up]/[40% Damage Reduction Barrier 1 Follow-Up] at the beginning of the battle
Grants [RES +10% (8s)]/[RES +20% (8s)]/[RES +30% (8s)] at the beginning of the battle","S","50","36","61","36","76","","","105","S","99","62","140","62","210","","","105","22351169","✓"
"Wedge","Core","1","B","Wedge's Scarf","Accessory","","","S","1","0","0","0","0","0","0","0","HP +500
Prismatic resistance (moderate)","Quick Cast 4/5/6/7/8%","S","1","","","","","","","","S","1","","","","","","","","23380644","✓"
"Dr. Mog","Core","4","O","Sage's Staff","Staff","","","S","50","258","0","0","0","129","95","0","Hand of Vengeance 5
Prismatic damage +20%","Prismatic +1/2/3/4/5% Boost
Quick Cast 3/4/5%
Grants [MAG +10% (8s)]/[MAG +20% (8s)]/[MAG +30% (8s)] at the beginning of the battle","S","50","165","","","","83","95","","S","99","350","","","","175","95","","21309211","✓"
"Dr. Mog","Core","4","O","Sage's Mantle","Robe","","","S","50","0","100","39","163","39","0","105","Empower Healing 5%
Prismatic damage +20%","Prismatic Ability +1/2/3/4/5% Boost
Grants [20% Damage Reduction Barrier 1 Follow-Up]/[30% Damage Reduction Barrier 1 Follow-Up]/[40% Damage Reduction Barrier 1 Follow-Up] at the beginning of the battle
Grants [RES +10% (8s)]/[RES +20% (8s)]/[RES +30% (8s)] at the beginning of the battle","S","50","","45","26","93","26","","105","S","99","","155","52","233","52","","105","22355154","✓"
"Dr. Mog","Core","4","O","Royal Archives Key","Accessory","","","S","1","0","0","0","0","0","0","0","HP +500
Prismatic resistance (moderate)","Quick Cast 4/5/6/7/8%","S","1","","","","","","","","S","1","","","","","","","","23380642","✓"
"Master","I","2","E","Buster Knuckles","Fist","","","S","50","266","0","0","0","0","95","0","Deadly Strikes 5
Prismatic damage +20%","Fire/Lightning/Earth +1/2/3/4/5% Boost
Quick Cast 3/4/5%
Grants [ATK +10% (8s)]/[ATK +20% (8s)]/[ATK +30% (8s)] at the beginning of the battle","S","50","172","","","","","95","","S","99","360","","","","","95","","21307218","✓"
"Master","I","2","E","Power Vest","Light Armor","","","S","50","49","122","0","122","0","0","100","Precise Strikes 5
Prismatic damage +20%","Fire/Lightning/Earth Ability +1/2/3/4/5% Boost
Grants [20% Damage Reduction Barrier 1 Follow-Up]/[30% Damage Reduction Barrier 1 Follow-Up]/[40% Damage Reduction Barrier 1 Follow-Up] at the beginning of the battle
Grants [DEF +10% (8s)]/[DEF +20% (8s)]/[DEF +30% (8s)] at the beginning of the battle","S","50","36","50","","50","","","100","S","99","62","194","","194","","","100","22353257","✓"
"Master","I","2","E","Golden Apple","Accessory","","","S","1","0","0","0","0","0","0","0","HP +500
Prismatic resistance (moderate)","Quick Cast 4/5/6/7/8%","S","1","","","","","","","","S","1","","","","","","","","23380621","✓"
"Matoya","I","2","E","Matoya's Broom","Staff","","","S","50","0","0","258","0","129","95","0","Hand of Vengeance 5
Prismatic damage +20%","Fire/Ice/Lightning +1/2/3/4/5% Boost
Quick Cast 3/4/5%
Grants [MAG +10% (8s)]/[MAG +20% (8s)]/[MAG +30% (8s)] at the beginning of the battle","S","50","","","165","","83","95","","S","99","","","350","","175","95","","21309081","✓"
"Matoya","I","2","E","Matoya's Robe","Robe","","","S","50","0","100","39","163","39","0","105","Empower Healing 5%
Prismatic damage +20%","Fire/Ice/Lightning Ability +1/2/3/4/5% Boost
Grants [20% Damage Reduction Barrier 1 Follow-Up]/[30% Damage Reduction Barrier 1 Follow-Up]/[40% Damage Reduction Barrier 1 Follow-Up] at the beginning of the battle
Grants [RES +10% (8s)]/[RES +20% (8s)]/[RES +30% (8s)] at the beginning of the battle","S","50","","45","26","93","26","","105","S","99","","155","52","233","52","","105","22355089","✓"
"Matoya","I","2","E","Carobo","Accessory","","","S","1","0","0","0","0","0","0","0","HP +500
Prismatic resistance (moderate)","Quick Cast 4/5/6/7/8%","S","1","","","","","","","","S","1","","","","","","","","23380587","✓"
"Meia","I","2","F","Svetovid","Rod","","","S","50","0","0","258","0","0","95","0","Hand of Vengeance 5
Prismatic damage +20%","Water +1/2/3/4/5% Boost
Quick Cast 3/4/5%
Grants [MAG +10% (8s)]/[MAG +20% (8s)]/[MAG +30% (8s)] at the beginning of the battle","S","50","","","165","","","95","","S","99","","","350","","","95","","21308228","✓"
"Meia","I","2","F","Vesna Krasna","Light Armor","","","S","50","0","122","49","122","0","0","0","Empower Healing 5%
Prismatic damage +20%","Water Ability +1/2/3/4/5% Boost
Grants [20% Damage Reduction Barrier 1 Follow-Up]/[30% Damage Reduction Barrier 1 Follow-Up]/[40% Damage Reduction Barrier 1 Follow-Up] at the beginning of the battle
Grants [RES +10% (8s)]/[RES +20% (8s)]/[RES +30% (8s)] at the beginning of the battle","S","50","","50","36","50","","","","S","99","","194","62","194","","","","22353268","✓"
"Meia","I","2","F","Angel's Ring","Accessory","","","S","1","0","0","0","0","0","0","0","HP +500
Prismatic resistance (moderate)","Quick Cast 4/5/6/7/8%","S","1","","","","","","","","S","1","","","","","","","","23380285","✓"
"Garland","I","3","I","Rebellion","Sword","","","S","50","266","0","0","0","0","95","0","Deadly Strikes 5
Prismatic damage +20%","Dark +1/2/3/4/5% Boost
Quick Cast 3/4/5%
Grants [ATK +10% (8s)]/[ATK +20% (8s)]/[ATK +30% (8s)] at the beginning of the battle","S","50","172","","","","","95","","S","99","360","","","","","95","","21302339","✓"
"Garland","I","3","I","Garland's Helm","Helm","","","S","50","49","126","0","115","0","0","105","Precise Strikes 5
Prismatic damage +20%","Dark Ability +1/2/3/4/5% Boost
Grants [20% Damage Reduction Barrier 1 Follow-Up]/[30% Damage Reduction Barrier 1 Follow-Up]/[40% Damage Reduction Barrier 1 Follow-Up] at the beginning of the battle
Grants [DEF +10% (8s)]/[DEF +20% (8s)]/[DEF +30% (8s)] at the beginning of the battle","S","50","36","57","","57","","","105","S","99","62","195","","173","","","105","22352056","✓"
"Garland","I","3","I","Protect Stud","Accessory","","","S","1","0","0","0","0","0","0","0","HP +500
Prismatic resistance (moderate)","Quick Cast 4/5/6/7/8%","S","1","","","","","","","","S","1","","","","","","","","23380443","✓"
"Thief (I)","I","3","L","Lust Dagger","Dagger","","","S","50","266","0","0","0","0","95","0","Deadly Strikes 5
Prismatic damage +20%","Wind/Poison +1/2/3/4/5% Boost
Quick Cast 3/4/5%
Grants [ATK +10% (8s)]/[ATK +20% (8s)]/[ATK +30% (8s)] at the beginning of the battle","S","50","172","","","","","95","","S","99","360","","","","","95","","21301135","✓"
"Thief (I)","I","3","L","Black Cowl","Hat","","","S","50","49","101","0","143","0","0","105","Precise Strikes 5
Prismatic damage +20%","Wind/Poison Ability +1/2/3/4/5% Boost
Grants [20% Damage Reduction Barrier 1 Follow-Up]/[30% Damage Reduction Barrier 1 Follow-Up]/[40% Damage Reduction Barrier 1 Follow-Up] at the beginning of the battle
Grants [DEF +10% (8s)]/[DEF +20% (8s)]/[DEF +30% (8s)] at the beginning of the battle","S","50","36","61","","76","","","105","S","99","62","140","","210","","","105","22351194","✓"
"Thief (I)","I","3","L","Shadow Mask","Accessory","","","S","1","0","0","0","0","0","0","0","HP +500
Prismatic resistance (moderate)","Quick Cast 4/5/6/7/8%","S","1","","","","","","","","S","1","","","","","","","","23380051","✓"
"Wol","I","4","R","Andraste's Nail","Dagger","","","S","50","266","0","0","0","0","95","0","Deadly Strikes 5
Prismatic damage +20%","Earth/Holy +1/2/3/4/5% Boost
Quick Cast 3/4/5%
Grants [ATK +10% (8s)]/[ATK +20% (8s)]/[ATK +30% (8s)] at the beginning of the battle","S","50","172","","","","","95","","S","99","360","","","","","95","","21301183",""
"Wol","I","4","R","Paladin Form","Light Armor","","","S","50","49","122","0","122","0","0","100","Precise Strikes 5
Prismatic damage +20%","Earth/Holy Ability +1/2/3/4/5% Boost
Grants [20% Damage Reduction Barrier 1 Follow-Up]/[30% Damage Reduction Barrier 1 Follow-Up]/[40% Damage Reduction Barrier 1 Follow-Up] at the beginning of the battle
Grants [DEF +10% (8s)]/[DEF +20% (8s)]/[DEF +30% (8s)] at the beginning of the battle","S","50","36","50","","50","","","100","S","99","62","194","","194","","","100","22353474",""
"Wol","I","4","R","Ruby Bracelet","Accessory","","","S","1","0","0","0","0","0","0","0","HP +500
Prismatic resistance (moderate)","Quick Cast 4/5/6/7/8%","S","1","","","","","","","","S","1","","","","","","","","23380400",""
"Warrior of Light","I","5","3","Excalibur","Sword","","","S","50","266","0","0","0","0","95","0","Deadly Strikes 5
Prismatic damage +20%","Holy +1/2/3/4/5% Boost
Quick Cast 3/4/5%
Grants [ATK +10% (8s)]/[ATK +20% (8s)]/[ATK +30% (8s)] at the beginning of the battle","S","50","172","","","","","95","","S","99","360","","","","","95","","21302299",""
"Warrior of Light","I","5","3","Shield of Light","Shield","","","S","50","49","161","0","102","0","0","112","Precise Strikes 5
Prismatic damage +20%","Holy Ability +1/2/3/4/5% Boost
Grants [20% Damage Reduction Barrier 1 Follow-Up]/[30% Damage Reduction Barrier 1 Follow-Up]/[40% Damage Reduction Barrier 1 Follow-Up] at the beginning of the battle
Grants [DEF +10% (8s)]/[DEF +20% (8s)]/[DEF +30% (8s)] at the beginning of the battle","S","50","36","100","","57","","","112","S","99","62","221","","147","","","112","22350049",""
"Warrior of Light","I","5","3","Warrior of Light's Pouch","Accessory","","","S","1","0","0","0","0","0","0","0","HP +500
Prismatic resistance (moderate)","Quick Cast 4/5/6/7/8%","S","1","","","","","","","","S","1","","","","","","","","23380440",""
"Echo","I","5","3","World Tree Wand","Staff","","","S","50","0","0","258","0","258","95","0","Hand of Vengeance 5
Prismatic damage +20%","Weakness +1/2/3/4/5% Boost
Quick Cast 3/4/5%
Grants [MAG +10% (8s)]/[MAG +20% (8s)]/[MAG +30% (8s)] at the beginning of the battle","S","50","","","165","","165","95","","S","99","","","350","","350","95","","21309192",""
"Echo","I","5","3","Mogurumi","Light Armor","","","S","50","0","122","39","122","39","0","100","Empower Healing 5%
Prismatic damage +20%","Dancer Ability Healing +1/2/3/4/5% Boost
Grants [20% Damage Reduction Barrier 1 Follow-Up]/[30% Damage Reduction Barrier 1 Follow-Up]/[40% Damage Reduction Barrier 1 Follow-Up] at the beginning of the battle
Grants [RES +10% (8s)]/[RES +20% (8s)]/[RES +30% (8s)] at the beginning of the battle","S","50","","50","26","50","26","","100","S","99","","194","52","194","52","","100","22353476",""
"Echo","I","5","3","Yosei no Kusuri","Accessory","","","S","1","0","0","0","0","0","0","0","HP +500
Prismatic resistance (moderate)","Quick Cast 4/5/6/7/8%","S","1","","","","","","","","S","1","","","","","","","","23380555",""
"Sarah","I","5","3","Old Lute","Instrument","","","S","50","0","0","129","0","258","95","0","Empower Healing 5%
Prismatic damage +20%","WHT Heals +1/2/3/4/5%
Quick Cast 3/4/5%
Grants [MND +10% (8s)]/[MND +20% (8s)]/[MND +30% (8s)] at the beginning of the battle","S","50","","","83","","165","95","","S","99","","","175","","350","95","","21311021",""
"Sarah","I","5","3","Robe of Light","Robe","","","S","50","0","100","0","163","49","0","105","Max HP +5%
Prismatic damage +20%","White Magic +1/2/3/4/5% Boost
Grants [20% Damage Reduction Barrier 1 Follow-Up]/[30% Damage Reduction Barrier 1 Follow-Up]/[40% Damage Reduction Barrier 1 Follow-Up] at the beginning of the battle
Grants [RES +10% (8s)]/[RES +20% (8s)]/[RES +30% (8s)] at the beginning of the battle","S","50","","45","","93","36","","105","S","99","","155","","233","62","","105","22355063",""
"Sarah","I","5","3","Sarah's Earrings","Accessory","","","S","1","0","0","0","0","0","0","0","HP +500
Prismatic resistance (moderate)","Quick Cast 4/5/6/7/8%","S","1","","","","","","","","S","1","","","","","","","","23380403",""
"Guy","II","1","A","Gigant Axe","Axe","","","S","50","266","0","0","0","0","95","0","Deadly Strikes 5
Prismatic damage +20%","Earth +1/2/3/4/5% Boost
Quick Cast 3/4/5%
Grants [ATK +10% (8s)]/[ATK +20% (8s)]/[ATK +30% (8s)] at the beginning of the battle","S","50","172","","","","","95","","S","99","360","","","","","95","","21304031","✓"
"Guy","II","1","A","Guy's Helm","Helm","","","S","50","49","126","0","115","0","0","105","Precise Strikes 5
Prismatic damage +20%","Earth Ability +1/2/3/4/5% Boost
Grants [20% Damage Reduction Barrier 1 Follow-Up]/[30% Damage Reduction Barrier 1 Follow-Up]/[40% Damage Reduction Barrier 1 Follow-Up] at the beginning of the battle
Grants [DEF +10% (8s)]/[DEF +20% (8s)]/[DEF +30% (8s)] at the beginning of the battle","S","50","36","57","","57","","","105","S","99","62","195","","173","","","105","22352072","✓"
"Guy","II","1","A","Sunfire","Accessory","","","S","1","0","0","0","0","0","0","0","HP +500
Prismatic resistance (moderate)","Quick Cast 4/5/6/7/8%","S","1","","","","","","","","S","1","","","","","","","","23380380","✓"
"Emperor","II","1","A","Demon's Rod","Rod","","","S","50","0","0","258","0","0","95","0","Hand of Vengeance 5
Prismatic damage +20%","Earth/Wind/Dark +1/2/3/4/5% Boost
Quick Cast 3/4/5%
Grants [MAG +10% (8s)]/[MAG +20% (8s)]/[MAG +30% (8s)] at the beginning of the battle","S","50","","","165","","","95","","S","99","","","350","","","95","","21308134","✓"
"Emperor","II","1","A","Imperial Shell","Light Armor","","","S","50","0","122","49","122","0","0","100","Empower Healing 5%
Prismatic damage +20%","Earth/Wind/Dark Ability +1/2/3/4/5% Boost
Grants [20% Damage Reduction Barrier 1 Follow-Up]/[30% Damage Reduction Barrier 1 Follow-Up]/[40% Damage Reduction Barrier 1 Follow-Up] at the beginning of the battle
Grants [RES +10% (8s)]/[RES +20% (8s)]/[RES +30% (8s)] at the beginning of the battle","S","50","","50","36","50","","","100","S","99","","194","62","194","","","100","22353221","✓"
"Emperor","II","1","A","Emperor's Ring","Accessory","","","S","1","0","0","0","0","0","0","0","HP +500
Prismatic resistance (moderate)","Quick Cast 4/5/6/7/8%","S","1","","","","","","","","S","1","","","","","","","","23380556","✓"
"Firion","II","1","C","Crimson Sword","Sword","","","S","50","266","0","0","0","0","95","0","Deadly Strikes 5
Prismatic damage +20%","Fire/Ice/Holy +1/2/3/4/5% Boost
Quick Cast 3/4/5%
Grants [ATK +10% (8s)]/[ATK +20% (8s)]/[ATK +30% (8s)] at the beginning of the battle","S","50","172","","","","","95","","S","99","360","","","","","95","","21302349","✓"
"Firion","II","1","C","Firion's Bandana","Hat","","","S","50","49","101","0","143","0","0","105","Precise Strikes 5
Prismatic damage +20%","Fire/Ice/Holy Ability +1/2/3/4/5% Boost
Grants [20% Damage Reduction Barrier 1 Follow-Up]/[30% Damage Reduction Barrier 1 Follow-Up]/[40% Damage Reduction Barrier 1 Follow-Up] at the beginning of the battle
Grants [DEF +10% (8s)]/[DEF +20% (8s)]/[DEF +30% (8s)] at the beginning of the battle","S","50","36","61","","76","","","105","S","99","62","140","","210","","","105","22351158","✓"
"Firion","II","1","C","Firion's Earring","Accessory","","","S","1","0","0","0","0","0","0","0","HP +500
Prismatic resistance (moderate)","Quick Cast 4/5/6/7/8%","S","1","","","","","","","","S","1","","","","","","","","23380295","✓"
"Leila","II","2","F","Dancing Dagger","Dagger","","","S","50","266","0","0","0","0","95","0","Deadly Strikes 5
Prismatic damage +20%","Water/Poison +1/2/3/4/5% Boost
Quick Cast 3/4/5%
Grants [ATK +10% (8s)]/[ATK +20% (8s)]/[ATK +30% (8s)] at the beginning of the battle","S","50","172","","","","","95","","S","99","360","","","","","95","","21301078","✓"
"Leila","II","2","F","Leila's Guise","Light Armor","","","S","50","49","122","0","122","0","0","0","Precise Strikes 5
Prismatic damage +20%","Water/Poison Ability +1/2/3/4/5% Boost
Grants [20% Damage Reduction Barrier 1 Follow-Up]/[30% Damage Reduction Barrier 1 Follow-Up]/[40% Damage Reduction Barrier 1 Follow-Up] at the beginning of the battle
Grants [DEF +10% (8s)]/[DEF +20% (8s)]/[DEF +30% (8s)] at the beginning of the battle","S","50","36","50","","50","","","","S","99","62","194","","194","","","","22353378","✓"
"Leila","II","2","F","Leila's Necklace","Accessory","","","S","1","0","0","0","0","0","0","0","HP +500
Prismatic resistance (moderate)","Quick Cast 4/5/6/7/8%","S","1","","","","","","","","S","1","","","","","","","","23380408","✓"
"Leon","II","3","I","Longinus","Spear","","","S","50","266","0","0","0","0","95","0","Deadly Strikes 5
Prismatic damage +20%","Dark +1/2/3/4/5% Boost
Quick Cast 3/4/5%
Grants [ATK +10% (8s)]/[ATK +20% (8s)]/[ATK +30% (8s)] at the beginning of the battle","S","50","172","","","","","95","","S","99","360","","","","","95","","21306084","✓"
"Leon","II","3","I","Leon's Guise","Light Armor","","","S","50","49","122","0","122","0","0","100","Precise Strikes 5
Prismatic damage +20%","Dark Ability +1/2/3/4/5% Boost
Grants [20% Damage Reduction Barrier 1 Follow-Up]/[30% Damage Reduction Barrier 1 Follow-Up]/[40% Damage Reduction Barrier 1 Follow-Up] at the beginning of the battle
Grants [DEF +10% (8s)]/[DEF +20% (8s)]/[DEF +30% (8s)] at the beginning of the battle","S","50","36","50","","50","","","100","S","99","62","194","","194","","","100","22353389","✓"
"Leon","II","3","I","Hermes' Shoes","Accessory","","","S","1","0","0","0","0","0","0","0","HP +500
Prismatic resistance (moderate)","Quick Cast 4/5/6/7/8%","S","1","","","","","","","","S","1","","","","","","","","23380296","✓"
"Ricard","II","3","K","Wyvern Lance","Spear","","","S","50","266","0","0","0","0","95","0","Deadly Strikes 5
Prismatic damage +20%","Lightning/Wind/Water/Dark +1/2/3/4/5% Boost
Quick Cast 3/4/5%
Grants [ATK +10% (8s)]/[ATK +20% (8s)]/[ATK +30% (8s)] at the beginning of the battle","S","50","172","","","","","95","","S","99","360","","","","","95","","21306078","✓"
"Ricard","II","3","K","Wyvern Shield","Shield","","","S","50","49","161","0","102","0","0","112","Precise Strikes 5
Prismatic damage +20%","Lightning/Wind/Water/Dark Ability +1/2/3/4/5% Boost
Grants [20% Damage Reduction Barrier 1 Follow-Up]/[30% Damage Reduction Barrier 1 Follow-Up]/[40% Damage Reduction Barrier 1 Follow-Up] at the beginning of the battle
Grants [DEF +10% (8s)]/[DEF +20% (8s)]/[DEF +30% (8s)] at the beginning of the battle","S","50","36","100","","57","","","112","S","99","62","221","","147","","","112","22350131","✓"
"Ricard","II","3","K","Pendant","Accessory","","","S","1","0","0","0","0","0","0","0","HP +500
Prismatic resistance (moderate)","Quick Cast 4/5/6/7/8%","S","1","","","","","","","","S","1","","","","","","","","23380232","✓"
"Josef","II","4","Q","Dragon Claws","Fist","","","S","50","266","0","0","0","0","95","0","Deadly Strikes 5
Prismatic damage +20%","Ice +1/2/3/4/5% Boost
Quick Cast 3/4/5%
Grants [ATK +10% (8s)]/[ATK +20% (8s)]/[ATK +30% (8s)] at the beginning of the battle","S","50","172","","","","","95","","S","99","360","","","","","95","","21307056","✓"
"Josef","II","4","Q","Josef's Cloak","Light Armor","","","S","50","49","122","0","122","0","0","100","Precise Strikes 5
Prismatic damage +20%","Ice Ability +1/2/3/4/5% Boost
Grants [20% Damage Reduction Barrier 1 Follow-Up]/[30% Damage Reduction Barrier 1 Follow-Up]/[40% Damage Reduction Barrier 1 Follow-Up] at the beginning of the battle
Grants [DEF +10% (8s)]/[DEF +20% (8s)]/[DEF +30% (8s)] at the beginning of the battle","S","50","36","50","","50","","","100","S","99","62","194","","194","","","100","22353176","✓"
"Josef","II","4","Q","Josef's Earring","Accessory","","","S","1","0","0","0","0","0","0","0","HP +500
Prismatic resistance (moderate)","Quick Cast 4/5/6/7/8%","S","1","","","","","","","","S","1","","","","","","","","23380493","✓"
"Maria","II","4","R","Maria's Bow","Bow","","","S","50","0","0","258","0","0","95","0","Hand of Vengeance 5
Prismatic damage +20%","Earth +1/2/3/4/5% Boost
Quick Cast 3/4/5%
Grants [MAG +10% (8s)]/[MAG +20% (8s)]/[MAG +30% (8s)] at the beginning of the battle","S","50","","","165","","","95","","S","99","","","350","","","95","","21310082",""
"Maria","II","4","R","Maria's Guise","Light Armor","","","S","50","0","122","49","122","0","0","100","Empower Healing 5%
Prismatic damage +20%","Earth Ability +1/2/3/4/5% Boost
Grants [20% Damage Reduction Barrier 1 Follow-Up]/[30% Damage Reduction Barrier 1 Follow-Up]/[40% Damage Reduction Barrier 1 Follow-Up] at the beginning of the battle
Grants [RES +10% (8s)]/[RES +20% (8s)]/[RES +30% (8s)] at the beginning of the battle","S","50","","50","36","50","","","100","S","99","","194","62","194","","","100","22353335",""
"Maria","II","4","R","Maria's Scarf","Accessory","","","S","1","0","0","0","0","0","0","0","HP +500
Prismatic resistance (moderate)","Quick Cast 4/5/6/7/8%","S","1","","","","","","","","S","1","","","","","","","","23380357",""
"Scott","II","5","2","Wild Rose","Sword","","","S","50","266","0","0","0","0","95","0","Deadly Strikes 5
Prismatic damage +20%","Fire +1/2/3/4/5% Boost
Quick Cast 3/4/5%
Grants [ATK +10% (8s)]/[ATK +20% (8s)]/[ATK +30% (8s)] at the beginning of the battle","S","50","172","","","","","95","","S","99","360","","","","","95","","21302308",""
"Scott","II","5","2","Scott's Guise","Light Armor","","","S","50","49","122","0","122","0","0","100","Precise Strikes 5
Prismatic damage +20%","Fire Ability +1/2/3/4/5% Boost
Grants [20% Damage Reduction Barrier 1 Follow-Up]/[30% Damage Reduction Barrier 1 Follow-Up]/[40% Damage Reduction Barrier 1 Follow-Up] at the beginning of the battle
Grants [DEF +10% (8s)]/[DEF +20% (8s)]/[DEF +30% (8s)] at the beginning of the battle","S","50","36","50","","50","","","100","S","99","62","194","","194","","","100","22353310",""
"Scott","II","5","2","Scott's Bracelet","Accessory","","","S","1","0","0","0","0","0","0","0","HP +500
Prismatic resistance (moderate)","Quick Cast 4/5/6/7/8%","S","1","","","","","","","","S","1","","","","","","","","23380354",""
"Minwu","II","5","3","Wand of Light","Staff","","","S","50","0","0","129","0","258","95","0","Hand of Vengeance 5
Prismatic damage +20%","Holy +1/2/3/4/5% Boost
Quick Cast 3/4/5%
Grants [MND +10% (8s)]/[MND +20% (8s)]/[MND +30% (8s)] at the beginning of the battle","S","50","","","83","","165","95","","S","99","","","175","","350","95","","21309082",""
"Minwu","II","5","3","Minwu's Cowl","Hat","","","S","50","0","101","0","143","60","0","105","Empower Healing 5%
Prismatic damage +20%","Holy Ability +1/2/3/4/5% Boost
Grants [20% Damage Reduction Barrier 1 Follow-Up]/[30% Damage Reduction Barrier 1 Follow-Up]/[40% Damage Reduction Barrier 1 Follow-Up] at the beginning of the battle
Grants [RES +10% (8s)]/[RES +20% (8s)]/[RES +30% (8s)] at the beginning of the battle","S","50","","61","","76","49","","105","S","99","","140","","210","70","","105","22351172",""
"Minwu","II","5","3","Kei","Accessory","","","S","1","0","0","0","0","0","0","0","HP +500
Prismatic resistance (moderate)","Quick Cast 4/5/6/7/8%","S","1","","","","","","","","S","1","","","","","","","","23380356",""
"Gordon","II","5","5","Gungnir","Spear","","","S","50","258","0","258","0","0","95","0","Deadly Strikes 5
Prismatic damage +20%","Fire +1/2/3/4/5% Boost
Quick Cast 3/4/5%
Grants [ATK +10% (8s)]/[ATK +20% (8s)]/[ATK +30% (8s)] at the beginning of the battle","S","50","165","","165","","","95","","S","99","350","","350","","","95","","21306067",""
"Gordon","II","5","5","Gordon's Guise","Light Armor","","","S","50","39","122","39","122","0","0","100","Precise Strikes 5
Prismatic damage +20%","Fire Ability +1/2/3/4/5% Boost
Grants [20% Damage Reduction Barrier 1 Follow-Up]/[30% Damage Reduction Barrier 1 Follow-Up]/[40% Damage Reduction Barrier 1 Follow-Up] at the beginning of the battle
Grants [DEF +10% (8s)]/[DEF +20% (8s)]/[DEF +30% (8s)] at the beginning of the battle","S","50","26","50","26","50","","","100","S","99","52","194","52","194","","","100","22353490",""
"Gordon","II","5","5","Gordon's Visor","Accessory","","","S","1","0","0","0","0","0","0","0","HP +500
Prismatic resistance (moderate)","Quick Cast 4/5/6/7/8%","S","1","","","","","","","","S","1","","","","","","","","23380355",""
"Aria","III","2","F","Loki's Harp","Instrument","","","S","50","0","0","129","0","258","95","0","Empower Healing 5%
Prismatic damage +20%","WHT Heals +1/2/3/4/5%
Quick Cast 3/4/5%
Grants [MND +10% (8s)]/[MND +20% (8s)]/[MND +30% (8s)] at the beginning of the battle","S","50","","","83","","165","95","","S","99","","","175","","350","95","","21311058","✓"
"Aria","III","2","F","Aria's Presence","Light Armor","","","S","50","0","122","0","122","49","0","100","Max HP +5%
Prismatic damage +20%","White Magic +1/2/3/4/5% Boost
Grants [20% Damage Reduction Barrier 1 Follow-Up]/[30% Damage Reduction Barrier 1 Follow-Up]/[40% Damage Reduction Barrier 1 Follow-Up] at the beginning of the battle
Grants [RES +10% (8s)]/[RES +20% (8s)]/[RES +30% (8s)] at the beginning of the battle","S","50","","50","","50","36","","100","S","99","","194","","194","62","","100","22353224","✓"
"Aria","III","2","F","Aria's Ribbon","Accessory","","","S","1","0","0","0","0","0","0","0","HP +500
Prismatic resistance (moderate)","Quick Cast 4/5/6/7/8%","S","1","","","","","","","","S","1","","","","","","","","23380358","✓"
"Cloud of Darkness","III","2","G","Fangbite","Whip","","","S","50","0","0","258","0","0","95","0","Hand of Vengeance 5
Prismatic damage +20%","Lightning/Dark +1/2/3/4/5% Boost
Quick Cast 3/4/5%
Grants [MAG +10% (8s)]/[MAG +20% (8s)]/[MAG +30% (8s)] at the beginning of the battle","S","50","","","165","","","95","","S","99","","","350","","","95","","21312035","✓"
"Cloud of Darkness","III","2","G","Cloud of Darkness's Guise","Light Armor","","","S","50","0","122","49","122","0","0","100","Empower Healing 5%
Prismatic damage +20%","Lightning/Dark Ability +1/2/3/4/5% Boost
Grants [20% Damage Reduction Barrier 1 Follow-Up]/[30% Damage Reduction Barrier 1 Follow-Up]/[40% Damage Reduction Barrier 1 Follow-Up] at the beginning of the battle
Grants [RES +10% (8s)]/[RES +20% (8s)]/[RES +30% (8s)] at the beginning of the battle","S","50","","50","36","50","","","100","S","99","","194","62","194","","","100","22353334","✓"
"Cloud of Darkness","III","2","G","Darkening Anklet","Accessory","","","S","1","0","0","0","0","0","0","0","HP +500
Prismatic resistance (moderate)","Quick Cast 4/5/6/7/8%","S","1","","","","","","","","S","1","","","","","","","","23380305","✓"
"Arc","III","2","H","Staff of the Magi","Staff","","","S","50","0","0","258","0","258","95","0","Hand of Vengeance 5
Prismatic damage +20%","Water/Holy +1/2/3/4/5% Boost
Quick Cast 3/4/5%
Grants [MAG +10% (8s)]/[MAG +20% (8s)]/[MAG +30% (8s)] at the beginning of the battle","S","50","","","165","","165","95","","S","99","","","350","","350","95","","21309083","✓"
"Arc","III","2","H","White Mage Robe","Robe","","","S","50","0","101","39","163","39","0","105","Empower Healing 5%
Prismatic damage +20%","Water/Holy Ability +1/2/3/4/5% Boost
Grants [20% Damage Reduction Barrier 1 Follow-Up]/[30% Damage Reduction Barrier 1 Follow-Up]/[40% Damage Reduction Barrier 1 Follow-Up] at the beginning of the battle
Grants [RES +10% (8s)]/[RES +20% (8s)]/[RES +30% (8s)] at the beginning of the battle","S","50","","46","26","93","26","","105","S","99","","155","52","233","52","","105","22355059","✓"
"Arc","III","2","H","Nepto Eye","Accessory","","","S","1","0","0","0","0","0","0","0","HP +500
Prismatic resistance (moderate)","Quick Cast 4/5/6/7/8%","S","1","","","","","","","","S","1","","","","","","","","23380573","✓"
"Luneth","III","3","L","Dragon Lance","Spear","","","S","50","266","0","0","0","0","95","0","Deadly Strikes 5
Prismatic damage +20%","Wind +1/2/3/4/5% Boost
Quick Cast 3/4/5%
Grants [ATK +10% (8s)]/[ATK +20% (8s)]/[ATK +30% (8s)] at the beginning of the battle","S","50","172","","","","","95","","S","99","360","","","","","95","","21306017","✓"
"Luneth","III","3","L","Dragoon's Helm","Helm","","","S","50","49","126","0","115","0","0","105","Precise Strikes 5
Prismatic damage +20%","Wind Ability +1/2/3/4/5% Boost
Grants [20% Damage Reduction Barrier 1 Follow-Up]/[30% Damage Reduction Barrier 1 Follow-Up]/[40% Damage Reduction Barrier 1 Follow-Up] at the beginning of the battle
Grants [DEF +10% (8s)]/[DEF +20% (8s)]/[DEF +30% (8s)] at the beginning of the battle","S","50","36","57","","57","","","105","S","99","62","195","","173","","","105","22352068","✓"
"Luneth","III","3","L","Luneth's Pouch","Accessory","","","S","1","0","0","0","0","0","0","0","HP +500
Prismatic resistance (moderate)","Quick Cast 4/5/6/7/8%","S","1","","","","","","","","S","1","","","","","","","","23380260","✓"
"Refia","III","4","N","Hell Claws","Fist","","","S","50","266","0","0","0","0","95","0","Deadly Strikes 5
Prismatic damage +20%","Fire +1/2/3/4/5% Boost
Quick Cast 3/4/5%
Grants [ATK +10% (8s)]/[ATK +20% (8s)]/[ATK +30% (8s)] at the beginning of the battle","S","50","172","","","","","95","","S","99","360","","","","","95","","21307028","✓"
"Refia","III","4","N","Refia's Tunic","Light Armor","","","S","50","49","122","0","122","0","0","100","Precise Strikes 5
Prismatic damage +20%","Fire Ability +1/2/3/4/5% Boost
Grants [20% Damage Reduction Barrier 1 Follow-Up]/[30% Damage Reduction Barrier 1 Follow-Up]/[40% Damage Reduction Barrier 1 Follow-Up] at the beginning of the battle
Grants [DEF +10% (8s)]/[DEF +20% (8s)]/[DEF +30% (8s)] at the beginning of the battle","S","50","36","50","","50","","","100","S","99","62","194","","194","","","100","22353168","✓"
"Refia","III","4","N","Refia's Earring","Accessory","","","S","1","0","0","0","0","0","0","0","HP +500
Prismatic resistance (moderate)","Quick Cast 4/5/6/7/8%","S","1","","","","","","","","S","1","","","","","","","","23380259","✓"
"Ingus","III","4","R","Save the Queen","Sword","","","S","50","266","0","0","0","0","95","0","Deadly Strikes 5
Prismatic damage +20%","Earth +1/2/3/4/5% Boost
Quick Cast 3/4/5%
Grants [ATK +10% (8s)]/[ATK +20% (8s)]/[ATK +30% (8s)] at the beginning of the battle","S","50","172","","","","","95","","S","99","360","","","","","95","","21302492",""
"Ingus","III","4","R","Knight Armor","Heavy Armor","","","S","50","49","165","0","110","0","0","105","Precise Strikes 5
Prismatic damage +20%","Earth Ability +1/2/3/4/5% Boost
Grants [20% Damage Reduction Barrier 1 Follow-Up]/[30% Damage Reduction Barrier 1 Follow-Up]/[40% Damage Reduction Barrier 1 Follow-Up] at the beginning of the battle
Grants [DEF +10% (8s)]/[DEF +20% (8s)]/[DEF +30% (8s)] at the beginning of the battle","S","50","36","96","","75","","","105","S","99","62","233","","144","","","105","22354099",""
"Ingus","III","4","R","Ingus's Pendant","Accessory","","","S","1","0","0","0","0","0","0","0","HP +500
Prismatic resistance (moderate)","Quick Cast 4/5/6/7/8%","S","1","","","","","","","","S","1","","","","","","","","23380506",""
"Onion Knight","III","5","1","Onion Sword","Sword","","","S","50","258","0","258","0","0","95","0","Hand of Vengeance 5
Prismatic damage +20%","Fire/Earth/Wind/Water +1/2/3/4/5% Boost
Quick Cast 3/4/5%
Grants [MAG +10% (8s)]/[MAG +20% (8s)]/[MAG +30% (8s)] at the beginning of the battle","S","50","165","","165","","","95","","S","99","350","","350","","","95","","21302192",""
"Onion Knight","III","5","1","Onion Armor","Heavy Armor","","","S","50","39","175","42","125","0","0","105","Empower Healing 5%
Prismatic damage +20%","Fire/Earth/Wind/Water Ability +1/2/3/4/5% Boost
Grants [20% Damage Reduction Barrier 1 Follow-Up]/[30% Damage Reduction Barrier 1 Follow-Up]/[40% Damage Reduction Barrier 1 Follow-Up] at the beginning of the battle
Grants [RES +10% (8s)]/[RES +20% (8s)]/[RES +30% (8s)] at the beginning of the battle","S","50","26","96","26","75","","","105","S","99","52","253","57","175","","","105","22354062",""
"Onion Knight","III","5","1","Onion Studs","Accessory","","","S","1","0","0","0","0","0","0","0","HP +500
Prismatic resistance (moderate)","Quick Cast 4/5/6/7/8%","S","1","","","","","","","","S","1","","","","","","","","23380372",""
"Desch","III","5","1","Desch's Sword","Sword","","","S","50","0","0","258","0","0","95","0","Hand of Vengeance 5
Prismatic damage +20%","Lightning +1/2/3/4/5% Boost
Quick Cast 3/4/5%
Grants [MAG +10% (8s)]/[MAG +20% (8s)]/[MAG +30% (8s)] at the beginning of the battle","S","50","","","165","","","95","","S","99","","","350","","","95","","21302140",""
"Desch","III","5","1","Desch's Guise","Light Armor","","","S","50","0","122","49","122","0","0","100","Empower Healing 5%
Prismatic damage +20%","Lightning Ability +1/2/3/4/5% Boost
Grants [20% Damage Reduction Barrier 1 Follow-Up]/[30% Damage Reduction Barrier 1 Follow-Up]/[40% Damage Reduction Barrier 1 Follow-Up] at the beginning of the battle
Grants [RES +10% (8s)]/[RES +20% (8s)]/[RES +30% (8s)] at the beginning of the battle","S","50","","50","36","50","","","100","S","99","","194","62","194","","","100","22353245",""
"Desch","III","5","1","Skybreaker Earrings","Accessory","","","S","1","0","0","0","0","0","0","0","HP +500
Prismatic resistance (moderate)","Quick Cast 4/5/6/7/8%","S","1","","","","","","","","S","1","","","","","","","","23380203",""
"Tellah","IV","1","A","Stardust Rod","Rod","","","S","50","0","0","258","0","0","95","0","Hand of Vengeance 5
Prismatic damage +20%","Earth +1/2/3/4/5% Boost
Quick Cast 3/4/5%
Grants [MAG +10% (8s)]/[MAG +20% (8s)]/[MAG +30% (8s)] at the beginning of the battle","S","50","","","165","","","95","","S","99","","","350","","","95","","21308082","✓"
"Tellah","IV","1","A","Tellah's Robe","Robe","","","S","50","0","100","49","163","0","0","105","Empower Healing 5%
Prismatic damage +20%","Earth Ability +1/2/3/4/5% Boost
Grants [20% Damage Reduction Barrier 1 Follow-Up]/[30% Damage Reduction Barrier 1 Follow-Up]/[40% Damage Reduction Barrier 1 Follow-Up] at the beginning of the battle
Grants [RES +10% (8s)]/[RES +20% (8s)]/[RES +30% (8s)] at the beginning of the battle","S","50","","45","36","93","","","105","S","99","","155","62","233","","","105","22355123","✓"
"Tellah","IV","1","A","Tellah's Glasses","Accessory","","","S","1","0","0","0","0","0","0","0","HP +500
Prismatic resistance (moderate)","Quick Cast 4/5/6/7/8%","S","1","","","","","","","","S","1","","","","","","","","23380612","✓"
"Palom","IV","1","C","Asura Rod","Rod","","","S","50","0","0","258","0","0","95","0","Hand of Vengeance 5
Prismatic damage +20%","Fire/Ice/Lightning +1/2/3/4/5% Boost
Quick Cast 3/4/5%
Grants [MAG +10% (8s)]/[MAG +20% (8s)]/[MAG +30% (8s)] at the beginning of the battle","S","50","","","165","","","95","","S","99","","","350","","","95","","21308104","✓"
"Palom","IV","1","C","Sage's Robe","Robe","","","S","50","0","100","49","163","0","0","105","Empower Healing 5%
Prismatic damage +20%","Fire/Ice/Lightning Ability +1/2/3/4/5% Boost
Grants [20% Damage Reduction Barrier 1 Follow-Up]/[30% Damage Reduction Barrier 1 Follow-Up]/[40% Damage Reduction Barrier 1 Follow-Up] at the beginning of the battle
Grants [RES +10% (8s)]/[RES +20% (8s)]/[RES +30% (8s)] at the beginning of the battle","S","50","","45","36","93","","","105","S","99","","155","62","233","","","105","22355035","✓"
"Palom","IV","1","C","Black Mage Twin Stars","Accessory","","","S","1","0","0","0","0","0","0","0","HP +500
Prismatic resistance (moderate)","Quick Cast 4/5/6/7/8%","S","1","","","","","","","","S","1","","","","","","","","23380202","✓"
"Rosa","IV","1","D","Artemis Bow","Bow","","","S","50","0","0","134","0","258","95","0","Empower Healing 5%
Prismatic damage +20%","WHT Heals +1/2/3/4/5%
Quick Cast 3/4/5%
Grants [MND +10% (8s)]/[MND +20% (8s)]/[MND +30% (8s)] at the beginning of the battle","S","50","","","93","","165","95","","S","99","","","175","","350","95","","21310027","✓"
"Rosa","IV","1","D","Rosa's Guise","Light Armor","","","S","50","0","122","0","122","49","0","100","Max HP +5%
Prismatic damage +20%","White Magic +1/2/3/4/5% Boost
Grants [20% Damage Reduction Barrier 1 Follow-Up]/[30% Damage Reduction Barrier 1 Follow-Up]/[40% Damage Reduction Barrier 1 Follow-Up] at the beginning of the battle
Grants [RES +10% (8s)]/[RES +20% (8s)]/[RES +30% (8s)] at the beginning of the battle","S","50","","50","","50","36","","100","S","99","","194","","194","62","","100","22353231","✓"
"Rosa","IV","1","D","Rosa's Circlet","Accessory","","","S","1","0","0","0","0","0","0","0","HP +500
Prismatic resistance (moderate)","Quick Cast 4/5/6/7/8%","S","1","","","","","","","","S","1","","","","","","","","23380240","✓"
"Edward","IV","1","D","Edward's Harp","Instrument","","","S","50","258","0","258","0","0","95","0","Empower Healing 5%
Prismatic damage +20%","Holy +1/2/3/4/5% Boost
Quick Cast 3/4/5%
Grants [MAG +10% (8s)]/[MAG +20% (8s)]/[MAG +30% (8s)] at the beginning of the battle","S","50","165","","165","","","95","","S","99","350","","350","","","95","","21311073","✓"
"Edward","IV","1","D","Edward's Hat","Hat","","","S","50","49","101","49","143","0","0","105","Max HP +5%
Prismatic damage +20%","Holy Ability +1/2/3/4/5% Boost
Grants [20% Damage Reduction Barrier 1 Follow-Up]/[30% Damage Reduction Barrier 1 Follow-Up]/[40% Damage Reduction Barrier 1 Follow-Up] at the beginning of the battle
Grants [RES +10% (8s)]/[RES +20% (8s)]/[RES +30% (8s)] at the beginning of the battle","S","50","36","61","36","76","","","105","S","99","62","140","62","210","","","105","22351237","✓"
"Edward","IV","1","D","Sand Pearl","Accessory","","","S","1","0","0","0","0","0","0","0","HP +500
Prismatic resistance (moderate)","Quick Cast 4/5/6/7/8%","S","1","","","","","","","","S","1","","","","","","","","23380061","✓"
"Yang","IV","1","D","Faerie Claws","Fist","","","S","50","266","0","0","0","0","95","0","Deadly Strikes 5
Prismatic damage +20%","Earth +1/2/3/4/5% Boost
Quick Cast 3/4/5%
Grants [ATK +10% (8s)]/[ATK +20% (8s)]/[ATK +30% (8s)] at the beginning of the battle","S","50","172","","","","","95","","S","99","360","","","","","95","","21307021","✓"
"Yang","IV","1","D","Yang's Dogi","Light Armor","","","S","50","49","122","0","122","0","0","100","Precise Strike 5
Prismatic damage +20%","Earth Ability +1/2/3/4/5% Boost
Grants [20% Damage Reduction Barrier 1 Follow-Up]/[30% Damage Reduction Barrier 1 Follow-Up]/[40% Damage Reduction Barrier 1 Follow-Up] at the beginning of the battle
Grants [DEF +10% (8s)]/[DEF +20% (8s)]/[DEF +30% (8s)] at the beginning of the battle","S","50","36","50","","50","","","100","S","99","62","194","","194","","","100","22353316","✓"
"Yang","IV","1","D","Frying Pan","Accessory","","","S","1","0","0","0","0","0","0","0","HP +500
Prismatic resistance (moderate)","Quick Cast 4/5/6/7/8%","S","1","","","","","","","","S","1","","","","","","","","23380343","✓"
"Porom","IV","1","D","Nirvana","Staff","","","S","50","0","0","134","0","258","95","0","Empower Healing 5%
Prismatic damage +20%","WHT Heals +1/2/3/4/5%
Quick Cast 3/4/5%
Grants [MND +10% (8s)]/[MND +20% (8s)]/[MND +30% (8s)] at the beginning of the battle","S","50","","","93","","165","95","","S","99","","","175","","350","95","","21309042","✓"
"Porom","IV","1","D","Cat-Ear Hood","Hat","","","S","50","0","101","0","143","60","0","105","Max HP +5%
Prismatic damage +20%","White Magic +1/2/3/4/5% Boost
Grants [20% Damage Reduction Barrier 1 Follow-Up]/[30% Damage Reduction Barrier 1 Follow-Up]/[40% Damage Reduction Barrier 1 Follow-Up] at the beginning of the battle
Grants [RES +10% (8s)]/[RES +20% (8s)]/[RES +30% (8s)] at the beginning of the battle","S","50","","61","","76","49","","105","S","99","","140","","210","70","","105","22351083","✓"
"Porom","IV","1","D","White Mage Twin Stars","Accessory","","","S","1","0","0","0","0","0","0","0","HP +500
Prismatic resistance (moderate)","Quick Cast 4/5/6/7/8%","S","1","","","","","","","","S","1","","","","","","","","23380374","✓"
"Fusoya","IV","1","D","Aura Staff","Staff","","","S","50","0","0","258","0","258","95","0","Hand of Vengeance 5
Prismatic damage +20%","Holy +1/2/3/4/5% Boost
Quick Cast 3/4/5%
Grants [MND +10% (8s)]/[MND +20% (8s)]/[MND +30% (8s)] at the beginning of the battle","S","50","","","165","","165","95","","S","99","","","350","","350","95","","21309015","✓"
"Fusoya","IV","1","D","Radiant Robe","Robe","","","S","50","0","100","39","163","39","0","105","Empower Healing 5%
Prismatic damage +20%","Holy Ability +1/2/3/4/5% Boost
Grants [20% Damage Reduction Barrier 1 Follow-Up]/[30% Damage Reduction Barrier 1 Follow-Up]/[40% Damage Reduction Barrier 1 Follow-Up] at the beginning of the battle
Grants [RES +10% (8s)]/[RES +20% (8s)]/[RES +30% (8s)] at the beginning of the battle","S","50","","45","26","93","26","","105","S","99","","155","52","233","52","","105","22355043","✓"
"Fusoya","IV","1","D","Alarm Clock","Accessory","","","S","1","0","0","0","0","0","0","0","HP +500
Prismatic resistance (moderate)","Quick Cast 4/5/6/7/8%","S","1","","","","","","","","S","1","","","","","","","","23380060","✓"
"Golbez","IV","1","D","Zeromus Shard","Rod","","","S","50","0","0","258","0","0","95","0","Hand of Vengeance 5
Prismatic damage +20%","Dark +1/2/3/4/5% Boost
Quick Cast 3/4/5%
Grants [MAG +10% (8s)]/[MAG +20% (8s)]/[MAG +30% (8s)] at the beginning of the battle","S","50","","","165","","","95","","S","99","","","350","","","95","","21308109","✓"
"Golbez","IV","1","D","Golbez's Bascinet","Helm","","","S","50","0","126","49","115","0","0","105","Empower Healing 5%
Prismatic damage +20%","Dark Ability +1/2/3/4/5% Boost
Grants [20% Damage Reduction Barrier 1 Follow-Up]/[30% Damage Reduction Barrier 1 Follow-Up]/[40% Damage Reduction Barrier 1 Follow-Up] at the beginning of the battle
Grants [RES +10% (8s)]/[RES +20% (8s)]/[RES +30% (8s)] at the beginning of the battle","S","50","","57","36","57","","","105","S","99","","195","62","173","","","105","22352041","✓"
"Golbez","IV","1","D","Golbez's Armlet","Accessory","","","S","1","0","0","0","0","0","0","0","HP +500
Prismatic resistance (moderate)","Quick Cast 4/5/6/7/8%","S","1","","","","","","","","S","1","","","","","","","","23380633","✓"
"Cid (IV)","IV","1","D","Flare Sledgehammer","Hammer","","","S","50","266","0","0","0","0","95","0","Deadly Strikes 5
Prismatic damage +20%","Lightning +1/2/3/4/5% Boost
Quick Cast 3/4/5%
Grants [ATK +10% (8s)]/[ATK +20% (8s)]/[ATK +30% (8s)] at the beginning of the battle","S","50","172","","","","","95","","S","99","360","","","","","95","","21305023","✓"
"Cid (IV)","IV","1","D","Cid's Mask","Hat","","","S","50","49","101","0","143","0","0","105","Precise Strike 5
Prismatic damage +20%","Lightning Ability +1/2/3/4/5% Boost
Grants [20% Damage Reduction Barrier 1 Follow-Up]/[30% Damage Reduction Barrier 1 Follow-Up]/[40% Damage Reduction Barrier 1 Follow-Up] at the beginning of the battle
Grants [DEF +10% (8s)]/[DEF +20% (8s)]/[DEF +30% (8s)] at the beginning of the battle","S","50","36","61","","76","","","105","S","99","62","140","","210","","","105","22351094","✓"
"Cid (IV)","IV","1","D","Cid's Boots","Accessory","","","S","1","0","0","0","0","0","0","0","HP +500
Prismatic resistance (moderate)","Quick Cast 4/5/6/7/8%","S","1","","","","","","","","S","1","","","","","","","","23380288","✓"
"Ceodore","IV","1","D","Ceodore's Blade","Sword","","","S","50","266","0","0","0","0","95","0","Deadly Strikes 5
Prismatic damage +20%","Holy +1/2/3/4/5% Boost
Quick Cast 3/4/5%
Grants [ATK +10% (8s)]/[ATK +20% (8s)]/[ATK +30% (8s)] at the beginning of the battle","S","50","172","","","","","95","","S","99","360","","","","","95","","21302292","✓"
"Ceodore","IV","1","D","Ceodore's Guise","Heavy Armor","","","S","50","49","165","0","115","0","0","105","Precise Strike 5
Prismatic damage +20%","Holy Ability +1/2/3/4/5% Boost
Grants [20% Damage Reduction Barrier 1 Follow-Up]/[30% Damage Reduction Barrier 1 Follow-Up]/[40% Damage Reduction Barrier 1 Follow-Up] at the beginning of the battle
Grants [DEF +10% (8s)]/[DEF +20% (8s)]/[DEF +30% (8s)] at the beginning of the battle","S","50","36","96","","75","","","105","S","99","62","233","","155","","","105","22354088","✓"
"Ceodore","IV","1","D","Protect Ring","Accessory","","","S","1","0","0","0","0","0","0","0","HP +500
Prismatic resistance (moderate)","Quick Cast 4/5/6/7/8%","S","1","","","","","","","","S","1","","","","","","","","23380282","✓"
"Rubicante","IV","1","D","Rubicante's Grasp","Fist","","","S","50","0","0","258","0","0","95","0","Hand of Vengeance 5
Prismatic damage +20%","Fire +1/2/3/4/5% Boost
Quick Cast 3/4/5%
Grants [MAG +10% (8s)]/[MAG +20% (8s)]/[MAG +30% (8s)] at the beginning of the battle","S","50","","","165","","","95","","S","99","","","350","","","95","","21307104","✓"
"Rubicante","IV","1","D","Fire Scarf","Light Armor","","","S","50","0","122","49","122","0","0","100","Empower Healing 5%
Prismatic damage +20%","Fire Ability +1/2/3/4/5% Boost
Grants [20% Damage Reduction Barrier 1 Follow-Up]/[30% Damage Reduction Barrier 1 Follow-Up]/[40% Damage Reduction Barrier 1 Follow-Up] at the beginning of the battle
Grants [RES +10% (8s)]/[RES +20% (8s)]/[RES +30% (8s)] at the beginning of the battle","S","50","","50","36","50","","","100","S","99","","194","62","194","","","100","22353457","✓"
"Rubicante","IV","1","D","Flame Cloak","Accessory","","","S","1","0","0","0","0","0","0","0","HP +500
Prismatic resistance (moderate)","Quick Cast 4/5/6/7/8%","S","1","","","","","","","","S","1","","","","","","","","23380139","✓"
"Kain","IV","2","G","Abel's Lance","Spear","","","S","50","266","0","0","0","0","95","0","Deadly Strikes 5
Prismatic damage +20%","Lightning/Dark +1/2/3/4/5% Boost
Quick Cast 3/4/5%
Grants [ATK +10% (8s)]/[ATK +20% (8s)]/[ATK +30% (8s)] at the beginning of the battle","S","50","172","","","","","95","","S","99","360","","","","","95","","21306072","✓"
"Kain","IV","2","G","Dragon Helm","Helm","","","S","50","49","126","0","115","0","0","105","Precise Strike 5
Prismatic damage +20%","Lightning/Dark Ability +1/2/3/4/5% Boost
Grants [20% Damage Reduction Barrier 1 Follow-Up]/[30% Damage Reduction Barrier 1 Follow-Up]/[40% Damage Reduction Barrier 1 Follow-Up] at the beginning of the battle
Grants [DEF +10% (8s)]/[DEF +20% (8s)]/[DEF +30% (8s)] at the beginning of the battle","S","50","36","57","","57","","","105","S","99","62","195","","173","","","105","22352019","✓"
"Kain","IV","2","G","Kain's Boots","Accessory","","","S","1","0","0","0","0","0","0","0","HP +500
Prismatic resistance (moderate)","Quick Cast 4/5/6/7/8%","S","1","","","","","","","","S","1","","","","","","","","23380266","✓"
"Cecil (Paladin)","IV","2","H","Mythgraven Blade","Sword","","","S","50","258","0","0","0","258","95","0","Deadly Strikes 5
Prismatic damage +20%","Holy +1/2/3/4/5% Boost
Quick Cast 3/4/5%
Grants [ATK +10% (8s)]/[ATK +20% (8s)]/[ATK +30% (8s)] at the beginning of the battle","S","50","165","","","","165","95","","S","99","350","","","","350","95","","21302028","✓"
"Cecil (Paladin)","IV","2","H","Crystal Shield","Shield","","","S","50","39","161","0","102","39","0","112","Precise Strike 5
Prismatic damage +20%","Holy Ability +1/2/3/4/5% Boost
Grants [20% Damage Reduction Barrier 1 Follow-Up]/[30% Damage Reduction Barrier 1 Follow-Up]/[40% Damage Reduction Barrier 1 Follow-Up] at the beginning of the battle
Grants [DEF +10% (8s)]/[DEF +20% (8s)]/[DEF +30% (8s)] at the beginning of the battle","S","50","26","100","","57","26","","112","S","99","52","221","","147","52","","112","22350096","✓"
"Cecil (Paladin)","IV","2","H","Cecil's Earring","Accessory","","","S","1","0","0","0","0","0","0","0","HP +500
Prismatic resistance (moderate)","Quick Cast 4/5/6/7/8%","S","1","","","","","","","","S","1","","","","","","","","23380539","✓"
"Cecil (Dark Knight)","IV","3","I","Dark Sword","Sword","","","S","50","266","0","0","0","0","95","0","Deadly Strikes 5
Prismatic damage +20%","Dark +1/2/3/4/5% Boost
Quick Cast 3/4/5%
Grants [ATK +10% (8s)]/[ATK +20% (8s)]/[ATK +30% (8s)] at the beginning of the battle","S","50","172","","","","","95","","S","99","360","","","","","95","","21302026","✓"
"Cecil (Dark Knight)","IV","3","I","Demon Helm","Helm","","","S","50","49","126","0","115","0","0","100","Precise Strike 5
Prismatic damage +20%","Dark Ability +1/2/3/4/5% Boost
Grants [20% Damage Reduction Barrier 1 Follow-Up]/[30% Damage Reduction Barrier 1 Follow-Up]/[40% Damage Reduction Barrier 1 Follow-Up] at the beginning of the battle
Grants [DEF +10% (8s)]/[DEF +20% (8s)]/[DEF +30% (8s)] at the beginning of the battle","S","50","36","57","","57","","","105","S","99","62","195","","173","","","95","22352047","✓"
"Cecil (Dark Knight)","IV","3","I","Demon Gloves","Accessory","","","S","1","0","0","0","0","0","0","0","HP +500
Prismatic resistance (moderate)","Quick Cast 4/5/6/7/8%","S","1","","","","","","","","S","1","","","","","","","","23380058","✓"
"Barbariccia","IV","3","L","Barbariccia's Dagger","Dagger","","","S","50","0","0","258","0","0","95","0","Hand of Vengeance 5
Prismatic damage +20%","Wind +1/2/3/4/5% Boost
Quick Cast 3/4/5%
Grants [MAG +10% (8s)]/[MAG +20% (8s)]/[MAG +30% (8s)] at the beginning of the battle","S","50","","","165","","","95","","S","99","","","350","","","95","","21301130","✓"
"Barbariccia","IV","3","L","Barbariccia's Guise","Light Armor","","","S","50","0","122","49","122","0","0","100","Empower Healing 5%
Prismatic damage +20%","Wind Ability +1/2/3/4/5% Boost
Grants [20% Damage Reduction Barrier 1 Follow-Up]/[30% Damage Reduction Barrier 1 Follow-Up]/[40% Damage Reduction Barrier 1 Follow-Up] at the beginning of the battle
Grants [RES +10% (8s)]/[RES +20% (8s)]/[RES +30% (8s)] at the beginning of the battle","S","50","","50","36","50","","","100","S","99","","194","62","194","","","100","22353263","✓"
"Barbariccia","IV","3","L","Barbariccia's Necklace","Accessory","","","S","1","0","0","0","0","0","0","0","HP +500
Prismatic resistance (moderate)","Quick Cast 4/5/6/7/8%","S","1","","","","","","","","S","1","","","","","","","","23380412","✓"
"Rydia","IV","4","R","Mist Whip","Whip","","","S","50","0","0","258","0","0","95","0","Hand of Vengeance 5
Prismatic damage +20%","Earth/Earth/Holy +1/2/3/4/5% Boost
Quick Cast 3/4/5%
Grants [MAG +10% (8s)]/[MAG +20% (8s)]/[MAG +30% (8s)] at the beginning of the battle","S","50","","","165","","","95","","S","99","","","350","","","95","","21312014",""
"Rydia","IV","4","R","Rydia's Guise","Light Armor","","","S","50","0","122","49","122","0","0","100","Empower Healing 5%
Prismatic damage +20%","Earth/Earth/Holy Ability +1/2/3/4/5% Boost
Grants [20% Damage Reduction Barrier 1 Follow-Up]/[30% Damage Reduction Barrier 1 Follow-Up]/[40% Damage Reduction Barrier 1 Follow-Up] at the beginning of the battle
Grants [RES +10% (8s)]/[RES +20% (8s)]/[RES +30% (8s)] at the beginning of the battle","S","50","","50","36","50","","","100","S","99","","194","62","194","","","100","22353236",""
"Rydia","IV","4","R","Rune Bracelet","Accessory","","","S","1","0","0","0","0","0","0","0","HP +500
Prismatic resistance (moderate)","Quick Cast 4/5/6/7/8%","S","1","","","","","","","","S","1","","","","","","","","23380059",""
"Edge","IV","5","4","Fuma Shuriken","Thrown","","","S","50","258","0","258","0","0","95","0","Hand of Vengeance 5
Prismatic damage +20%","Fire/Lightning/Water +1/2/3/4/5% Boost
Quick Cast 3/4/5%
Grants [ATK +10% (8s)]/[ATK +20% (8s)]/[ATK +30% (8s)] at the beginning of the battle","S","50","165","","165","","","95","","S","99","350","","350","","","95","","21313123",""
"Edge","IV","5","4","Edge's Cloak","Light Armor","","","S","50","39","122","39","122","0","0","100","Empower Healing 5%
Prismatic damage +20%","Fire/Lightning/Water Ability +1/2/3/4/5% Boost
Grants [20% Damage Reduction Barrier 1 Follow-Up]/[30% Damage Reduction Barrier 1 Follow-Up]/[40% Damage Reduction Barrier 1 Follow-Up] at the beginning of the battle
Grants [DEF +10% (8s)]/[DEF +20% (8s)]/[DEF +30% (8s)] at the beginning of the battle","S","50","26","50","26","50","","","100","S","99","52","194","52","194","","","100","22353180",""
"Edge","IV","5","4","Edge's Earring","Accessory","","","S","1","0","0","0","0","0","0","0","HP +500
Prismatic resistance (moderate)","Quick Cast 4/5/6/7/8%","S","1","","","","","","","","S","1","","","","","","","","23380179",""
"Ursula","IV","5","4","Tiger Fang","Fist","","","S","50","266","0","0","0","0","95","0","Deadly Strikes 5
Prismatic damage +20%","Fire/Earth +1/2/3/4/5% Boost
Quick Cast 3/4/5%
Grants [ATK +10% (8s)]/[ATK +20% (8s)]/[ATK +30% (8s)] at the beginning of the battle","S","50","172","","","","","95","","S","99","360","","","","","95","","21307258",""
"Ursula","IV","5","4","Ursula's Dress","Light Armor","","","S","50","49","122","0","122","0","0","100","Precise Strike 5
Prismatic damage +20%","Fire/Earth Ability +1/2/3/4/5% Boost
Grants [20% Damage Reduction Barrier 1 Follow-Up]/[30% Damage Reduction Barrier 1 Follow-Up]/[40% Damage Reduction Barrier 1 Follow-Up] at the beginning of the battle
Grants [DEF +10% (8s)]/[DEF +20% (8s)]/[DEF +30% (8s)] at the beginning of the battle","S","50","36","50","","50","","","100","S","99","62","194","","194","","","100","22353230",""
"Ursula","IV","5","4","Ursula's Corsage","Accessory","","","S","1","0","0","0","0","0","0","0","HP +500
Prismatic resistance (moderate)","Quick Cast 4/5/6/7/8%","S","1","","","","","","","","S","1","","","","","","","","23380373",""
"Bartz","V","1","B","Excalibur","Sword","","","S","50","266","0","0","0","0","95","0","Deadly Strikes 5
Prismatic damage +20%","Fire/Earth/Wind/Water +1/2/3/4/5% Boost
Quick Cast 3/4/5%
Grants [ATK +10% (8s)]/[ATK +20% (8s)]/[ATK +30% (8s)] at the beginning of the battle","S","50","172","","","","","95","","S","99","360","","","","","95","","21302062","✓"
"Bartz","V","1","B","Freelancer Bartz's Guise","Light Armor","","","S","50","49","122","0","122","0","0","100","Precise Strike 5
Prismatic damage +20%","Fire/Earth/Wind/Water Ability +1/2/3/4/5% Boost
Grants [20% Damage Reduction Barrier 1 Follow-Up]/[30% Damage Reduction Barrier 1 Follow-Up]/[40% Damage Reduction Barrier 1 Follow-Up] at the beginning of the battle
Grants [DEF +10% (8s)]/[DEF +20% (8s)]/[DEF +30% (8s)] at the beginning of the battle","S","50","36","50","","50","","","100","S","99","62","194","","194","","","100","22353333","✓"
"Bartz","V","1","B","Memento","Accessory","","","S","1","0","0","0","0","0","0","0","HP +500
Prismatic resistance (moderate)","Quick Cast 4/5/6/7/8%","S","1","","","","","","","","S","1","","","","","","","","23380491","✓"
"Xezat","V","1","C","Xezat's Blade","Sword","","","S","50","266","0","0","0","0","95","0","Deadly Strikes 5
Prismatic damage +20%","Ice/Earth/Wind +1/2/3/4/5% Boost
Quick Cast 3/4/5%
Grants [ATK +10% (8s)]/[ATK +20% (8s)]/[ATK +30% (8s)] at the beginning of the battle","S","50","172","","","","","95","","S","99","360","","","","","95","","21302298","✓"
"Xezat","V","1","C","Xezat's Cloak","Light Armor","","","S","50","49","122","0","122","0","0","100","Precise Strike 5
Prismatic damage +20%","Ice/Earth/Wind Ability +1/2/3/4/5% Boost
Grants [20% Damage Reduction Barrier 1 Follow-Up]/[30% Damage Reduction Barrier 1 Follow-Up]/[40% Damage Reduction Barrier 1 Follow-Up] at the beginning of the battle
Grants [DEF +10% (8s)]/[DEF +20% (8s)]/[DEF +30% (8s)] at the beginning of the battle","S","50","36","50","","50","","","100","S","99","62","194","","194","","","100","22353305","✓"
"Xezat","V","1","C","Whisperweed","Accessory","","","S","1","0","0","0","0","0","0","0","HP +500
Prismatic resistance (moderate)","Quick Cast 4/5/6/7/8%","S","1","","","","","","","","S","1","","","","","","","","23380346","✓"
"Exdeath","V","3","I","Moore Blade","Sword","","","S","50","0","0","258","0","258","95","0","Hand of Vengeance 5
Prismatic damage +20%","Holy/Dark +1/2/3/4/5% Boost
Quick Cast 3/4/5%
Grants [MAG +10% (8s)]/[MAG +20% (8s)]/[MAG +30% (8s)] at the beginning of the battle","S","50","","","165","","165","95","","S","99","","","350","","350","95","","21302495","✓"
"Exdeath","V","3","I","Exdeath's Visage","Helm","","","S","50","0","126","39","115","39","0","105","Empower Healing 5%
Prismatic damage +20%","Holy/Dark Ability +1/2/3/4/5% Boost
Grants [20% Damage Reduction Barrier 1 Follow-Up]/[30% Damage Reduction Barrier 1 Follow-Up]/[40% Damage Reduction Barrier 1 Follow-Up] at the beginning of the battle
Grants [RES +10% (8s)]/[RES +20% (8s)]/[RES +30% (8s)] at the beginning of the battle","S","50","","57","26","57","26","","105","S","99","","195","52","173","52","","105","22352038","✓"
"Exdeath","V","3","I","Chaos Orb","Accessory","","","S","1","0","0","0","0","0","0","0","HP +500
Prismatic resistance (moderate)","Quick Cast 4/5/6/7/8%","S","1","","","","","","","","S","1","","","","","","","","23380536","✓"
"Gilgamesh","V","4","N","Excalipoor","Sword","","","S","50","266","0","0","0","0","95","0","Deadly Strikes 5
Prismatic damage +20%","Fire +1/2/3/4/5% Boost
Quick Cast 3/4/5%
Grants [ATK +10% (8s)]/[ATK +20% (8s)]/[ATK +30% (8s)] at the beginning of the battle","S","50","172","","","","","95","","S","99","360","","","","","95","","21302066","✓"
"Gilgamesh","V","4","N","Gilgamesh's Guise","Heavy Armor","","","S","50","49","155","0","125","0","0","105","Precise Strike 5
Prismatic damage +20%","Fire Ability +1/2/3/4/5% Boost
Grants [20% Damage Reduction Barrier 1 Follow-Up]/[30% Damage Reduction Barrier 1 Follow-Up]/[40% Damage Reduction Barrier 1 Follow-Up] at the beginning of the battle
Grants [DEF +10% (8s)]/[DEF +20% (8s)]/[DEF +30% (8s)] at the beginning of the battle","S","50","36","76","","95","","","105","S","99","62","233","","155","","","105","22354092","✓"
"Gilgamesh","V","4","N","Cowl of Gilgamesh","Accessory","","","S","1","0","0","0","0","0","0","0","HP +500
Prismatic resistance (moderate)","Quick Cast 4/5/6/7/8%","S","1","","","","","","","","S","1","","","","","","","","23380212","✓"
"Gogo (V)","V","5","2","Gogo's Rod","Rod","","","S","50","0","0","258","0","129","95","0","Hand of Vengeance 5
Prismatic damage +20%","Water +1/2/3/4/5% Boost
Quick Cast 3/4/5%
Grants [MAG +10% (8s)]/[MAG +20% (8s)]/[MAG +30% (8s)] at the beginning of the battle","S","50","","","165","","83","95","","S","99","","","350","","175","95","","21308143",""
"Gogo (V)","V","5","2","Gogo's Hat","Hat","","","S","50","0","101","60","143","0","0","105","Empower Healing 5%
Prismatic damage +20%","Water Ability +1/2/3/4/5% Boost
Grants [20% Damage Reduction Barrier 1 Follow-Up]/[30% Damage Reduction Barrier 1 Follow-Up]/[40% Damage Reduction Barrier 1 Follow-Up] at the beginning of the battle
Grants [RES +10% (8s)]/[RES +20% (8s)]/[RES +30% (8s)] at the beginning of the battle","S","50","","61","49","76","","","105","S","99","","140","70","210","","","105","22351097",""
"Gogo (V)","V","5","2","Gogo's Bracelet","Accessory","","","S","1","0","0","0","0","0","0","0","HP +500
Prismatic resistance (moderate)","Quick Cast 4/5/6/7/8%","S","1","","","","","","","","S","1","","","","","","","","23380319",""
"Lenna","V","5","2","Healing Rod","Staff","","","S","50","0","0","129","0","258","95","0","Empower Healing 5%
Prismatic damage +20%","WHT Heals +1/2/3/4/5%
Quick Cast 3/4/5%
Grants [MND +10% (8s)]/[MND +20% (8s)]/[MND +30% (8s)] at the beginning of the battle","S","50","","","83","","165","95","","S","99","","","175","","350","95","","21309014",""
"Lenna","V","5","2","Lenna's Dress","Light Armor","","","S","50","0","122","0","122","49","0","100","Max HP +5%
Prismatic damage +20%","White Magic +1/2/3/4/5% Boost
Grants [20% Damage Reduction Barrier 1 Follow-Up]/[30% Damage Reduction Barrier 1 Follow-Up]/[40% Damage Reduction Barrier 1 Follow-Up] at the beginning of the battle
Grants [RES +10% (8s)]/[RES +20% (8s)]/[RES +30% (8s)] at the beginning of the battle","S","50","","50","","50","36","","100","S","99","","194","","194","62","","100","22353158",""
"Lenna","V","5","2","Lenna's Hair Ornament","Accessory","","","S","1","0","0","0","0","0","0","0","HP +500
Prismatic resistance (moderate)","Quick Cast 4/5/6/7/8%","S","1","","","","","","","","S","1","","","","","","","","23380318",""
"Galuf","V","5","2","Thor's Hammer","Hammer","","","S","50","266","0","0","0","0","95","0","Deadly Strikes 5
Prismatic damage +20%","Earth +1/2/3/4/5% Boost
Quick Cast 3/4/5%
Grants [ATK +10% (8s)]/[ATK +20% (8s)]/[ATK +30% (8s)] at the beginning of the battle","S","50","172","","","","","95","","S","99","360","","","","","95","","21305006",""
"Galuf","V","5","2","Galuf's Guise","Light Armor","","","S","50","49","122","0","122","0","0","100","Precise Strike 5
Prismatic damage +20%","Earth Ability +1/2/3/4/5% Boost
Grants [20% Damage Reduction Barrier 1 Follow-Up]/[30% Damage Reduction Barrier 1 Follow-Up]/[40% Damage Reduction Barrier 1 Follow-Up] at the beginning of the battle
Grants [DEF +10% (8s)]/[DEF +20% (8s)]/[DEF +30% (8s)] at the beginning of the battle","S","50","36","50","","50","","","100","S","99","62","194","","194","","","100","22353365",""
"Galuf","V","5","2","Galuf's Belt","Accessory","","","S","1","0","0","0","0","0","0","0","HP +500
Prismatic resistance (moderate)","Quick Cast 4/5/6/7/8%","S","1","","","","","","","","S","1","","","","","","","","23380495",""
"Faris","V","5","2","Fairy Bow","Bow","","","S","50","253","0","0","0","0","95","0","Deadly Strikes 5
Prismatic damage +20%","Fire/Wind +1/2/3/4/5% Boost
Quick Cast 3/4/5%
Grants [ATK +10% (8s)]/[ATK +20% (8s)]/[ATK +30% (8s)] at the beginning of the battle","S","50","160","","","","","95","","S","99","346","","","","","95","","21310039",""
"Faris","V","5","2","Faris's Guise","Light Armor","","","S","50","49","122","0","122","0","0","100","Precise Strike 5
Prismatic damage +20%","Fire/Wind Ability +1/2/3/4/5% Boost
Grants [20% Damage Reduction Barrier 1 Follow-Up]/[30% Damage Reduction Barrier 1 Follow-Up]/[40% Damage Reduction Barrier 1 Follow-Up] at the beginning of the battle
Grants [DEF +10% (8s)]/[DEF +20% (8s)]/[DEF +30% (8s)] at the beginning of the battle","S","50","36","50","","50","","","100","S","99","62","194","","194","","","100","22353388",""
"Faris","V","5","2","Faris's Earring","Accessory","","","S","1","0","0","0","0","0","0","0","HP +500
Prismatic resistance (moderate)","Quick Cast 4/5/6/7/8%","S","1","","","","","","","","S","1","","","","","","","","23380535",""
"Krile","V","5","2","Dragon Whisker","Whip","","","S","50","0","0","258","0","0","95","0","Hand of Vengeance 5
Prismatic damage +20%","Fire/Earth +1/2/3/4/5% Boost
Quick Cast 3/4/5%
Grants [MAG +10% (8s)]/[MAG +20% (8s)]/[MAG +30% (8s)] at the beginning of the battle","S","50","","","165","","","95","","S","99","","","350","","","95","","21302203",""
"Krile","V","5","2","Krile's Dress","Light Armor","","","S","50","0","122","49","122","0","0","100","Empower Healing 5%
Prismatic damage +20%","Fire/Earth Ability +1/2/3/4/5% Boost
Grants [20% Damage Reduction Barrier 1 Follow-Up]/[30% Damage Reduction Barrier 1 Follow-Up]/[40% Damage Reduction Barrier 1 Follow-Up] at the beginning of the battle
Grants [RES +10% (8s)]/[RES +20% (8s)]/[RES +30% (8s)] at the beginning of the battle","S","50","","50","36","50","","","100","S","99","","194","62","194","","","100","22356217",""
"Krile","V","5","2","Krile's Hair Ornament","Accessory","","","S","1","0","0","0","0","0","0","0","HP +500
Prismatic resistance (moderate)","Quick Cast 4/5/6/7/8%","S","1","","","","","","","","S","1","","","","","","","","23380571",""
"Dorgann","V","5","2","Dorgann's Sword","Sword","","","S","50","266","0","0","0","0","95","0","Deadly Strikes 5
Prismatic damage +20%","Earth +1/2/3/4/5% Boost
Quick Cast 3/4/5%
Grants [ATK +10% (8s)]/[ATK +20% (8s)]/[ATK +30% (8s)] at the beginning of the battle","S","50","172","","","","","95","","S","99","360","","","","","95","","21312027",""
"Dorgann","V","5","2","Dorgann's Armguard","Bracer","","","S","50","70","117","0","100","0","0","105","Precise Strike 5
Prismatic damage +20%","Earth Ability +1/2/3/4/5% Boost
Grants [20% Damage Reduction Barrier 1 Follow-Up]/[30% Damage Reduction Barrier 1 Follow-Up]/[40% Damage Reduction Barrier 1 Follow-Up] at the beginning of the battle
Grants [DEF +10% (8s)]/[DEF +20% (8s)]/[DEF +30% (8s)] at the beginning of the battle","S","50","61","79","","45","","","105","S","99","79","155","","155","","","105","22353219",""
"Dorgann","V","5","2","Dorgann's Boots","Accessory","","","S","1","0","0","0","0","0","0","0","HP +500
Prismatic resistance (moderate)","Quick Cast 4/5/6/7/8%","S","1","","","","","","","","S","1","","","","","","","","23380265",""
"Kelger","V","5","4","Kelger's Sword","Sword","","","S","50","266","0","0","0","0","95","0","Deadly Strikes 5
Prismatic damage +20%","Earth +1/2/3/4/5% Boost
Quick Cast 3/4/5%
Grants [ATK +10% (8s)]/[ATK +20% (8s)]/[ATK +30% (8s)] at the beginning of the battle","S","50","172","","","","","95","","S","99","360","","","","","95","","21302297",""
"Kelger","V","5","4","Kelger's Guise","Heavy Armor","","","S","50","49","165","0","115","0","0","105","Precise Strike 5
Prismatic damage +20%","Earth Ability +1/2/3/4/5% Boost
Grants [20% Damage Reduction Barrier 1 Follow-Up]/[30% Damage Reduction Barrier 1 Follow-Up]/[40% Damage Reduction Barrier 1 Follow-Up] at the beginning of the battle
Grants [DEF +10% (8s)]/[DEF +20% (8s)]/[DEF +30% (8s)] at the beginning of the battle","S","50","36","96","","75","","","105","S","99","62","233","","155","","","105","22354091",""
"Kelger","V","5","4","Kelger's Head Ornament","Accessory","","","S","1","0","0","0","0","0","0","0","HP +500
Prismatic resistance (moderate)","Quick Cast 4/5/6/7/8%","S","1","","","","","","","","S","1","","","","","","","","23380572",""
"Gau","VI","1","B","Gauntlet","Fist","","","S","50","266","0","0","0","0","95","0","Deadly Strikes 5
Prismatic damage +20%","Wind/Lightning +1/2/3/4/5% Boost
Quick Cast 3/4/5%
Grants [ATK +10% (8s)]/[ATK +20% (8s)]/[ATK +30% (8s)] at the beginning of the battle","S","50","172","","","","","95","","S","99","360","","","","","95","","21307061","✓"
"Gau","VI","1","B","Gau's Guise","Light Armor","","","S","50","49","122","0","122","0","0","100","Precise Strike 5
Prismatic damage +20%","Wind/Lightning Ability +1/2/3/4/5% Boost
Grants [20% Damage Reduction Barrier 1 Follow-Up]/[30% Damage Reduction Barrier 1 Follow-Up]/[40% Damage Reduction Barrier 1 Follow-Up] at the beginning of the battle
Grants [DEF +10% (8s)]/[DEF +20% (8s)]/[DEF +30% (8s)] at the beginning of the battle","S","50","36","50","","50","","","100","S","99","62","194","","194","","","100","22353346","✓"
"Gau","VI","1","B","Initiate's Seal","Accessory","","","S","1","0","0","0","0","0","0","0","HP +500
Prismatic resistance (moderate)","Quick Cast 4/5/6/7/8%","S","1","","","","","","","","S","1","","","","","","","","23380442","✓"
"Umaro","VI","1","C","Bone Club","Hammer","","","S","50","266","0","0","0","0","95","0","Deadly Strikes 5
Prismatic damage +20%","Ice +1/2/3/4/5% Boost
Quick Cast 3/4/5%
Grants [ATK +10% (8s)]/[ATK +20% (8s)]/[ATK +30% (8s)] at the beginning of the battle","S","50","172","","","","","95","","S","99","360","","","","","95","","21305014","✓"
"Umaro","VI","1","C","Snow Scarf","Light Armor","","","S","50","49","122","0","122","0","0","100","Precise Strike 5
Prismatic damage +20%","Ice Ability +1/2/3/4/5% Boost
Grants [20% Damage Reduction Barrier 1 Follow-Up]/[30% Damage Reduction Barrier 1 Follow-Up]/[40% Damage Reduction Barrier 1 Follow-Up] at the beginning of the battle
Grants [DEF +10% (8s)]/[DEF +20% (8s)]/[DEF +30% (8s)] at the beginning of the battle","S","50","36","50","","50","","","100","S","99","62","194","","194","","","100","22353201","✓"
"Umaro","VI","1","C","Berserker Ring","Accessory","","","S","1","0","0","0","0","0","0","0","HP +500
Prismatic resistance (moderate)","Quick Cast 4/5/6/7/8%","S","1","","","","","","","","S","1","","","","","","","","23380379","✓"
"Locke","VI","2","E","Thief's Knife","Dagger","","","S","50","266","0","0","0","0","95","0","Deadly Strikes 5
Prismatic damage +20%","Fire +1/2/3/4/5% Boost
Quick Cast 3/4/5%
Grants [ATK +10% (8s)]/[ATK +20% (8s)]/[ATK +30% (8s)] at the beginning of the battle","S","50","172","","","","","95","","S","99","360","","","","","95","","21301083","✓"
"Locke","VI","2","E","Locke's Jacket","Light Armor","","","S","50","49","122","0","122","0","0","100","Precise Strike 5
Prismatic damage +20%","Fire Ability +1/2/3/4/5% Boost
Grants [20% Damage Reduction Barrier 1 Follow-Up]/[30% Damage Reduction Barrier 1 Follow-Up]/[40% Damage Reduction Barrier 1 Follow-Up] at the beginning of the battle
Grants [DEF +10% (8s)]/[DEF +20% (8s)]/[DEF +30% (8s)] at the beginning of the battle","S","50","36","50","","50","","","100","S","99","62","194","","194","","","100","22353116","✓"
"Locke","VI","2","E","Locke's Bandana","Accessory","","","S","1","0","0","0","0","0","0","0","HP +500
Prismatic resistance (moderate)","Quick Cast 4/5/6/7/8%","S","1","","","","","","","","S","1","","","","","","","","23380236","✓"
"Cyan","VI","2","E","Zanmato","Katana","","","S","50","266","0","0","0","0","95","0","Deadly Strikes 5
Prismatic damage +20%","Fire +1/2/3/4/5% Boost
Quick Cast 3/4/5%
Grants [ATK +10% (8s)]/[ATK +20% (8s)]/[ATK +30% (8s)] at the beginning of the battle","S","50","172","","","","","95","","S","99","360","","","","","95","","21303102","✓"
"Cyan","VI","2","E","Cyan's Bracer","Bracer","","","S","50","70","117","0","100","0","0","105","Precise Strike 5
Prismatic damage +20%","Fire Ability +1/2/3/4/5% Boost
Grants [20% Damage Reduction Barrier 1 Follow-Up]/[30% Damage Reduction Barrier 1 Follow-Up]/[40% Damage Reduction Barrier 1 Follow-Up] at the beginning of the battle
Grants [DEF +10% (8s)]/[DEF +20% (8s)]/[DEF +30% (8s)] at the beginning of the battle","S","50","61","79","","45","","","105","S","99","79","155","","155","","","105","22356131","✓"
"Cyan","VI","2","E","Cyan's Hairband","Accessory","","","S","1","0","0","0","0","0","0","0","HP +500
Prismatic resistance (moderate)","Quick Cast 4/5/6/7/8%","S","1","","","","","","","","S","1","","","","","","","","23380528","✓"
"Relm","VI","2","G","Angel Brush","Rod","","","S","50","0","0","129","0","258","95","0","Empower Healing 5%
Prismatic damage +20%","WHT Heals +1/2/3/4/5%
Quick Cast 3/4/5%
Grants [MND +10% (8s)]/[MND +20% (8s)]/[MND +30% (8s)] at the beginning of the battle","S","50","","","83","","165","95","","S","99","","","175","","350","95","","21308158","✓"
"Relm","VI","2","G","Relm's Hat","Hat","","","S","50","0","101","0","143","62","0","105","Max HP +5%
Prismatic damage +20%","White Magic +1/2/3/4/5% Boost
Grants [20% Damage Reduction Barrier 1 Follow-Up]/[30% Damage Reduction Barrier 1 Follow-Up]/[40% Damage Reduction Barrier 1 Follow-Up] at the beginning of the battle
Grants [RES +10% (8s)]/[RES +20% (8s)]/[RES +30% (8s)] at the beginning of the battle","S","50","","61","","76","49","","105","S","99","","140","","210","75","","105","22351067","✓"
"Relm","VI","2","G","Memento Ring","Accessory","","","S","1","0","0","0","0","0","0","0","HP +500
Prismatic resistance (moderate)","Quick Cast 4/5/6/7/8%","S","1","","","","","","","","S","1","","","","","","","","23380182","✓"
"Leo","VI","2","H","Imperial Highblade","Sword","","","S","50","266","0","0","0","0","95","0","Deadly Strikes 5
Prismatic damage +20%","Earth/Holy +1/2/3/4/5% Boost
Quick Cast 3/4/5%
Grants [ATK +10% (8s)]/[ATK +20% (8s)]/[ATK +30% (8s)] at the beginning of the battle","S","50","172","","","","","95","","S","99","360","","","","","95","","21302193","✓"
"Leo","VI","2","H","Leo's Longcoat","Light Armor","","","S","50","49","122","0","122","0","0","100","Precise Strike 5
Prismatic damage +20%","Earth/Holy Ability +1/2/3/4/5% Boost
Grants [20% Damage Reduction Barrier 1 Follow-Up]/[30% Damage Reduction Barrier 1 Follow-Up]/[40% Damage Reduction Barrier 1 Follow-Up] at the beginning of the battle
Grants [DEF +10% (8s)]/[DEF +20% (8s)]/[DEF +30% (8s)] at the beginning of the battle","S","50","36","50","","50","","","100","S","99","62","194","","194","","","100","22353123","✓"
"Leo","VI","2","H","Muscle Belt","Accessory","","","S","1","0","0","0","0","0","0","0","HP +500
Prismatic resistance (moderate)","Quick Cast 4/5/6/7/8%","S","1","","","","","","","","S","1","","","","","","","","23380033","✓"
"Setzer","VI","3","I","Death Tarot","Thrown","","","S","50","253","0","0","0","0","95","0","Deadly Strikes 5
Prismatic damage +20%","Dark +1/2/3/4/5% Boost
Quick Cast 3/4/5%
Grants [ATK +10% (8s)]/[ATK +20% (8s)]/[ATK +30% (8s)] at the beginning of the battle","S","50","160","","","","","95","","S","99","346","","","","","95","","21313044","✓"
"Setzer","VI","3","I","Setzer's Long Coat","Light Armor","","","S","50","49","122","0","122","0","0","100","Precise Strike 5
Prismatic damage +20%","Dark Ability +1/2/3/4/5% Boost
Grants [20% Damage Reduction Barrier 1 Follow-Up]/[30% Damage Reduction Barrier 1 Follow-Up]/[40% Damage Reduction Barrier 1 Follow-Up] at the beginning of the battle
Grants [DEF +10% (8s)]/[DEF +20% (8s)]/[DEF +30% (8s)] at the beginning of the battle","S","50","36","50","","50","","","100","S","99","62","194","","194","","","100","22353174","✓"
"Setzer","VI","3","I","Heiji's Jitte","Accessory","","","S","1","0","0","0","0","0","0","0","HP +500
Prismatic resistance (moderate)","Quick Cast 4/5/6/7/8%","S","1","","","","","","","","S","1","","","","","","","","23380566","✓"
"Edgar","VI","3","K","Chainsaw","Spear","","","S","50","266","0","0","0","0","95","0","Deadly Strikes 5
Prismatic damage +20%","Fire/Lightning/Poison +1/2/3/4/5% Boost
Quick Cast 3/4/5%
Grants [ATK +10% (8s)]/[ATK +20% (8s)]/[ATK +30% (8s)] at the beginning of the battle","S","50","172","","","","","95","","S","99","360","","","","","95","","21306059","✓"
"Edgar","VI","3","K","Edgar's Guise","Light Armor","","","S","50","49","122","0","122","0","0","100","Precise Strike 5
Prismatic damage +20%","Fire/Lightning/Poison Ability +1/2/3/4/5% Boost
Grants [20% Damage Reduction Barrier 1 Follow-Up]/[30% Damage Reduction Barrier 1 Follow-Up]/[40% Damage Reduction Barrier 1 Follow-Up] at the beginning of the battle
Grants [DEF +10% (8s)]/[DEF +20% (8s)]/[DEF +30% (8s)] at the beginning of the battle","S","50","36","50","","50","","","100","S","99","62","194","","194","","","100","22353250","✓"
"Edgar","VI","3","K","Sniper Eye","Accessory","","","S","1","0","0","0","0","0","0","0","HP +500
Prismatic resistance (moderate)","Quick Cast 4/5/6/7/8%","S","1","","","","","","","","S","1","","","","","","","","23380016","✓"
"Strago","VI","3","L","Stardust Rod","Rod","","","S","50","0","0","258","0","0","95","0","Hand of Vengeance 5
Prismatic damage +20%","Wind/Water +1/2/3/4/5% Boost
Quick Cast 3/4/5%
Grants [MAG +10% (8s)]/[MAG +20% (8s)]/[MAG +30% (8s)] at the beginning of the battle","S","50","","","165","","","95","","S","99","","","350","","","95","","21308039","✓"
"Strago","VI","3","L","Strago's Cloak","Light Armor","","","S","50","0","122","49","122","0","0","100","Empower Healing 5%
Prismatic damage +20%","Wind/Water Ability +1/2/3/4/5% Boost
Grants [20% Damage Reduction Barrier 1 Follow-Up]/[30% Damage Reduction Barrier 1 Follow-Up]/[40% Damage Reduction Barrier 1 Follow-Up] at the beginning of the battle
Grants [RES +10% (8s)]/[RES +20% (8s)]/[RES +30% (8s)] at the beginning of the battle","S","50","","50","36","50","","","100","S","99","","194","62","194","","","100","22353175","✓"
"Strago","VI","3","L","Soul of Thamasa","Accessory","","","S","1","0","0","0","0","0","0","0","HP +500
Prismatic resistance (moderate)","Quick Cast 4/5/6/7/8%","S","1","","","","","","","","S","1","","","","","","","","23380445","✓"
"Terra","VI","4","N","Enhancer","Sword","","","S","50","0","0","258","0","0","95","0","Hand of Vengeance 5
Prismatic damage +20%","Fire/Wind +1/2/3/4/5% Boost
Quick Cast 3/4/5%
Grants [MAG +10% (8s)]/[MAG +20% (8s)]/[MAG +30% (8s)] at the beginning of the battle","S","50","","","165","","","95","","S","99","","","350","","","95","","21302039","✓"
"Terra","VI","4","N","Terra's Cloak","Light Armor","","","S","50","0","122","49","122","0","0","100","Empower Healing 5%
Prismatic damage +20%","Fire/Wind Ability +1/2/3/4/5% Boost
Grants [20% Damage Reduction Barrier 1 Follow-Up]/[30% Damage Reduction Barrier 1 Follow-Up]/[40% Damage Reduction Barrier 1 Follow-Up] at the beginning of the battle
Grants [RES +10% (8s)]/[RES +20% (8s)]/[RES +30% (8s)] at the beginning of the battle","S","50","","50","36","50","","","100","S","99","","194","62","194","","","100","22353115","✓"
"Terra","VI","4","N","Terra's Pendant","Accessory","","","S","1","0","0","0","0","0","0","0","HP +500
Prismatic resistance (moderate)","Quick Cast 4/5/6/7/8%","S","1","","","","","","","","S","1","","","","","","","","23380145","✓"
"Kefka","VI","4","O","Dancing Mad","Instrument","","","S","50","0","0","258","0","0","95","0","Hand of Vengeance 5
Prismatic damage +20%","Dark/Poison +1/2/3/4/5% Boost
Quick Cast 3/4/5%
Grants [MAG +10% (8s)]/[MAG +20% (8s)]/[MAG +30% (8s)] at the beginning of the battle","S","50","","","165","","","95","","S","99","","","350","","","95","","21311019","✓"
"Kefka","VI","4","O","Kefka's Cloak","Light Armor","","","S","50","0","122","49","122","0","0","100","Empower Healing 5%
Prismatic damage +20%","Dark/Poison Ability +1/2/3/4/5% Boost
Grants [20% Damage Reduction Barrier 1 Follow-Up]/[30% Damage Reduction Barrier 1 Follow-Up]/[40% Damage Reduction Barrier 1 Follow-Up] at the beginning of the battle
Grants [RES +10% (8s)]/[RES +20% (8s)]/[RES +30% (8s)] at the beginning of the battle","S","50","","50","36","50","","","100","S","99","","194","62","194","","","100","22353069","✓"
"Kefka","VI","4","O","Kefka's Plume","Accessory","","","S","1","0","0","0","0","0","0","0","HP +500
Prismatic resistance (moderate)","Quick Cast 4/5/6/7/8%","S","1","","","","","","","","S","1","","","","","","","","23380292","✓"
"Celes","VI","4","Q","Celes's Sword","Sword","","","S","50","266","0","0","0","0","95","0","Deadly Strikes 5
Prismatic damage +20%","Ice/Holy +1/2/3/4/5% Boost
Quick Cast 3/4/5%
Grants [ATK +10% (8s)]/[ATK +20% (8s)]/[ATK +30% (8s)] at the beginning of the battle","S","50","172","","","","","95","","S","99","360","","","","","95","","21302440","✓"
"Celes","VI","4","Q","Celes's Guise","Light Armor","","","S","50","49","122","0","122","0","0","100","Precise Strike 5
Prismatic damage +20%","Ice/Holy Ability +1/2/3/4/5% Boost
Grants [20% Damage Reduction Barrier 1 Follow-Up]/[30% Damage Reduction Barrier 1 Follow-Up]/[40% Damage Reduction Barrier 1 Follow-Up] at the beginning of the battle
Grants [DEF +10% (8s)]/[DEF +20% (8s)]/[DEF +30% (8s)] at the beginning of the battle","S","50","36","50","","50","","","100","S","99","62","194","","194","","","100","22353332","✓"
"Celes","VI","4","Q","Celes's Pendant","Accessory","","","S","1","0","0","0","0","0","0","0","HP +500
Prismatic resistance (moderate)","Quick Cast 4/5/6/7/8%","S","1","","","","","","","","S","1","","","","","","","","23380293","✓"
"Shadow","VI","5","5","Shadow Blade","Dagger","","","S","50","266","0","0","0","0","95","0","Deadly Strikes 5
Prismatic damage +20%","Dark +1/2/3/4/5% Boost
Quick Cast 3/4/5%
Grants [ATK +10% (8s)]/[ATK +20% (8s)]/[ATK +30% (8s)] at the beginning of the battle","S","50","172","","","","","95","","S","99","360","","","","","95","","21301047",""
"Shadow","VI","5","5","Black Hood","Hat","","","S","50","49","101","0","143","0","0","105","Precise Strike 5
Prismatic damage +20%","Dark Ability +1/2/3/4/5% Boost
Grants [20% Damage Reduction Barrier 1 Follow-Up]/[30% Damage Reduction Barrier 1 Follow-Up]/[40% Damage Reduction Barrier 1 Follow-Up] at the beginning of the battle
Grants [DEF +10% (8s)]/[DEF +20% (8s)]/[DEF +30% (8s)] at the beginning of the battle","S","50","36","61","","76","","","105","S","99","62","140","","210","","","105","22351105",""
"Shadow","VI","5","5","Japamala","Accessory","","","S","1","0","0","0","0","0","0","0","HP +500
Prismatic resistance (moderate)","Quick Cast 4/5/6/7/8%","S","1","","","","","","","","S","1","","","","","","","","23380098",""
"Sabin","VI","5","5","God Hand","Fist","","","S","50","266","0","0","0","0","95","0","Deadly Strikes 5
Prismatic damage +20%","Fire +1/2/3/4/5% Boost
Quick Cast 3/4/5%
Grants [ATK +10% (8s)]/[ATK +20% (8s)]/[ATK +30% (8s)] at the beginning of the battle","S","50","172","","","","","95","","S","99","360","","","","","95","","21307055",""
"Sabin","VI","5","5","Sabin's Wristband","Bracer","","","S","50","70","117","0","100","0","0","105","Precise Strike 5
Prismatic damage +20%","Fire Ability +1/2/3/4/5% Boost
Grants [20% Damage Reduction Barrier 1 Follow-Up]/[30% Damage Reduction Barrier 1 Follow-Up]/[40% Damage Reduction Barrier 1 Follow-Up] at the beginning of the battle
Grants [DEF +10% (8s)]/[DEF +20% (8s)]/[DEF +30% (8s)] at the beginning of the battle","S","50","61","79","","45","","","105","S","99","79","155","","155","","","105","22356109",""
"Sabin","VI","5","5","Sabin's Earring","Accessory","","","S","1","0","0","0","0","0","0","0","HP +500
Prismatic resistance (moderate)","Quick Cast 4/5/6/7/8%","S","1","","","","","","","","S","1","","","","","","","","23380505",""
"Gogo (VI)","VI","5","5","Gogo's Falchion","Sword","","","S","50","258","0","258","0","0","95","0","Hand of Vengeance 5
Prismatic damage +20%","Fire/Ice/Wind/Earth +1/2/3/4/5% Boost
Quick Cast 3/4/5%
Grants [MAG +10% (8s)]/[MAG +20% (8s)]/[MAG +30% (8s)] at the beginning of the battle","S","50","165","","165","","","95","","S","99","350","","350","","","95","","21302377",""
"Gogo (VI)","VI","5","5","Impersonator's Robe","Robe","","","S","50","39","100","39","163","0","0","105","Empower Healing 5%
Prismatic damage +20%","Fire/Ice/Wind/Earth Ability +1/2/3/4/5% Boost
Grants [20% Damage Reduction Barrier 1 Follow-Up]/[30% Damage Reduction Barrier 1 Follow-Up]/[40% Damage Reduction Barrier 1 Follow-Up] at the beginning of the battle
Grants [RES +10% (8s)]/[RES +20% (8s)]/[RES +30% (8s)] at the beginning of the battle","S","50","26","45","26","93","","","105","S","99","52","155","52","233","","","105","22355077",""
"Gogo (VI)","VI","5","5","Devil's Bracelet","Accessory","","","S","1","0","0","0","0","0","0","0","HP +500
Prismatic resistance (moderate)","Quick Cast 4/5/6/7/8%","S","1","","","","","","","","S","1","","","","","","","","23380619",""
"Mog","VI","5","5","Gungnir","Spear","","","S","50","129","0","175","0","83","95","0","Hand of Vengeance 5
Prismatic damage +20%","Weakness +1/2/3/4/5% Boost
Quick Cast 3/4/5%
Grants [MND +10% (8s)]/[MND +20% (8s)]/[MND +30% (8s)] at the beginning of the battle","S","50","83","","","","165","95","","S","99","175","","350","","","95","","21306061",""
"Mog","VI","5","5","Moogle Shield","Shield","","","S","50","0","161","0","102","49","0","112","Empower Healing 5%
Prismatic damage +20%","Dancer Ability Healing +1/2/3/4/5% Boost
Grants [20% Damage Reduction Barrier 1 Follow-Up]/[30% Damage Reduction Barrier 1 Follow-Up]/[40% Damage Reduction Barrier 1 Follow-Up] at the beginning of the battle
Grants [RES +10% (8s)]/[RES +20% (8s)]/[RES +30% (8s)] at the beginning of the battle","S","50","","100","","57","36","","112","S","99","","221","","147","62","","112","22350109",""
"Mog","VI","5","5","Mog's Amulet","Accessory","","","S","1","0","0","0","0","0","0","0","HP +500
Prismatic resistance (moderate)","Quick Cast 4/5/6/7/8%","S","1","","","","","","","","S","1","","","","","","","","23380632",""
"Tifa","VII","1","A","Premium Heart","Fist","","","S","50","266","0","0","0","0","95","0","Deadly Strikes 5
Prismatic damage +20%","Earth +1/2/3/4/5% Boost
Quick Cast 3/4/5%
Grants [ATK +10% (8s)]/[ATK +20% (8s)]/[ATK +30% (8s)] at the beginning of the battle","S","50","172","","","","","95","","S","99","360","","","","","95","","21307074","✓"
"Tifa","VII","1","A","Tifa's Gloves","Light Armor","","","S","50","70","117","0","100","0","0","105","Precise Strike 5
Prismatic damage +20%","Earth Ability +1/2/3/4/5% Boost
Grants [20% Damage Reduction Barrier 1 Follow-Up]/[30% Damage Reduction Barrier 1 Follow-Up]/[40% Damage Reduction Barrier 1 Follow-Up] at the beginning of the battle
Grants [DEF +10% (8s)]/[DEF +20% (8s)]/[DEF +30% (8s)] at the beginning of the battle","S","50","61","79","","45","","","105","S","99","79","155","","155","","","105","22356055","✓"
"Tifa","VII","1","A","Tifa's Earrings","Accessory","","","S","1","0","0","0","0","0","0","0","HP +500
Prismatic resistance (moderate)","Quick Cast 4/5/6/7/8%","S","1","","","","","","","","S","1","","","","","","","","23380150","✓"
"Red XIII","VII","1","A","Limited Moon","Hairpin","","","S","50","0","0","258","0","0","95","0","Hand of Vengeance 5
Prismatic damage +20%","Earth +1/2/3/4/5% Boost
Quick Cast 3/4/5%
Grants [MAG +10% (8s)]/[MAG +20% (8s)]/[MAG +30% (8s)] at the beginning of the battle","S","50","","","165","","","95","","S","99","","","350","","","95","","22331012","✓"
"Red XIII","VII","1","A","Red XIII's Armlet","Bracer","","","S","50","0","117","60","100","0","0","105","Empower Healing 5%
Prismatic damage +20%","Earth Ability +1/2/3/4/5% Boost
Grants [20% Damage Reduction Barrier 1 Follow-Up]/[30% Damage Reduction Barrier 1 Follow-Up]/[40% Damage Reduction Barrier 1 Follow-Up] at the beginning of the battle
Grants [RES +10% (8s)]/[RES +20% (8s)]/[RES +30% (8s)] at the beginning of the battle","S","50","","79","49","45","","","105","S","99","","155","70","155","","","105","22356068","✓"
"Red XIII","VII","1","A","Star Pendant","Accessory","","","S","1","0","0","0","0","0","0","0","HP +500
Prismatic resistance (moderate)","Quick Cast 4/5/6/7/8%","S","1","","","","","","","","S","1","","","","","","","","23380010","✓"
"Rude","VII","1","A","Rude's Gloves","Fist","","","S","50","258","0","258","0","0","95","0","Hand of Vengeance 5
Prismatic damage +20%","Earth +1/2/3/4/5% Boost
Quick Cast 3/4/5%
Grants [MAG +10% (8s)]/[MAG +20% (8s)]/[MAG +30% (8s)] at the beginning of the battle","S","50","165","","165","","","95","","S","99","350","","350","","","95","","21307114","✓"
"Rude","VII","1","A","Shinra Headset","Hat","","","S","50","49","101","49","143","0","0","105","Empower Healing 5%
Prismatic damage +20%","Earth Ability +1/2/3/4/5% Boost
Grants [20% Damage Reduction Barrier 1 Follow-Up]/[30% Damage Reduction Barrier 1 Follow-Up]/[40% Damage Reduction Barrier 1 Follow-Up] at the beginning of the battle
Grants [RES +10% (8s)]/[RES +20% (8s)]/[RES +30% (8s)] at the beginning of the battle","S","50","36","61","36","76","","","105","S","99","62","140","62","210","","","105","22351116","✓"
"Rude","VII","1","A","Rude's Sunglasses","Accessory","","","S","1","0","0","0","0","0","0","0","HP +500
Prismatic resistance (moderate)","Quick Cast 4/5/6/7/8%","S","1","","","","","","","","S","1","","","","","","","","23380375","✓"
"Cid (VII)","VII","1","B","Venus Gospel","Spear","","","S","50","266","0","0","0","0","95","0","Deadly Strikes 5
Prismatic damage +20%","Wind +1/2/3/4/5% Boost
Quick Cast 3/4/5%
Grants [ATK +10% (8s)]/[ATK +20% (8s)]/[ATK +30% (8s)] at the beginning of the battle","S","50","172","","","","","95","","S","99","360","","","","","95","","21306178","✓"
"Cid (VII)","VII","1","B","Cid's Jacket","Light Armor","","","S","50","49","122","0","122","0","0","100","Precise Strike 5
Prismatic damage +20%","Wind Ability +1/2/3/4/5% Boost
Grants [20% Damage Reduction Barrier 1 Follow-Up]/[30% Damage Reduction Barrier 1 Follow-Up]/[40% Damage Reduction Barrier 1 Follow-Up] at the beginning of the battle
Grants [DEF +10% (8s)]/[DEF +20% (8s)]/[DEF +30% (8s)] at the beginning of the battle","S","50","36","50","","50","","","100","S","99","62","194","","194","","","100","22353193","✓"
"Cid (VII)","VII","1","B","PHS","Accessory","","","S","1","0","0","0","0","0","0","0","HP +500
Prismatic resistance (moderate)","Quick Cast 4/5/6/7/8%","S","1","","","","","","","","S","1","","","","","","","","23380617","✓"
"Barret","VII","2","E","Missing Score","Gun-Arm","","","S","50","253","0","0","0","0","95","0","Deadly Strikes 5
Prismatic damage +20%","Fire +1/2/3/4/5% Boost
Quick Cast 3/4/5%
Grants [ATK +10% (8s)]/[ATK +20% (8s)]/[ATK +30% (8s)] at the beginning of the battle","S","50","160","","","","","95","","S","99","346","","","","","95","","21332016","✓"
"Barret","VII","2","E","Barret's Vest","Light Armor","","","S","50","49","122","0","122","0","0","100","Precise Strike 5
Prismatic damage +20%","Fire Ability +1/2/3/4/5% Boost
Grants [20% Damage Reduction Barrier 1 Follow-Up]/[30% Damage Reduction Barrier 1 Follow-Up]/[40% Damage Reduction Barrier 1 Follow-Up] at the beginning of the battle
Grants [DEF +10% (8s)]/[DEF +20% (8s)]/[DEF +30% (8s)] at the beginning of the battle","S","50","36","50","","50","","","100","S","99","62","194","","194","","","100","22353412","✓"
"Barret","VII","2","E","Dog Tags","Accessory","","","S","1","0","0","0","0","0","0","0","HP +500
Prismatic resistance (moderate)","Quick Cast 4/5/6/7/8%","S","1","","","","","","","","S","1","","","","","","","","23380105","✓"
"Sephiroth","VII","2","E","Masamune","Katana","","","S","50","266","0","0","0","0","95","0","Deadly Strikes 5
Prismatic damage +20%","Fire/Dark +1/2/3/4/5% Boost
Quick Cast 3/4/5%
Grants [ATK +10% (8s)]/[ATK +20% (8s)]/[ATK +30% (8s)] at the beginning of the battle","S","50","172","","","","","95","","S","99","360","","","","","95","","21303005","✓"
"Sephiroth","VII","2","E","Sephiroth's Coat","Light Armor","","","S","50","49","122","0","122","0","0","100","Precise Strike 5
Prismatic damage +20%","Fire/Dark Ability +1/2/3/4/5% Boost
Grants [20% Damage Reduction Barrier 1 Follow-Up]/[30% Damage Reduction Barrier 1 Follow-Up]/[40% Damage Reduction Barrier 1 Follow-Up] at the beginning of the battle
Grants [DEF +10% (8s)]/[DEF +20% (8s)]/[DEF +30% (8s)] at the beginning of the battle","S","50","36","50","","50","","","100","S","99","62","194","","194","","","100","22353050","✓"
"Sephiroth","VII","2","E","One-Winged Pendant","Accessory","","","S","1","0","0","0","0","0","0","0","HP +500
Prismatic resistance (moderate)","Quick Cast 4/5/6/7/8%","S","1","","","","","","","","S","1","","","","","","","","23380328","✓"
"Vincent","VII","2","E","Death Penalty","Gun","","","S","50","258","0","258","0","0","95","0","Hand of Vengeance 5
Prismatic damage +20%","Fire +1/2/3/4/5% Boost
Quick Cast 3/4/5%
Grants [MAG +10% (8s)]/[MAG +20% (8s)]/[MAG +30% (8s)] at the beginning of the battle","S","50","165","","165","","","95","","S","99","350","","350","","","95","","21315133","✓"
"Vincent","VII","2","E","Vincent's Bandana (DoC)","Hat","","","S","50","49","101","49","143","0","0","105","Empower Healing 5%
Prismatic damage +20%","Fire Ability +1/2/3/4/5% Boost
Grants [20% Damage Reduction Barrier 1 Follow-Up]/[30% Damage Reduction Barrier 1 Follow-Up]/[40% Damage Reduction Barrier 1 Follow-Up] at the beginning of the battle
Grants [RES +10% (8s)]/[RES +20% (8s)]/[RES +30% (8s)] at the beginning of the battle","S","50","36","61","36","76","","","105","S","99","62","140","62","210","","","105","22351091","✓"
"Vincent","VII","2","E","Vincent's Boots","Accessory","","","S","1","0","0","0","0","0","0","0","HP +500
Prismatic resistance (moderate)","Quick Cast 4/5/6/7/8%","S","1","","","","","","","","S","1","","","","","","","","23380546","✓"
"Shelke","VII","2","G","Spear (DoC)","Spear","","","S","50","266","0","0","0","0","95","0","Deadly Strikes 5
Prismatic damage +20%","Lightning +1/2/3/4/5% Boost
Quick Cast 3/4/5%
Grants [ATK +10% (8s)]/[ATK +20% (8s)]/[ATK +30% (8s)] at the beginning of the battle","S","50","172","","","","","95","","S","99","360","","","","","95","","21306093","✓"
"Shelke","VII","2","G","Shelke's Guise (DoC)","Light Armor","","","S","50","49","122","0","122","0","0","100","Precise Strike 5
Prismatic damage +20%","Lightning Ability +1/2/3/4/5% Boost
Grants [20% Damage Reduction Barrier 1 Follow-Up]/[30% Damage Reduction Barrier 1 Follow-Up]/[40% Damage Reduction Barrier 1 Follow-Up] at the beginning of the battle
Grants [DEF +10% (8s)]/[DEF +20% (8s)]/[DEF +30% (8s)] at the beginning of the battle","S","50","36","50","","50","","","100","S","99","62","194","","194","","","100","22353292","✓"
"Shelke","VII","2","G","S Adjuster (DoC)","Accessory","","","S","1","0","0","0","0","0","0","0","HP +500
Prismatic resistance (moderate)","Quick Cast 4/5/6/7/8%","S","1","","","","","","","","S","1","","","","","","","","23380342","✓"
"Angeal","VII","2","H","Hewley Buster (CC)","Sword","","","S","50","266","0","0","0","0","95","0","Deadly Strikes 5
Prismatic damage +20%","Wind/Holy +1/2/3/4/5% Boost
Quick Cast 3/4/5%
Grants [ATK +10% (8s)]/[ATK +20% (8s)]/[ATK +30% (8s)] at the beginning of the battle","S","50","172","","","","","95","","S","99","360","","","","","95","","21302195","✓"
"Angeal","VII","2","H","Angeal's Gloves (CC)","Bracer","","","S","50","70","117","0","100","0","0","105","Precise Strike 5
Prismatic damage +20%","Wind/Holy Ability +1/2/3/4/5% Boost
Grants [20% Damage Reduction Barrier 1 Follow-Up]/[30% Damage Reduction Barrier 1 Follow-Up]/[40% Damage Reduction Barrier 1 Follow-Up] at the beginning of the battle
Grants [DEF +10% (8s)]/[DEF +20% (8s)]/[DEF +30% (8s)] at the beginning of the battle","S","50","61","79","","45","","","105","S","99","79","155","","155","","","105","22356104","✓"
"Angeal","VII","2","H","Banora White (CC)","Accessory","","","S","1","0","0","0","0","0","0","0","HP +500
Prismatic resistance (moderate)","Quick Cast 4/5/6/7/8%","S","1","","","","","","","","S","1","","","","","","","","23380588","✓"
"Reno","VII","3","K","Telescopic Baton","Rod","","","S","50","258","0","258","0","0","95","0","Deadly Strikes 5
Prismatic damage +20%","Lightning +1/2/3/4/5% Boost
Quick Cast 3/4/5%
Grants [ATK +10% (8s)]/[ATK +20% (8s)]/[ATK +30% (8s)] at the beginning of the battle","S","50","165","","165","","","95","","S","99","350","","350","","","95","","21308066","✓"
"Reno","VII","3","K","Reno's Goggles","Hat","","","S","50","49","101","49","143","0","0","105","Precise Strike 5
Prismatic damage +20%","Lightning Ability +1/2/3/4/5% Boost
Grants [20% Damage Reduction Barrier 1 Follow-Up]/[30% Damage Reduction Barrier 1 Follow-Up]/[40% Damage Reduction Barrier 1 Follow-Up] at the beginning of the battle
Grants [DEF +10% (8s)]/[DEF +20% (8s)]/[DEF +30% (8s)] at the beginning of the battle","S","50","36","61","36","76","","","105","S","99","62","140","62","210","","","105","22351053","✓"
"Reno","VII","3","K","Reno's Earring","Accessory","","","S","1","0","0","0","0","0","0","0","HP +500
Prismatic resistance (moderate)","Quick Cast 4/5/6/7/8%","S","1","","","","","","","","S","1","","","","","","","","23380631","✓"
"Cloud","VII","3","L","Buster Sword","Sword","","","S","50","266","0","0","0","0","95","0","Deadly Strikes 5
Prismatic damage +20%","Wind/Dark +1/2/3/4/5% Boost
Quick Cast 3/4/5%
Grants [ATK +10% (8s)]/[ATK +20% (8s)]/[ATK +30% (8s)] at the beginning of the battle","S","50","172","","","","","95","","S","99","360","","","","","95","","21302023","✓"
"Cloud","VII","3","L","Cloud's Guise","Light Armor","","","S","50","49","122","0","122","0","0","100","Precise Strike 5
Prismatic damage +20%","Wind/Dark Ability +1/2/3/4/5% Boost
Grants [20% Damage Reduction Barrier 1 Follow-Up]/[30% Damage Reduction Barrier 1 Follow-Up]/[40% Damage Reduction Barrier 1 Follow-Up] at the beginning of the battle
Grants [DEF +10% (8s)]/[DEF +20% (8s)]/[DEF +30% (8s)] at the beginning of the battle","S","50","36","50","","50","","","100","S","99","62","194","","194","","","100","22353045","✓"
"Cloud","VII","3","L","Cloud's Goggles","Accessory","","","S","1","0","0","0","0","0","0","0","HP +500
Prismatic resistance (moderate)","Quick Cast 4/5/6/7/8%","S","1","","","","","","","","S","1","","","","","","","","23380151","✓"
"Zack","VII","3","L","Buster Sword (CC)","Sword","","","S","50","266","0","0","0","0","95","0","Deadly Strikes 5
Prismatic damage +20%","Wind +1/2/3/4/5% Boost
Quick Cast 3/4/5%
Grants [ATK +10% (8s)]/[ATK +20% (8s)]/[ATK +30% (8s)] at the beginning of the battle","S","50","172","","","","","95","","S","99","360","","","","","95","","21302089","✓"
"Zack","VII","3","L","Zack's Guise (CC)","Light Armor","","","S","50","49","122","0","122","0","0","100","Precise Strike 5
Prismatic damage +20%","Wind Ability +1/2/3/4/5% Boost
Grants [20% Damage Reduction Barrier 1 Follow-Up]/[30% Damage Reduction Barrier 1 Follow-Up]/[40% Damage Reduction Barrier 1 Follow-Up] at the beginning of the battle
Grants [DEF +10% (8s)]/[DEF +20% (8s)]/[DEF +30% (8s)] at the beginning of the battle","S","50","36","50","","50","","","100","S","99","62","194","","194","","","100","22353411","✓"
"Zack","VII","3","L","Zack's Earring","Accessory","","","S","1","0","0","0","0","0","0","0","HP +500
Prismatic resistance (moderate)","Quick Cast 4/5/6/7/8%","S","1","","","","","","","","S","1","","","","","","","","23380263","✓"
"Aerith","VII","3","M","Princess Guard","Rod","","","S","50","0","0","134","0","258","95","0","Empower Healing 5%
Prismatic damage +20%","WHT Heals +1/2/3/4/5%
Quick Cast 3/4/5%
Grants [MND +10% (8s)]/[MND +20% (8s)]/[MND +30% (8s)] at the beginning of the battle","S","50","","","93","","165","95","","S","99","","","175","","350","95","","21308119","✓"
"Aerith","VII","3","M","Aerith's Bow","Hat","","","S","50","0","101","0","143","60","0","0","Max HP +5%
Prismatic damage +20%","White Magic +1/2/3/4/5% Boost
Grants [20% Damage Reduction Barrier 1 Follow-Up]/[30% Damage Reduction Barrier 1 Follow-Up]/[40% Damage Reduction Barrier 1 Follow-Up] at the beginning of the battle
Grants [RES +10% (8s)]/[RES +20% (8s)]/[RES +30% (8s)] at the beginning of the battle","S","50","","61","","76","49","","","S","99","","140","","210","70","","","22351037","✓"
"Aerith","VII","3","M","Aerith's Choker","Accessory","","","S","1","0","0","0","0","0","0","0","HP +500
Prismatic resistance (moderate)","Quick Cast 4/5/6/7/8%","S","1","","","","","","","","S","1","","","","","","","","23380251","✓"
"Yuffie","VII","3","M","Conformer","Thrown","","","S","50","253","0","0","0","0","95","0","Deadly Strikes 5
Prismatic damage +20%","Water/Earth +1/2/3/4/5% Boost
Quick Cast 3/4/5%
Grants [ATK +10% (8s)]/[ATK +20% (8s)]/[ATK +30% (8s)] at the beginning of the battle","S","50","160","","","","","95","","S","99","346","","","","","95","","21313066","✓"
"Yuffie","VII","3","M","Yuffie's Guise","Light Armor","","","S","50","49","122","0","122","0","0","100","Precise Strike 5
Prismatic damage +20%","Water/Earth Ability +1/2/3/4/5% Boost
Grants [20% Damage Reduction Barrier 1 Follow-Up]/[30% Damage Reduction Barrier 1 Follow-Up]/[40% Damage Reduction Barrier 1 Follow-Up] at the beginning of the battle
Grants [DEF +10% (8s)]/[DEF +20% (8s)]/[DEF +30% (8s)] at the beginning of the battle","S","50","36","50","","50","","","100","S","99","62","194","","194","","","100","22353125","✓"
"Yuffie","VII","3","M","Godo's Mask","Accessory","","","S","1","0","0","0","0","0","0","0","HP +500
Prismatic resistance (moderate)","Quick Cast 4/5/6/7/8%","S","1","","","","","","","","S","1","","","","","","","","23380140","✓"
"Cait Sith","VII","3","M","HP Shout","Instrument","","","S","50","0","0","134","0","258","95","0","Hand of Vengeance 5
Prismatic damage +20%","Weakness +1/2/3/4/5% Boost
Quick Cast 3/4/5%
Grants [MND +10% (8s)]/[MND +20% (8s)]/[MND +30% (8s)] at the beginning of the battle","S","50","","","93","","165","95","","S","99","","","175","","350","95","","21311086","✓"
"Cait Sith","VII","3","M","Cait Sith's Crown","Hat","","","S","50","0","101","0","143","60","0","105","Empower Healing 5%
Prismatic damage +20%","Dancer Ability Healing +1/2/3/4/5% Boost
Grants [20% Damage Reduction Barrier 1 Follow-Up]/[30% Damage Reduction Barrier 1 Follow-Up]/[40% Damage Reduction Barrier 1 Follow-Up] at the beginning of the battle
Grants [RES +10% (8s)]/[RES +20% (8s)]/[RES +30% (8s)] at the beginning of the battle","S","50","","61","","76","49","","105","S","99","","140","","210","70","","105","22351076","✓"
"Cait Sith","VII","3","M","Super Sweeper","Accessory","","","S","1","0","0","0","0","0","0","0","HP +500
Prismatic resistance (moderate)","Quick Cast 4/5/6/7/8%","S","1","","","","","","","","S","1","","","","","","","","23380200","✓"
"Rufus","VII","3","M","Combat Shotgun","Gun","","","S","50","253","0","0","0","0","95","0","Deadly Strikes 5
Prismatic damage +20%","Dark +1/2/3/4/5% Boost
Quick Cast 3/4/5%
Grants [ATK +10% (8s)]/[ATK +20% (8s)]/[ATK +30% (8s)] at the beginning of the battle","S","50","160","","","","","95","","S","99","346","","","","","95","","21315044","✓"
"Rufus","VII","3","M","Rufus's Jacket","Light Armor","","","S","50","49","122","0","122","0","0","100","Precise Strike 5
Prismatic damage +20%","Dark Ability +1/2/3/4/5% Boost
Grants [20% Damage Reduction Barrier 1 Follow-Up]/[30% Damage Reduction Barrier 1 Follow-Up]/[40% Damage Reduction Barrier 1 Follow-Up] at the beginning of the battle
Grants [DEF +10% (8s)]/[DEF +20% (8s)]/[DEF +30% (8s)] at the beginning of the battle","S","50","36","50","","50","","","100","S","99","62","194","","194","","","100","22353049","✓"
"Rufus","VII","3","M","1/35 Soldier","Accessory","","","S","1","0","0","0","0","0","0","0","HP +500
Prismatic resistance (moderate)","Quick Cast 4/5/6/7/8%","S","1","","","","","","","","S","1","","","","","","","","23380250","✓"
"Genesis","VII","3","M","Red Rapier (CC)","Sword","","","S","50","266","0","0","0","0","95","0","Deadly Strikes 5
Prismatic damage +20%","Fire +1/2/3/4/5% Boost
Quick Cast 3/4/5%
Grants [ATK +10% (8s)]/[ATK +20% (8s)]/[ATK +30% (8s)] at the beginning of the battle","S","50","172","","","","","95","","S","99","360","","","","","95","","21302540","✓"
"Genesis","VII","3","M","Genesis's Guise (CC)","Light Armor","","","S","50","49","122","0","122","0","0","100","Precise Strike 5
Prismatic damage +20%","Fire Ability +1/2/3/4/5% Boost
Grants [20% Damage Reduction Barrier 1 Follow-Up]/[30% Damage Reduction Barrier 1 Follow-Up]/[40% Damage Reduction Barrier 1 Follow-Up] at the beginning of the battle
Grants [DEF +10% (8s)]/[DEF +20% (8s)]/[DEF +30% (8s)] at the beginning of the battle","S","50","36","50","","50","","","100","S","99","62","194","","194","","","100","22353456","✓"
"Genesis","VII","3","M","LOVELESS","Accessory","","","S","1","0","0","0","0","0","0","0","HP +500
Prismatic resistance (moderate)","Quick Cast 4/5/6/7/8%","S","1","","","","","","","","S","1","","","","","","","","23380471","✓"
"Elena","VII","3","M","Magnum","Gun","","","S","50","253","0","0","0","0","95","0","Deadly Strikes 5
Prismatic damage +20%","Fire/Lightning +1/2/3/4/5% Boost
Quick Cast 3/4/5%
Grants [ATK +10% (8s)]/[ATK +20% (8s)]/[ATK +30% (8s)] at the beginning of the battle","S","50","160","","","","","95","","S","99","346","","","","","95","","21315078","✓"
"Elena","VII","3","M","Elena's Suit","Light Armor","","","S","50","49","122","0","122","0","0","100","Precise Strike 5
Prismatic damage +20%","Fire/Lightning Ability +1/2/3/4/5% Boost
Grants [20% Damage Reduction Barrier 1 Follow-Up]/[30% Damage Reduction Barrier 1 Follow-Up]/[40% Damage Reduction Barrier 1 Follow-Up] at the beginning of the battle
Grants [DEF +10% (8s)]/[DEF +20% (8s)]/[DEF +30% (8s)] at the beginning of the battle","S","50","36","50","","50","","","100","S","99","62","194","","194","","","100","22353232","✓"
"Elena","VII","3","M","Mirror","Accessory","","","S","1","0","0","0","0","0","0","0","HP +500
Prismatic resistance (moderate)","Quick Cast 4/5/6/7/8%","S","1","","","","","","","","S","1","","","","","","","","23380576","✓"
"Rinoa","VIII","1","A","Shooting Star","Thrown","","","S","50","0","0","258","0","0","95","0","Hand of Vengeance 5
Prismatic damage +20%","Ice/Earth +1/2/3/4/5% Boost
Quick Cast 3/4/5%
Grants [MAG +10% (8s)]/[MAG +20% (8s)]/[MAG +30% (8s)] at the beginning of the battle","S","50","","","165","","","95","","S","99","","","350","","","95","","21313019","✓"
"Rinoa","VIII","1","A","Rinoa's Guise","Light Armor","","","S","50","0","122","49","122","0","0","100","Empower Healing 5%
Prismatic damage +20%","Ice/Earth Ability +1/2/3/4/5% Boost
Grants [20% Damage Reduction Barrier 1 Follow-Up]/[30% Damage Reduction Barrier 1 Follow-Up]/[40% Damage Reduction Barrier 1 Follow-Up] at the beginning of the battle
Grants [RES +10% (8s)]/[RES +20% (8s)]/[RES +30% (8s)] at the beginning of the battle","S","50","","50","36","50","","","100","S","99","","194","62","194","","","100","22353103","✓"
"Rinoa","VIII","1","A","Rinoa's Necklace","Accessory","","","S","1","0","0","0","0","0","0","0","HP +500
Prismatic resistance (moderate)","Quick Cast 4/5/6/7/8%","S","1","","","","","","","","S","1","","","","","","","","23380214","✓"
"Edea","VIII","1","C","Sorceress's Might","Thrown","","","S","50","0","0","258","0","0","95","0","Hand of Vengeance 5
Prismatic damage +20%","Ice/Dark +1/2/3/4/5% Boost
Quick Cast 3/4/5%
Grants [MAG +10% (8s)]/[MAG +20% (8s)]/[MAG +30% (8s)] at the beginning of the battle","S","50","","","165","","","95","","S","99","","","350","","","95","","21313028","✓"
"Edea","VIII","1","C","Sorceress's Crown","Hat","","","S","50","0","101","60","145","0","0","105","Empower Healing 5%
Prismatic damage +20%","Ice/Dark Ability +1/2/3/4/5% Boost
Grants [20% Damage Reduction Barrier 1 Follow-Up]/[30% Damage Reduction Barrier 1 Follow-Up]/[40% Damage Reduction Barrier 1 Follow-Up] at the beginning of the battle
Grants [RES +10% (8s)]/[RES +20% (8s)]/[RES +30% (8s)] at the beginning of the battle","S","50","","61","49","79","","","105","S","99","","140","70","210","","","105","22351069","✓"
"Edea","VIII","1","C","Circlet","Accessory","","","S","1","0","0","0","0","0","0","0","HP +500
Prismatic resistance (moderate)","Quick Cast 4/5/6/7/8%","S","1","","","","","","","","S","1","","","","","","","","23380120","✓"
"Ward","VIII","2","F","Harpoon","Spear","","","S","50","266","0","0","0","0","95","0","Deadly Strikes 5
Prismatic damage +20%","Ice/Earth/Water +1/2/3/4/5% Boost
Quick Cast 3/4/5%
Grants [ATK +10% (8s)]/[ATK +20% (8s)]/[ATK +30% (8s)] at the beginning of the battle","S","50","172","","","","","95","","S","99","360","","","","","95","","21306099","✓"
"Ward","VIII","2","F","Ward's Bandana","Hat","","","S","50","49","101","0","143","0","0","105","Precise Strike 5
Prismatic damage +20%","Ice/Earth/Water Ability +1/2/3/4/5% Boost
Grants [20% Damage Reduction Barrier 1 Follow-Up]/[30% Damage Reduction Barrier 1 Follow-Up]/[40% Damage Reduction Barrier 1 Follow-Up] at the beginning of the battle
Grants [DEF +10% (8s)]/[DEF +20% (8s)]/[DEF +30% (8s)] at the beginning of the battle","S","50","36","61","","76","","","105","S","99","62","140","","210","","","105","22351118","✓"
"Ward","VIII","2","F","Gaia Ring","Accessory","","","S","1","0","0","0","0","0","0","0","HP +500
Prismatic resistance (moderate)","Quick Cast 4/5/6/7/8%","S","1","","","","","","","","S","1","","","","","","","","23380215","✓"
"Seifer","VIII","3","I","Hyperion","Sword","","","S","50","266","0","0","0","0","95","0","Deadly Strikes 5
Prismatic damage +20%","Fire/Dark +1/2/3/4/5% Boost
Quick Cast 3/4/5%
Grants [ATK +10% (8s)]/[ATK +20% (8s)]/[ATK +30% (8s)] at the beginning of the battle","S","50","172","","","","","95","","S","99","360","","","","","95","","21302100","✓"
"Seifer","VIII","3","I","Seifer's Coat","Light Armor","","","S","50","49","122","0","122","0","0","100","Precise Strike 5
Prismatic damage +20%","Fire/Dark Ability +1/2/3/4/5% Boost
Grants [20% Damage Reduction Barrier 1 Follow-Up]/[30% Damage Reduction Barrier 1 Follow-Up]/[40% Damage Reduction Barrier 1 Follow-Up] at the beginning of the battle
Grants [DEF +10% (8s)]/[DEF +20% (8s)]/[DEF +30% (8s)] at the beginning of the battle","S","50","36","50","","50","","","100","S","99","62","194","","194","","","100","22353063","✓"
"Seifer","VIII","3","I","Seifer's Necklace","Accessory","","","S","1","0","0","0","0","0","0","0","HP +500
Prismatic resistance (moderate)","Quick Cast 4/5/6/7/8%","S","1","","","","","","","","S","1","","","","","","","","23380416","✓"
"Raijin","VIII","3","K","Raijin's Staff","Hammer","","","S","50","266","0","0","0","0","95","0","Deadly Strikes 5
Prismatic damage +20%","Lightning +1/2/3/4/5% Boost
Quick Cast 3/4/5%
Grants [ATK +10% (8s)]/[ATK +20% (8s)]/[ATK +30% (8s)] at the beginning of the battle","S","50","172","","","","","95","","S","99","360","","","","","95","","21305020","✓"
"Raijin","VIII","3","K","Raijin's Pauldron","Light Armor","","","S","50","49","122","0","122","0","0","100","Precise Strike 5
Prismatic damage +20%","Lightning Ability +1/2/3/4/5% Boost
Grants [20% Damage Reduction Barrier 1 Follow-Up]/[30% Damage Reduction Barrier 1 Follow-Up]/[40% Damage Reduction Barrier 1 Follow-Up] at the beginning of the battle
Grants [DEF +10% (8s)]/[DEF +20% (8s)]/[DEF +30% (8s)] at the beginning of the battle","S","50","36","50","","50","","","100","S","99","62","194","","194","","","100","22353140","✓"
"Raijin","VIII","3","K","Power Vest","Accessory","","","S","1","0","0","0","0","0","0","0","HP +500
Prismatic resistance (moderate)","Quick Cast 4/5/6/7/8%","S","1","","","","","","","","S","1","","","","","","","","23380090","✓"
"Fujin","VIII","3","L","Fujin's Shin-Chakram","Thrown","","","S","50","0","0","258","0","0","95","0","Hand of Vengeance 5
Prismatic damage +20%","Wind +1/2/3/4/5% Boost
Quick Cast 3/4/5%
Grants [MAG +10% (8s)]/[MAG +20% (8s)]/[MAG +30% (8s)] at the beginning of the battle","S","50","","","165","","","95","","S","99","","","350","","","95","","21313045","✓"
"Fujin","VIII","3","L","Fujin's Jacket","Light Armor","","","S","50","0","122","49","122","0","0","100","Empower Healing 5%
Prismatic damage +20%","Wind Ability +1/2/3/4/5% Boost
Grants [20% Damage Reduction Barrier 1 Follow-Up]/[30% Damage Reduction Barrier 1 Follow-Up]/[40% Damage Reduction Barrier 1 Follow-Up] at the beginning of the battle
Grants [RES +10% (8s)]/[RES +20% (8s)]/[RES +30% (8s)] at the beginning of the battle","S","50","","50","36","50","","","100","S","99","","194","62","194","","","100","22353028","✓"
"Fujin","VIII","3","L","Fujin's Eyepatch","Accessory","","","S","1","0","0","0","0","0","0","0","HP +500
Prismatic resistance (moderate)","Quick Cast 4/5/6/7/8%","S","1","","","","","","","","S","1","","","","","","","","23380283","✓"
"Zell","VIII","4","N","Ehrgeiz","Fist","","","S","50","266","0","0","0","0","95","0","Deadly Strikes 5
Prismatic damage +20%","Fire +1/2/3/4/5% Boost
Quick Cast 3/4/5%
Grants [ATK +10% (8s)]/[ATK +20% (8s)]/[ATK +30% (8s)] at the beginning of the battle","S","50","172","","","","","95","","S","99","360","","","","","95","","21307051","✓"
"Zell","VIII","4","N","Zell's Jacket","Light Armor","","","S","50","49","122","0","122","0","0","100","Precise Strike 5
Prismatic damage +20%","Fire Ability +1/2/3/4/5% Boost
Grants [20% Damage Reduction Barrier 1 Follow-Up]/[30% Damage Reduction Barrier 1 Follow-Up]/[40% Damage Reduction Barrier 1 Follow-Up] at the beginning of the battle
Grants [DEF +10% (8s)]/[DEF +20% (8s)]/[DEF +30% (8s)] at the beginning of the battle","S","50","36","50","","50","","","100","S","99","62","194","","194","","","100","22353184","✓"
"Zell","VIII","4","N","Hyper Wrist","Accessory","","","S","1","0","0","0","0","0","0","0","HP +500
Prismatic resistance (moderate)","Quick Cast 4/5/6/7/8%","S","1","","","","","","","","S","1","","","","","","","","23380047","✓"
"Quistis","VIII","4","O","Red Scorpion","Whip","","","S","50","0","0","258","0","0","95","0","Hand of Vengeance 5
Prismatic damage +20%","Water/Poison +1/2/3/4/5% Boost
Quick Cast 3/4/5%
Grants [MAG +10% (8s)]/[MAG +20% (8s)]/[MAG +30% (8s)] at the beginning of the battle","S","50","","","165","","","95","","S","99","","","350","","","95","","21312009","✓"
"Quistis","VIII","4","O","Quistis's Dress","Light Armor","","","S","50","0","122","49","122","0","0","100","Empower Healing 5%
Prismatic damage +20%","Water/Poison Ability +1/2/3/4/5% Boost
Grants [20% Damage Reduction Barrier 1 Follow-Up]/[30% Damage Reduction Barrier 1 Follow-Up]/[40% Damage Reduction Barrier 1 Follow-Up] at the beginning of the battle
Grants [RES +10% (8s)]/[RES +20% (8s)]/[RES +30% (8s)] at the beginning of the battle","S","50","","50","36","50","","","100","S","99","","194","62","194","","","100","22353121","✓"
"Quistis","VIII","4","O","Quistis's Glasses","Accessory","","","S","1","0","0","0","0","0","0","0","HP +500
Prismatic resistance (moderate)","Quick Cast 4/5/6/7/8%","S","1","","","","","","","","S","1","","","","","","","","23380153","✓"
"Squall","VIII","4","Q","Lion Heart","Sword","","","S","50","266","0","0","0","0","95","0","Deadly Strikes 5
Prismatic damage +20%","Fire/Ice +1/2/3/4/5% Boost
Quick Cast 3/4/5%
Grants [ATK +10% (8s)]/[ATK +20% (8s)]/[ATK +30% (8s)] at the beginning of the battle","S","50","172","","","","","95","","S","99","360","","","","","95","","21302170","✓"
"Squall","VIII","4","Q","Squall's Jacket","Light Armor","","","S","50","49","122","0","122","0","0","100","Precise Strike 5
Prismatic damage +20%","Fire/Ice Ability +1/2/3/4/5% Boost
Grants [20% Damage Reduction Barrier 1 Follow-Up]/[30% Damage Reduction Barrier 1 Follow-Up]/[40% Damage Reduction Barrier 1 Follow-Up] at the beginning of the battle
Grants [DEF +10% (8s)]/[DEF +20% (8s)]/[DEF +30% (8s)] at the beginning of the battle","S","50","36","50","","50","","","100","S","99","62","194","","194","","","100","22353057","✓"
"Squall","VIII","4","Q","Squall's Necklace","Accessory","","","S","1","0","0","0","0","0","0","0","HP +500
Prismatic resistance (moderate)","Quick Cast 4/5/6/7/8%","S","1","","","","","","","","S","1","","","","","","","","23380112","✓"
"Laguna","VIII","4","Q","Machine Gun","Gun","","","S","50","253","0","0","0","0","95","0","Deadly Strikes 5
Prismatic damage +20%","Ice +1/2/3/4/5% Boost
Quick Cast 3/4/5%
Grants [ATK +10% (8s)]/[ATK +20% (8s)]/[ATK +30% (8s)] at the beginning of the battle","S","50","160","","","","","95","","S","99","346","","","","","95","","21315023","✓"
"Laguna","VIII","4","Q","Laguna's Jacket","Light Armor","","","S","50","49","122","0","122","0","0","100","Precise Strike 5
Prismatic damage +20%","Ice Ability +1/2/3/4/5% Boost
Grants [20% Damage Reduction Barrier 1 Follow-Up]/[30% Damage Reduction Barrier 1 Follow-Up]/[40% Damage Reduction Barrier 1 Follow-Up] at the beginning of the battle
Grants [DEF +10% (8s)]/[DEF +20% (8s)]/[DEF +30% (8s)] at the beginning of the battle","S","50","36","50","","50","","","100","S","99","62","194","","194","","","100","22353081","✓"
"Laguna","VIII","4","Q","Laguna's Bracelet","Accessory","","","S","1","0","0","0","0","0","0","0","HP +500
Prismatic resistance (moderate)","Quick Cast 4/5/6/7/8%","S","1","","","","","","","","S","1","","","","","","","","23380585","✓"
"Selphie","VIII","4","Q","Strange Vision","Rod","","","S","50","0","0","129","0","258","95","0","Empower Healing 5%
Prismatic damage +20%","WHT Heals +1/2/3/4/5%
Quick Cast 3/4/5%
Grants [MND +10% (8s)]/[MND +20% (8s)]/[MND +30% (8s)] at the beginning of the battle","S","50","","","83","","165","95","","S","99","","","175","","350","95","","21308058","✓"
"Selphie","VIII","4","Q","Selphie's Guise","Light Armor","","","S","50","0","122","0","122","49","0","100","Max HP +5%
Prismatic damage +20%","White Magic +1/2/3/4/5% Boost
Grants [20% Damage Reduction Barrier 1 Follow-Up]/[30% Damage Reduction Barrier 1 Follow-Up]/[40% Damage Reduction Barrier 1 Follow-Up] at the beginning of the battle
Grants [RES +10% (8s)]/[RES +20% (8s)]/[RES +30% (8s)] at the beginning of the battle","S","50","","50","","50","36","","100","S","99","","194","","194","62","","100","22353141","✓"
"Selphie","VIII","4","Q","Selphie's Neckalce","Accessory","","","S","1","0","0","0","0","0","0","0","HP +500
Prismatic resistance (moderate)","Quick Cast 4/5/6/7/8%","S","1","","","","","","","","S","1","","","","","","","","23380413","✓"
"Irvine","VIII","5","2","Exeter","Gun","","","S","50","253","0","0","0","0","95","0","Deadly Strikes 5
Prismatic damage +20%","Fire +1/2/3/4/5% Boost
Quick Cast 3/4/5%
Grants [ATK +10% (8s)]/[ATK +20% (8s)]/[ATK +30% (8s)] at the beginning of the battle","S","50","160","","","","","95","","S","99","346","","","","","95","","21315019",""
"Irvine","VIII","5","2","Ten-Gallon Hat","Hat","","","S","50","49","101","0","143","0","0","105","Precise Strike 5
Prismatic damage +20%","Fire Ability +1/2/3/4/5% Boost
Grants [20% Damage Reduction Barrier 1 Follow-Up]/[30% Damage Reduction Barrier 1 Follow-Up]/[40% Damage Reduction Barrier 1 Follow-Up] at the beginning of the battle
Grants [DEF +10% (8s)]/[DEF +20% (8s)]/[DEF +30% (8s)] at the beginning of the battle","S","50","36","61","","76","","","105","S","99","62","140","","210","","","105","22351019",""
"Irvine","VIII","5","2","Irvine's Necklace","Accessory","","","S","1","0","0","0","0","0","0","0","HP +500
Prismatic resistance (moderate)","Quick Cast 4/5/6/7/8%","S","1","","","","","","","","S","1","","","","","","","","23380284",""
"Eiko","IX","1","B","Angel Flute","Instrument","","","S","50","0","0","258","0","129","95","0","Hand of Vengeance 5
Prismatic damage +20%","Wind +1/2/3/4/5% Boost
Quick Cast 3/4/5%
Grants [MAG +10% (8s)]/[MAG +20% (8s)]/[MAG +30% (8s)] at the beginning of the battle","S","50","","","165","","83","95","","S","99","","","350","","175","95","","21311029","✓"
"Eiko","IX","1","B","Eiko's Guise","Light Armor","","","S","50","0","122","39","122","0","0","100","Empower Healing 5%
Prismatic damage +20%","Wind Ability +1/2/3/4/5% Boost
Grants [20% Damage Reduction Barrier 1 Follow-Up]/[30% Damage Reduction Barrier 1 Follow-Up]/[40% Damage Reduction Barrier 1 Follow-Up] at the beginning of the battle
Grants [RES +10% (8s)]/[RES +20% (8s)]/[RES +30% (8s)] at the beginning of the battle","S","50","","50","26","50","","","100","S","99","","194","52","194","","","100","22353104","✓"
"Eiko","IX","1","B","Friendship Ribbon","Accessory","","","S","1","0","0","0","0","0","0","0","HP +500
Prismatic resistance (moderate)","Quick Cast 4/5/6/7/8%","S","1","","","","","","","","S","1","","","","","","","","23380158","✓"
"Freya","IX","1","B","Dragon Whisker","Spear","","","S","50","266","0","0","0","0","95","0","Deadly Strikes 5
Prismatic damage +20%","Wind +1/2/3/4/5% Boost
Quick Cast 3/4/5%
Grants [ATK +10% (8s)]/[ATK +20% (8s)]/[ATK +30% (8s)] at the beginning of the battle","S","50","172","","","","","95","","S","99","360","","","","","95","","21306139","✓"
"Freya","IX","1","B","Freya's Cap","Hat","","","S","50","49","101","0","143","0","0","105","Precise Strike 5
Prismatic damage +20%","Wind Ability +1/2/3/4/5% Boost
Grants [20% Damage Reduction Barrier 1 Follow-Up]/[30% Damage Reduction Barrier 1 Follow-Up]/[40% Damage Reduction Barrier 1 Follow-Up] at the beginning of the battle
Grants [DEF +10% (8s)]/[DEF +20% (8s)]/[DEF +30% (8s)] at the beginning of the battle","S","50","36","61","","76","","","105","S","99","62","140","","210","","","105","22351080","✓"
"Freya","IX","1","B","Freya's Rings","Accessory","","","S","1","0","0","0","0","0","0","0","HP +500
Prismatic resistance (moderate)","Quick Cast 4/5/6/7/8%","S","1","","","","","","","","S","1","","","","","","","","23380628","✓"
"Marcus","IX","1","B","Marcus's Sword","Sword","","","S","50","266","0","0","0","0","95","0","Deadly Strikes 5
Prismatic damage +20%","Wind/Poison +1/2/3/4/5% Boost
Quick Cast 3/4/5%
Grants [ATK +10% (8s)]/[ATK +20% (8s)]/[ATK +30% (8s)] at the beginning of the battle","S","50","172","","","","","95","","S","99","360","","","","","95","","21302329","✓"
"Marcus","IX","1","B","Marcus's Bandana","Hat","","","S","50","49","101","0","143","0","0","105","Precise Strike 5
Prismatic damage +20%","Wind/Poison Ability +1/2/3/4/5% Boost
Grants [20% Damage Reduction Barrier 1 Follow-Up]/[30% Damage Reduction Barrier 1 Follow-Up]/[40% Damage Reduction Barrier 1 Follow-Up] at the beginning of the battle
Grants [DEF +10% (8s)]/[DEF +20% (8s)]/[DEF +30% (8s)] at the beginning of the battle","S","50","36","61","","76","","","105","S","99","62","140","","210","","","105","22351134","✓"
"Marcus","IX","1","B","N-Kai Armlet","Accessory","","","S","1","0","0","0","0","0","0","0","HP +500
Prismatic resistance (moderate)","Quick Cast 4/5/6/7/8%","S","1","","","","","","","","S","1","","","","","","","","23380269","✓"
"Garnet","IX","2","G","Dagger of Resolve","Dagger","","","S","50","0","0","258","0","129","95","0","Hand of Vengeance 5
Prismatic damage +20%","Lightning/Holy +1/2/3/4/5% Boost
Quick Cast 3/4/5%
Grants [MAG +10% (8s)]/[MAG +20% (8s)]/[MAG +30% (8s)] at the beginning of the battle","S","50","","","165","","83","95","","S","99","","","350","","175","95","","21301090","✓"
"Garnet","IX","2","G","Garnet's Guise","Light Armor","","","S","50","0","122","39","122","39","0","100","Empower Healing 5%
Prismatic damage +20%","Lightning/Holy Ability +1/2/3/4/5% Boost
Grants [20% Damage Reduction Barrier 1 Follow-Up]/[30% Damage Reduction Barrier 1 Follow-Up]/[40% Damage Reduction Barrier 1 Follow-Up] at the beginning of the battle
Grants [RES +10% (8s)]/[RES +20% (8s)]/[RES +30% (8s)] at the beginning of the battle","S","50","","50","26","50","26","","100","S","99","","194","52","194","52","","100","22353275","✓"
"Garnet","IX","2","G","Princess's Tiara","Accessory","","","S","1","0","0","0","0","0","0","0","HP +500
Prismatic resistance (moderate)","Quick Cast 4/5/6/7/8%","S","1","","","","","","","","S","1","","","","","","","","23380359","✓"
"Steiner","IX","2","G","Excalibur II","Sword","","","S","50","266","0","0","0","0","95","0","Deadly Strikes 5
Prismatic damage +20%","Fire/Ice/Lightning +1/2/3/4/5% Boost
Quick Cast 3/4/5%
Grants [ATK +10% (8s)]/[ATK +20% (8s)]/[ATK +30% (8s)] at the beginning of the battle","S","50","172","","","","","95","","S","99","360","","","","","95","","21302161","✓"
"Steiner","IX","2","G","Tin Armor","Heavy Armor","","","S","50","49","165","0","115","0","0","105","Precise Strike 5
Prismatic damage +20%","Fire/Ice/Lightning Ability +1/2/3/4/5% Boost
Grants [20% Damage Reduction Barrier 1 Follow-Up]/[30% Damage Reduction Barrier 1 Follow-Up]/[40% Damage Reduction Barrier 1 Follow-Up] at the beginning of the battle
Grants [DEF +10% (8s)]/[DEF +20% (8s)]/[DEF +30% (8s)] at the beginning of the battle","S","50","36","96","","75","","","105","S","99","62","233","","155","","","105","22354057","✓"
"Steiner","IX","2","G","Steiner's Sabatons","Accessory","","","S","1","0","0","0","0","0","0","0","HP +500
Prismatic resistance (moderate)","Quick Cast 4/5/6/7/8%","S","1","","","","","","","","S","1","","","","","","","","23380524","✓"
"Beatrix","IX","2","H","Save the Queen","Sword","","","S","50","258","0","0","0","129","95","0","Deadly Strikes 5
Prismatic damage +20%","Holy +1/2/3/4/5% Boost
Quick Cast 3/4/5%
Grants [ATK +10% (8s)]/[ATK +20% (8s)]/[ATK +30% (8s)] at the beginning of the battle","S","50","165","","","","83","95","","S","99","350","","","","175","95","","21302111","✓"
"Beatrix","IX","2","H","Beatrix's Plate","Light Armor","","","S","50","49","122","0","122","0","0","100","Precise Strike 5
Prismatic damage +20%","Holy Ability +1/2/3/4/5% Boost
Grants [20% Damage Reduction Barrier 1 Follow-Up]/[30% Damage Reduction Barrier 1 Follow-Up]/[40% Damage Reduction Barrier 1 Follow-Up] at the beginning of the battle
Grants [DEF +10% (8s)]/[DEF +20% (8s)]/[DEF +30% (8s)] at the beginning of the battle","S","50","36","50","","50","","","100","S","99","62","194","","194","","","100","22353097","✓"
"Beatrix","IX","2","H","Beatrix's Eyepatch","Accessory","","","S","1","0","0","0","0","0","0","0","HP +500
Prismatic resistance (moderate)","Quick Cast 4/5/6/7/8%","S","1","","","","","","","","S","1","","","","","","","","23380361","✓"
"Zidane","IX","4","P","Sargatanas","Sword","","","S","50","266","0","0","0","0","95","0","Deadly Strikes 5
Prismatic damage +20%","Wind +1/2/3/4/5% Boost
Quick Cast 3/4/5%
Grants [ATK +10% (8s)]/[ATK +20% (8s)]/[ATK +30% (8s)] at the beginning of the battle","S","50","172","","","","","95","","S","99","360","","","","","95","","21302261","✓"
"Zidane","IX","4","P","Zidane's Vest","Light Armor","","","S","50","49","122","0","122","0","0","100","Precise Strike 5
Prismatic damage +20%","Wind Ability +1/2/3/4/5% Boost
Grants [20% Damage Reduction Barrier 1 Follow-Up]/[30% Damage Reduction Barrier 1 Follow-Up]/[40% Damage Reduction Barrier 1 Follow-Up] at the beginning of the battle
Grants [DEF +10% (8s)]/[DEF +20% (8s)]/[DEF +30% (8s)] at the beginning of the battle","S","50","36","50","","50","","","100","S","99","62","194","","194","","","100","22353098","✓"
"Zidane","IX","4","P","Zidane's Earring","Accessory","","","S","1","0","0","0","0","0","0","0","HP +500
Prismatic resistance (moderate)","Quick Cast 4/5/6/7/8%","S","1","","","","","","","","S","1","","","","","","","","23380234","✓"
"Vivi","IX","4","P","Black Mage Staff","Staff","","","S","50","0","0","258","0","0","95","0","Hand of Vengeance 5
Prismatic damage +20%","Fire/Ice/Lightning +1/2/3/4/5% Boost
Quick Cast 3/4/5%
Grants [MAG +10% (8s)]/[MAG +20% (8s)]/[MAG +30% (8s)] at the beginning of the battle","S","50","","","165","","","95","","S","99","","","350","","","95","","21309055","✓"
"Vivi","IX","4","P","Vivi's Hat","Hat","","","S","50","0","101","60","143","0","0","105","Empower Healing 5%
Prismatic damage +20%","Fire/Ice/Lightning Ability +1/2/3/4/5% Boost
Grants [20% Damage Reduction Barrier 1 Follow-Up]/[30% Damage Reduction Barrier 1 Follow-Up]/[40% Damage Reduction Barrier 1 Follow-Up] at the beginning of the battle
Grants [RES +10% (8s)]/[RES +20% (8s)]/[RES +30% (8s)] at the beginning of the battle","S","50","","61","49","76","","","105","S","99","","140","70","210","","","105","22351074","✓"
"Vivi","IX","4","P","Ticket","Accessory","","","S","1","0","0","0","0","0","0","0","HP +500
Prismatic resistance (moderate)","Quick Cast 4/5/6/7/8%","S","1","","","","","","","","S","1","","","","","","","","23380593","✓"
"Amarant","IX","4","P","Rune Claws","Fist","","","S","50","266","0","0","0","0","95","0","Deadly Strikes 5
Prismatic damage +20%","Fire +1/2/3/4/5% Boost
Quick Cast 3/4/5%
Grants [ATK +10% (8s)]/[ATK +20% (8s)]/[ATK +30% (8s)] at the beginning of the battle","S","50","172","","","","","95","","S","99","360","","","","","95","","21307254","✓"
"Amarant","IX","4","P","Amarant's Suit","Light Armor","","","S","50","49","122","0","122","0","0","100","Precise Strike 5
Prismatic damage +20%","Fire Ability +1/2/3/4/5% Boost
Grants [20% Damage Reduction Barrier 1 Follow-Up]/[30% Damage Reduction Barrier 1 Follow-Up]/[40% Damage Reduction Barrier 1 Follow-Up] at the beginning of the battle
Grants [DEF +10% (8s)]/[DEF +20% (8s)]/[DEF +30% (8s)] at the beginning of the battle","S","50","36","50","","50","","","100","S","99","62","194","","194","","","100","22353225","✓"
"Amarant","IX","4","P","Black Belt","Accessory","","","S","1","0","0","0","0","0","0","0","HP +500
Prismatic resistance (moderate)","Quick Cast 4/5/6/7/8%","S","1","","","","","","","","S","1","","","","","","","","23380043","✓"
"Kuja","IX","4","P","Rod of Death","Rod","","","S","50","0","0","258","0","0","95","0","Hand of Vengeance 5
Prismatic damage +20%","Dark +1/2/3/4/5% Boost
Quick Cast 3/4/5%
Grants [MAG +10% (8s)]/[MAG +20% (8s)]/[MAG +30% (8s)] at the beginning of the battle","S","50","","","165","","","95","","S","99","","","350","","","95","","21308336","✓"
"Kuja","IX","4","P","Kuja's Guise","Light Armor","","","S","50","0","122","49","122","0","0","100","Empower Healing 5%
Prismatic damage +20%","Dark Ability +1/2/3/4/5% Boost
Grants [20% Damage Reduction Barrier 1 Follow-Up]/[30% Damage Reduction Barrier 1 Follow-Up]/[40% Damage Reduction Barrier 1 Follow-Up] at the beginning of the battle
Grants [RES +10% (8s)]/[RES +20% (8s)]/[RES +30% (8s)] at the beginning of the battle","S","50","","50","36","50","","","100","S","99","","194","62","194","","","100","22353128","✓"
"Kuja","IX","4","P","Gulug Stone","Accessory","","","S","1","0","0","0","0","0","0","0","HP +500
Prismatic resistance (moderate)","Quick Cast 4/5/6/7/8%","S","1","","","","","","","","S","1","","","","","","","","23380197","✓"
"Quina","IX","4","P","Gastro Fork","Spear","","","S","50","266","0","0","0","0","95","0","Deadly Strikes 5
Prismatic damage +20%","Earth/Water/Poison +1/2/3/4/5% Boost
Quick Cast 3/4/5%
Grants [ATK +10% (8s)]/[ATK +20% (8s)]/[ATK +30% (8s)] at the beginning of the battle","S","50","172","","","","","95","","S","99","360","","","","","95","","21306068","✓"
"Quina","IX","4","P","Quina's Toque Blanche","Hat","","","S","50","49","101","0","143","0","0","105","Precise Strike 5
Prismatic damage +20%","Earth/Water/Poison Ability +1/2/3/4/5% Boost
Grants [20% Damage Reduction Barrier 1 Follow-Up]/[30% Damage Reduction Barrier 1 Follow-Up]/[40% Damage Reduction Barrier 1 Follow-Up] at the beginning of the battle
Grants [DEF +10% (8s)]/[DEF +20% (8s)]/[DEF +30% (8s)] at the beginning of the battle","S","50","36","61","","76","","","105","S","99","62","140","","210","","","105","22351163","✓"
"Quina","IX","4","P","Glass Buckle","Accessory","","","S","1","0","0","0","0","0","0","0","HP +500
Prismatic resistance (moderate)","Quick Cast 4/5/6/7/8%","S","1","","","","","","","","S","1","","","","","","","","23380430","✓"
"Braska","X","2","E","Braska's Staff","Staff","","","S","50","0","0","258","0","0","95","0","Hand of Vengeance 5
Prismatic damage +20%","Fire +1/2/3/4/5% Boost
Quick Cast 3/4/5%
Grants [MAG +10% (8s)]/[MAG +20% (8s)]/[MAG +30% (8s)] at the beginning of the battle","S","50","","","165","","","95","","S","99","","","350","","","95","","21309059","✓"
"Braska","X","2","E","High Summoner's Helm","Hat","","","S","50","0","101","60","143","0","0","105","Empower Healing 5%
Prismatic damage +20%","Fire Ability +1/2/3/4/5% Boost
Grants [20% Damage Reduction Barrier 1 Follow-Up]/[30% Damage Reduction Barrier 1 Follow-Up]/[40% Damage Reduction Barrier 1 Follow-Up] at the beginning of the battle
Grants [RES +10% (8s)]/[RES +20% (8s)]/[RES +30% (8s)] at the beginning of the battle","S","50","","61","49","76","","","105","S","99","","140","70","210","","","105","22351093","✓"
"Braska","X","2","E","Final Aeon Pendant","Accessory","","","S","1","0","0","0","0","0","0","0","HP +500
Prismatic resistance (moderate)","Quick Cast 4/5/6/7/8%","S","1","","","","","","","","S","1","","","","","","","","23380208","✓"
"Paine","X","2","F","Sword of Paine","Sword","","","S","50","266","0","0","0","0","95","0","Deadly Strikes 5
Prismatic damage +20%","Water +1/2/3/4/5% Boost
Quick Cast 3/4/5%
Grants [ATK +10% (8s)]/[ATK +20% (8s)]/[ATK +30% (8s)] at the beginning of the battle","S","50","172","","","","","95","","S","99","360","","","","","95","","21302173","✓"
"Paine","X","2","F","Paine's Guise","Light Armor","","","S","50","49","122","0","122","0","0","100","Precise Strike 5
Prismatic damage +20%","Water Ability +1/2/3/4/5% Boost
Grants [20% Damage Reduction Barrier 1 Follow-Up]/[30% Damage Reduction Barrier 1 Follow-Up]/[40% Damage Reduction Barrier 1 Follow-Up] at the beginning of the battle
Grants [DEF +10% (8s)]/[DEF +20% (8s)]/[DEF +30% (8s)] at the beginning of the battle","S","50","36","50","","50","","","100","S","99","62","194","","194","","","100","22353178","✓"
"Paine","X","2","F","Paine's Necklace","Accessory","","","S","1","0","0","0","0","0","0","0","HP +500
Prismatic resistance (moderate)","Quick Cast 4/5/6/7/8%","S","1","","","","","","","","S","1","","","","","","","","23380497","✓"
"Rikku","X","2","F","Godhand","Fist","","","S","50","266","0","0","0","0","95","0","Deadly Strikes 5
Prismatic damage +20%","Water +1/2/3/4/5% Boost
Quick Cast 3/4/5%
Grants [ATK +10% (8s)]/[ATK +20% (8s)]/[ATK +30% (8s)] at the beginning of the battle","S","50","172","","","","","95","","S","99","360","","","","","95","","21307249","✓"
"Rikku","X","2","F","Dreadnought","Bracer","","","S","50","70","117","0","100","0","0","105","Precise Strike 5
Prismatic damage +20%","Water Ability +1/2/3/4/5% Boost
Grants [20% Damage Reduction Barrier 1 Follow-Up]/[30% Damage Reduction Barrier 1 Follow-Up]/[40% Damage Reduction Barrier 1 Follow-Up] at the beginning of the battle
Grants [DEF +10% (8s)]/[DEF +20% (8s)]/[DEF +30% (8s)] at the beginning of the battle","S","50","61","79","","45","","","105","S","99","79","155","","155","","","105","22356391","✓"
"Rikku","X","2","F","Rikku's Hairpin","Accessory","","","S","1","0","0","0","0","0","0","0","HP +500
Prismatic resistance (moderate)","Quick Cast 4/5/6/7/8%","S","1","","","","","","","","S","1","","","","","","","","23380548","✓"
"Wakka","X","2","F","World Champion","Blitzball","","","S","50","253","0","0","0","0","95","0","Deadly Strikes 5
Prismatic damage +20%","Water +1/2/3/4/5% Boost
Quick Cast 3/4/5%
Grants [ATK +10% (8s)]/[ATK +20% (8s)]/[ATK +30% (8s)] at the beginning of the battle","S","50","160","","","","","95","","S","99","346","","","","","95","","21330022","✓"
"Wakka","X","2","F","Indomitable","Bracer","","","S","50","70","117","0","100","0","0","105","Precise Strike 5
Prismatic damage +20%","Water Ability +1/2/3/4/5% Boost
Grants [20% Damage Reduction Barrier 1 Follow-Up]/[30% Damage Reduction Barrier 1 Follow-Up]/[40% Damage Reduction Barrier 1 Follow-Up] at the beginning of the battle
Grants [DEF +10% (8s)]/[DEF +20% (8s)]/[DEF +30% (8s)] at the beginning of the battle","S","50","61","79","","45","","","105","S","99","79","155","","155","","","105","22356381","✓"
"Wakka","X","2","F","Wakka's Bandana","Accessory","","","S","1","0","0","0","0","0","0","0","HP +500
Prismatic resistance (moderate)","Quick Cast 4/5/6/7/8%","S","1","","","","","","","","S","1","","","","","","","","23380117","✓"
"Lulu","X","2","F","Onion Knight","Doll","","","S","50","0","0","258","0","0","95","0","Hand of Vengeance 5
Prismatic damage +20%","Ice/Lightning/Water +1/2/3/4/5% Boost
Quick Cast 3/4/5%
Grants [MAG +10% (8s)]/[MAG +20% (8s)]/[MAG +30% (8s)] at the beginning of the battle","S","50","","","165","","","95","","S","99","","","350","","","95","","21334011","✓"
"Lulu","X","2","F","Soul of Thamasa","Bracer","","","S","50","0","117","60","100","0","0","105","Empower Healing 5%
Prismatic damage +20%","Ice/Lightning/Water Ability +1/2/3/4/5% Boost
Grants [20% Damage Reduction Barrier 1 Follow-Up]/[30% Damage Reduction Barrier 1 Follow-Up]/[40% Damage Reduction Barrier 1 Follow-Up] at the beginning of the battle
Grants [RES +10% (8s)]/[RES +20% (8s)]/[RES +30% (8s)] at the beginning of the battle","S","50","","79","49","45","","","105","S","99","","155","70","155","","","105","22356389","✓"
"Lulu","X","2","F","Lulu's Necklace","Accessory","","","S","1","0","0","0","0","0","0","0","HP +500
Prismatic resistance (moderate)","Quick Cast 4/5/6/7/8%","S","1","","","","","","","","S","1","","","","","","","","23380170","✓"
"Auron","X","4","N","Masamune","Katana","","","S","50","266","0","0","0","0","95","0","Deadly Strikes 5
Prismatic damage +20%","Fire +1/2/3/4/5% Boost
Quick Cast 3/4/5%
Grants [ATK +10% (8s)]/[ATK +20% (8s)]/[ATK +30% (8s)] at the beginning of the battle","S","50","172","","","","","95","","S","99","360","","","","","95","","21303148","✓"
"Auron","X","4","N","Overlord","Bracer","","","S","50","70","117","0","100","0","0","105","Precise Strike 5
Prismatic damage +20%","Fire Ability +1/2/3/4/5% Boost
Grants [20% Damage Reduction Barrier 1 Follow-Up]/[30% Damage Reduction Barrier 1 Follow-Up]/[40% Damage Reduction Barrier 1 Follow-Up] at the beginning of the battle
Grants [DEF +10% (8s)]/[DEF +20% (8s)]/[DEF +30% (8s)] at the beginning of the battle","S","50","61","79","","45","","","105","S","99","79","155","","155","","","105","22356392","✓"
"Auron","X","4","N","Auron's Jug","Accessory","","","S","1","0","0","0","0","0","0","0","HP +500
Prismatic resistance (moderate)","Quick Cast 4/5/6/7/8%","S","1","","","","","","","","S","1","","","","","","","","23380101","✓"
"Tidus","X","5","3","Ultima Weapon","Sword","","","S","50","266","0","0","0","0","95","0","Deadly Strikes 5
Prismatic damage +20%","Water +1/2/3/4/5% Boost
Quick Cast 3/4/5%
Grants [ATK +10% (8s)]/[ATK +20% (8s)]/[ATK +30% (8s)] at the beginning of the battle","S","50","172","","","","","95","","S","99","360","","","","","95","","21330009",""
"Tidus","X","5","3","Tidus's Guise","Light Armor","","","S","50","49","122","0","122","0","0","100","Precise Strike 5
Prismatic damage +20%","Water Ability +1/2/3/4/5% Boost
Grants [20% Damage Reduction Barrier 1 Follow-Up]/[30% Damage Reduction Barrier 1 Follow-Up]/[40% Damage Reduction Barrier 1 Follow-Up] at the beginning of the battle
Grants [DEF +10% (8s)]/[DEF +20% (8s)]/[DEF +30% (8s)] at the beginning of the battle","S","50","36","50","","50","","","100","S","99","62","194","","194","","","100","22353086",""
"Tidus","X","5","3","Tidus's Necklace","Accessory","","","S","1","0","0","0","0","0","0","0","HP +500
Prismatic resistance (moderate)","Quick Cast 4/5/6/7/8%","S","1","","","","","","","","S","1","","","","","","","","23380118",""
"Kimahri","X","5","3","Longinus","Spear","","","S","50","266","0","0","0","0","95","0","Deadly Strikes 5
Prismatic damage +20%","Water +1/2/3/4/5% Boost
Quick Cast 3/4/5%
Grants [ATK +10% (8s)]/[ATK +20% (8s)]/[ATK +30% (8s)] at the beginning of the battle","S","50","172","","","","","95","","S","99","360","","","","","95","","21306195",""
"Kimahri","X","5","3","Gauntlet","Bracer","","","S","50","70","117","0","100","0","0","105","Precise Strike 5
Prismatic damage +20%","Water Ability +1/2/3/4/5% Boost
Grants [20% Damage Reduction Barrier 1 Follow-Up]/[30% Damage Reduction Barrier 1 Follow-Up]/[40% Damage Reduction Barrier 1 Follow-Up] at the beginning of the battle
Grants [DEF +10% (8s)]/[DEF +20% (8s)]/[DEF +30% (8s)] at the beginning of the battle","S","50","61","79","","45","","","105","S","99","79","155","","155","","","105","22356390",""
"Kimahri","X","5","3","Kimahri's Necklace","Accessory","","","S","1","0","0","0","0","0","0","0","HP +500
Prismatic resistance (moderate)","Quick Cast 4/5/6/7/8%","S","1","","","","","","","","S","1","","","","","","","","23380547",""
"Yuna","X","6","1","Nirvana","Rod","","","S","50","0","0","258","0","258","95","0","Hand of Vengeance 5
Prismatic damage +20%","Holy +1/2/3/4/5% Boost
Quick Cast 3/4/5%
Grants [MAG +10% (8s)]/[MAG +20% (8s)]/[MAG +30% (8s)] at the beginning of the battle","S","50","","","165","","165","95","","S","99","","","350","","350","95","","21308340",""
"Yuna","X","6","1","Summoner's Clothing","Light Armor","","","S","50","0","122","39","122","39","0","100","Empower Healing 5%
Prismatic damage +20%","Holy Ability +1/2/3/4/5% Boost
Grants [20% Damage Reduction Barrier 1 Follow-Up]/[30% Damage Reduction Barrier 1 Follow-Up]/[40% Damage Reduction Barrier 1 Follow-Up] at the beginning of the battle
Grants [RES +10% (8s)]/[RES +20% (8s)]/[RES +30% (8s)] at the beginning of the battle","S","50","","50","26","50","26","","100","S","99","","194","52","194","52","","100","22353148",""
"Yuna","X","6","1","Yuna's Earrings","Accessory","","","S","1","0","0","0","0","0","0","0","HP +500
Prismatic resistance (moderate)","Quick Cast 4/5/6/7/8%","S","1","","","","","","","","S","1","","","","","","","","23380230",""
"Jecht","X","6","1","Sin's Fang","Sword","","","S","50","266","0","0","0","0","95","0","Deadly Strikes 5
Prismatic damage +20%","Fire/Dark +1/2/3/4/5% Boost
Quick Cast 3/4/5%
Grants [ATK +10% (8s)]/[ATK +20% (8s)]/[ATK +30% (8s)] at the beginning of the battle","S","50","172","","","","","95","","S","99","360","","","","","95","","21302146",""
"Jecht","X","6","1","Jecht's Bandana","Hat","","","S","50","49","101","0","143","0","0","105","Precise Strike 5
Prismatic damage +20%","Fire/Dark Ability +1/2/3/4/5% Boost
Grants [20% Damage Reduction Barrier 1 Follow-Up]/[30% Damage Reduction Barrier 1 Follow-Up]/[40% Damage Reduction Barrier 1 Follow-Up] at the beginning of the battle
Grants [DEF +10% (8s)]/[DEF +20% (8s)]/[DEF +30% (8s)] at the beginning of the battle","S","50","36","61","","76","","","105","S","99","62","140","","210","","","105","22351065",""
"Jecht","X","6","1","Gambler's Soul","Accessory","","","S","1","0","0","0","0","0","0","0","HP +500
Prismatic resistance (moderate)","Quick Cast 4/5/6/7/8%","S","1","","","","","","","","S","1","","","","","","","","23380577",""
"Seymour","X","6","1","Seymour's Rod","Rod","","","S","50","0","0","258","0","0","95","0","Hand of Vengeance 5
Prismatic damage +20%","Dark +1/2/3/4/5% Boost
Quick Cast 3/4/5%
Grants [MAG +10% (8s)]/[MAG +20% (8s)]/[MAG +30% (8s)] at the beginning of the battle","S","50","","","165","","","95","","S","99","","","350","","","95","","21308126",""
"Seymour","X","6","1","Seymour's Guise","Light Armor","","","S","50","0","122","49","122","0","0","100","Empower Healing 5%
Prismatic damage +20%","Dark Ability +1/2/3/4/5% Boost
Grants [20% Damage Reduction Barrier 1 Follow-Up]/[30% Damage Reduction Barrier 1 Follow-Up]/[40% Damage Reduction Barrier 1 Follow-Up] at the beginning of the battle
Grants [RES +10% (8s)]/[RES +20% (8s)]/[RES +30% (8s)] at the beginning of the battle","S","50","","50","36","50","","","100","S","99","","194","62","194","","","100","22353129",""
"Seymour","X","6","1","Seymour's Necklace","Accessory","","","S","1","0","0","0","0","0","0","0","HP +500
Prismatic resistance (moderate)","Quick Cast 4/5/6/7/8%","S","1","","","","","","","","S","1","","","","","","","","23380629",""
"Lion","XI","2","F","Lust Dagger","Dagger","","","S","50","266","0","0","0","0","95","0","Deadly Strikes 5
Prismatic damage +20%","Water +1/2/3/4/5% Boost
Quick Cast 3/4/5%
Grants [ATK +10% (8s)]/[ATK +20% (8s)]/[ATK +30% (8s)] at the beginning of the battle","S","50","172","","","","","95","","S","99","360","","","","","95","","21301096","✓"
"Lion","XI","2","F","Gaia Doublet","Light Armor","","","S","50","49","122","0","122","0","0","100","Precise Strike 5
Prismatic damage +20%","Water Ability +1/2/3/4/5% Boost
Grants [20% Damage Reduction Barrier 1 Follow-Up]/[30% Damage Reduction Barrier 1 Follow-Up]/[40% Damage Reduction Barrier 1 Follow-Up] at the beginning of the battle
Grants [DEF +10% (8s)]/[DEF +20% (8s)]/[DEF +30% (8s)] at the beginning of the battle","S","50","36","50","","50","","","100","S","99","62","194","","194","","","100","22353145","✓"
"Lion","XI","2","F","Bitter Earring","Accessory","","","S","1","0","0","0","0","0","0","0","HP +500
Prismatic resistance (moderate)","Quick Cast 4/5/6/7/8%","S","1","","","","","","","","S","1","","","","","","","","23380394","✓"
"Prishe","XI","2","G","Sainti","Fist","","","S","50","266","0","0","0","0","95","0","Deadly Strikes 5
Prismatic damage +20%","Ice/Lightning +1/2/3/4/5% Boost
Quick Cast 3/4/5%
Grants [ATK +10% (8s)]/[ATK +20% (8s)]/[ATK +30% (8s)] at the beginning of the battle","S","50","172","","","","","95","","S","99","360","","","","","95","","21307086","✓"
"Prishe","XI","2","G","Ginhaku Togi","Light Armor","","","S","50","49","122","0","122","0","0","100","Precise Strike 5
Prismatic damage +20%","Ice/Lightning Ability +1/2/3/4/5% Boost
Grants [20% Damage Reduction Barrier 1 Follow-Up]/[30% Damage Reduction Barrier 1 Follow-Up]/[40% Damage Reduction Barrier 1 Follow-Up] at the beginning of the battle
Grants [DEF +10% (8s)]/[DEF +20% (8s)]/[DEF +30% (8s)] at the beginning of the battle","S","50","36","50","","50","","","100","S","99","62","194","","194","","","100","22353507","✓"
"Prishe","XI","2","G","Rabbit Charm","Accessory","","","S","1","0","0","0","0","0","0","0","HP +500
Prismatic resistance (moderate)","Quick Cast 4/5/6/7/8%","S","1","","","","","","","","S","1","","","","","","","","23380256","✓"
"Curilla","XI","2","H","Excalibur","Sword","","","S","50","266","0","0","0","0","95","0","Deadly Strikes 5
Prismatic damage +20%","Holy +1/2/3/4/5% Boost
Quick Cast 3/4/5%
Grants [ATK +10% (8s)]/[ATK +20% (8s)]/[ATK +30% (8s)] at the beginning of the battle","S","50","172","","","","","95","","S","99","360","","","","","95","","21302674","✓"
"Curilla","XI","2","H","Royal Guard's Shield","Shield","","","S","50","49","161","0","102","0","0","112","Precise Strike 5
Prismatic damage +20%","Holy Ability +1/2/3/4/5% Boost
Grants [20% Damage Reduction Barrier 1 Follow-Up]/[30% Damage Reduction Barrier 1 Follow-Up]/[40% Damage Reduction Barrier 1 Follow-Up] at the beginning of the battle
Grants [DEF +10% (8s)]/[DEF +20% (8s)]/[DEF +30% (8s)] at the beginning of the battle","S","50","36","100","","57","","","112","S","99","62","221","","147","","","112","22350120","✓"
"Curilla","XI","2","H","Victory Ring","Accessory","","","S","1","0","0","0","0","0","0","0","HP +500
Prismatic resistance (moderate)","Quick Cast 4/5/6/7/8%","S","1","","","","","","","","S","1","","","","","","","","23380304","✓"
"Lilisette","XI","3","K","Cermet Knife","Dagger","","","S","50","257","0","0","0","134","48","48","Hand of Vengeance 5
Prismatic damage +20%","Weakness +1/2/3/4/5% Boost
Quick Cast 3/4/5%
Grants [ATK +10% (8s)]/[ATK +20% (8s)]/[ATK +30% (8s)] at the beginning of the battle","S","50","163","","","","93","95","","S","99","350","","","","175","","95","21301124","✓"
"Lilisette","XI","3","K","Dancer's Casaque","Light Armor","","","S","50","39","122","0","122","39","0","100","Empower Healing 5%
Prismatic damage +20%","Dancer Ability Healing +1/2/3/4/5% Boost
Grants [20% Damage Reduction Barrier 1 Follow-Up]/[30% Damage Reduction Barrier 1 Follow-Up]/[40% Damage Reduction Barrier 1 Follow-Up] at the beginning of the battle
Grants [RES +10% (8s)]/[RES +20% (8s)]/[RES +30% (8s)] at the beginning of the battle","S","50","26","50","","50","26","","100","S","99","52","194","","194","52","","100","22353247","✓"
"Lilisette","XI","3","K","Horizon Ring","Accessory","","","S","1","0","0","0","0","0","0","0","HP +500
Prismatic resistance (moderate)","Quick Cast 4/5/6/7/8%","S","1","","","","","","","","S","1","","","","","","","","23380303","✓"
"Ayame","XI","4","Q","Kosetsusamonji","Katana","","","S","50","266","0","0","0","0","95","0","Deadly Strikes 5
Prismatic damage +20%","Ice +1/2/3/4/5% Boost
Quick Cast 3/4/5%
Grants [ATK +10% (8s)]/[ATK +20% (8s)]/[ATK +30% (8s)] at the beginning of the battle","S","50","172","","","","","95","","S","99","360","","","","","95","","21303146","✓"
"Ayame","XI","4","Q","Hachiman Domaru","Heavy Armor","","","S","50","49","165","0","115","0","0","105","Precise Strike 5
Prismatic damage +20%","Ice Ability +1/2/3/4/5% Boost
Grants [20% Damage Reduction Barrier 1 Follow-Up]/[30% Damage Reduction Barrier 1 Follow-Up]/[40% Damage Reduction Barrier 1 Follow-Up] at the beginning of the battle
Grants [DEF +10% (8s)]/[DEF +20% (8s)]/[DEF +30% (8s)] at the beginning of the battle","S","50","36","96","","75","","","105","S","99","62","233","","155","","","105","21303146","✓"
"Ayame","XI","4","Q","Peacock Charm","Accessory","","","S","1","0","0","0","0","0","0","0","HP +500
Prismatic resistance (moderate)","Quick Cast 4/5/6/7/8%","S","1","","","","","","","","S","1","","","","","","","","22354133","✓"
"Arciela","XI","6","2","Taming Sari","Dagger","","","S","50","0","0","258","0","0","95","0","Hand of Vengeance 5
Prismatic damage +20%","Ice/Lightning/Water/Wind +1/2/3/4/5% Boost
Quick Cast 3/4/5%
Grants [MAG +10% (8s)]/[MAG +20% (8s)]/[MAG +30% (8s)] at the beginning of the battle","S","50","","","165","","","95","","S","99","","","350","","","95","","21301244",""
"Arciela","XI","6","2","Pristine Hair Ribbon","Hat","","","S","50","0","101","60","143","0","0","105","Empower Healing 5%
Prismatic damage +20%","Ice/Lightning/Water/Wind Ability +1/2/3/4/5% Boost
Grants [20% Damage Reduction Barrier 1 Follow-Up]/[30% Damage Reduction Barrier 1 Follow-Up]/[40% Damage Reduction Barrier 1 Follow-Up] at the beginning of the battle
Grants [RES +10% (8s)]/[RES +20% (8s)]/[RES +30% (8s)] at the beginning of the battle","S","50","","61","49","76","","","105","S","99","","140","70","210","","","105","22351297",""
"Arciela","XI","6","2","Book of Sweets","Accessory","","","S","1","0","0","0","0","0","0","0","HP +500
Prismatic resistance (moderate)","Quick Cast 4/5/6/7/8%","S","1","","","","","","","","S","1","","","","","","","","23380660",""
"Shantotto","XI","6","2","Iridal Staff","Staff","","","S","50","0","0","258","0","0","95","0","Hand of Vengeance 5
Prismatic damage +20%","Lightning +1/2/3/4/5% Boost
Quick Cast 3/4/5%
Grants [MAG +10% (8s)]/[MAG +20% (8s)]/[MAG +30% (8s)] at the beginning of the battle","S","50","","","165","","","95","","S","99","","","350","","","95","","21309072",""
"Shantotto","XI","6","2","Tactician Magician's Coat","Light Armor","","","S","50","0","122","49","122","0","0","100","Empower Healing 5%
Prismatic damage +20%","Lightning Ability +1/2/3/4/5% Boost
Grants [20% Damage Reduction Barrier 1 Follow-Up]/[30% Damage Reduction Barrier 1 Follow-Up]/[40% Damage Reduction Barrier 1 Follow-Up] at the beginning of the battle
Grants [RES +10% (8s)]/[RES +20% (8s)]/[RES +30% (8s)] at the beginning of the battle","S","50","","50","36","50","","","100","S","99","","194","62","194","","","100","22353117",""
"Shantotto","XI","6","2","Ugarepi Pendant","Accessory","","","S","1","0","0","0","0","0","0","0","HP +500
Prismatic resistance (moderate)","Quick Cast 4/5/6/7/8%","S","1","","","","","","","","S","1","","","","","","","","23380637",""
"Naja","XI","6","2","Morgenstern","Hammer","","","S","50","266","0","0","0","0","95","0","Deadly Strikes 5
Prismatic damage +20%","Earth +1/2/3/4/5% Boost
Quick Cast 3/4/5%
Grants [ATK +10% (8s)]/[ATK +20% (8s)]/[ATK +30% (8s)] at the beginning of the battle","S","50","172","","","","","95","","S","99","360","","","","","95","","21305046",""
"Naja","XI","6","2","Nashira Manteel","Light Armor","","","S","50","49","122","0","122","0","0","100","Precise Strike 5
Prismatic damage +20%","Earth Ability +1/2/3/4/5% Boost
Grants [20% Damage Reduction Barrier 1 Follow-Up]/[30% Damage Reduction Barrier 1 Follow-Up]/[40% Damage Reduction Barrier 1 Follow-Up] at the beginning of the battle
Grants [DEF +10% (8s)]/[DEF +20% (8s)]/[DEF +30% (8s)] at the beginning of the battle","S","50","36","50","","50","","","100","S","99","62","194","","194","","","100","22353437",""
"Naja","XI","6","2","Spike Earrings","Accessory","","","S","1","0","0","0","0","0","0","0","HP +500
Prismatic resistance (moderate)","Quick Cast 4/5/6/7/8%","S","1","","","","","","","","S","1","","","","","","","","23380302",""
"Aphmau","XI","6","2","Jadagna","Staff","","","S","50","0","0","129","0","258","95","0","Empower Healing 5%
Prismatic damage +20%","WHT Heals +1/2/3/4/5%
Quick Cast 3/4/5%
Grants [MND +10% (8s)]/[MND +20% (8s)]/[MND +30% (8s)] at the beginning of the battle","S","50","","","83","","165","95","","S","99","","","175","","350","95","","21309103",""
"Aphmau","XI","6","2","Vivacity Coat","Light Armor","","","S","50","0","122","0","122","49","0","100","Max HP +5%
Prismatic damage +20%","White Magic +1/2/3/4/5% Boost
Grants [20% Damage Reduction Barrier 1 Follow-Up]/[30% Damage Reduction Barrier 1 Follow-Up]/[40% Damage Reduction Barrier 1 Follow-Up] at the beginning of the battle
Grants [RES +10% (8s)]/[RES +20% (8s)]/[RES +30% (8s)] at the beginning of the battle","S","50","","50","","50","36","","100","S","99","","194","","194","62","","100","22353146",""
"Aphmau","XI","6","2","Guignol Earrings","Accessory","","","S","1","0","0","0","0","0","0","0","HP +500
Prismatic resistance (moderate)","Quick Cast 4/5/6/7/8%","S","1","","","","","","","","S","1","","","","","","","","23380639",""
"Zeid","XI","6","2","Balmung","Sword","","","S","50","266","0","0","0","0","95","0","Deadly Strikes 5
Prismatic damage +20%","Dark +1/2/3/4/5% Boost
Quick Cast 3/4/5%
Grants [ATK +10% (8s)]/[ATK +20% (8s)]/[ATK +30% (8s)] at the beginning of the battle","S","50","172","","","","","95","","S","99","360","","","","","95","","21302549",""
"Zeid","XI","6","2","Chaos Cuiras","Heavy Armor","","","S","50","49","165","0","115","0","0","105","Precise Strike 5
Prismatic damage +20%","Dark Ability +1/2/3/4/5% Boost
Grants [20% Damage Reduction Barrier 1 Follow-Up]/[30% Damage Reduction Barrier 1 Follow-Up]/[40% Damage Reduction Barrier 1 Follow-Up] at the beginning of the battle
Grants [DEF +10% (8s)]/[DEF +20% (8s)]/[DEF +30% (8s)] at the beginning of the battle","S","50","36","96","","75","","","105","S","99","62","233","","155","","","105","22354083",""
"Zeid","XI","6","2","Brutal Piercing","Accessory","","","S","1","0","0","0","0","0","0","0","HP +500
Prismatic resistance (moderate)","Quick Cast 4/5/6/7/8%","S","1","","","","","","","","S","1","","","","","","","","23380185",""
"Vaan","XII","1","B","Mina","Dagger","","","S","50","266","0","0","0","0","95","0","Deadly Strikes 5
Prismatic damage +20%","Wind +1/2/3/4/5% Boost
Quick Cast 3/4/5%
Grants [ATK +10% (8s)]/[ATK +20% (8s)]/[ATK +30% (8s)] at the beginning of the battle","S","50","172","","","","","95","","S","99","360","","","","","95","","21301217","✓"
"Vaan","XII","1","B","Vaan's Vest","Light Armor","","","S","50","49","122","0","122","0","0","100","Precise Strike 5
Prismatic damage +20%","Wind Ability +1/2/3/4/5% Boost
Grants [20% Damage Reduction Barrier 1 Follow-Up]/[30% Damage Reduction Barrier 1 Follow-Up]/[40% Damage Reduction Barrier 1 Follow-Up] at the beginning of the battle
Grants [DEF +10% (8s)]/[DEF +20% (8s)]/[DEF +30% (8s)] at the beginning of the battle","S","50","36","50","","50","","","100","S","99","62","194","","194","","","100","22353113","✓"
"Vaan","XII","1","B","Orrachea Armlet","Accessory","","","S","1","0","0","0","0","0","0","0","HP +500
Prismatic resistance (moderate)","Quick Cast 4/5/6/7/8%","S","1","","","","","","","","S","1","","","","","","","","23380099","✓"
"Fran","XII","1","C","Dhanusha","Bow","","","S","50","253","0","0","0","0","95","0","Deadly Strikes 5
Prismatic damage +20%","Ice/Lightning +1/2/3/4/5% Boost
Quick Cast 3/4/5%
Grants [ATK +10% (8s)]/[ATK +20% (8s)]/[ATK +30% (8s)] at the beginning of the battle","S","50","160","","","","","95","","S","99","346","","","","","95","","21310111","✓"
"Fran","XII","1","C","Fran's Guise","Light Armor","","","S","50","49","122","0","122","0","0","100","Precise Strike 5
Prismatic damage +20%","Ice/Lightning Ability +1/2/3/4/5% Boost
Grants [20% Damage Reduction Barrier 1 Follow-Up]/[30% Damage Reduction Barrier 1 Follow-Up]/[40% Damage Reduction Barrier 1 Follow-Up] at the beginning of the battle
Grants [DEF +10% (8s)]/[DEF +20% (8s)]/[DEF +30% (8s)] at the beginning of the battle","S","50","36","50","","50","","","100","S","99","62","194","","194","","","100","22353341","✓"
"Fran","XII","1","C","Agate Ring","Accessory","","","S","1","0","0","0","0","0","0","0","HP +500
Prismatic resistance (moderate)","Quick Cast 4/5/6/7/8%","S","1","","","","","","","","S","1","","","","","","","","23380311","✓"
"Basch","XII","2","H","Excalibur","Sword","","","S","50","266","0","0","0","0","95","0","Deadly Strikes 5
Prismatic damage +20%","Holy/Fire +1/2/3/4/5% Boost
Quick Cast 3/4/5%
Grants [ATK +10% (8s)]/[ATK +20% (8s)]/[ATK +30% (8s)] at the beginning of the battle","S","50","172","","","","","95","","S","99","360","","","","","95","","21302485","✓"
"Basch","XII","2","H","Captain's Vest","Light Armor","","","S","50","49","122","0","122","0","0","100","Precise Strike 5
Prismatic damage +20%","Holy/Fire Ability +1/2/3/4/5% Boost
Grants [20% Damage Reduction Barrier 1 Follow-Up]/[30% Damage Reduction Barrier 1 Follow-Up]/[40% Damage Reduction Barrier 1 Follow-Up] at the beginning of the battle
Grants [DEF +10% (8s)]/[DEF +20% (8s)]/[DEF +30% (8s)] at the beginning of the battle","S","50","36","50","","50","","","100","S","99","62","194","","194","","","100","22353084","✓"
"Basch","XII","2","H","Basch's Necklace","Accessory","","","S","1","0","0","0","0","0","0","0","HP +500
Prismatic resistance (moderate)","Quick Cast 4/5/6/7/8%","S","1","","","","","","","","S","1","","","","","","","","23380537","✓"
"Ashe","XII","3","J","Sword of Kings","Sword","","","S","50","0","0","258","0","0","95","0","Hand of Vengeance 5
Prismatic damage +20%","Lightning +1/2/3/4/5% Boost
Quick Cast 3/4/5%
Grants [MAG +10% (8s)]/[MAG +20% (8s)]/[MAG +30% (8s)] at the beginning of the battle","S","50","","","165","","","95","","S","99","","","350","","","95","","21302371","✓"
"Ashe","XII","3","J","Ashe's Defiance","Light Armor","","","S","50","0","122","49","122","0","0","100","Empower Healing 5%
Prismatic damage +20%","Lightning Ability +1/2/3/4/5% Boost
Grants [20% Damage Reduction Barrier 1 Follow-Up]/[30% Damage Reduction Barrier 1 Follow-Up]/[40% Damage Reduction Barrier 1 Follow-Up] at the beginning of the battle
Grants [RES +10% (8s)]/[RES +20% (8s)]/[RES +30% (8s)] at the beginning of the battle","S","50","","50","36","50","","","100","S","99","","194","62","194","","","100","22353114","✓"
"Ashe","XII","3","J","Ashe's Choker","Accessory","","","S","1","0","0","0","0","0","0","0","HP +500
Prismatic resistance (moderate)","Quick Cast 4/5/6/7/8%","S","1","","","","","","","","S","1","","","","","","","","23380396","✓"
"Reks","XII","3","J","Dalmascan Warblade","Sword","","","S","50","266","0","0","0","0","95","0","Deadly Strikes 5
Prismatic damage +20%","Lightning +1/2/3/4/5% Boost
Quick Cast 3/4/5%
Grants [ATK +10% (8s)]/[ATK +20% (8s)]/[ATK +30% (8s)] at the beginning of the battle","S","50","172","","","","","95","","S","99","360","","","","","95","","21302277","✓"
"Reks","XII","3","J","Reks's Guise","Heavy Armor","","","S","50","49","165","0","115","0","0","105","Precise Strike 5
Prismatic damage +20%","Lightning Ability +1/2/3/4/5% Boost
Grants [20% Damage Reduction Barrier 1 Follow-Up]/[30% Damage Reduction Barrier 1 Follow-Up]/[40% Damage Reduction Barrier 1 Follow-Up] at the beginning of the battle
Grants [DEF +10% (8s)]/[DEF +20% (8s)]/[DEF +30% (8s)] at the beginning of the battle","S","50","36","96","","75","","","105","S","99","62","233","","155","","","105","22354097","✓"
"Reks","XII","3","J","Galbana Bouquet","Accessory","","","S","1","0","0","0","0","0","0","0","HP +500
Prismatic resistance (moderate)","Quick Cast 4/5/6/7/8%","S","1","","","","","","","","S","1","","","","","","","","23380330","✓"
"Penelo","XII","3","J","Grand Mace","Rod","","","S","50","0","0","134","0","258","95","0","Empower Healing 5%
Prismatic damage +20%","WHT Heals +1/2/3/4/5%
Quick Cast 3/4/5%
Grants [MND +10% (8s)]/[MND +20% (8s)]/[MND +30% (8s)] at the beginning of the battle","S","50","","","93","","165","95","","S","99","","","175","","350","95","","21308226","✓"
"Penelo","XII","3","J","Hermes' Suit","Light Armor","","","S","50","0","122","0","122","49","0","100","Max HP +5%
Prismatic damage +20%","White Magic +1/2/3/4/5% Boost
Grants [20% Damage Reduction Barrier 1 Follow-Up]/[30% Damage Reduction Barrier 1 Follow-Up]/[40% Damage Reduction Barrier 1 Follow-Up] at the beginning of the battle
Grants [RES +10% (8s)]/[RES +20% (8s)]/[RES +30% (8s)] at the beginning of the battle","S","50","","50","","50","36","","100","S","99","","194","","194","62","","100","22353170","✓"
"Penelo","XII","3","J","Penelo's Hairband","Accessory","","","S","1","0","0","0","0","0","0","0","HP +500
Prismatic resistance (moderate)","Quick Cast 4/5/6/7/8%","S","1","","","","","","","","S","1","","","","","","","","23380538","✓"
"Larsa","XII","3","J","Joyeuse","Sword","","","S","50","0","0","129","0","258","95","0","Empower Healing 5%
Prismatic damage +20%","WHT Heals +1/2/3/4/5%
Quick Cast 3/4/5%
Grants [MND +10% (8s)]/[MND +20% (8s)]/[MND +30% (8s)] at the beginning of the battle","S","50","","","83","","165","95","","S","99","","","175","","350","95","","21302254","✓"
"Larsa","XII","3","J","Princely Raiment","Light Armor","","","S","50","0","122","0","122","49","0","100","Max HP +5%
Prismatic damage +20%","White Magic +1/2/3/4/5% Boost
Grants [20% Damage Reduction Barrier 1 Follow-Up]/[30% Damage Reduction Barrier 1 Follow-Up]/[40% Damage Reduction Barrier 1 Follow-Up] at the beginning of the battle
Grants [RES +10% (8s)]/[RES +20% (8s)]/[RES +30% (8s)] at the beginning of the battle","S","50","","50","","50","36","","100","S","99","","194","","194","62","","100","22353171","✓"
"Larsa","XII","3","J","Dawn Shard","Accessory","","","S","1","0","0","0","0","0","0","0","HP +500
Prismatic resistance (moderate)","Quick Cast 4/5/6/7/8%","S","1","","","","","","","","S","1","","","","","","","","23380273","✓"
"Gabranth","XII","3","J","Helter-Skelter","Sword","","","S","50","266","0","0","0","0","95","0","Deadly Strikes 5
Prismatic damage +20%","Dark +1/2/3/4/5% Boost
Quick Cast 3/4/5%
Grants [ATK +10% (8s)]/[ATK +20% (8s)]/[ATK +30% (8s)] at the beginning of the battle","S","50","172","","","","","95","","S","99","360","","","","","95","","21302274","✓"
"Gabranth","XII","3","J","Gabranth's Helm","Helm","","","S","50","49","126","0","115","0","0","105","Precise Strike 5
Prismatic damage +20%","Dark Ability +1/2/3/4/5% Boost
Grants [20% Damage Reduction Barrier 1 Follow-Up]/[30% Damage Reduction Barrier 1 Follow-Up]/[40% Damage Reduction Barrier 1 Follow-Up] at the beginning of the battle
Grants [DEF +10% (8s)]/[DEF +20% (8s)]/[DEF +30% (8s)] at the beginning of the battle","S","50","36","57","","57","","","105","S","99","62","195","","173","","","105","22352036","✓"
"Gabranth","XII","3","J","Steel Gorget","Accessory","","","S","1","0","0","0","0","0","0","0","HP +500
Prismatic resistance (moderate)","Quick Cast 4/5/6/7/8%","S","1","","","","","","","","S","1","","","","","","","","23380370","✓"
"Vayne","XII","3","J","Dark Sephira","Sword","","","S","50","258","0","258","0","0","95","0","Hand of Vengeance 5
Prismatic damage +20%","Dark +1/2/3/4/5% Boost
Quick Cast 3/4/5%
Grants [MAG +10% (8s)]/[MAG +20% (8s)]/[MAG +30% (8s)] at the beginning of the battle","S","50","165","","165","","","95","","S","99","350","","350","","","95","","21302255","✓"
"Vayne","XII","3","J","Novus Leathers","Light Armor","","","S","50","39","122","39","122","0","0","103","Empower Healing 5%
Prismatic damage +20%","Dark Ability +1/2/3/4/5% Boost
Grants [20% Damage Reduction Barrier 1 Follow-Up]/[30% Damage Reduction Barrier 1 Follow-Up]/[40% Damage Reduction Barrier 1 Follow-Up] at the beginning of the battle
Grants [RES +10% (8s)]/[RES +20% (8s)]/[RES +30% (8s)] at the beginning of the battle","S","50","26","50","26","50","","","100","S","99","52","194","52","194","","","105","22353172","✓"
"Vayne","XII","3","J","Goddess's Magicite","Accessory","","","S","1","0","0","0","0","0","0","0","HP +500
Prismatic resistance (moderate)","Quick Cast 4/5/6/7/8%","S","1","","","","","","","","S","1","","","","","","","","23380563","✓"
"Balthier","XII","4","N","Mithuna","Gun","","","S","50","253","0","0","0","0","95","0","Deadly Strikes 5
Prismatic damage +20%","Fire +1/2/3/4/5% Boost
Quick Cast 3/4/5%
Grants [ATK +10% (8s)]/[ATK +20% (8s)]/[ATK +30% (8s)] at the beginning of the battle","S","50","160","","","","","95","","S","99","346","","","","","95","","21315071","✓"
"Balthier","XII","4","N","Heart of Gold","Light Armor","","","S","50","49","122","0","122","0","0","100","Precise Strike 5
Prismatic damage +20%","Fire Ability +1/2/3/4/5% Boost
Grants [20% Damage Reduction Barrier 1 Follow-Up]/[30% Damage Reduction Barrier 1 Follow-Up]/[40% Damage Reduction Barrier 1 Follow-Up] at the beginning of the battle
Grants [DEF +10% (8s)]/[DEF +20% (8s)]/[DEF +30% (8s)] at the beginning of the battle","S","50","36","50","","50","","","100","S","99","62","194","","194","","","100","22353132","✓"
"Balthier","XII","4","N","Balthier's Earring","Accessory","","","S","1","0","0","0","0","0","0","0","HP +500
Prismatic resistance (moderate)","Quick Cast 4/5/6/7/8%","S","1","","","","","","","","S","1","","","","","","","","23380310","✓"
"Sazh","XIII","2","E","Total Eclipses","Gun","","","S","50","253","0","0","0","0","95","0","Deadly Strikes 5
Prismatic damage +20%","Fire/Ice/Lightning +1/2/3/4/5% Boost
Quick Cast 3/4/5%
Grants [ATK +10% (8s)]/[ATK +20% (8s)]/[ATK +30% (8s)] at the beginning of the battle","S","50","160","","","","","95","","S","99","346","","","","","95","","21315134","✓"
"Sazh","XIII","2","E","Sazh's Coat","Light Armor","","","S","50","49","122","0","122","0","0","100","Precise Strike 5
Prismatic damage +20%","Fire/Ice/Lightning Ability +1/2/3/4/5% Boost
Grants [20% Damage Reduction Barrier 1 Follow-Up]/[30% Damage Reduction Barrier 1 Follow-Up]/[40% Damage Reduction Barrier 1 Follow-Up] at the beginning of the battle
Grants [DEF +10% (8s)]/[DEF +20% (8s)]/[DEF +30% (8s)] at the beginning of the battle","S","50","36","50","","50","","","100","S","99","62","194","","194","","","100","22353211","✓"
"Sazh","XIII","2","E","Serenity Sachet","Accessory","","","S","1","0","0","0","0","0","0","0","HP +500
Prismatic resistance (moderate)","Quick Cast 4/5/6/7/8%","S","1","","","","","","","","S","1","","","","","","","","23380492","✓"
"Hope","XIII","2","H","Nue","Thrown","","","S","50","0","0","258","0","0","95","0","Hand of Vengeance 5
Prismatic damage +20%","Holy +1/2/3/4/5% Boost
Quick Cast 3/4/5%
Grants [ATK +10% (8s)]/[ATK +20% (8s)]/[ATK +30% (8s)] at the beginning of the battle","S","50","","","165","","","95","","S","99","","","350","","","95","","21313164","✓"
"Hope","XIII","2","H","Hope's Guise","Light Armor","","","S","50","0","122","49","122","0","0","100","Empower Healing 5%
Prismatic damage +20%","Holy Ability +1/2/3/4/5% Boost
Grants [20% Damage Reduction Barrier 1 Follow-Up]/[30% Damage Reduction Barrier 1 Follow-Up]/[40% Damage Reduction Barrier 1 Follow-Up] at the beginning of the battle
Grants [RES +10% (8s)]/[RES +20% (8s)]/[RES +30% (8s)] at the beginning of the battle","S","50","","50","36","50","","","100","S","99","","194","62","194","","","100","22353191","✓"
"Hope","XIII","2","H","Hope's Scarf","Accessory","","","S","1","0","0","0","0","0","0","0","HP +500
Prismatic resistance (moderate)","Quick Cast 4/5/6/7/8%","S","1","","","","","","","","S","1","","","","","","","","23380106","✓"
"Cid Raines","XIII","2","H","Raines's Gloves","Fist","","","S","50","0","0","258","0","0","95","0","Hand of Vengeance 5
Prismatic damage +20%","Holy/Dark +1/2/3/4/5% Boost
Quick Cast 3/4/5%
Grants [ATK +10% (8s)]/[ATK +20% (8s)]/[ATK +30% (8s)] at the beginning of the battle","S","50","","","165","","","95","","S","99","","","350","","","95","","21307067","✓"
"Cid Raines","XIII","2","H","Cid's Finery","Light Armor","","","S","50","0","122","49","122","0","0","100","Empower Healing 5%
Prismatic damage +20%","Holy/Dark Ability +1/2/3/4/5% Boost
Grants [20% Damage Reduction Barrier 1 Follow-Up]/[30% Damage Reduction Barrier 1 Follow-Up]/[40% Damage Reduction Barrier 1 Follow-Up] at the beginning of the battle
Grants [RES +10% (8s)]/[RES +20% (8s)]/[RES +30% (8s)] at the beginning of the battle","S","50","","50","36","50","","","100","S","99","","194","62","194","","","100","22353127","✓"
"Cid Raines","XIII","2","H","General's Belt","Accessory","","","S","1","0","0","0","0","0","0","0","HP +500
Prismatic resistance (moderate)","Quick Cast 4/5/6/7/8%","S","1","","","","","","","","S","1","","","","","","","","23380044","✓"
"Nabaat","XIII","3","I","Folding Epee","Sword","","","S","50","0","0","258","0","0","95","0","Hand of Vengeance 5
Prismatic damage +20%","Dark +1/2/3/4/5% Boost
Quick Cast 3/4/5%
Grants [ATK +10% (8s)]/[ATK +20% (8s)]/[ATK +30% (8s)] at the beginning of the battle","S","50","","","165","","","95","","S","99","","","350","","","95","","21302305","✓"
"Nabaat","XIII","3","I","Nabaat's Finery","Light Armor","","","S","50","0","122","49","122","0","0","100","Empower Healing 5%
Prismatic damage +20%","Dark Ability +1/2/3/4/5% Boost
Grants [20% Damage Reduction Barrier 1 Follow-Up]/[30% Damage Reduction Barrier 1 Follow-Up]/[40% Damage Reduction Barrier 1 Follow-Up] at the beginning of the battle
Grants [RES +10% (8s)]/[RES +20% (8s)]/[RES +30% (8s)] at the beginning of the battle","S","50","","50","36","50","","","100","S","99","","194","62","194","","","100","22353203","✓"
"Nabaat","XIII","3","I","Nabaat's Glasses","Accessory","","","S","1","0","0","0","0","0","0","0","HP +500
Prismatic resistance (moderate)","Quick Cast 4/5/6/7/8%","S","1","","","","","","","","S","1","","","","","","","","23380329","✓"
"Lightning","XIII","3","K","Ultima Weapon","Sword","","","S","50","266","0","0","0","0","95","0","Deadly Strikes 5
Prismatic damage +20%","Lightning/Holy +1/2/3/4/5% Boost
Quick Cast 3/4/5%
Grants [ATK +10% (8s)]/[ATK +20% (8s)]/[ATK +30% (8s)] at the beginning of the battle","S","50","172","","","","","95","","S","99","360","","","","","95","","21302663","✓"
"Lightning","XIII","3","K","Equilibrium","Light Armor","","","S","50","49","122","0","122","0","0","100","Precise Strike 5
Prismatic damage +20%","Lightning/Holy Ability +1/2/3/4/5% Boost
Grants [20% Damage Reduction Barrier 1 Follow-Up]/[30% Damage Reduction Barrier 1 Follow-Up]/[40% Damage Reduction Barrier 1 Follow-Up] at the beginning of the battle
Grants [DEF +10% (8s)]/[DEF +20% (8s)]/[DEF +30% (8s)] at the beginning of the battle","S","50","36","50","","50","","","100","S","99","62","194","","194","","","100","22353037","✓"
"Lightning","XIII","3","K","Lightning's Pendant","Accessory","","","S","1","0","0","0","0","0","0","0","HP +500
Prismatic resistance (moderate)","Quick Cast 4/5/6/7/8%","S","1","","","","","","","","S","1","","","","","","","","23380227","✓"
"Snow","XIII","4","Q","Save the Queen","Fist","","","S","50","266","0","0","0","0","95","0","Deadly Strikes 5
Prismatic damage +20%","Ice +1/2/3/4/5% Boost
Quick Cast 3/4/5%
Grants [ATK +10% (8s)]/[ATK +20% (8s)]/[ATK +30% (8s)] at the beginning of the battle","S","50","172","","","","","95","","S","99","360","","","","","95","","21307148","✓"
"Snow","XIII","4","Q","AMP Coat","Light Armor","","","S","50","49","122","0","122","0","0","100","Precise Strike 5
Prismatic damage +20%","Ice Ability +1/2/3/4/5% Boost
Grants [20% Damage Reduction Barrier 1 Follow-Up]/[30% Damage Reduction Barrier 1 Follow-Up]/[40% Damage Reduction Barrier 1 Follow-Up] at the beginning of the battle
Grants [DEF +10% (8s)]/[DEF +20% (8s)]/[DEF +30% (8s)] at the beginning of the battle","S","50","36","50","","50","","","100","S","99","62","194","","194","","","100","22353137","✓"
"Snow","XIII","4","Q","Snow's Necklace","Accessory","","","S","1","0","0","0","0","0","0","0","HP +500
Prismatic resistance (moderate)","Quick Cast 4/5/6/7/8%","S","1","","","","","","","","S","1","","","","","","","","23380604","✓"
"Serah","XIII","4","Q","True Genji Bow","Bow","","","S","50","0","0","258","0","0","95","0","Hand of Vengeance 5
Prismatic damage +20%","Ice/Water +1/2/3/4/5% Boost
Quick Cast 3/4/5%
Grants [MAG +10% (8s)]/[MAG +20% (8s)]/[MAG +30% (8s)] at the beginning of the battle","S","50","","","165","","","95","","S","99","","","350","","","95","","21310112","✓"
"Serah","XIII","4","Q","Serah's Dress","Light Armor","","","S","50","0","122","49","122","0","0","100","Empower Healing 5%
Prismatic damage +20%","Ice/Water Ability +1/2/3/4/5% Boost
Grants [20% Damage Reduction Barrier 1 Follow-Up]/[30% Damage Reduction Barrier 1 Follow-Up]/[40% Damage Reduction Barrier 1 Follow-Up] at the beginning of the battle
Grants [RES +10% (8s)]/[RES +20% (8s)]/[RES +30% (8s)] at the beginning of the battle","S","50","","50","36","50","","","100","S","99","","194","62","194","","","100","22353119","✓"
"Serah","XIII","4","Q","Serah's Earring","Accessory","","","S","1","0","0","0","0","0","0","0","HP +500
Prismatic resistance (moderate)","Quick Cast 4/5/6/7/8%","S","1","","","","","","","","S","1","","","","","","","","23380519","✓"
"Vanille","XIII","4","R","Nirvana","Rod","","","S","50","0","0","129","0","258","95","0","Empower Healing 5%
Prismatic damage +20%","WHT Heals +1/2/3/4/5%
Quick Cast 3/4/5%
Grants [MND +10% (8s)]/[MND +20% (8s)]/[MND +30% (8s)] at the beginning of the battle","S","50","","","83","","165","95","","S","99","","","175","","350","95","","21308282",""
"Vanille","XIII","4","R","Vanille's Guise","Light Armor","","","S","50","0","122","0","122","49","0","100","Max HP +5%
Prismatic damage +20%","White Magic +1/2/3/4/5% Boost
Grants [20% Damage Reduction Barrier 1 Follow-Up]/[30% Damage Reduction Barrier 1 Follow-Up]/[40% Damage Reduction Barrier 1 Follow-Up] at the beginning of the battle
Grants [RES +10% (8s)]/[RES +20% (8s)]/[RES +30% (8s)] at the beginning of the battle","S","50","","50","","50","36","","100","S","99","","194","","194","62","","100","22353190",""
"Vanille","XIII","4","R","Vanille's Bracelet","Accessory","","","S","1","0","0","0","0","0","0","0","HP +500
Prismatic resistance (moderate)","Quick Cast 4/5/6/7/8%","S","1","","","","","","","","S","1","","","","","","","","23380268",""
"Cid (XIV)","XIV","1","A","Ferdinand","Gun","","","S","50","253","0","0","0","0","95","0","Deadly Strikes 5
Prismatic damage +20%","Earth/Fire/Wind/Poison +1/2/3/4/5% Boost
Quick Cast 3/4/5%
Grants [ATK +10% (8s)]/[ATK +20% (8s)]/[ATK +30% (8s)] at the beginning of the battle","S","50","160","","","","","95","","S","99","346","","","","","95","","21315066","✓"
"Cid (XIV)","XIV","1","A","Garlond Goggles","Hat","","","S","50","49","101","0","143","0","0","105","Precise Strikes 5
Prismatic damage +20%","Earth/Fire/Wind/Poison Ability +1/2/3/4/5% Boost
Grants [20% Damage Reduction Barrier 1 Follow-Up]/[30% Damage Reduction Barrier 1 Follow-Up]/[40% Damage Reduction Barrier 1 Follow-Up] at the beginning of the battle
Grants [DEF +10% (8s)]/[DEF +20% (8s)]/[DEF +30% (8s)] at the beginning of the battle","S","50","36","61","","76","","","105","S","99","62","140","","210","","","105","22351103","✓"
"Cid (XIV)","XIV","1","A","Garlond Ring","Accessory","","","S","1","0","0","0","0","0","0","0","HP +500
Prismatic resistance (moderate)","Quick Cast 4/5/6/7/8%","S","1","","","","","","","","S","1","","","","","","","","23380341","✓"
"Alisaie","XIV","3","L","Clarion","Sword","","","S","50","0","0","258","0","129","95","0","Hand of Vengeance 5
Prismatic damage +20%","Lightning/Wind +1/2/3/4/5% Boost
Quick Cast 3/4/5%
Grants [ATK +10% (8s)]/[ATK +20% (8s)]/[ATK +30% (8s)] at the beginning of the battle","S","50","","","165","","83","95","","S","99","","","350","","175","95","","21302604","✓"
"Alisaie","XIV","3","L","Scion Fencer's Jacket","Light Armor","","","S","50","0","122","39","122","39","0","100","Empower Healing 5%
Prismatic damage +20%","Lightning/Wind Ability +1/2/3/4/5% Boost
Grants [20% Damage Reduction Barrier 1 Follow-Up]/[30% Damage Reduction Barrier 1 Follow-Up]/[40% Damage Reduction Barrier 1 Follow-Up] at the beginning of the battle
Grants [RES +10% (8s)]/[RES +20% (8s)]/[RES +30% (8s)] at the beginning of the battle","S","50","","50","26","50","26","","100","S","99","","194","52","194","52","","100","22353558","✓"
"Alisaie","XIV","3","L","Evenstar Necklace","Accessory","","","S","1","0","0","0","0","0","0","0","HP +500
Prismatic resistance (moderate)","Quick Cast 4/5/6/7/8%","S","1","","","","","","","","S","1","","","","","","","","23380243","✓"
"Papalymo","XIV","4","N","Aurifex","Staff","","","S","50","0","0","258","0","0","95","0","Hand of Vengeance 5
Prismatic damage +20%","Fire +1/2/3/4/5% Boost
Quick Cast 3/4/5%
Grants [MAG +10% (8s)]/[MAG +20% (8s)]/[MAG +30% (8s)] at the beginning of the battle","S","50","","","165","","","95","","S","99","","","350","","","95","","21309220","✓"
"Papalymo","XIV","4","N","Scion Thaumaturge's Robe","Robe","","","S","50","0","100","49","163","0","0","105","Empower Healing 5%
Prismatic damage +20%","Fire Ability +1/2/3/4/5% Boost
Grants [20% Damage Reduction Barrier 1 Follow-Up]/[30% Damage Reduction Barrier 1 Follow-Up]/[40% Damage Reduction Barrier 1 Follow-Up] at the beginning of the battle
Grants [RES +10% (8s)]/[RES +20% (8s)]/[RES +30% (8s)] at the beginning of the battle","S","50","","45","36","93","","","105","S","99","","155","62","233","","","105","22355100","✓"
"Papalymo","XIV","4","N","Ultima Band of Casting","Accessory","","","S","1","0","0","0","0","0","0","0","HP +500
Prismatic resistance (moderate)","Quick Cast 4/5/6/7/8%","S","1","","","","","","","","S","1","","","","","","","","23380325","✓"
"Thancred","XIV","4","O","Nameless Blades","Dagger","","","S","50","258","0","258","0","0","95","0","Hand of Vengeance 5
Prismatic damage +20%","Earth/Wind/Poison +1/2/3/4/5% Boost
Quick Cast 3/4/5%
Grants [ATK +10% (8s)]/[ATK +20% (8s)]/[ATK +30% (8s)] at the beginning of the battle","S","50","165","","165","","","95","","S","99","350","","350","","","95","","21301222","✓"
"Thancred","XIV","4","O","Scion Rogue's Jacket","Light Armor","","","S","50","39","122","39","122","0","0","100","Empower Healing 5%
Prismatic damage +20%","Earth/Wind/Poison Ability +1/2/3/4/5% Boost
Grants [20% Damage Reduction Barrier 1 Follow-Up]/[30% Damage Reduction Barrier 1 Follow-Up]/[40% Damage Reduction Barrier 1 Follow-Up] at the beginning of the battle
Grants [DEF +10% (8s)]/[DEF +20% (8s)]/[DEF +30% (8s)] at the beginning of the battle","S","50","26","50","26","50","","","100","S","99","52","194","52","194","","","100","22353258","✓"
"Thancred","XIV","4","O","Ruby Ring","Accessory","","","S","1","0","0","0","0","0","0","0","HP +500
Prismatic resistance (moderate)","Quick Cast 4/5/6/7/8%","S","1","","","","","","","","S","1","","","","","","","","23380127","✓"
"Ysayle","XIV","4","Q","True Ice Rod","Rod","","","S","50","0","0","258","0","0","95","0","Hand of Vengeance 5
Prismatic damage +20%","Ice +1/2/3/4/5% Boost
Quick Cast 3/4/5%
Grants [MAG +10% (8s)]/[MAG +20% (8s)]/[MAG +30% (8s)] at the beginning of the battle","S","50","","","165","","","95","","S","99","","","350","","","95","","21308174","✓"
"Ysayle","XIV","4","Q","Cashmere Robe","Robe","","","S","50","0","100","49","163","0","0","105","Empower Healing 5%
Prismatic damage +20%","Ice Ability +1/2/3/4/5% Boost
Grants [20% Damage Reduction Barrier 1 Follow-Up]/[30% Damage Reduction Barrier 1 Follow-Up]/[40% Damage Reduction Barrier 1 Follow-Up] at the beginning of the battle
Grants [RES +10% (8s)]/[RES +20% (8s)]/[RES +30% (8s)] at the beginning of the battle","S","50","","45","36","93","","","105","S","99","","155","62","233","","","105","22355081","✓"
"Ysayle","XIV","4","Q","True Ice Bracelet of Casting","Accessory","","","S","1","0","0","0","0","0","0","0","HP +500
Prismatic resistance (moderate)","Quick Cast 4/5/6/7/8%","S","1","","","","","","","","S","1","","","","","","","","23380406","✓"
"Alphinaud","XIV","5","4","Book of Twins","Book","","","S","50","0","0","258","0","129","95","0","Hand of Vengeance 5
Prismatic damage +20%","Wind +1/2/3/4/5% Boost
Quick Cast 3/4/5%
Grants [MAG +10% (8s)]/[MAG +20% (8s)]/[MAG +30% (8s)] at the beginning of the battle","S","50","","","165","","83","95","","S","99","","","350","","175","95","","21314042",""
"Alphinaud","XIV","5","4","Scion's Coat","Light Armor","","","S","50","0","122","39","122","39","0","100","Empower Healing 5%
Prismatic damage +20%","Wind Ability +1/2/3/4/5% Boost
Grants [20% Damage Reduction Barrier 1 Follow-Up]/[30% Damage Reduction Barrier 1 Follow-Up]/[40% Damage Reduction Barrier 1 Follow-Up] at the beginning of the battle
Grants [RES +10% (8s)]/[RES +20% (8s)]/[RES +30% (8s)] at the beginning of the battle","S","50","","50","26","50","26","","100","S","99","","194","52","194","52","","100","22353577",""
"Alphinaud","XIV","5","4","Emerald Ring","Accessory","","","S","1","0","0","0","0","0","0","0","HP +500
Prismatic resistance (moderate)","Quick Cast 4/5/6/7/8%","S","1","","","","","","","","S","1","","","","","","","","23380128",""
"Yda","XIV","5","4","Guts Knuckle","Fist","","","S","50","266","0","0","0","0","95","0","Deadly Strikes 5
Prismatic damage +20%","Fire +1/2/3/4/5% Boost
Quick Cast 3/4/5%
Grants [ATK +10% (8s)]/[ATK +20% (8s)]/[ATK +30% (8s)] at the beginning of the battle","S","50","172","","","","","95","","S","99","360","","","","","95","","21307256",""
"Yda","XIV","5","4","Scion's Striker Visor","Hat","","","S","50","49","101","0","143","0","0","105","Precise Strikes 5
Prismatic damage +20%","Fire Ability +1/2/3/4/5% Boost
Grants [20% Damage Reduction Barrier 1 Follow-Up]/[30% Damage Reduction Barrier 1 Follow-Up]/[40% Damage Reduction Barrier 1 Follow-Up] at the beginning of the battle
Grants [DEF +10% (8s)]/[DEF +20% (8s)]/[DEF +30% (8s)] at the beginning of the battle","S","50","36","61","","76","","","105","S","99","62","140","","210","","","105","22351192",""
"Yda","XIV","5","4","Inferno Bangle","Accessory","","","S","1","0","0","0","0","0","0","0","HP +500
Prismatic resistance (moderate)","Quick Cast 4/5/6/7/8%","S","1","","","","","","","","S","1","","","","","","","","23380207",""
"Haurchefant","XIV","5","4","Fortemps Winglet","Sword","","","S","50","266","0","0","0","0","95","0","Deadly Strikes 5
Prismatic damage +20%","Ice/Holy +1/2/3/4/5% Boost
Quick Cast 3/4/5%
Grants [ATK +10% (8s)]/[ATK +20% (8s)]/[ATK +30% (8s)] at the beginning of the battle","S","50","172","","","","","95","","S","99","360","","","","","95","","21302342",""
"Haurchefant","XIV","5","4","Fortemps Kite Shield","Shield","","","S","50","49","161","0","102","0","0","112","Precise Strikes 5
Prismatic damage +20%","Ice/Holy Ability +1/2/3/4/5% Boost
Grants [20% Damage Reduction Barrier 1 Follow-Up]/[30% Damage Reduction Barrier 1 Follow-Up]/[40% Damage Reduction Barrier 1 Follow-Up] at the beginning of the battle
Grants [DEF +10% (8s)]/[DEF +20% (8s)]/[DEF +30% (8s)] at the beginning of the battle","S","50","36","100","","57","","","112","S","99","62","221","","147","","","112","22350081",""
"Haurchefant","XIV","5","4","Inquisitor Ring","Accessory","","","S","1","0","0","0","0","0","0","0","HP +500
Prismatic resistance (moderate)","Quick Cast 4/5/6/7/8%","S","1","","","","","","","","S","1","","","","","","","","23380405",""
"Y'shtola","XIV","5","4","Nightseeker","Staff","","","S","50","0","0","258","0","129","95","0","Hand of Vengeance 5
Prismatic damage +20%","Fire/Ice/Lightning/Dark +1/2/3/4/5% Boost
Quick Cast 3/4/5%
Grants [MAG +10% (8s)]/[MAG +20% (8s)]/[MAG +30% (8s)] at the beginning of the battle","S","50","","","165","","83","95","","S","99","","","350","","175","95","","21309197",""
"Y'shtola","XIV","5","4","Scion Sorceress Robe","Robe","","","S","50","0","100","39","163","39","0","105","Empower Healing 5%
Prismatic damage +20%","Fire/Ice/Lightning/Dark Ability +1/2/3/4/5% Boost
Grants [20% Damage Reduction Barrier 1 Follow-Up]/[30% Damage Reduction Barrier 1 Follow-Up]/[40% Damage Reduction Barrier 1 Follow-Up] at the beginning of the battle
Grants [RES +10% (8s)]/[RES +20% (8s)]/[RES +30% (8s)] at the beginning of the battle","S","50","","45","26","93","26","","105","S","99","","155","52","233","52","","105","22355141",""
"Y'shtola","XIV","5","4","Tremor Earrings","Accessory","","","S","1","0","0","0","0","0","0","0","HP +500
Prismatic resistance (moderate)","Quick Cast 4/5/6/7/8%","S","1","","","","","","","","S","1","","","","","","","","23380206",""
"Minfilia","XIV","5","4","Cortana","Sword","","","S","50","266","0","0","0","0","95","0","Deadly Strikes 5
Prismatic damage +20%","Holy +1/2/3/4/5% Boost
Quick Cast 3/4/5%
Grants [ATK +10% (8s)]/[ATK +20% (8s)]/[ATK +30% (8s)] at the beginning of the battle","S","50","172","","","","","95","","S","99","360","","","","","95","","21302184",""
"Minfilia","XIV","5","4","Holy Shield","Shield","","","S","50","49","161","0","102","0","0","112","Precise Strikes 5
Prismatic damage +20%","Holy Ability +1/2/3/4/5% Boost
Grants [20% Damage Reduction Barrier 1 Follow-Up]/[30% Damage Reduction Barrier 1 Follow-Up]/[40% Damage Reduction Barrier 1 Follow-Up] at the beginning of the battle
Grants [DEF +10% (8s)]/[DEF +20% (8s)]/[DEF +30% (8s)] at the beginning of the battle","S","50","36","100","","57","","","112","S","99","62","221","","147","","","112","22350047",""
"Minfilia","XIV","5","4","Vortex Ring","Accessory","","","S","1","0","0","0","0","0","0","0","HP +500
Prismatic resistance (moderate)","Quick Cast 4/5/6/7/8%","S","1","","","","","","","","S","1","","","","","","","","23380205",""
"Estinien","XIV","5","4","Nidhogg","Spear","","","S","50","266","0","0","0","0","95","0","Deadly Strikes 5
Prismatic damage +20%","Wind/Dark +1/2/3/4/5% Boost
Quick Cast 3/4/5%
Grants [ATK +10% (8s)]/[ATK +20% (8s)]/[ATK +30% (8s)] at the beginning of the battle","S","50","172","","","","","95","","S","99","360","","","","","95","","21306168",""
"Estinien","XIV","5","4","Iceheart Mail","Heavy Armor","","","S","50","49","165","0","115","0","0","105","Precise Strike 5
Prismatic damage +20%","Wind/Dark Ability +1/2/3/4/5% Boost
Grants [20% Damage Reduction Barrier 1 Follow-Up]/[30% Damage Reduction Barrier 1 Follow-Up]/[40% Damage Reduction Barrier 1 Follow-Up] at the beginning of the battle
Grants [DEF +10% (8s)]/[DEF +20% (8s)]/[DEF +30% (8s)] at the beginning of the battle","S","50","36","96","","75","","","105","S","99","62","233","","155","","","105","22354120",""
"Estinien","XIV","5","4","Warrior Ring","Accessory","","","S","1","0","0","0","0","0","0","0","HP +500
Prismatic resistance (moderate)","Quick Cast 4/5/6/7/8%","S","1","","","","","","","","S","1","","","","","","","","23380404",""
"Ardyn","XV","3","I","Rakshasa Blade","Sword","","","S","50","266","0","0","0","0","95","0","Deadly Strikes 5
Prismatic damage +20%","Fire/Dark +1/2/3/4/5% Boost
Quick Cast 3/4/5%
Grants [ATK +10% (8s)]/[ATK +20% (8s)]/[ATK +30% (8s)] at the beginning of the battle","S","50","172","","","","","95","","S","99","360","","","","","95","","21302638","✓"
"Ardyn","XV","3","I","Ardyn's Guise","Light Armor","","","S","50","49","122","0","122","0","0","100","Precise Strikes 5
Prismatic damage +20%","Fire/Dark Ability +1/2/3/4/5% Boost
Grants [20% Damage Reduction Barrier 1 Follow-Up]/[30% Damage Reduction Barrier 1 Follow-Up]/[40% Damage Reduction Barrier 1 Follow-Up] at the beginning of the battle
Grants [DEF +10% (8s)]/[DEF +20% (8s)]/[DEF +30% (8s)] at the beginning of the battle","S","50","36","50","","50","","","100","S","99","62","194","","194","","","100","22353521","✓"
"Ardyn","XV","3","I","Verstael's Journal","Accessory","","","S","1","0","0","0","0","0","0","0","HP +500
Prismatic resistance (moderate)","Quick Cast 4/5/6/7/8%","S","1","","","","","","","","S","1","","","","","","","","23380635","✓"
"Aranea","XV","3","K","Stoss Spear","Spear","","","S","50","266","0","0","0","0","95","0","Deadly Strikes 5
Prismatic damage +20%","Lightning/Dark +1/2/3/4/5% Boost
Quick Cast 3/4/5%
Grants [ATK +10% (8s)]/[ATK +20% (8s)]/[ATK +30% (8s)] at the beginning of the battle","S","50","172","","","","","95","","S","99","360","","","","","95","","21306097","✓"
"Aranea","XV","3","K","Aranea's Cowl","Helm","","","S","50","49","126","0","115","0","0","105","Precise Strikes 5
Prismatic damage +20%","Lightning/Dark Ability +1/2/3/4/5% Boost
Grants [20% Damage Reduction Barrier 1 Follow-Up]/[30% Damage Reduction Barrier 1 Follow-Up]/[40% Damage Reduction Barrier 1 Follow-Up] at the beginning of the battle
Grants [DEF +10% (8s)]/[DEF +20% (8s)]/[DEF +30% (8s)] at the beginning of the battle","S","50","36","57","","57","","","105","S","99","62","195","","173","","","105","22352048","✓"
"Aranea","XV","3","K","Electric Actuator","Accessory","","","S","1","0","0","0","0","0","0","0","HP +500
Prismatic resistance (moderate)","Quick Cast 4/5/6/7/8%","S","1","","","","","","","","S","1","","","","","","","","23380439","✓"
"Prompto","XV","3","K","Death Penalty","Gun","","","S","50","253","0","0","0","0","95","0","Deadly Strikes 5
Prismatic damage +20%","Lightning +1/2/3/4/5% Boost
Quick Cast 3/4/5%
Grants [ATK +10% (8s)]/[ATK +20% (8s)]/[ATK +30% (8s)] at the beginning of the battle","S","50","160","","","","","95","","S","99","346","","","","","95","","21315135","✓"
"Prompto","XV","3","K","Prompto's Fatigues","Light Armor","","","S","50","49","122","0","122","0","0","100","Precise Strikes 5
Prismatic damage +20%","Lightning Ability +1/2/3/4/5% Boost
Grants [20% Damage Reduction Barrier 1 Follow-Up]/[30% Damage Reduction Barrier 1 Follow-Up]/[40% Damage Reduction Barrier 1 Follow-Up] at the beginning of the battle
Grants [DEF +10% (8s)]/[DEF +20% (8s)]/[DEF +30% (8s)] at the beginning of the battle","S","50","36","50","","50","","","100","S","99","62","194","","194","","","100","22353235","✓"
"Prompto","XV","3","K","LOKTON LX-30","Accessory","","","S","1","0","0","0","0","0","0","0","HP +500
Prismatic resistance (moderate)","Quick Cast 4/5/6/7/8%","S","1","","","","","","","","S","1","","","","","","","","23380378","✓"
"Ravus","XV","3","K","Alba Leonis","Sword","","","S","50","266","0","0","0","0","95","0","Deadly Strikes 5
Prismatic damage +20%","Lightning/Dark +1/2/3/4/5% Boost
Quick Cast 3/4/5%
Grants [ATK +10% (8s)]/[ATK +20% (8s)]/[ATK +30% (8s)] at the beginning of the battle","S","50","172","","","","","95","","S","99","360","","","","","95","","21302738","✓"
"Ravus","XV","3","K","Tenebraean Raiment","Light Armor","","","S","50","49","122","0","122","0","0","100","Precise Strikes 5
Prismatic damage +20%","Lightning/Dark Ability +1/2/3/4/5% Boost
Grants [20% Damage Reduction Barrier 1 Follow-Up]/[30% Damage Reduction Barrier 1 Follow-Up]/[40% Damage Reduction Barrier 1 Follow-Up] at the beginning of the battle
Grants [DEF +10% (8s)]/[DEF +20% (8s)]/[DEF +30% (8s)] at the beginning of the battle","S","50","36","50","","50","","","100","S","99","62","194","","194","","","100","22353614","✓"
"Ravus","XV","3","K","Tenebraean Emblem","Accessory","","","S","1","0","0","0","0","0","0","0","HP +500
Prismatic resistance (moderate)","Quick Cast 4/5/6/7/8%","S","1","","","","","","","","S","1","","","","","","","","23380654","✓"
"Gladiolus","XV","4","R","Apocalypse","Sword","","","S","50","266","0","0","0","0","95","0","Deadly Strikes 5
Prismatic damage +20%","Earth +1/2/3/4/5% Boost
Quick Cast 3/4/5%
Grants [ATK +10% (8s)]/[ATK +20% (8s)]/[ATK +30% (8s)] at the beginning of the battle","S","50","172","","","","","95","","S","99","360","","","","","95","","21302673",""
"Gladiolus","XV","4","R","Gladiolus's Guise","Light Armor","","","S","50","49","122","0","122","0","0","100","Precise Strikes 5
Prismatic damage +20%","Earth Ability +1/2/3/4/5% Boost
Grants [20% Damage Reduction Barrier 1 Follow-Up]/[30% Damage Reduction Barrier 1 Follow-Up]/[40% Damage Reduction Barrier 1 Follow-Up] at the beginning of the battle
Grants [DEF +10% (8s)]/[DEF +20% (8s)]/[DEF +30% (8s)] at the beginning of the battle","S","50","36","50","","50","","","100","S","99","62","194","","194","","","100","22353313",""
"Gladiolus","XV","4","R","Gladiolus's Necklace","Accessory","","","S","1","0","0","0","0","0","0","0","HP +500
Prismatic resistance (moderate)","Quick Cast 4/5/6/7/8%","S","1","","","","","","","","S","1","","","","","","","","23380634",""
"Noctis","XV","5","2","Sword of the Father","Sword","","","S","50","266","0","0","0","0","95","0","Deadly Strikes 5
Prismatic damage +20%","Fire/Earth/Lightning +1/2/3/4/5% Boost
Quick Cast 3/4/5%
Grants [ATK +10% (8s)]/[ATK +20% (8s)]/[ATK +30% (8s)] at the beginning of the battle","S","50","172","","","","","95","","S","99","360","","","","","95","","21302264",""
"Noctis","XV","5","2","Chosen King's Guise","Light Armor","","","S","50","49","122","0","122","0","0","100","Precise Strike 5
Prismatic damage +20%","Fire/Earth/Lightning Ability +1/2/3/4/5% Boost
Grants [20% Damage Reduction Barrier 1 Follow-Up]/[30% Damage Reduction Barrier 1 Follow-Up]/[40% Damage Reduction Barrier 1 Follow-Up] at the beginning of the battle
Grants [DEF +10% (8s)]/[DEF +20% (8s)]/[DEF +30% (8s)] at the beginning of the battle","S","50","36","50","","50","","","100","S","99","62","194","","194","","","100","22353561",""
"Noctis","XV","5","2","King's Ring","Accessory","","","S","1","0","0","0","0","0","0","0","HP +500
Prismatic resistance (moderate)","Quick Cast 4/5/6/7/8%","S","1","","","","","","","","S","1","","","","","","","","23380340",""
"Lunafreya","XV","5","3","Trident of the Oracle","Rod","","","S","50","0","0","258","0","129","95","0","Hand of Vengeance 5
Prismatic damage +20%","Water +1/2/3/4/5% Boost
Quick Cast 3/4/5%
Grants [MAG +10% (8s)]/[MAG +20% (8s)]/[MAG +30% (8s)] at the beginning of the battle","S","50","","","165","","83","95","","S","99","","","350","","175","95","","21308293",""
"Lunafreya","XV","5","3","Lunafreya's Wedding Dress","Light Armor","","","S","50","0","122","39","122","39","0","100","Empower Healing 5%
Prismatic damage +20%","Water Ability +1/2/3/4/5% Boost
Grants [20% Damage Reduction Barrier 1 Follow-Up]/[30% Damage Reduction Barrier 1 Follow-Up]/[40% Damage Reduction Barrier 1 Follow-Up] at the beginning of the battle
Grants [RES +10% (8s)]/[RES +20% (8s)]/[RES +30% (8s)] at the beginning of the battle","S","50","","50","26","50","26","","100","S","99","","194","52","194","52","","100","22353446",""
"Lunafreya","XV","5","3","Omoide's Notebook","Accessory","","","S","1","0","0","0","0","0","0","0","HP +500
Prismatic resistance (moderate)","Quick Cast 4/5/6/7/8%","S","1","","","","","","","","S","1","","","","","","","","23380579",""
"Delita","FFT","4","N","Runeblade","Sword","","","S","50","266","0","0","0","0","95","0","Deadly Strikes 5
Prismatic damage +20%","Fire/Ice/Lightning/Holy +1/2/3/4/5% Boost
Quick Cast 3/4/5%
Grants [ATK +10% (8s)]/[ATK +20% (8s)]/[ATK +30% (8s)] at the beginning of the battle","S","50","172","","","","","95","","S","99","360","","","","","95","","21301149","✓"
"Delita","FFT","4","N","Delita's Armor","Heavy Armor","","","S","50","49","165","0","115","0","0","105","Precise Strikes 5
Prismatic damage +20%","Fire/Ice/Lightning/Holy Ability +1/2/3/4/5% Boost
Grants [20% Damage Reduction Barrier 1 Follow-Up]/[30% Damage Reduction Barrier 1 Follow-Up]/[40% Damage Reduction Barrier 1 Follow-Up] at the beginning of the battle
Grants [DEF +10% (8s)]/[DEF +20% (8s)]/[DEF +30% (8s)] at the beginning of the battle","S","50","36","96","","75","","","105","S","99","62","233","","155","","","105","22354105","✓"
"Delita","FFT","4","N","Battle Boots","Accessory","","","S","1","0","0","0","0","0","0","0","HP +500
Prismatic resistance (moderate)","Quick Cast 4/5/6/7/8%","S","1","","","","","","","","S","1","","","","","","","","23380162","✓"
"Ovelia","FFT","4","O","Zeus Mace","Staff","","","S","50","0","0","129","0","258","95","0","Empower Healing 5%
Prismatic damage +20%","WHT Heals +1/2/3/4/5%
Quick Cast 3/4/5%
Grants [MND +10% (8s)]/[MND +20% (8s)]/[MND +30% (8s)] at the beginning of the battle","S","50","","","83","","165","95","","S","99","","","175","","350","95","","21309108","✓"
"Ovelia","FFT","4","O","Luminous Robe","Robe","","","S","50","0","100","0","163","49","0","105","Max HP +5%
Prismatic damage +20%","White Magic +1/2/3/4/5% Boost
Grants [20% Damage Reduction Barrier 1 Follow-Up]/[30% Damage Reduction Barrier 1 Follow-Up]/[40% Damage Reduction Barrier 1 Follow-Up] at the beginning of the battle
Grants [RES +10% (8s)]/[RES +20% (8s)]/[RES +30% (8s)] at the beginning of the battle","S","50","","45","","93","36","","105","S","99","","155","","233","62","","105","22355050","✓"
"Ovelia","FFT","4","O","Delita's Bouquet","Accessory","","","S","1","0","0","0","0","0","0","0","HP +500
Prismatic resistance (moderate)","Quick Cast 4/5/6/7/8%","S","1","","","","","","","","S","1","","","","","","","","23380501","✓"
"Meliadoul","FFT","4","R","Save the Queen","Sword","","","S","50","266","0","0","0","0","95","0","Deadly Strikes 5
Prismatic damage +20%","Earth/Holy +1/2/3/4/5% Boost
Quick Cast 3/4/5%
Grants [ATK +10% (8s)]/[ATK +20% (8s)]/[ATK +30% (8s)] at the beginning of the battle","S","50","172","","","","","95","","S","99","360","","","","","95","","21302310",""
"Meliadoul","FFT","4","R","Templar Robe","Robe","","","S","50","49","100","0","163","0","0","105","Precise Strikes 5
Prismatic damage +20%","Earth/Holy Ability +1/2/3/4/5% Boost
Grants [20% Damage Reduction Barrier 1 Follow-Up]/[30% Damage Reduction Barrier 1 Follow-Up]/[40% Damage Reduction Barrier 1 Follow-Up] at the beginning of the battle
Grants [DEF +10% (8s)]/[DEF +20% (8s)]/[DEF +30% (8s)] at the beginning of the battle","S","50","36","45","","93","","","105","S","99","62","155","","233","","","105","22355074",""
"Meliadoul","FFT","4","R","Chantage","Accessory","","","S","1","0","0","0","0","0","0","0","HP +500
Prismatic resistance (moderate)","Quick Cast 4/5/6/7/8%","S","1","","","","","","","","S","1","","","","","","","","23380415",""
"Orran","FFT","5","1","Urutan Annals","Book","","","S","50","0","0","129","0","258","95","0","Empower Healing 5%
Prismatic damage +20%","WHT Heals +1/2/3/4/5%
Quick Cast 3/4/5%
Grants [MND +10% (8s)]/[MND +20% (8s)]/[MND +30% (8s)] at the beginning of the battle","S","50","","","83","","165","95","","S","99","","","175","","350","95","","21314041",""
"Orran","FFT","5","1","Orran's Guise","Light Armor","","","S","50","0","122","0","122","49","0","100","Max HP +5%
Prismatic damage +20%","White Magic +1/2/3/4/5% Boost
Grants [20% Damage Reduction Barrier 1 Follow-Up]/[30% Damage Reduction Barrier 1 Follow-Up]/[40% Damage Reduction Barrier 1 Follow-Up] at the beginning of the battle
Grants [RES +10% (8s)]/[RES +20% (8s)]/[RES +30% (8s)] at the beginning of the battle","S","50","","50","","50","36","","100","S","99","","194","","194","62","","100","22353352",""
"Orran","FFT","5","1","Ring of the Sage","Accessory","","","S","1","0","0","0","0","0","0","0","HP +500
Prismatic resistance (moderate)","Quick Cast 4/5/6/7/8%","S","1","","","","","","","","S","1","","","","","","","","23380362",""
"Orlandeau","FFT","5","1","Chaos Blade","Sword","","","S","50","266","0","0","0","0","95","0","Deadly Strikes 5
Prismatic damage +20%","Earth/Holy/Dark +1/2/3/4/5% Boost
Quick Cast 3/4/5%
Grants [ATK +10% (8s)]/[ATK +20% (8s)]/[ATK +30% (8s)] at the beginning of the battle","S","50","172","","","","","95","","S","99","360","","","","","95","","21302215",""
"Orlandeau","FFT","5","1","Orlandeau's Cloak","Light Armor","","","S","50","49","122","0","122","0","0","100","Precise Strikes 5
Prismatic damage +20%","Earth/Holy/Dark Ability +1/2/3/4/5% Boost
Grants [20% Damage Reduction Barrier 1 Follow-Up]/[30% Damage Reduction Barrier 1 Follow-Up]/[40% Damage Reduction Barrier 1 Follow-Up] at the beginning of the battle
Grants [DEF +10% (8s)]/[DEF +20% (8s)]/[DEF +30% (8s)] at the beginning of the battle","S","50","36","50","","50","","","100","S","99","62","194","","194","","","100","22353138",""
"Orlandeau","FFT","5","1","Bracer","Accessory","","","S","1","0","0","0","0","0","0","0","HP +500
Prismatic resistance (moderate)","Quick Cast 4/5/6/7/8%","S","1","","","","","","","","S","1","","","","","","","","23380166",""
"Gaffgarion","FFT","5","1","Blood Sword","Sword","","","S","50","266","0","0","0","0","95","0","Deadly Strikes 5
Prismatic damage +20%","Dark +1/2/3/4/5% Boost
Quick Cast 3/4/5%
Grants [ATK +10% (8s)]/[ATK +20% (8s)]/[ATK +30% (8s)] at the beginning of the battle","S","50","172","","","","","95","","S","99","360","","","","","95","","21302565",""
"Gaffgarion","FFT","5","1","Gaffgarion's Helm","Helm","","","S","50","49","122","0","122","0","0","100","Precise Strikes 5
Prismatic damage +20%","Dark Ability +1/2/3/4/5% Boost
Grants [20% Damage Reduction Barrier 1 Follow-Up]/[30% Damage Reduction Barrier 1 Follow-Up]/[40% Damage Reduction Barrier 1 Follow-Up] at the beginning of the battle
Grants [DEF +10% (8s)]/[DEF +20% (8s)]/[DEF +30% (8s)] at the beginning of the battle","S","50","36","50","","50","","","100","S","99","62","194","","194","","","100","22352059",""
"Gaffgarion","FFT","5","1","Cursed Ring","Accessory","","","S","1","0","0","0","0","0","0","0","HP +500
Prismatic resistance (moderate)","Quick Cast 4/5/6/7/8%","S","1","","","","","","","","S","1","","","","","","","","23380222",""
"Marach","FFT","5","1","Eight-fluted Pole","Rod","","","S","50","0","0","258","0","0","95","0","Hand of Vengeance 5
Prismatic damage +20%","Lightning/Dark +1/2/3/4/5% Boost
Quick Cast 3/4/5%
Grants [MAG +10% (8s)]/[MAG +20% (8s)]/[MAG +30% (8s)] at the beginning of the battle","S","50","","","165","","","95","","S","99","","","350","","","95","","21308211",""
"Marach","FFT","5","1","Marach's Guise","Light Armor","","","S","50","0","122","49","122","0","0","100","Empower Healing 5%
Prismatic damage +20%","Lightning/Dark Ability +1/2/3/4/5% Boost
Grants [20% Damage Reduction Barrier 1 Follow-Up]/[30% Damage Reduction Barrier 1 Follow-Up]/[40% Damage Reduction Barrier 1 Follow-Up] at the beginning of the battle
Grants [RES +10% (8s)]/[RES +20% (8s)]/[RES +30% (8s)] at the beginning of the battle","S","50","","50","36","50","","","100","S","99","","194","62","194","","","100","22353227",""
"Marach","FFT","5","1","Japa Mala","Accessory","","","S","1","0","0","0","0","0","0","0","HP +500
Prismatic resistance (moderate)","Quick Cast 4/5/6/7/8%","S","1","","","","","","","","S","1","","","","","","","","23380308",""
"Marche","FFT","5","3","Mythril Blade","Sword","","","S","50","266","0","0","0","0","95","0","Deadly Strikes 5
Prismatic damage +20%","Holy +1/2/3/4/5% Boost
Quick Cast 3/4/5%
Grants [ATK +10% (8s)]/[ATK +20% (8s)]/[ATK +30% (8s)] at the beginning of the battle","S","50","172","","","","","95","","S","99","360","","","","","95","","21302656",""
"Marche","FFT","5","3","Mirage Vest","Light Armor","","","S","50","49","122","0","122","0","0","100","Precise Strikes 5
Prismatic damage +20%","Holy Ability +1/2/3/4/5% Boost
Grants [20% Damage Reduction Barrier 1 Follow-Up]/[30% Damage Reduction Barrier 1 Follow-Up]/[40% Damage Reduction Barrier 1 Follow-Up] at the beginning of the battle
Grants [DEF +10% (8s)]/[DEF +20% (8s)]/[DEF +30% (8s)] at the beginning of the battle","S","50","36","50","","50","","","100","S","99","62","194","","194","","","100","22353462",""
"Marche","FFT","5","3","Ruby Earrings","Accessory","","","S","1","0","0","0","0","0","0","0","HP +500
Prismatic resistance (moderate)","Quick Cast 4/5/6/7/8%","S","1","","","","","","","","S","1","","","","","","","","23380389",""
"Montblanc","FFT","5","5","White Staff M","Staff","","","S","50","0","0","258","0","0","95","0","Hand of Vengeance 5
Prismatic damage +20%","Weakness +1/2/3/4/5% Boost
Quick Cast 3/4/5%
Grants [MAG +10% (8s)]/[MAG +20% (8s)]/[MAG +30% (8s)] at the beginning of the battle","S","50","","","165","","","95","","S","99","","","350","","","95","","21309113",""
"Montblanc","FFT","5","5","Silk Robe M","Robe","","","S","50","0","100","49","163","0","0","105","Empower Healing 5%
Prismatic damage +20%","Dancer Ability Healing +1/2/3/4/5% Boost
Grants [20% Damage Reduction Barrier 1 Follow-Up]/[30% Damage Reduction Barrier 1 Follow-Up]/[40% Damage Reduction Barrier 1 Follow-Up] at the beginning of the battle
Grants [RES +10% (8s)]/[RES +20% (8s)]/[RES +30% (8s)] at the beginning of the battle","S","50","","45","36","93","","","105","S","99","","155","62","233","","","105","22355076",""
"Montblanc","FFT","5","5","Magic Ring","Accessory","","","S","1","0","0","0","0","0","0","0","HP +500
Prismatic resistance (moderate)","Quick Cast 4/5/6/7/8%","S","1","","","","","","","","S","1","","","","","","","","23380481",""
"Ramza","FFT","6","1","Dust Raden Sword","Katana","","","S","50","266","0","0","0","0","95","0","Deadly Strikes 5
Prismatic damage +20%","Holy +1/2/3/4/5% Boost
Quick Cast 3/4/5%
Grants [ATK +10% (8s)]/[ATK +20% (8s)]/[ATK +30% (8s)] at the beginning of the battle","S","50","172","","","","","95","","S","99","360","","","","","95","","21303151",""
"Ramza","FFT","6","1","Ramza's Hero Guise","Heavy Armor","","","S","50","49","165","0","115","0","0","105","Precise Strikes 5
Prismatic damage +20%","Holy Ability +1/2/3/4/5% Boost
Grants [20% Damage Reduction Barrier 1 Follow-Up]/[30% Damage Reduction Barrier 1 Follow-Up]/[40% Damage Reduction Barrier 1 Follow-Up] at the beginning of the battle
Grants [DEF +10% (8s)]/[DEF +20% (8s)]/[DEF +30% (8s)] at the beginning of the battle","S","50","36","96","","75","","","105","S","99","62","233","","155","","","105","22354124",""
"Ramza","FFT","6","1","Grass Whistle","Accessory","","","S","1","0","0","0","0","0","0","0","HP +500
Prismatic resistance (moderate)","Quick Cast 4/5/6/7/8%","S","1","","","","","","","","S","1","","","","","","","","23380223",""
"Agrias","FFT","6","1","Durandal","Sword","","","S","50","266","0","0","0","0","95","0","Deadly Strikes 5
Prismatic damage +20%","Holy +1/2/3/4/5% Boost
Quick Cast 3/4/5%
Grants [ATK +10% (8s)]/[ATK +20% (8s)]/[ATK +30% (8s)] at the beginning of the battle","S","50","172","","","","","95","","S","99","360","","","","","95","","21302303",""
"Agrias","FFT","6","1","Agrias's Guise","Light Armor","","","S","50","49","122","0","122","0","0","100","Precise Strikes 5
Prismatic damage +20%","Holy Ability +1/2/3/4/5% Boost
Grants [20% Damage Reduction Barrier 1 Follow-Up]/[30% Damage Reduction Barrier 1 Follow-Up]/[40% Damage Reduction Barrier 1 Follow-Up] at the beginning of the battle
Grants [DEF +10% (8s)]/[DEF +20% (8s)]/[DEF +30% (8s)] at the beginning of the battle","S","50","36","50","","50","","","100","S","99","62","194","","194","","","100","22353319",""
"Agrias","FFT","6","1","Gaius Calig","Accessory","","","S","1","0","0","0","0","0","0","0","HP +500
Prismatic resistance (moderate)","Quick Cast 4/5/6/7/8%","S","1","","","","","","","","S","1","","","","","","","","23380459",""
"Rapha","FFT","6","1","Baleen","Rod","","","S","50","0","0","258","0","0","95","0","Hand of Vengeance 5
Prismatic damage +20%","Lightning +1/2/3/4/5% Boost
Quick Cast 3/4/5%
Grants [MAG +10% (8s)]/[MAG +20% (8s)]/[MAG +30% (8s)] at the beginning of the battle","S","50","","","165","","","95","","S","99","","","350","","","95","","21308346",""
"Rapha","FFT","6","1","Rapha's Robe","Robe","","","S","50","0","100","49","163","0","0","105","Empower Healing 5%
Prismatic damage +20%","Lightning Ability +1/2/3/4/5% Boost
Grants [20% Damage Reduction Barrier 1 Follow-Up]/[30% Damage Reduction Barrier 1 Follow-Up]/[40% Damage Reduction Barrier 1 Follow-Up] at the beginning of the battle
Grants [RES +10% (8s)]/[RES +20% (8s)]/[RES +30% (8s)] at the beginning of the battle","S","50","","45","36","93","","","105","S","99","","155","62","233","","","105","22355084",""
"Rapha","FFT","6","1","Sortilège","Accessory","","","S","1","0","0","0","0","0","0","0","HP +500
Prismatic resistance (moderate)","Quick Cast 4/5/6/7/8%","S","1","","","","","","","","S","1","","","","","","","","23380457",""
"Cinque","Type-0","1","A","Skull Crusher","Hammer","","","S","50","266","0","0","0","0","95","0","Deadly Strikes 5
Prismatic damage +20%","Earth +1/2/3/4/5% Boost
Quick Cast 3/4/5%
Grants [ATK +10% (8s)]/[ATK +20% (8s)]/[ATK +30% (8s)] at the beginning of the battle","S","50","172","","","","","95","","S","99","360","","","","","95","","21305033","✓"
"Cinque","Type-0","1","A","Cinque's Summer Guise","Light Armor","","","S","50","49","122","0","122","0","0","100","Precise Strikes 5
Prismatic damage +20%","Earth Ability +1/2/3/4/5% Boost
Grants [20% Damage Reduction Barrier 1 Follow-Up]/[30% Damage Reduction Barrier 1 Follow-Up]/[40% Damage Reduction Barrier 1 Follow-Up] at the beginning of the battle
Grants [DEF +10% (8s)]/[DEF +20% (8s)]/[DEF +30% (8s)] at the beginning of the battle","S","50","36","50","","50","","","100","S","99","62","194","","194","","","100","22353562","✓"
"Cinque","Type-0","1","A","Moogle Plushie","Accessory","","","S","1","0","0","0","0","0","0","0","HP +500
Prismatic resistance (moderate)","Quick Cast 4/5/6/7/8%","S","1","","","","","","","","S","1","","","","","","","","23380434","✓"
"Trey","Type-0","1","C","Argentic Bow","Bow","","","S","50","253","0","0","0","0","95","0","Deadly Strikes 5
Prismatic damage +20%","Fire/Ice/Water +1/2/3/4/5% Boost
Quick Cast 3/4/5%
Grants [ATK +10% (8s)]/[ATK +20% (8s)]/[ATK +30% (8s)] at the beginning of the battle","S","50","160","","","","","95","","S","99","346","","","","","95","","21310080","✓"
"Trey","Type-0","1","C","Trey's Summer Guise","Light Armor","","","S","50","49","122","0","122","0","0","100","Precise Strikes 5
Prismatic damage +20%","Fire/Ice/Water Ability +1/2/3/4/5% Boost
Grants [20% Damage Reduction Barrier 1 Follow-Up]/[30% Damage Reduction Barrier 1 Follow-Up]/[40% Damage Reduction Barrier 1 Follow-Up] at the beginning of the battle
Grants [DEF +10% (8s)]/[DEF +20% (8s)]/[DEF +30% (8s)] at the beginning of the battle","S","50","36","50","","50","","","100","S","99","62","194","","194","","","100","22353415","✓"
"Trey","Type-0","1","C","Duke's Gauntlets","Accessory","","","S","1","0","0","0","0","0","0","0","HP +500
Prismatic resistance (moderate)","Quick Cast 4/5/6/7/8%","S","1","","","","","","","","S","1","","","","","","","","23380614","✓"
"Seven","Type-0","1","C","Silver Whipblade","Whip","","","S","50","0","0","258","0","0","95","0","Hand of Vengeance 5
Prismatic damage +20%","Ice +1/2/3/4/5% Boost
Quick Cast 3/4/5%
Grants [ATK +10% (8s)]/[ATK +20% (8s)]/[ATK +30% (8s)] at the beginning of the battle","S","50","","","165","","","95","","S","99","","","350","","","95","","21312032","✓"
"Seven","Type-0","1","C","Seven's Guise","Light Armor","","","S","50","0","122","49","122","0","0","100","Empower Healing 5%
Prismatic damage +20%","Ice Ability +1/2/3/4/5% Boost
Grants [20% Damage Reduction Barrier 1 Follow-Up]/[30% Damage Reduction Barrier 1 Follow-Up]/[40% Damage Reduction Barrier 1 Follow-Up] at the beginning of the battle
Grants [DEF +10% (8s)]/[DEF +20% (8s)]/[DEF +30% (8s)] at the beginning of the battle","S","50","","50","36","50","","","100","S","99","","194","62","194","","","100","22353307","✓"
"Seven","Type-0","1","C","Seven's Boots","Accessory","","","S","1","0","0","0","0","0","0","0","HP +500
Prismatic resistance (moderate)","Quick Cast 4/5/6/7/8%","S","1","","","","","","","","S","1","","","","","","","","23380480","✓"
"Eight","Type-0","1","C","Killer Knuckles","Fist","","","S","50","266","0","0","0","0","95","0","Deadly Strikes 5
Prismatic damage +20%","Ice +1/2/3/4/5% Boost
Quick Cast 3/4/5%
Grants [ATK +10% (8s)]/[ATK +20% (8s)]/[ATK +30% (8s)] at the beginning of the battle","S","50","172","","","","","95","","S","99","360","","","","","95","","21307164","✓"
"Eight","Type-0","1","C","Eight's Akademeia Uniform","Light Armor","","","S","50","49","122","0","122","0","0","100","Precise Strikes 5
Prismatic damage +20%","Ice Ability +1/2/3/4/5% Boost
Grants [20% Damage Reduction Barrier 1 Follow-Up]/[30% Damage Reduction Barrier 1 Follow-Up]/[40% Damage Reduction Barrier 1 Follow-Up] at the beginning of the battle
Grants [DEF +10% (8s)]/[DEF +20% (8s)]/[DEF +30% (8s)] at the beginning of the battle","S","50","36","50","","50","","","100","S","99","62","194","","194","","","100","22353381","✓"
"Eight","Type-0","1","C","Angel Earrings","Accessory","","","S","1","0","0","0","0","0","0","0","HP +500
Prismatic resistance (moderate)","Quick Cast 4/5/6/7/8%","S","1","","","","","","","","S","1","","","","","","","","23380398","✓"
"King","Type-0","2","G","Twin Magnums","Gun","","","S","50","253","0","0","0","0","95","0","Deadly Strikes 5
Prismatic damage +20%","Lightning +1/2/3/4/5% Boost
Quick Cast 3/4/5%
Grants [ATK +10% (8s)]/[ATK +20% (8s)]/[ATK +30% (8s)] at the beginning of the battle","S","50","160","","","","","95","","S","99","346","","","","","95","","21315074","✓"
"King","Type-0","2","G","King's Guise","Light Armor","","","S","50","49","122","0","122","0","0","100","Precise Strikes 5
Prismatic damage +20%","Lightning Ability +1/2/3/4/5% Boost
Grants [20% Damage Reduction Barrier 1 Follow-Up]/[30% Damage Reduction Barrier 1 Follow-Up]/[40% Damage Reduction Barrier 1 Follow-Up] at the beginning of the battle
Grants [DEF +10% (8s)]/[DEF +20% (8s)]/[DEF +30% (8s)] at the beginning of the battle","S","50","36","50","","50","","","100","S","99","62","194","","194","","","100","22353284","✓"
"King","Type-0","2","G","Warrior Ring","Accessory","","","S","1","0","0","0","0","0","0","0","HP +500
Prismatic resistance (moderate)","Quick Cast 4/5/6/7/8%","S","1","","","","","","","","S","1","","","","","","","","23380399","✓"
"Queen","Type-0","2","G","Claymore","Sword","","","S","50","266","0","0","0","0","95","0","Deadly Strikes 5
Prismatic damage +20%","Lightning/Dark +1/2/3/4/5% Boost
Quick Cast 3/4/5%
Grants [ATK +10% (8s)]/[ATK +20% (8s)]/[ATK +30% (8s)] at the beginning of the battle","S","50","172","","","","","95","","S","99","360","","","","","95","","21302280","✓"
"Queen","Type-0","2","G","Queen's Summer Guise","Light Armor","","","S","50","49","122","0","122","0","0","100","Precise Strikes 5
Prismatic damage +20%","Lightning/Dark Ability +1/2/3/4/5% Boost
Grants [20% Damage Reduction Barrier 1 Follow-Up]/[30% Damage Reduction Barrier 1 Follow-Up]/[40% Damage Reduction Barrier 1 Follow-Up] at the beginning of the battle
Grants [DEF +10% (8s)]/[DEF +20% (8s)]/[DEF +30% (8s)] at the beginning of the battle","S","50","36","50","","50","","","100","S","99","62","194","","194","","","100","22353253","✓"
"Queen","Type-0","2","G","Queen's Hairpin","Accessory","","","S","1","0","0","0","0","0","0","0","HP +500
Prismatic resistance (moderate)","Quick Cast 4/5/6/7/8%","S","1","","","","","","","","S","1","","","","","","","","23380550","✓"
"Sice","Type-0","3","I","Silver Scythe","Axe","","","S","50","266","0","0","0","0","95","0","Deadly Strikes 5
Prismatic damage +20%","Lightning/Dark +1/2/3/4/5% Boost
Quick Cast 3/4/5%
Grants [ATK +10% (8s)]/[ATK +20% (8s)]/[ATK +30% (8s)] at the beginning of the battle","S","50","172","","","","","95","","S","99","360","","","","","95","","21304056","✓"
"Sice","Type-0","3","I","Sice's Guise","Light Armor","","","S","50","49","122","0","122","0","0","100","Precise Strikes 5
Prismatic damage +20%","Lightning/Dark Ability +1/2/3/4/5% Boost
Grants [20% Damage Reduction Barrier 1 Follow-Up]/[30% Damage Reduction Barrier 1 Follow-Up]/[40% Damage Reduction Barrier 1 Follow-Up] at the beginning of the battle
Grants [DEF +10% (8s)]/[DEF +20% (8s)]/[DEF +30% (8s)] at the beginning of the battle","S","50","36","50","","50","","","100","S","99","62","194","","194","","","100","22353309","✓"
"Sice","Type-0","3","I","Jeweled Ring","Accessory","","","S","1","0","0","0","0","0","0","0","HP +500
Prismatic resistance (moderate)","Quick Cast 4/5/6/7/8%","S","1","","","","","","","","S","1","","","","","","","","23380564","✓"
"Nine","Type-0","3","L","Heavy Lance","Spear","","","S","50","266","0","0","0","0","95","0","Deadly Strikes 5
Prismatic damage +20%","Wind +1/2/3/4/5% Boost
Quick Cast 3/4/5%
Grants [ATK +10% (8s)]/[ATK +20% (8s)]/[ATK +30% (8s)] at the beginning of the battle","S","50","172","","","","","95","","S","99","360","","","","","95","","21306088","✓"
"Nine","Type-0","3","L","Nine's Akademeia Uniform","Light Armor","","","S","50","49","122","0","122","0","0","100","Precise Strikes 5
Prismatic damage +20%","Wind Ability +1/2/3/4/5% Boost
Grants [20% Damage Reduction Barrier 1 Follow-Up]/[30% Damage Reduction Barrier 1 Follow-Up]/[40% Damage Reduction Barrier 1 Follow-Up] at the beginning of the battle
Grants [DEF +10% (8s)]/[DEF +20% (8s)]/[DEF +30% (8s)] at the beginning of the battle","S","50","36","50","","50","","","100","S","99","62","194","","194","","","100","22353560","✓"
"Nine","Type-0","3","L","Nine's Belt","Accessory","","","S","1","0","0","0","0","0","0","0","HP +500
Prismatic resistance (moderate)","Quick Cast 4/5/6/7/8%","S","1","","","","","","","","S","1","","","","","","","","23380549","✓"
"Jack","Type-0","4","N","Kiku-ichimonji","Katana","","","S","50","266","0","0","0","0","95","0","Deadly Strikes 5
Prismatic damage +20%","Fire +1/2/3/4/5% Boost
Quick Cast 3/4/5%
Grants [ATK +10% (8s)]/[ATK +20% (8s)]/[ATK +30% (8s)] at the beginning of the battle","S","50","172","","","","","95","","S","99","360","","","","","95","","21303092","✓"
"Jack","Type-0","4","N","Jack's Finest","Light Armor","","","S","50","49","122","0","122","0","0","100","Precise Strikes 5
Prismatic damage +20%","Fire Ability +1/2/3/4/5% Boost
Grants [20% Damage Reduction Barrier 1 Follow-Up]/[30% Damage Reduction Barrier 1 Follow-Up]/[40% Damage Reduction Barrier 1 Follow-Up] at the beginning of the battle
Grants [DEF +10% (8s)]/[DEF +20% (8s)]/[DEF +30% (8s)] at the beginning of the battle","S","50","36","50","","50","","","100","S","99","62","194","","194","","","100","22353343","✓"
"Jack","Type-0","4","N","Jack's Belt","Accessory","","","S","1","0","0","0","0","0","0","0","HP +500
Prismatic resistance (moderate)","Quick Cast 4/5/6/7/8%","S","1","","","","","","","","S","1","","","","","","","","23380500","✓"
"Machina","Type-0","4","R","Bolt Rapiers","Sword","","","S","50","266","0","0","0","0","95","0","Deadly Strikes 5
Prismatic damage +20%","Earth +1/2/3/4/5% Boost
Quick Cast 3/4/5%
Grants [ATK +10% (8s)]/[ATK +20% (8s)]/[ATK +30% (8s)] at the beginning of the battle","S","50","172","","","","","95","","S","99","360","","","","","95","","21302340",""
"Machina","Type-0","4","R","Machina's Guise","Light Armor","","","S","50","49","122","0","122","0","0","100","Precise Strikes 5
Prismatic damage +20%","Earth Ability +1/2/3/4/5% Boost
Grants [20% Damage Reduction Barrier 1 Follow-Up]/[30% Damage Reduction Barrier 1 Follow-Up]/[40% Damage Reduction Barrier 1 Follow-Up] at the beginning of the battle
Grants [DEF +10% (8s)]/[DEF +20% (8s)]/[DEF +30% (8s)] at the beginning of the battle","S","50","36","50","","50","","","100","S","99","62","194","","194","","","100","22353252",""
"Machina","Type-0","4","R","Guard Talisman","Accessory","","","S","1","0","0","0","0","0","0","0","HP +500
Prismatic resistance (moderate)","Quick Cast 4/5/6/7/8%","S","1","","","","","","","","S","1","","","","","","","","23380580",""
"Rem","Type-0","5","3","Silver Dagger","Dagger","","","S","50","0","0","129","0","258","95","0","Hand of Vengeance 5
Prismatic damage +20%","Holy +1/2/3/4/5% Boost
Quick Cast 3/4/5%
Grants [MND +10% (8s)]/[MND +20% (8s)]/[MND +30% (8s)] at the beginning of the battle","S","50","","","83","","165","95","","S","99","","","175","","350","95","","21301105",""
"Rem","Type-0","5","3","Rem's Guise","Light Armor","","","S","50","0","122","0","122","49","0","100","Empower Healing 5%
Prismatic damage +20%","Holy Ability +1/2/3/4/5% Boost
Grants [20% Damage Reduction Barrier 1 Follow-Up]/[30% Damage Reduction Barrier 1 Follow-Up]/[40% Damage Reduction Barrier 1 Follow-Up] at the beginning of the battle
Grants [RES +10% (8s)]/[RES +20% (8s)]/[RES +30% (8s)] at the beginning of the battle","S","50","","50","","50","36","","100","S","99","","194","","194","62","","100","22353251",""
"Rem","Type-0","5","3","Star Pendant","Accessory","","","S","1","0","0","0","0","0","0","0","HP +500
Prismatic resistance (moderate)","Quick Cast 4/5/6/7/8%","S","1","","","","","","","","S","1","","","","","","","","23380334",""
"Kurasame","Type-0","-","-","Ice Sword","Sword","","","S","50","258","0","258","0","0","95","0","Hand of Vengeance 5
Prismatic damage +20%","Ice/Dark +1/2/3/4/5% Boost
Quick Cast 3/4/5%
Grants [ATK +10% (8s)]/[ATK +20% (8s)]/[ATK +30% (8s)] at the beginning of the battle","S","50","165","","165","","","95","","S","99","350","","350","","","95","","21301244",""
"Kurasame","Type-0","-","-","Black Shark Guise","Light Armor","","","S","50","39","122","39","122","0","0","100","Empower Healing 5%
Prismatic damage +20%","Ice/Dark Ability +1/2/3/4/5% Boost
Grants [20% Damage Reduction Barrier 1 Follow-Up]/[30% Damage Reduction Barrier 1 Follow-Up]/[40% Damage Reduction Barrier 1 Follow-Up] at the beginning of the battle
Grants [DEF +10% (8s)]/[DEF +20% (8s)]/[DEF +30% (8s)] at the beginning of the battle","S","50","26","50","26","50","","","100","S","99","52","194","52","194","","","100","22351297",""
"Kurasame","Type-0","-","-","Ice Sword Handle","Accessory","","","S","1","0","0","0","0","0","0","0","HP +500
Prismatic resistance (moderate)","Quick Cast 4/5/6/7/8%","S","1","","","","","","","","S","1","","","","","","","","23380660",""
"Ace","Type-0","6","1","Ace's Card","Thrown","","","S","50","0","0","258","0","0","95","0","Hand of Vengeance 5
Prismatic damage +20%","Fire +1/2/3/4/5% Boost
Quick Cast 3/4/5%
Grants [MAG +10% (8s)]/[MAG +20% (8s)]/[MAG +30% (8s)] at the beginning of the battle","S","50","","","165","","","95","","S","99","","","350","","","95","","21313057",""
"Ace","Type-0","6","1","Ace's Summer Guise","Light Armor","","","S","50","0","122","49","122","0","0","100","Empower Healing 5%
Prismatic damage +20%","Fire Ability +1/2/3/4/5% Boost
Grants [20% Damage Reduction Barrier 1 Follow-Up]/[30% Damage Reduction Barrier 1 Follow-Up]/[40% Damage Reduction Barrier 1 Follow-Up] at the beginning of the battle
Grants [RES +10% (8s)]/[RES +20% (8s)]/[RES +30% (8s)] at the beginning of the battle","S","50","","50","36","50","","","100","S","99","","194","62","194","","","100","22353205",""
"Ace","Type-0","6","1","Ace's Pouch","Accessory","","","S","1","0","0","0","0","0","0","0","HP +500
Prismatic resistance (moderate)","Quick Cast 4/5/6/7/8%","S","1","","","","","","","","S","1","","","","","","","","23380509",""
"Deuce","Type-0","6","1","Silver Flute","Instrument","","","S","50","0","0","129","0","258","95","0","Empower Healing 5%
Prismatic damage +20%","WHT Heals +1/2/3/4/5%
Quick Cast 3/4/5%
Grants [MND +10% (8s)]/[MND +20% (8s)]/[MND +30% (8s)] at the beginning of the battle","S","50","","","83","","165","95","","S","99","","","175","","350","95","","21311031",""
"Deuce","Type-0","6","1","Deuce's Guise","Light Armor","","","S","50","0","122","0","122","49","0","100","Max HP +5%
Prismatic damage +20%","White Magic +1/2/3/4/5% Boost
Grants [20% Damage Reduction Barrier 1 Follow-Up]/[30% Damage Reduction Barrier 1 Follow-Up]/[40% Damage Reduction Barrier 1 Follow-Up] at the beginning of the battle
Grants [RES +10% (8s)]/[RES +20% (8s)]/[RES +30% (8s)] at the beginning of the battle","S","50","","50","","50","36","","100","S","99","","194","","194","62","","100","22353206",""
"Deuce","Type-0","6","1","Aria Amulet","Accessory","","","S","1","0","0","0","0","0","0","0","HP +500
Prismatic resistance (moderate)","Quick Cast 4/5/6/7/8%","S","1","","","","","","","","S","1","","","","","","","","23380599",""
"Cater","Type-0","6","1","Magic Gun","Gun","","","S","50","253","0","0","0","0","95","0","Deadly Strikes 5
Prismatic damage +20%","Fire/Ice/Lightning +1/2/3/4/5% Boost
Quick Cast 3/4/5%
Grants [ATK +10% (8s)]/[ATK +20% (8s)]/[ATK +30% (8s)] at the beginning of the battle","S","50","160","","","","","95","","S","99","346","","","","","95","","21315094",""
"Cater","Type-0","6","1","Cater's Guise","Light Armor","","","S","50","49","122","0","122","0","0","100","Precise Strikes 5
Prismatic damage +20%","Fire/Ice/Lightning Ability +1/2/3/4/5% Boost
Grants [20% Damage Reduction Barrier 1 Follow-Up]/[30% Damage Reduction Barrier 1 Follow-Up]/[40% Damage Reduction Barrier 1 Follow-Up] at the beginning of the battle
Grants [DEF +10% (8s)]/[DEF +20% (8s)]/[DEF +30% (8s)] at the beginning of the battle","S","50","36","50","","50","","","100","S","99","62","194","","194","","","100","22353380",""
"Cater","Type-0","6","1","Cater's Backpack","Accessory","","","S","1","0","0","0","0","0","0","0","HP +500
Prismatic resistance (moderate)","Quick Cast 4/5/6/7/8%","S","1","","","","","","","","S","1","","","","","","","","23380530",""
"Serafie","Beyond","1","B","Diva Serafie's Harp","Instrument","","","S","50","0","0","258","0","0","95","0","Hand of Vengeance 5
Prismatic damage +20%","Wind +1/2/3/4/5% Boost
Quick Cast 3/4/5%
Grants [MAG +10% (8s)]/[MAG +20% (8s)]/[MAG +30% (8s)] at the beginning of the battle","S","50","","","165","","","95","","S","99","","","350","","","95","","21311066","✓"
"Serafie","Beyond","1","B","Serafie's Guise","Light Armor","","","S","50","0","122","0","122","49","0","100","Empower Healing 5%
Prismatic damage +20%","Wind Ability +1/2/3/4/5% Boost
Grants [20% Damage Reduction Barrier 1 Follow-Up]/[30% Damage Reduction Barrier 1 Follow-Up]/[40% Damage Reduction Barrier 1 Follow-Up] at the beginning of the battle
Grants [RES +10% (8s)]/[RES +20% (8s)]/[RES +30% (8s)] at the beginning of the battle","S","50","","50","","50","36","","100","S","99","","194","","194","62","","100","22353435","✓"
"Serafie","Beyond","1","B","Faerie Watering Can","Accessory","","","S","1","0","0","0","0","0","0","0","HP +500
Prismatic resistance (moderate)","Quick Cast 4/5/6/7/8%","S","1","","","","","","","","S","1","","","","","","","","23380567","✓"
"Enna Kros","Beyond","4","R","Chocochick Mirage","Thrown","","","S","50","0","0","258","0","0","95","0","Hand of Vengeance 5
Prismatic damage +20%","Earth +1/2/3/4/5% Boost
Quick Cast 3/4/5%
Grants [MAG +10% (8s)]/[MAG +20% (8s)]/[MAG +30% (8s)] at the beginning of the battle","S","50","","","165","","","95","","S","99","","","350","","","95","","21313079",""
"Enna Kros","Beyond","4","R","Roksanne's Coat","Light Armor","","","S","50","0","122","49","122","0","0","100","Empower Healing 5%
Prismatic damage +20%","Earth Ability +1/2/3/4/5% Boost
Grants [20% Damage Reduction Barrier 1 Follow-Up]/[30% Damage Reduction Barrier 1 Follow-Up]/[40% Damage Reduction Barrier 1 Follow-Up] at the beginning of the battle
Grants [RES +10% (8s)]/[RES +20% (8s)]/[RES +30% (8s)] at the beginning of the battle","S","50","","50","36","50","","","100","S","99","","194","62","194","","","100","22353270",""
"Enna Kros","Beyond","4","R","Fairy Stone","Accessory","","","S","1","0","0","0","0","0","0","0","HP +500
Prismatic resistance (moderate)","Quick Cast 4/5/6/7/8%","S","1","","","","","","","","S","1","","","","","","","","23380424",""