"Character","Img","Name","HA Ver","Type","Target","Formula","Multiplier","Element","Time","Effects","Counter","Auto Target","SB","Uses","Max","Orb 1 Required","1-R1","1-R2","1-R3","1-R4","1-R5","Orb 2 Required","2-R1","2-R2","2-R3","2-R4","2-R5","Orb 3 Required","3-R1","3-R2","3-R3","3-R4","3-R5","School","Name (JP)","ID","✓"
"Tyro","","Judgment Grimoire","HA1","NAT","Single enemy","Hybrid","","Fire, Ice, Lightning, Earth, Wind, Water, Holy, Dark, Poison, NE","1.65","Three single ranged hybrid attacks (1.00 or 3.30 each)","Y","Lowest HP% enemy","120","2","10","Power Crystal","-","10","15","50","75","Black Crystal","-","5","10","25","35","Non-Elemental Crystal","-","5","10","25","35","Support","断撃のグリモア","30161251","✓"
"Tyro","","Acicular Grimoire","HA2","NAT","Single enemy","Hybrid","","Fire, Ice, Lightning, Earth, Wind, Water, Holy, Dark, Poison, NE","1.65","Five single ranged hybrid attacks (1.10 or 3.50 each)","Y","Lowest HP% enemy","90","2","10","Power Crystal","-","10","15","50","75","Black Crystal","-","5","10","25","35","Non-Elemental Crystal","-","5","10","25","35","Support","鋭鋒のグリモア","30161321","✓"
"Elarra","","Fabula Heal","HA1","WHT","All allies","","","","1.65","Restores HP (20), smart ether 1 every fourth activation","N","All allies","100","2","10","White Crystal","-","10","15","50","75","Non-Elemental Crystal","-","5","10","25","35","Holy Crystal","-","5","10","25","35","White Magic","ファブラ・ヒール","30121501","✓"
"Biggs","","Boulder Blow","HA1","PHY","Single enemy","Physical","7.10","Earth, Holy","1.65","One single attack (7.10) capped at 99999","Y","Lowest HP% enemy","90","2","10","Power Crystal","-","5","10","25","35","Earth Crystal","-","5","10","25","35","Holy Crystal","-","10","15","50","75","Knight","オレ様流・聖岩裂斬","30211331","✓"
"Biggs","","Unshackled Power","HA2","PHY","Single enemy","Physical","6.60","Earth, Holy","1.65","Six single attacks (1.10 each)","Y","Lowest HP% enemy","90","2","10","Power Crystal","-","10","15","50","75","Earth Crystal","-","5","10","25","35","Holy Crystal","-","5","10","25","35","Knight","オレ様流マッスル全開","30211471","✓"
"Wedge","","Trickster","HA1","NAT","Single enemy","Hybrid","","Wind","1.65","Six single ranged hybrid attacks (1.10 or 3.50 each), removes negative effects from all allies every four uses","Y","Lowest HP% enemy","90","2","10","Black Crystal","-","10","15","50","75","Non-Elemental Crystal","-","5","10","25","35","Wind Crystal","-","5","10","25","35","Black Magic","トリックスター","30111571","✓"
"Wedge","","Star Drive","HA2","NAT","Single enemy","Hybrid","","Wind","1.20","4/5/6/7 single hybrid attacks (1.00 or 3.30 each) after 0/1/2/3+ uses. Uses resets with KO.","Y","Lowest HP% enemy","80","2","10","Power Crystal","-","5","10","25","35","Non-Elemental Crystal","-","5","10","25","35","Wind Crystal","-","10","15","50","75","Thief","スタードライブ","30201311","✓"
"Dr. Mog","","Dr. Mog's Secret","HA1","BLK","Single","Magical","13.20","Fire, Ice, Lightning, Earth, Wind, Water, Holy, Dark, Poison, NE","1.65","Four single attacks (3.30 each)","Y","Lowest HP% enemy","90","2","10","Black Crystal","-","10","15","50","75","Non-Elemental Crystal","-","5","10","25","35","Fire Crystal","-","5","10","25","35","Black Magic","Dr.モグの秘技","30111501","✓"
"Dr. Mog","","Dr. Mog's Trump Card","HA2","SUM","Single enemy","Magical","25.60","Fire, Ice, Lightning, Earth, Wind, Water, Holy, Dark, Poison, NE","1.80","One single attack (25.60) capped at 99999, minimum damage 2000","N","Lowest HP% enemy","90","2","6","Summoning Crystal","-","10","15","50","75","Non-Elemental Crystal","-","5","10","25","35","Fire Crystal","-","5","10","25","35","Summoning","Dr.モグの切り札","30131561","✓"
"Dr. Mog","","Dr. Mog's Water Vortex","HA3","BLK","Single enemy","Magical","","Water","","Six single attacks (? each)","Y","Lowest HP% enemy","","2","10","Black Crystal","-","10","15","50","75","Fire Crystal","-","5","10","25","35","Ice Crystal","-","5","10","25","35","Black Magic","Dr.モグの水渦","30111791","✓"
"Shadowsmith","","Chaotic Esper","HA1","NAT","Single enemy","Hybrid","","Fire, Ice, Lightning, Earth, Wind, Water, Holy, Dark, Poison, NE","","Five single ranged hybrid attacks (? or ? each)","?","Lowest HP% enemy","","2","6","Power Crystal","-","5","10","25","35","Summoning Crystal","-","10","15","50","75","Non-Elemental Crystal","-","5","10","25","35","Summoning","混沌の幻獣","30131651",""
"Warrior of Light","","Radiant Sword","HA1","PHY","Single enemy","Physical","4.00","Holy","1.65","Four single ranged attacks (1.00 each), grants [Buff Holy 10% (15s)] to all allies every third activation","Y","Lowest HP% enemy","90","2","10","Power Crystal","-","10","15","50","75","White Crystal","-","5","10","25","35","Holy Crystal","-","5","10","25","35","Knight","レディアントソード","30211211","✓"
"Warrior of Light","","Crossover","HA2","PHY","Single enemy","Physical","6.60","Holy","1.65","Six single attacks (1.10 each)","Y","Lowest HP% enemy","90","2","10","Power Crystal","-","5","10","25","35","Non-Elemental Crystal","-","5","10","25","35","Holy Crystal","-","10","15","50","75","Knight","クロスオーバー","30211371","✓"
"Garland","","Chaos Bringer","HA1","PHY","Single enemy","Physical","5.50","Dark","1.65","Five single ranged attacks (1.10 each), grants [ATK +30%, DEF and RES -30% (8s)] to the user","Y","Lowest HP% enemy","90","2","10","Power Crystal","-","5","10","25","35","Non-Elemental Crystal","-","5","10","25","35","Dark Crystal","-","10","15","50","75","Darkness","カオスブリンガー","30271281","✓"
"Garland","","Soul of Chaos","HA2","?","Single enemy","Physical","","Dark","","Six single attacks (? each)","?","Lowest HP% enemy","","2","10","Power Crystal","-","5","10","25","35","Non-Elemental Crystal","-","5","10","25","35","Dark Crystal","-","10","15","50","75","Heavy","ソウルオブカオス","30311171",""
"Sarah","","Sacred Prayer","HA1","NAT","All allies","","","","1.65","Restores 1500 HP and grants [10% Damage Reduction Barrier 1]","N","All allies","100","2","10","White Crystal","-","10","15","50","75","Earth Crystal","-","5","10","25","35","Holy Crystal","-","5","10","25","35","White Magic","聖なる祈り","30121431","✓"
"Sarah","","Healing Melody","HA2","?","All allies","","","","","Restores HP (?)","?","All allies","","2","10","White Crystal","-","5","10","25","35","Earth Crystal","-","10","15","50","75","Holy Crystal","-","5","10","25","35","Bard","癒しの音色","30241181",""
"Wol","","Dancing Edge","HA1","PHY","Single enemy","Physical","5.50","Earth, Holy","3.30","Five single attacks (1.10 each), causes [Imperil Earth 10% (5s)] and [Imperil Holy 10% (5s)] ","Y","Lowest HP% enemy","90","2","10","Power Crystal","-","5","10","25","35","Earth Crystal","-","5","10","25","35","Holy Crystal","-","10","15","50","75","Knight","ダンシングエッジ","30211401","✓"
"Wol","","Arc Slash","HA2","?","Single enemy","Physical","","Earth, Holy","","Six single attacks (? each), ?/?/?/?/? cast time scaling with [Arc Slash Uses]","?","Lowest HP% enemy","","2","10","Power Crystal","-","10","15","50","75","Earth Crystal","-","5","10","25","35","Holy Crystal","-","5","10","25","35","Heavy","ラウンドスラッシュ","30311201",""
"Echo","","Echo's Prize","HA1","NAT","All allies","","","","1.65","Restores 800/1100/1400/1700/2000 HP scaling with uses","N","All allies","100","2","10","White Crystal","-","5","10","25","35","Holy Crystal","-","10","15","50","75","Dark Crystal","-","5","10","25","35","Dancer","エコーのご褒美","30251161","✓"
"Echo","","Echoing Mischief","HA2","?","Single enemy","Magical","","Lightning","","Four single attacks (? each), causes [DEF and RES -?% (?s)]","?","Lowest HP% enemy","","2","10","Black Crystal","-","10","15","50","75","Lightning Crystal","-","5","10","25","35","Holy Crystal","-","5","10","25","35","Dancer","エコーのいたずら","30251191",""
"Master","","Fighting Frenzy","HA1","PHY","Single enemy","Physical","5.75","Earth, Fire, Lightning","1.65","Five single attacks (0.95/1.00/1.05/1.10/1.15 each) scaling with uses, causes [DEF, RES and MND -15% (8s)] to the user","Y","Lowest HP% enemy","90","2","10","Fire Crystal","-","5","10","25","35","Lightning Crystal","-","5","10","25","35","Earth Crystal","-","10","15","50","75","Monk","闘魂乱舞","30191381","✓"
"Matoya","","Inner Eye","HA1","BLK","Single","Magical","17.10","Fire, Ice, Lightning","2.60","Six single attacks (2.85 each)","Y","Lowest HP% enemy","90","2","10","Fire Crystal","-","5","10","25","35","Ice Crystal","-","5","10","25","35","Dark Crystal","-","10","15","50","75","Witch","真眼の魔女","30301141","✓"
"Meia","","Pallida Mors","HA1","BLK","Single enemy","Magical","21.00","Water","1.65","Six single attacks (3.50 each)","Y","Lowest HP% enemy","90","2","10","Black Crystal","-","10","15","50","75","Fire Crystal","-","5","10","25","35","Ice Crystal","-","5","10","25","35","Black Magic","パッリダ・モルス","30111461","✓"
"Meia","","Surging Wave","HA2","?","Single enemy","Magical","","Water","","Five single attacks (? each), grants [Buff Water 10% (?s)] to the user every second activation","?","Lowest HP% enemy","","2","10","Black Crystal","-","5","10","25","35","Non-Elemental Crystal","-","5","10","25","35","Ice Crystal","-","10","15","50","75","Witch","グロス・ヴァーグ","30301291",""
"Thief (I)","","Invisibreak","HA1","PHY","Single enemy","Physical","6.60","Wind, Poison","2.40","Six single attacks (1.10 each), cast time 2.40/2.00/1.60/1.20 scaling with [Invisibreak Uses]","Y","Lowest HP% enemy","90","2","10","Non-Elemental Crystal","-","5","10","25","35","Wind Crystal","-","10","15","50","75","Dark Crystal","-","5","10","25","35","Thief","インビジブレイク","30201241","✓"
"Firion","","Wild Rose","HA1","PHY","Single enemy","Physical","4.00","Holy, Ice, Fire","1.65","Four single attacks (1.00 each), heals the user for 20% of the damage dealt","Y","Lowest HP% enemy","90","2","10","Non-Elemental Crystal","-","10","15","50","75","Ice Crystal","-","5","10","25","35","Holy Crystal","-","5","10","25","35","Samurai","のばら","30221211","✓"
"Firion","","Lord of Arms","HA2","PHY","Single enemy","Physical","5.50","Holy, Ice, Fire","1.65","Five single attacks (1.10 each)","Y","Lowest HP% enemy","90","2","10","Non-Elemental Crystal","-","10","15","50","75","Ice Crystal","-","5","10","25","35","Holy Crystal","-","5","10","25","35","Samurai","ロードオブアームズ","30221271","✓"
"Maria","","Kerplode VIII","HA1","BLK","Single","Magical","21.00","Earth","1.80","Six single attacks (3.50 each)","Y","Lowest HP% enemy","90","2","10","Black Crystal","-","10","15","50","75","Earth Crystal","-","5","10","25","35","Dark Crystal","-","5","10","25","35","Black Magic","ばくは8","30111381","✓"
"Guy","","Gigantbreak","HA1","PHY","Single enemy","Physical","5.50","Earth","1.65","Five single attacks (1.10 each), causes [Imperil Earth 10% (5s)]","Y","Lowest HP% enemy","90","2","10","Power Crystal","-","5","10","25","35","Non-Elemental Crystal","-","5","10","25","35","Earth Crystal","-","10","15","50","75","Monk","ギガントブレイク","30191401","✓"
"Leon","","Darkness Breaker","HA1","PHY","Single enemy","Physical","6.60","Dark","1.65","Six single attacks (1.10 each)","Y","Lowest HP% enemy","90","2","10","Power Crystal","-","5","10","25","35","Non-Elemental Crystal","-","5","10","25","35","Dark Crystal","-","10","15","50","75","Darkness","ダークネスブレイカー","30271361","✓"
"Minwu","","Holy VII","HA1","WHT","Single","Magical","21.30","Holy","1.65","Six single attacks (3.55 each)","Y","Lowest HP% enemy","90","2","10","White Crystal","-","10","15","50","75","Ice Crystal","-","5","10","25","35","Holy Crystal","-","5","10","25","35","White Magic","ホーリー8","30121341","✓"
"Minwu",""," Seal of Heaven","HA2","WHT","Single enemy","Magical","10.05","Holy","1.65","Four single attacks (3.35), causes [Imperil Holy 10% (15s)] every second activation","Y","Lowest HP% enemy","90","2","10","White Crystal","-","10","15","50","75","Non-Elemental Crystal","-","5","10","25","35","Holy Crystal","-","5","10","25","35","White Magic","天命の解印","30121581","✓"
"Gordon","","Mark of Resolve","HA1","NAT","Single ally","","","","1.65","Transfers the user's Soul Break points to the target, grants [Quick Cast 1]","N","Random ally prioritizing self last","100","2","10","Power Crystal","-","10","15","50","75","White Crystal","-","5","10","25","35","Black Crystal","-","5","10","25","35","Support","決意の表れ","30161261","✓"
"Gordon","","Flames of Kashuan","HA2","NAT","Single Enemy","Hybrid","","Fire","1.65","4 single hybrid attacks (1.00 or 3.30 each), causes [DEF -50% (8s)] or [RES -50% (8s)] depending on higher stat of ATK/MAG","N","Lowest HP% enemy","120","2","10","White Crystal","-","10","15","50","75","Power Crystal","-","5","10","25","35","Black Crystal","-","5","10","25","35","Support","カシュオーンの炎","30161361",""
"Leila","","Pirate Anchor","HA1","PHY","Single enemy","Physical","5.50","Water, Poison","1.20","Five single attacks (1.10 each), causes [ATK and MAG -50% (8s)] every second activation","Y","Lowest HP% enemy","80","2","10","Ice Crystal","-","5","10","25","35","Wind Crystal","-","10","15","50","75","Dark Crystal","-","5","10","25","35","Thief","パイレーツアンカー","30201191","✓"
"Ricard","","Pride of Deist","HA1","PHY","Single enemy","Physical","6.90","Wind, Lightning, Water, Dark","1.50","Six single ranged jump attacks (1.15 each), air time (2.50 sec.)","Y","Lowest HP% enemy","90","2","10","Lightning Crystal","-","5","10","25","35","Wind Crystal","-","10","15","50","75","Dark Crystal","-","5","10","25","35","Dragoon","プライドオブディスト","30181281","✓"
"Ricard","","Will of the Dragoon","HA2","PHY","Single enemy","Physical","4.00","Wind, Lightning, Water, Dark","1.65","Four single ranged attacks (1.00 each), grants [No Air Time 3] to the user","Y","Lowest HP% enemy","90","2","10","Lightning Crystal","-","5","10","25","35","Wind Crystal","-","5","10","25","35","Dark Crystal","-","10","15","50","75","Dragoon","決死の竜撃","30181381","✓"
"Josef","","Heroic Barrage","HA1","PHY","Single enemy","Physical","4.00","Ice","1.65","Four single attacks (1.00 each), grants [10% Damage Reduction Barrier 1] to all allies","Y","Lowest HP% enemy","90","2","10","Non-Elemental Crystal","-","10","15","50","75","Ice Crystal","-","5","10","25","35","Earth Crystal","-","5","10","25","35","Monk","漢の乱打","30191251","✓"
"Josef","","Hero's Smash","HA2","PHY","Single enemy","Physical","6.60","Ice","1.65","Six single attacks (1.10 each)","Y","Lowest HP% enemy","90","2","10","Power Crystal","-","5","10","25","35","Ice Crystal","-","10","15","50","75","Earth Crystal","-","5","10","25","35","Monk","漢の拳骨","30191371","✓"
"Emperor","","Starfall","HA1","BLK","Single enemy","Magical","9.90","Dark, Earth, Wind","1.65","Three single attacks (3.30 each), causes [Imperil Dark 10% (5s)], [Imperil Earth 10% (5s)] and [Imperil Wind 10% (5s)]","Y","Lowest HP% enemy","90","2","10","Black Crystal","-","10","15","50","75","Earth Crystal","-","5","10","25","35","Dark Crystal","-","5","10","25","35","Black Magic","いんせき","30111531","✓"
"Emperor","","Repentance Thorns","HA2","BLK","Single","Magical","17.50","Dark, Earth, Wind","1.65","Five single attacks (3.50 each)","Y","Lowest HP% enemy","90","2","10","Black Crystal","-","10","15","50","75","Earth Crystal","-","5","10","25","35","Dark Crystal","-","5","10","25","35","Black Magic","リペンテンスの棘","30111721","✓"
"Hilda","","Wild Rose Prayer","HA1","NAT","All allies","","","","1.65","Restores 1500 HP, grants [10% Damage Reduction Barrier 1]","N","All allies","100","2","10","White Crystal","-","5","10","25","35","Earth Crystal","-","10","15","50","75","Holy Crystal","-","5","10","25","35","Bard","のばらの祈り","30241141","✓"
"Hilda","","Road to Victory","HA2","?","All allies","","","","","Restores HP (?)","?","All allies","","2","10","White Crystal","-","10","15","50","75","Non-Elemental Crystal","-","5","10","25","35","Holy Crystal","-","5","10","25","35","White Magic","勝利への歩み","30121631",""
"Scott","","Ring of Love","HA1","PHY","Single enemy","Physical","6.90","Fire","1.65","Six single attacks (1.05/1.15 each) if 0/1+ of Gordon or Hilda are alive","Y","Lowest HP% enemy","90","2","10","Power Crystal","-","10","15","50","75","Non-Elemental","-","5","10","25","35","Fire Crystal","-","5","10","25","35","Spellblade","愛のリング","30141371","✓"
"Luneth","","Jump (III)","HA1","PHY","Single enemy","Physical","6.60","Wind","1.65","Six single ranged jump attacks (1.10 each)","Y","Lowest HP% enemy","90","2","10","Lightning Crystal","-","5","10","25","35","Earth Crystal","-","5","10","25","35","Wind Crystal","-","10","15","50","75","Dragoon","ジャンプ【III】","30181241","✓"
"Luneth","","Heavenly Gust","HA2","PHY","Single enemy","Physical","3.00","Wind","1.65","Three single ranged jump attacks (1.00 each), grants [Instant Cast 1] to the user","Y","Lowest HP% enemy","90","2","10","Power Crystal","-","5","10","25","35","Non-Elemental Crystal","-","5","10","25","35","Wind Crystal","-","10","15","50","75","Dragoon","天空の一閃","30181351","✓"
"Arc","","Auroral Leviath","HA1","NAT","Single enemy","Magical","","Holy, Water","1.65","Five single hybrid attacks (3.55 or 4.95 each), minimum damage 2000 (SUM only)","N","Lowest HP% enemy","90","2","10","White Crystal","-","5","10","25","35","Summoning Crystal","-","5","10","25","35","Holy Crystal","-","10","15","50","75","White Magic","優心リバイア","30121451","✓"
"Arc","","Grace of Water","HA2","SUM","Single enemy","Magical","19.80","Holy, Water","3.30","Four single attacks (4.95 each), minimum damage 2000, grants [Buff Holy 10% (15s)] and [Buff Water 10% (15s)] to all allies every third activation","N","Lowest HP% enemy","90","2","6","White Crystal","-","5","10","25","35","Summoning Crystal","-","5","10","25","35","Holy Crystal","-","10","15","50","75","Summoning","グレイスオブウォータ","30131571","✓"
"Refia","","Blazing Fists","HA1","PHY","Single enemy","Physical","6.60","Fire","1.65","Six single attacks (1.10 each)","Y","Lowest HP% enemy","90","2","10","Non-Elemental Crystal","-","5","10","25","35","Fire Crystal","-","10","15","50","75","Earth Crystal","-","5","10","25","35","Monk","烈火の鍛拳","30191301","✓"
"Ingus","","Titan's Blade","HA1","PHY","Single enemy","Physical","4.00","Earth","1.65","Four single attacks (1.00 each), grants [Buff Earth 10% (15s)] to all allies every third activation","Y","Lowest HP% enemy","90","2","10","Holy Crystal","-","10","15","50","75","Power Crystal","-","5","10","25","35","Earth Crystal","-","5","10","25","35","Knight","ティターンブレード","30211241","✓"
"Ingus","","Oathsworn Espada","HA2","PHY","Single enemy","Physical","6.30","Earth","1.65","Six single attacks (1.05/1.10/1.15 each) at 0/1000/4500 DEF","Y","Lowest HP% enemy","90","2","10","Power Crystal","-","5","10","25","35","Earth Crystal","-","5","10","25","35","Holy Crystal","-","10","15","50","75","Knight","忠誠のエスパーダ","30211421","✓"
"Desch","","Bolt of the Ancients","HA1","BLK","Single enemy","Magical","13.20","Lightning","1.65","Four single attacks (3.30 each), grants [Buff Lightning 10% (15s)] to all allies every third activation","Y","Lowest HP% enemy","90","2","10","Black Crystal","-","10","15","50","75","Lightning Crystal","-","5","10","25","35","Dark Crystal","-","5","10","25","35","Black Magic","古代の雷閃","30111591","✓"
"Desch","","Ancient Lightning","HA2","BLK","Single enemy","Magical","21.00","Lightning","1.65","Six single attacks (3.50 each)","Y","Lowest HP% enemy","90","2","10","Black Crystal","-","10","15","50","75","Lightning Crystal","-","5","10","25","35","Dark Crystal","-","5","10","25","35","Black Magic","太古の迅雷","30111731","✓"
"Onion Knight","","Onion Wizardry","HA1","BLK","Single","Magical","17.50","Wind, Water, Fire, Earth","1.80","Five single attacks (3.50 each)","Y","Lowest HP% enemy","90","2","10","Black Crystal","-","10","15","50","75","Fire Crystal","-","5","10","25","35","Ice Crystal","-","5","10","25","35","Black Magic","たまねぎ大魔法","30111371","✓"
"Onion Knight","","Multi-Hit","HA2","PHY","Single enemy","Physical","5.50","Wind, Water, Fire, Earth","1.20","Five single attacks (1.10 each)","Y","Lowest HP% enemy","80","2","10","Power Crystal","-","10","15","50","75","Non-Elemental Crystal","-","5","10","25","35","Wind Crystal","-","5","10","25","35","Celerity","連続ヒット","30171301","✓"
"Onion Knight","","Wheeling Thrust","HA3","?","Single enemy","Physical","","Wind, Water, Fire, Earth","","4/5/6 single attacks (? each) if the user has [Physical Blink 0/1/2], grants [Physical Blink 1] and [Physical Blink Stacking 2] to the user","?","Lowest HP% enemy","","2","10","Fire Crystal","-","5","10","25","35","Ice Crystal","-","5","10","25","35","Wind Crystal","-","10","15","50","75","Ninja","大車輪","30231331",""
"Cloud of Darkness","","Wave Cannon","HA1","BLK","Single","Magical","22.50","Dark","1.65","One single attack (22.50) capped at 99999","Y","Lowest HP% enemy","90","2","10","Black Crystal","-","5","10","25","35","Non-Elemental Crystal","-","5","10","25","35","Dark Crystal","-","10","15","50","75","Darkness","はどうほう","30271271","✓"
"Cloud of Darkness","","Insulating Appendages","HA2","BLK","Single","Magical","17.50","Dark, Lightning","1.65","Five single attacks (3.50 each)","Y","Lowest HP% enemy","90","2","10","Non-Elemental Crystal","-","5","10","25","35","Lightning Crystal","-","5","10","25","35","Dark Crystal","-","10","15","50","75","Darkness","隔たりの触手","30271351","✓"
"Cloud of Darkness","","Lightning Thorns","HA3","?","Single","Magical","","Lightning","","Seven single attacks (? each), cast time ?/?/?/?/? scaling with [Lightning Thorns Uses]","?","Lowest HP% enemy","","2","10","Black Crystal","-","5","10","25","35","Lightning Crystal","-","10","15","50","75","Dark Crystal","-","5","10","25","35","Witch","でんげきばり","30301261",""
"Aria","","Maiden of Water","HA1","WHT","All allies","","","","1.20","Restores HP (17.50)","N","All allies","90","2","10","White Crystal","-","10","15","50","75","Earth Crystal","-","5","10","25","35","Holy Crystal","-","5","10","25","35","White Magic","水の巫女","30121541","✓"
"Aria","","Prismatic Light","HA2","NAT","All allies","","","","1.65","Grants [HP Stock (1500)], grants [Magical High Quick Cast 1] every second activation","N","All allies","100","2","10","White Crystal","-","5","10","25","35","Earth Crystal","-","10","15","50","75","Holy Crystal","-","5","10","25","35","Bard","虹の光","30241161","✓"
"Cecil (Dark Knight)","","Darkness","HA1","PHY","All enemies","Physical","5.94","Dark","1.65","Six group ranged attacks (0.99~1.18 scaling with targets), damages the user for 10% max HP","Y","All enemies","90","2","10","Black Crystal","-","5","10","25","35","Earth Crystal","-","5","10","25","35","Dark Crystal","-","10","15","50","75","Darkness","あんこく","30271181","✓"
"Cecil (Dark Knight)","","Shadowbringer","HA2","?","Single enemy","Physical","","Dark","","Five single attacks (? each), grants [Buff Dark 10% (?s)] to the user every second activation","?","Lowest HP% enemy","","2","10","Black Crystal","-","10","15","50","75","Earth Crystal","-","5","10","25","35","Dark Crystal","-","5","10","25","35","Darkness","シャドウブリンガー","30271421",""
"Cecil (Paladin)","","Paladin Force","HA1","NAT","Single enemy","Hybrid","","Holy","1.65","Five single hybrid attacks (1.10 or 3.55 each), restores 2000 HP to the lowest HP% ally","Y","Lowest HP% enemy","90","2","10","White Crystal","-","5","10","25","35","Non-Elemental Crystal","-","5","10","25","35","Holy Crystal","-","10","15","50","75","Knight","パラディンフォース","30211181","✓"
"Cecil (Paladin)","","Saint's Fall","HA2","?","Single enemy","Hybrid","","Holy","","Six single hybrid attacks (? or ? each)","?","Lowest HP% enemy","","2","10","White Crystal","-","10","15","50","75","Non-Elemental Crystal","-","5","10","25","35","Holy Crystal","-","5","10","25","35","White Magic","セイントダイブ","30121661",""
"Kain","","Dragoon's Pride","HA1","PHY","Single enemy","Physical","6.90","Lightning, Dark","1.50","Six single ranged jump attacks (1.15 each), air time (2.50 sec.)","Y","Lowest HP% enemy","90","2","10","Lightning Crystal","-","10","15","50","75","Wind Crystal","-","5","10","25","35","Dark Crystal","-","5","10","25","35","Dragoon","プライドオブドラグーン","30181201","✓"
"Kain","","Gungnir","HA2","PHY","Single enemy","Physical","4.00","Lightning, Dark","1.65","Four single ranged attacks (1.00 each), grants [No Air Time 3] to the user","Y","Lowest HP% enemy","90","2","10","Lightning Crystal","-","10","15","50","75","Earth Crystal","-","5","10","25","35","Dark Crystal","-","5","10","25","35","Dragoon","グングニル","30181321","✓"
"Rydia","","Summoner's Band","HA1","SUM","All enemies","Magical","19.80","Water, Earth, Holy","1.80","Four group attacks (4.95 each), minimum damage 2000","N","All enemies","90","2","6","Summoning Crystal","-","10","15","50","75","Ice Crystal","-","5","10","25","35","Holy Crystal","-","5","10","25","35","Summoning","サモナーズバンド","30131441","✓"
"Rydia","","Law of the Eidolons","HA2","SUM","All enemies","Magical","24.75","Water, Earth, Holy","3.30","Five group attacks (4.95 each), minimum damage 2000, 3.30/2.90/2.475/2.075/1.65s cast time scaling with [Law of the Eidolons Uses]","N","All enemies","90","2","6","Summoning Crystal","-","5","10","25","35","Earth Crystal","-","10","15","50","75","Holy Crystal","-","5","10","25","35","Summoning","幻獣界の掟","30131621","✓"
"Rosa","","Pray","HA1","WHT","All allies","","","","1.65","Restores HP (20), smart ether 1 every fourth activation","N","All allies","100","2","10","White Crystal","-","10","15","50","75","Non-Elemental Crystal","-","5","10","25","35","Holy Crystal","-","5","10","25","35","White Magic","いのり","30121381","✓"
"Edward","","Fabled Song","HA1","NAT","All allies","","","","1.65","Grants [111% Quick Cast 1]/[125% Quick Cast 1]/[142% Quick Cast 1]/[166% Quick Cast 1]/[Quick Cast 1], grants [Wanderer 1/2/3/4/4] to the user if the user has Wanderer [0/1/2/3/4]","N","All allies","100","2","10","White Crystal","-","5","10","25","35","Earth Crystal","-","10","15","50","75","Holy Crystal","-","5","10","25","35","Bard","伝説の歌","30241171","✓"
"Yang","","Fist Dance","HA1","PHY","Single enemy","Physical","6.30","Earth","1.65","Six single attacks (1.05/1.15 each) if Ursula isn't/is alive","Y","Lowest HP% enemy","90","2","10","Power Crystal","-","5","10","25","35","Non-Elemental Crystal","-","5","10","25","35","Earth Crystal","-","10","15","50","75","Monk","拳の舞","30191341","✓"
"Palom","","Magic Barrage","HA1","BLK","Single","Magical","17.50","Lightning, Fire, Ice","1.65","Five single attacks (3.50 each)","Y","Lowest HP% enemy","90","2","10","Black Crystal","-","10","15","50","75","Ice Crystal","-","5","10","25","35","Lightning Crystal","-","5","10","25","35","Black Magic","魔法乱れ撃ち","30111681","✓"
"Porom","","Healing Tears","HA1","WHT","All allies","","","","1.65","Restores HP (15), grants [HP Stock (1000)]","N","All allies","100","2","10","White Crystal","-","10","15","50","75","Non-Elemental Crystal","-","5","10","25","35","Holy Crystal","-","5","10","25","35","White Magic","ティアーズヒール","30121481","✓"
"Porom","","Healing Wind (IV)","HA2","WHT","All allies","","","","1.65","Restores HP (20), grants [Magical Quick Cast 1] every second cast if Palom is alive","N","All allies","100","2","10","White Crystal","-","10","15","50","75","Non-Elemental Crystal","-","5","10","25","35","Holy Crystal","-","5","10","25","35","White Magic","癒しの風【IV】","30121551","✓"
"Tellah","","Dire Meteor","HA1","BLK","Single enemy","Magical","32.40","Earth","1.65","Four single attacks (3.50 each), followed by one single attack (18.40) that ignores RES","Y","Lowest HP% enemy","90","2","10","Black Crystal","-","10","15","50","75","Earth Crystal","-","5","10","25","35","Dark Crystal","-","5","10","25","35","Black Magic","決死のメテオ","30111601","✓"
"Tellah","","Grand Astron","HA2","?","Single enemy","Magical","","Earth","","Four single attacks (? each), grants [Buff Earth 10% (?s)] to all allies every third activation","?","Lowest HP% enemy","","2","10","Black Crystal","-","10","15","50","75","Earth Crystal","-","5","10","25","35","Dark Crystal","-","5","10","25","35","Black Magic","グランドアストロン","30111921",""
"Edge","","Ninjutsu","HA1","NAT","Single enemy","Hybrid","","Water, Fire, Lightning","0.83","4/5/6 single hybrid attacks (1.10 or 525.00 each) if the user has [Physical Blink 0/1/2], grants [Physical Blink 1] and [Physical Blink Stacking 2] to the user","Y","Lowest HP% enemy","80","2","10","Fire Crystal","-","5","10","25","35","Ice Crystal","-","5","10","25","35","Dark Crystal","-","10","15","50","75","Ninja","にんじゅつ","30231221","✓"
"Edge","","Bio Ninjutsu","HA2","NAT","Single enemy","Hybrid","","Poison","","4 single-target Bio hybrid attacks & single-target Bio piercing hybrid attack","Y","Lowest HP% enemy","","2","10","Power Crystal","-","5","10","25","35","Non-Elemental Crystal","-","5","10","25","35","Dark Crystal","-","10","15","50","75","Ninja","にんじゅつ・毒","30231311","✓"
"Fusoya","","Bless","HA1","WHT","Single enemy","Magical","17.75","Holy","1.65","Five single attacks (3.55 each), causes [Imperil Holy 10% (5s)]","Y","Lowest HP% enemy","90","2","10","White Crystal","-","10","15","50","75","Non-Elemental Crystal","-","5","10","25","35","Holy Crystal","-","5","10","25","35","White Magic","せいしんは","30121511","✓"
"Golbez","","Shadow Drake","HA1","BLK","Single enemy","Magical","21.00","Dark","1.65","Six single attacks (3.50 each)","Y","Lowest HP% enemy","90","2","10","Black Crystal","-","5","10","25","35","Non-Elemental Crystal","-","5","10","25","35","Dark Crystal","-","10","15","50","75","Darkness","こくりゅう","30271171","✓"
"Golbez","","Abyss Rock","HA2","BLK","Single enemy","Magical","17.50","Dark","1.65","Five single attacks (3.50 each), causes [Imperil Dark 10% (5s)]","Y","Lowest HP% enemy","90","2","10","Dark Crystal","-","5","10","25","35","Non-Elemental Crystal","-","5","10","25","35","Black Cystal","-","10","15","50","75","Darkness","アビスロック","30271381","✓"
"Cid (IV)","","Monkey Wrench","HA1","PHY","Single enemy","Physical","5.50","Lightning","0.01","Five single ranged attacks (1.10 each)","Y","Lowest HP% enemy","70","2","10","Power Crystal","-","5","10","25","35","Lightning Crystal","-","10","15","50","75","Wind Crystal","-","5","10","25","35","Machinist","改造","30261301","✓"
"Cid (IV)","","Thor's Mighty Hammer","HA2","PHY","Single enemy","Physical","7.10","Lightning","1.65","One single ranged attack (7.10) capped at 99999","Y","Lowest HP% enemy","90","2","10","Non-Elemental Crystal","-","5","10","25","35","Lightning Crystal","-","10","15","50","75","Wind Crystal","-","5","10","25","35","Machinist","ビッグトールハンマー","30261321","✓"
"Ceodore","","Vibra Slash","HA1","PHY","Single enemy","Physical","6.60","Holy","1.65","Six single attacks (1.10 each)","Y","Lowest HP% enemy","90","2","10","Power Crystal","-","5","10","25","35","White Crystal","-","5","10","25","35","Holy Crystal","-","10","15","50","75","Knight","バイブレイ・スラッシュ","30211291","✓"
"Rubicante","","Inferno (IV)","HA1","BLK","Single","Magical","17.50","Fire","1.65","Five single attacks (3.50 each), causes [Imperil Fire 10% (5s)]","Y","Lowest HP% enemy","90","2","10","Black Crystal","-","10","15","50","75","Fire Crystal","-","5","10","25","35","Dark Crystal","-","5","10","25","35","Black Magic","かえんりゅう","30111691","✓"
"Ursula","","Five Star Crimson Palm","HA1","PHY","Single enemy","Physical","6.60","Earth","1.65","Six single attacks (1.10 each), cast time 0.825 if Yang is alive","Y","Lowest HP% enemy","90","2","10","Power Crystal","-","5","10","25","35","Fire Crystal","-","5","10","25","35","Earth Crystal","-","10","15","50","75","Monk","五星紅天掌","30191351","✓"
"Barbariccia","","Whirlwind","HA1","BLK","Single enemy","Magical","17.50","Wind","0.01","Five single attacks (3.50 each)","Y","Lowest HP% enemy","70","2","10","Black Crystal","-","10","15","50","75","Non-Elemental Crystal","-","5","10","25","35","Wind Crystal","-","5","10","25","35","Black Magic","たつまき","30111451","✓"
"Barbariccia","","Maelstrom","HA2","?","Single","Magical","","Wind","","Seven single attacks (? each)","?","Lowest HP% enemy","","2","10","Black Crystal","-","10","15","50","75","Ice Crystal","-","5","10","25","35","Wind Crystal","-","5","10","25","35","Black Magic","ミールストーム","30111811",""
"Lenna","","Tycoon Cure","HA1","WHT","All allies","","","","1.20","Restores HP (17.50)","N","All allies","90","2","10","White Crystal","-","10","15","50","75","Earth Crystal","-","5","10","25","35","Holy Crystal","-","5","10","25","35","White Magic","タイクーン・ケアル","30121361","✓"
"Galuf","","Fist of the Dawn","HA1","PHY","Single enemy","Physical","5.50","Earth","1.65","Five single attacks (1.10 each), grants [40% Damage Reduction Barrier 1] to the user","Y","Lowest HP% enemy","90","2","10","Power Crystal","-","5","10","25","35","Non-Elemental Crystal","-","5","10","25","35","Earth Crystal","-","10","15","50","75","Monk","暁の一撃","30191261","✓"
"Galuf","","Dawn Strike","HA2","?","Single enemy","Physical","","Earth","","Six single attacks (? each)","?","Lowest HP% enemy","","2","10","Power Crystal","-","5","10","25","35","Non-Elemental Crystal","-","10","15","50","75","Earth Crystal","-","5","10","25","35","Combat","暁の剣撃","30151241",""
"Gogo (V)","","Total Mastery","HA1","BLK","Single","Magical","17.50","Water","1.65","Five single attacks (3.50 each), causes [Imperil Water 10% (5s)]","Y","Lowest HP% enemy","90","2","10","Black Crystal","-","10","15","50","75","Fire Crystal","-","5","10","25","35","Ice Crystal","-","5","10","25","35","Black Magic","めんきょかいでん","30111671","✓"
"Gilgamesh","","Death Claw","HA1","PHY","Single enemy","Physical","5.70","Fire","1.65","Six single attacks (0.95 each), 100% additional critical chance if user has [Retaliate] or [High Retaliate], removes [Retaliate] and [High Retaliate] from the user","Y","Lowest HP% enemy","90","2","10","Power Crystal","-","5","10","25","35","Non-Elemental Crystal","-","10","15","50","75","Fire Crystal","-","5","10","25","35","Samurai","デスクロー","30221241","✓"
"Bartz","","Crystal Shimmer","HA1","PHY","Single enemy","Physical","5.50","Fire, Water, Wind, Earth","1.65","Five single attacks (1.10 each)","Y","Lowest HP% enemy","90","2","10","Power Crystal","-","10","15","50","75","Fire Crystal","-","5","10","25","35","Wind Crystal","-","5","10","25","35","Spellblade","四晶の輝き","30141271","✓"
"Faris","","Pirate Cannon","HA1","PHY","Single enemy","Physical","4.00","Wind, Fire","1.20","Four single ranged attacks (1.00 each), causes [ATK and MAG -50% (8s)], grants [ATK and MAG +50% (8s)] to the user","Y","Lowest HP% enemy","80","2","10","Fire Crystal","-","5","10","25","35","Wind Crystal","-","10","15","50","75","Dark Crystal","-","5","10","25","35","Thief","パイレーツキャノン","30201211","✓"
"Faris","","Serpent's Gale","HA2","PHY","Single enemy","Physical","5.50","Wind, Fire","1.20","Five single ranged attacks (1.10 each)","Y","Lowest HP% enemy","80","2","10","Fire Crystal","-","5","10","25","35","Wind Crystal","-","10","15","50","75","Dark Crystal","-","5","10","25","35","Thief","海竜の暴風","30201281","✓"
"Dorgann","","Brotherhood of the Dawn","HA1","PHY","Single enemy","Physical","6.60","Earth","1.65","Six single attacks (1.10 each)","Y","Lowest HP% enemy","90","2","10","Power Crystal","-","5","10","25","35","Earth Crystal","-","5","10","25","35","Holy Crystal","-","10","15","50","75","Knight","暁の絆","30211381","✓"
"Dorgann","","Seal Guardian","HA2","?","Single enemy","Physical","","Earth","","Four single attacks (? each), grants [Knight Quick Cast 2] to the user","?","Lowest HP% enemy","","2","10","White Crystal","-","10","15","50","75","Earth Crystal","-","5","10","25","35","Holy Crystal","-","5","10","25","35","Knight","封印を見守りし者","30211501",""
"Exdeath","","Double Hole","HA1","NAT","Single enemy","Magical","","Dark, Holy","1.65","Five single hybrid attacks (3.50 or 3.55 each)","Y","Lowest HP% enemy","90","2","10","Non-Elemental Crystal","-","5","10","25","35","Holy Crystal","-","5","10","25","35","Dark Crystal","-","10","15","50","75","Darkness","ダブルホール","30271211","✓"
"Exdeath","","Grand Cross","HA2","?","Single enemy","Magical","","Dark, Holy","","Four single hybrid attacks (? or ? each), causes [Imperil Dark 10% (5s)] and [Imperil Holy 10% (5s)]","?","Lowest HP% enemy","","2","10","Non-Elemental Crystal","-","10","15","50","75","Holy Crystal","-","5","10","25","35","Dark Crystal","-","5","10","25","35","Black Magic","グランドクロス","30111891",""
"Krile","","Cleansing","HA1","BLK","Single enemy","Magical","13.20","Fire, Earth","0.01","Four single attacks (3.30 each)","Y","Lowest HP% enemy","70","2","10","Black Crystal","-","10","15","50","75","Fire Crystal","-","5","10","25","35","Earth Crystal","-","5","10","25","35","Black Magic","てんちほうかい","30111411","✓"
"Krile","","Kindred Flame","HA2","SUM","Single enemy","Magical","24.75","Fire, Earth","3.30","Five single attacks (4.95 each), minimum damage 2000","N","Lowest HP% enemy","90","2","6","Summoning Crystal","-","10","15","50","75","Fire Crystal","-","5","10","25","35","Earth Crystal","-","5","10","25","35","Summoning","絆の灯火","30131551","✓"
"Xezat","","Spellsword Iceshock","HA1","PHY","Single enemy","Physical","5.50","Earth, Ice, Lightning","1.65","Four single attacks (1.10 each), followed by one single attack (1.10) with additional 20% critical damage","Y","Lowest HP% enemy","90","2","10","Power Crystal","-","10","15","50","75","Ice Crystal","-","5","10","25","35","Lightning Crystal","-","5","10","25","35","Spellblade","魔法剣術・砕凍雷","30141391","✓"
"Xezat","","King's Spellblade","HA2","?","Single enemy","Physical","","Earth, Ice, Lightning","","Three single attacks (? each), grants [Instant Cast 1] to the user","?","Lowest HP% enemy","","2","10","Power Crystal","-","5","10","25","35","Ice Crystal","-","5","10","25","35","Earth Crystal","-","10","15","50","75","Spellblade","王の魔法剣","30141491",""
"Kelger","","Lupine Fang","HA1","PHY","Single enemy","Physical","7.00","Earth","0.83","3/5/7 single attacks (1.00 each) if the user has [Physical Blink 0/1/2], grants [Physical Blink 1] and [Physical Blink Stacking 2] to the user","Y","Lowest HP% enemy","80","2","10","Power Crystal","-","5","10","25","35","Earth Crystal","-","5","10","25","35","Dark Crystal","-","10","15","50","75","Ninja","ルパインファング","30231241","✓"
"Terra","","Riot Blade","HA1","BLK","Single enemy","Magical","32.40","Fire, Wind","1.65","Four single attacks (3.50 each), followed by one single attack (18.40) that ignores RES","Y","Lowest HP% enemy","90","2","10","Black Crystal","-","10","15","50","75","Fire Crystal","-","5","10","25","35","Wind Crystal","-","5","10","25","35","Black Magic","ライオットソード","30111431","✓"
"Locke","","Mirage Raid","HA1","PHY","Single enemy","Physical","4.00","Fire","1.20","Four single attacks (1.00 each), causes [ATK and DEF -50% (8s)], grants [ATK and DEF +50%] for 8 seconds to the user","Y","Random enemy without status","80","2","10","Fire Crystal","-","10","15","50","75","Wind Crystal","-","5","10","25","35","Dark Crystal","-","5","10","25","35","Thief","ミラージュレイド","30201151","✓"
"Locke","","Burning Spirit","HA2","PHY","Single enemy","Physical","6.60","Fire","1.20","Six single attacks (1.10 each)","Y","Lowest HP% enemy","80","2","10","Non-Elemental Crystal","-","5","10","25","35","Fire Crystal","-","10","15","50","75","Dark Crystal","-","5","10","25","35","Thief","バーニンスピリット","30201291","✓"
"Celes","","Spinning Edge","HA1","PHY","All enemies","Physical","5.50","Ice, Holy","1.65","Five group ranged attacks (0.92~1.10 scaling with targets)","Y","All enemies","90","2","10","Power Crystal","-","10","15","50","75","Ice Crystal","-","5","10","25","35","Holy Crystal","-","5","10","25","35","Spellblade","スピニングエッジ","30141261","✓"
"Celes","","Spinning Luce","HA2","?","Single enemy","Physical","","Ice, Holy","","Six single attacks (? each)","?","Lowest HP% enemy","","2","10","Power Crystal","-","5","10","25","35","Ice Crystal","-","10","15","50","75","Holy Crystal","-","5","10","25","35","Spellblade","スピニングルーチェ","30141511",""
"Mog","","Heroic Harmony","HA1","NAT","All allies","","","","1.65","Restores 1500 HP, grants [Warrior Dancer MAG +5%/10%/20%/30%], grants [Warrior Dancer 1/2/3/3] to the user if the user has [Warrior Dancer 0/1/2/3]","N","All allies","100","2","10","White Crystal","-","5","10","25","35","Holy Crystal","-","10","15","50","75","Dark Crystal","-","5","10","25","35","Dancer","伝説のハーモニー","30251131","✓"
"Edgar","","Withering Shot","HA1","PHY","Single enemy","Physical","3.00","Poison, Fire, Lightning","1.65","Three single ranged attacks (1.00 each), causes [Imperil Poison 10% (5s)], [Imperil Fire 10% (5s)] and [Imperil Lightning 10% (5s)]","Y","Lowest HP% enemy","90","2","10","Non-Elemental Crystal","-","10","15","50","75","Fire Crystal","-","5","10","25","35","Lightning Crystal","-","5","10","25","35","Machinist","ウィークメーカー","30261241","✓"
"Edgar","","Chainsaw","HA2","PHY","Single enemy","Physical","5.50","Poison, Fire, Lightning","1.65","Five single ranged attacks (1.10 each)","Y","Lowest HP% enemy","90","2","10","Non-Elemental Crystal","-","10","15","50","75","Fire Crystal","-","5","10","25","35","Lightning Crystal","-","5","10","25","35","Machinist","回転のこぎり","30261311","✓"
"Sabin","","Raging Fist (VI)","HA1","PHY","Single enemy","Physical","6.60","Fire","1.65","Six single attacks (1.10 each)","Y","Lowest HP% enemy","90","2","10","Non-Elemental Crystal","-","5","10","25","35","Fire Crystal","-","10","15","50","75","Earth Crystal","-","5","10","25","35","Monk","爆裂拳【VI】","30191291","✓"
"Shadow","","Shadow Fang","HA1","PHY","Single enemy","Physical","10.16","Dark","0.83","Four single ranged attacks (1.10 each) followed by one single ranged attack (5.76) that ignores DEF, 100% hit rate","Y","Lowest HP% enemy","80","2","10","Power Crystal","-","10","15","50","75","Wind Crystal","-","5","10","25","35","Dark Crystal","-","5","10","25","35","Ninja","シャドウファング","30231191","✓"
"Shadow","","Shadow Time","HA2","?","Single enemy","Physical","","Dark","","3/5/7 single attacks (? each) if the user has [Physical Blink 0/1/2], grants [Physical Blink 1] and [Physical Blink Stacking 2] to the user","?","Lowest HP% enemy","","2","10","Power Crystal","-","5","10","25","35","Non-Elemental Crystal","-","5","10","25","35","Dark Crystal","-","10","15","50","75","Ninja","影ノ刻","30231351",""
"Cyan","","Bushido Tempest","HA1","PHY","Single enemy","Physical","7.00","Fire","3.30","Seven single attacks (1.00 each)","Y","Lowest HP% enemy","90","2","10","Power Crystal","-","5","10","25","35","Non-Elemental Crystal","-","10","15","50","75","Fire Crystal","-","5","10","25","35","Samurai","必殺剣・烈","30221291","✓"
"Cyan","","Bushido Scorch","HA2","PHY","Single enemy","Physical","","Fire","","Four single attacks (? each), grants [Samurai Quick Cast 2] to the user","Y","Lowest HP% enemy","","2","10","Power Crystal","-","5","10","25","35","Non-Elemental Crystal","-","10","15","50","75","Fire Crystal","-","5","10","25","35","Samurai","必殺剣・烈","30221331","✓"
"Gau","","Rage","HA1","PHY","Single enemy","Physical","6.60","Wind, Lightning","1.20","Six single attacks (1.10 each), damages the user for 25%/25%/15%/15%/5% max HP scaling with 0/1/2/3/4+ uses","Y","Lowest HP% enemy","80","2","10","Power Crystal","-","10","15","50","75","Lightning Crystal","-","5","10","25","35","Wind Crystal","-","5","10","25","35","Celerity","あばれる","30171291","✓"
"Setzer","","Red Card","HA1","PHY","Single enemy","Physical","4.00","Dark","1.65","Four single ranged attacks (1.00 each), causes [Imperil Dark 10% (5s)], grants [Sharpshooter Quick Cast 2] (50% chance)/restores 1000 HP to the lowest HP% ally and removes [Poison], [Blind] and [Sleep] from lowest HP% ally (50% chance)","Y","Lowest HP% enemy","90","2","10","Black Crystal","-","5","10","25","35","Lightning Crystal","-","5","10","25","35","Dark Crystal","-","10","15","50","75","Sharpshooter","ブラッディカード","30281231","✓"
"Setzer","","Dealer Shuffle","HA2","?","Single enemy","Physical","","Dark","","Six single ranged attacks (? each)","?","Lowest HP% enemy","","2","10","Power Crystal","-","5","10","25","35","Non-Elemental Crystal","-","5","10","25","35","Dark Crystal","-","10","15","50","75","Sharpshooter","ディールシャッフル","30281301",""
"Strago","","Aqua Breath","HA1","BLK","Single","Magical","21.00","Water","1.65","Six single attacks (3.50 each)","Y","Lowest HP% enemy","90","2","10","Black Crystal","-","10","15","50","75","Ice Crystal","-","5","10","25","35","Lightning Crystal","-","5","10","25","35","Black Magic","アクアブレス","30111521","✓"
"Strago","","Aeroga (VI)","HA2","BLK","Single","Magical","21.00","Wind","1.65","Six single attacks (3.50 each)","Y","Lowest HP% enemy","90","2","10","Black Crystal","-","10","15","50","75","Ice Crystal","-","5","10","25","35","Wind Crystal","-","5","10","25","35","Black Magic","エアロガ【VI】","30111641","✓"
"Relm","","Starlight","HA1","WHT","All allies","","","","1.65","Randomly restores HP (17.50) (33%), restores HP (20) (33%), restores HP (22.50) (33%) or restores HP (80) (1%)","N","All allies","100","2","10","White Crystal","-","10","15","50","75","Non-Elemental","-","5","10","25","35","Holy Crystal","-","5","10","25","35","White Magic","スターライト","30121421","✓"
"Relm","","Milky Way","HA2","?","All allies","","","","","Restores 1000 HP, grants [Milky Way Critical Chance 10/20/30/40/50%], grants [Drawing 1/2/3/4/4] to the user if the user has Drawing [0/1/2/3/4]","?","All allies","","2","10","White Crystal","-","5","10","25","35","Non-Elemental Crystal","-","5","10","25","35","Holy Crystal","-","10","15","50","75","Support","ミルキーウェイ","30161391",""
"Gogo (VI)","","Magical Mimicry","HA1","NAT","Single enemy","Hybrid","","Fire, Ice, Wind, Earth, NE","1.65","Five single hybrid attacks (1.10 or 3.50 each)","Y","Lowest HP% enemy","90","2","10","Power Crystal","-","5","10","25","35","Black Crystal","-","10","15","50","75","Non-Elemental Crystal","-","5","10","25","35","Black Magic","ものまね・まほう","30111581","✓"
"Umaro","","Icestorm","HA1","PHY","Single enemy","Physical","7.10","Ice","1.65","One single attack (7.10) capped at 99999","Y","Lowest HP% enemy","90","2","10","Power Crystal","-","5","10","25","35","Non-Elemental Crystal","-","5","10","25","35","Ice Crystal","-","10","15","50","75","Monk","ふぶき","30191361","✓"
"Umaro","","Furious Tackle","HA2","PHY","Single enemy","Physical","6.60","Ice","1.65","Six single attacks (1.10 each)","Y","Lowest HP% enemy","90","2","10","Power Crystal","-","5","10","25","35","Ice Crystal","-","10","15","50","75","Earth Crystal","-","5","10","25","35","Monk","げきどのたいあたり","30191451","✓"
"Kefka","","Havoc Wing","HA1","BLK","Single enemy","Magical","21.00","Dark, Poison","1.65","Six single attacks (3.50 each), causes [MND -30% (8s)] to the user","Y","Lowest HP% enemy","90","2","10","Black Crystal","-","5","10","25","35","Non-Elemental Crystal","-","5","10","25","35","Dark Crystal","-","10","15","50","75","Darkness","はかいのつばさ","30271261","✓"
"Leo","","Shock","HA1","PHY","Single enemy","Physical","7.10","Earth, Holy","1.65","One single attack (7.10) capped at 99999","Y","Lowest HP% enemy","90","2","10","Power Crystal","-","10","15","50","75","Earth Crystal","-","5","10","25","35","Holy Crystal","-","5","10","25","35","Knight","ショック","30211311","✓"
"Leo","","Fallen Warrior's Blade","HA2","PHY","Single enemy","Physical","6.60","Earth, Holy","1.65","Six single attacks (1.10 each)","Y","Lowest HP% enemy","90","2","10","Power Crystal","-","10","15","50","75","Earth Crystal","-","5","10","25","35","Holy Crystal","-","5","10","25","35","Knight","士魂込めし剣","30211441","✓"
"Ultros","","Totally Ink","HA1","NAT","SIngle enemy","Hybrid","","Poison","","Six single attacks (? or ? each)","Y","Lowest HP% enemy","","2","10","Power Crystal","-","5","10","25","35","Black Crystal","-","5","10","25","35","Dark Crystal","-","10","15","50","75","Black Magic","おもいっきりすみ","30111781","✓"
"Ultros","","Tricky Potion Bomb","HA2","?","SIngle enemy","Hybrid","","Poison","","Five single ranged hybrid attacks (? or ? each), grants [Buff Poison 10% (?s)] to all allies every second activation","?","Lowest HP% enemy","","2","10","Power Crystal","-","5","10","25","35","Non-Elemental Crystal","-","5","10","25","35","Dark Crystal","-","10","15","50","75","Combat","いたずらポーションボム","30151281",""
"Cloud","","Braver","HA1","PHY","Single enemy","Physical","5.50","Wind, Dark","1.65","Five single attacks (1.10 each)","Y","Lowest HP% enemy","90","2","10","Power Crystal","-","5","10","25","35","Wind Crystal","-","10","15","50","75","Dark Crystal","-","5","10","25","35","Spellblade","ブレイバー","30141291","✓"
"Barret","","Ungarmax","HA1","PHY","Single enemy","Physical","5.95","Fire","1.65","Seven single ranged attacks (0.85 each)","Y","Lowest HP% enemy","90","2","10","Non-Elemental Crystal","-","5","10","25","35","Fire Crystal","-","10","15","50","75","Wind Crystal","-","5","10","25","35","Machinist","アンガーマックス","30261281","✓"
"Barret","","Soul of AVALANCHE","HA2","NAT","Single ally","","","","0.83","Transfers the user's Soul Break points to the target (maximum of 500 Soul Break points), grants [Quick Cast 2] to the user","N","Random ally prioritizing self last","100","2","10","Power Crystal","-","10","15","50","75","White Crystal","-","5","10","25","35","Black Crystal","-","5","10","25","35","Support","アバランチソウル","30161311","✓"
"Tifa","","Beat Rush","HA1","PHY","Single enemy","Physical","6.60","Earth","1.65","Six single attacks (1.10 each)","Y","Lowest HP% enemy","90","2","10","Non-Elemental Crystal","-","5","10","25","35","Fire Crystal","-","5","10","25","35","Earth Crystal","-","10","15","50","75","Monk","掌打ラッシュ","30191241","✓"
"Tifa","","Somersault","HA2","PHY","Single enemy","Physical","4.00","Earth","1.65","Four single attacks (1.00 each), grants [Monk Quick Cast 2] to the user","Y","Lowest HP% enemy","90","2","10","Power Crystal","-","5","10","25","35","Non-Elemental Crystal","-","5","10","25","35","Earth Crystal","-","10","15","50","75","Monk","サマーソルト","30191411","✓"
"Aerith","","Healing Wind","HA1","WHT","All allies","","","","2.10","Restores HP (25)","N","All allies","100","2","10","White Crystal","-","10","15","50","75","Non-Elemental Crystal","-","5","10","25","35","Holy Crystal","-","5","10","25","35","White Magic","癒しの風","30121371","✓"
"Aerith","","Refreshing Breeze","HA2","WHT","All allies","","","","","Restores 1500 HP, grants [??? ATK +5/10/20/30%], grants [??? 1/2/3/3] to the user if the user has [??? 0/1/2/3]","N","All allies","","2","10","White Crystal","-","5","10","25","35","Holy Crystal","-","10","15","50","75","Dark Crystal","-","5","10","25","35","White Magic","そよ風の息吹","30121591","✓"
"Red XIII","","Earth Rave","HA1","BLK","Single enemy","Magical","17.50","Earth","1.65","Five single attacks (3.50 each), causes [Imperil Earth 10%] for 5 seconds","Y","Lowest HP% enemy","90","2","10","Black Crystal","-","10","15","50","75","Earth Crystal","-","5","10","25","35","Dark Crystal","-","5","10","25","35","Black Magic","アースレイヴ","30111441","✓"
"Yuffie","","Gauntlet","HA1","PHY","Single enemy","Physical","6.72","Water, Earth","2.10","4/4/8 single ranged attacks (0.84 each) if the user has [Physical Blink 0/1/2]","Y","Lowest HP% enemy","90","2","10","Ice Crystal","-","5","10","25","35","Earth Crystal","-","5","10","25","35","Dark Crystal","-","10","15","50","75","Ninja","鎧袖一触","30231231","✓"
"Yuffie","","Clearest Tranquil","HA2","PHY","Single enemy","Physical","6.60","Water, Earth","0.83","4/5/6 single attacks (1.10 each) if the user has [Physical Blink 0/1/2], grants [Physical Blink 1] and [Physical Blink Stacking 2] to the user","Y","Lowest HP% enemy","80","2","10","Ice Crystal","-","5","10","25","35","Earth Crystal","-","5","10","25","35","Dark Crystal","-","10","15","50","75","Ninja","我流・明鏡止水","30231281","✓"
"Yuffie","","High Spirits","HA3","?","Single enemy","Magical","","Water, Earth","","Six single attacks (? each)","?","Lowest HP% enemy","","2","10","Power Crystal","-","5","10","25","35","Ice Crystal","-","10","15","50","75","Earth Crystal","-","5","10","25","35","Ninja","意気揚揚","30231361",""
"Cait Sith","","Joyful Dance","HA1","NAT","All enemies","","","","1.65","Causes [DEF and RES -50% (8s)], grants [HP Stock (1000)] to all allies","N","All enemies","100","2","10","White Crystal","-","5","10","25","35","Holy Crystal","-","10","15","50","75","Dark Crystal","-","5","10","25","35","Dancer","ジョイフルダイス","30251141","✓"
"Vincent","","Beast Flare","HA1","NAT","Single enemy","Hybrid","","Fire","1.65","Six single hybrid ranged attacks (1.10 or 3.50 each)","Y","Lowest HP% enemy","90","2","10","Fire Crystal","-","5","10","25","35","Ice Crystal","-","10","15","50","75","Lightning Crystal","-","5","10","25","35","Machinist","ビーストフレア","30261171","✓"
"Zack","","Rush Assault","HA1","PHY","Single enemy","Physical","6.60","Wind","2.40","Six single attacks (1.10 each), cast time 2.40/2.00/1.60/1.20 scaling with [Rush Assault Uses]","Y","Lowest HP% enemy","90","2","10","Power Crystal","-","10","15","50","75","Non-Elemental Crystal","-","5","10","25","35","Wind Crystal","-","5","10","25","35","Celerity","ハードラッシュ","30171271","✓"
"Zack","","Lazy Mirage","HA2","?","Single enemy","Physical","","Wind","","Five single attacks (? each), grants [Buff Wind 10% (?s)] to all allies every second activation","?","Lowest HP% enemy","","2","10","Power Crystal","-","5","10","25","35","Non-Elemental Crystal","-","5","10","25","35","Wind Crystal","-","10","15","50","75","Celerity","レイジーミラージュ","30171331",""
"Sephiroth","","Heartless Angel","HA1","PHY","Single enemy","Physical","6.60","Dark","1.65","Six single attacks (1.10 each), 100% hit rate","Y","Lowest HP% enemy","90","2","10","Non-Elemental Crystal","-","5","10","25","35","Earth Crystal","-","5","10","25","35","Dark Crystal","-","10","15","50","75","Darkness","心無い天使","30271231","✓"
"Sephiroth","","Scintilla","HA2","PHY","Single enemy","Physical","6.60","Fire","1.65","Six single attacks (1.10 each)","Y","Lowest HP% enemy","90","2","10","Power Crystal","-","5","10","25","35","Non-Elemental Crystal","-","5","10","25","35","Fire Crystal","-","10","15","50","75","Samurai","閃光","30221281","✓"
"Cid (VII)","","Boost Jump","HA1","PHY","Single enemy","Physical","6.60","Wind","1.65","Six single ranged jump attacks (1.10 each)","Y","Lowest HP% enemy","90","2","10","Lightning Crystal","-","5","10","25","35","Earth Crystal","-","5","10","25","35","Wind Crystal","-","10","15","50","75","Dragoon","ブーストジャンプ","30181301","✓"
"Cid (VII)","","Dragon Dive","HA2","?","Single enemy","Physical","","Wind","","Five single ranged jump attacks (? each), causes [Imperil Wind 10% (5s)]","Y","Lowest HP% enemy","","2","10","Power Crystal","-","5","10","25","35","Non-Elemental Crystal","-","5","10","25","35","Wind Crystal","-","10","15","50","75","Dragoon","ドラゴンダイヴ","30181411",""
"Reno","","Pyramid","HA1","NAT","Single enemy","Hybrid","","Lightning, NE","1.65","Six single hybrid ranged attacks (1.10 or 3.50 each), removes [Haste] every second activation","Y","Lowest HP% enemy","90","2","10","Non-Elemental Crystal","-","5","10","25","35","Lightning Crystal","-","10","15","50","75","Wind Crystal","-","5","10","25","35","Machinist","ピラミッド","30261211","✓"
"Reno","","Plasma Light","HA2","PHY","Single enemy","Hybrid","","Lightning","","Five single ranged hybrid attacks (? or ? each), causes [Imperil Lightning 10% (5s)]","Y","Lowest HP% enemy","","2","10","Power Crystal","-","5","10","25","35","Lightning Crystal","-","10","15","50","75","Wind Crystal","-","5","10","25","35","Machinist","プラズマ光線","30261381","✓"
"Angeal","","Wings of Pride","HA1","PHY","Single enemy","Physical","3.00","Wind, Holy","1.65","3/5 single attacks (1.00 each) if the user hasn't/has any Damage Reduction Barrier, grants [40% Damage Reduction Barrier 1] to the user","Y","Lowest HP% enemy","90","2","10","White Crystal","-","5","10","25","35","Wind Crystal","-","5","10","25","35","Holy Crystal","-","10","15","50","75","Knight","傲慢なる翼","30211281","✓"
"Angeal","","Unleashed Wrath","HA2","PHY","Single enemy","Physical","5.50","Wind, Holy","1.65","Four single attacks (1.10 each), followed by one single attack (1.10) with additional 20% critical damage","Y","Lowest HP% enemy","90","2","10","Power Crystal","-","5","10","25","35","Wind Crystal","-","5","10","25","35","Holy Crystal","-","10","15","50","75","Knight","憤怒の解放","30211411","✓"
"Rufus","","Mako Barrage","HA1","PHY","Single enemy","Physical","5.50","Dark","1.65","Five single ranged attacks (1.10 each), causes [Imperil Dark 10% (5s)]","Y","Lowest HP% enemy","90","2","10","Fire Crystal","-","5","10","25","35","Earth Crystal","-","5","10","25","35","Dark Crystal","-","10","15","50","75","Darkness","魔晄銃","30271311","✓"
"Rufus","","President's Shot","HA2","PHY","Single enemy","Physical","5.95","Dark","1.65","Seven single ranged attacks (0.85 each)","Y","Lowest HP% enemy","90","2","10","Lightning Crystal","-","5","10","25","35","Non-Elemental Crystal","-","5","10","25","35","Dark Crystal","-","10","15","50","75","Sharpshooter","プレジデントショット","30281291","✓"
"Shelke","","Synaptic Net Dive","HA1","PHY","Single enemy","Physical","4.00","Lightning","1.20","Four single attacks (1.00 each), grants [High Quick Cast 1] to the user","Y","Lowest HP% enemy","80","2","10","Power Crystal","-","10","15","50","75","Non-Elemental Crystal","-","5","10","25","35","Lightning Crystal","-","5","10","25","35","Celerity","SND","30171281","✓"
"Shelke","","Transparent","HA2","NAT","Single ally","","","","1.65","Transfers the user's Soul Break points to the target (maximum of 500 Soul Break points), grants [Quick Cast 1]","N","Random ally prioritizing self last","100","2","10","Power Crystal","-","10","15","50","75","White Crystal","-","5","10","25","35","Black Crystal","-","5","10","25","35","Support","無式","30161291","✓"
"Shelke","","Rapid Spark","HA3","?","Single enemy","Physical","","Lightning","","Seven single attacks (? each)","?","Lowest HP% enemy","","2","10","Power Crystal","-","5","10","25","35","Non-Elemental Crystal","-","5","10","25","35","Lightning Crystal","-","10","15","50","75","Celerity","ラピッドスパーク","30171321",""
"Rude","","Grand Spark","HA1","NAT","Single enemy","Hybrid","","Earth, Lightning","1.65","Five single ranged hybrid attacks (1.10 or 3.50 each)","Y","Lowest HP% enemy","90","2","10","Non-Elemental Crystal","-","5","10","25","35","Lightning Crystal","-","5","10","25","35","Earth Crystal","-","10","15","50","75","Monk","地走り","30191421","✓"
"Rude","","Quake Fist","HA2","NAT","Single enemy","Hybrid","4.40","Earth, Lightning","1.65","Four single ranged hybrid attacks (1.10 or 3.60 each), causes [Imperil Earth 10% (5s)] and [Imperil Lightning 10% (5s)] to the target","Y","Lowest HP% enemy","90","2","10","Power Crystal","-","5","10","25","35","Lightning Crystal","-","5","10","25","35","Earth Crystal","-","10","15","50","75","Monk","クエイクフィスト","30191501","✓"
"Elena","","Elite Resolve","HA1","PHY","Single enemy","Physical","5.50","Fire, Lightning","3.30","Five single ranged attacks (1.10 each), causes [Imperil Fire 10% (5s)] and [Imperil Lightning 10% (5s)]","Y","Lowest HP% enemy","90","2","10","Power Crystal","-","5","10","25","35","Fire Crystal","-","10","15","50","75","Lightning Crystal","-","5","10","25","35","Sharpshooter","エリートの意地","30281241","✓"
"Elena","","Rookie Sneak Attack","HA2","?","Single enemy","Physical","","Fire, Lightning","","Four single ranged attacks (? each), grants [Sharpshooter Quick Cast 2] to the user","?","Lowest HP% enemy","","2","10","Power Crystal","-","5","10","25","35","Fire Crystal","-","10","15","50","75","Lightning Crystal","-","5","10","25","35","Sharpshooter","新人の不意打ち","30281311",""
"Genesis","","Genesis Slash","HA1","PHY","Single enemy","Physical","6.60","Fire","1.65","Six single attacks (1.10 each)","Y","Lowest HP% enemy","90","2","10","Power Crystal","-","10","15","50","75","Fire Crystal","-","5","10","25","35","Dark Crystal","-","5","10","25","35","Spellblade","創世の斬撃","30141321","✓"
"Squall","","Renzokuken","HA1","PHY","All enemies","Physical","5.50","Fire, Ice","1.65","Five group attacks (0.92~1.10 scaling with targets)","Y","All enemies","90","2","10","Power Crystal","-","10","15","50","75","Fire Crystal","-","5","10","25","35","Ice Crystal","-","5","10","25","35","Spellblade","連続剣","30141251","✓"
"Squall","","Lion Flurry","HA2","?","Single enemy","Physical","","Fire, Ice","","Six single attacks (? each), cast time ?/?/?/?/? scaling with [??? Uses]","?","Lowest HP% enemy","","2","10","Power Crystal","-","10","15","50","75","Fire Crystal","-","5","10","25","35","Ice Crystal","-","5","10","25","35","Combat","獅刹連舞","30151311",""
"Rinoa","","Angel Wing","HA1","BLK","Single","Magical","17.10","Ice, Earth","2.60","Six single attacks (2.85 each)","Y","Lowest HP% enemy","90","2","10","Ice Crystal","-","5","10","25","35","Earth Crystal","-","5","10","25","35","Dark Crystal","-","10","15","50","75","Witch","ヴァリー","30301081","✓"
"Quistis","","Hail to the Queen","HA1","BLK","Single","Magical","17.50","Water, Poison","0.01","Five single attacks (3.50 each)","Y","Lowest HP% enemy","70","2","10","Black Crystal","-","10","15","50","75","Ice Crystal","-","5","10","25","35","Dark Crystal","-","5","10","25","35","Black Magic","コールミーキング","30111661","✓"
"Quistis","","Lesson Time","HA2","SUM","Single enemy","Magical","","Water, Poison","","Five single attacks (? each), Grants [MAG +30%, DEF and RES -15% (8s)] to the user","N","Lowest HP% enemy","","2","6","Summoning Crystal","-","10","15","50","75","Dark Crystal","-","5","10","25","35","Ice Crystal","-","5","10","25","35","Summoning","指導の時間","30131611","✓"
"Zell","","Meteor Barret","HA1","PHY","Single enemy","Physical","6.60","Fire","1.65","Six single ranged attacks (1.10 each)","Y","Lowest HP% enemy","90","2","10","Power Crystal","-","5","10","25","35","Fire Crystal","-","10","15","50","75","Earth Crystal","-","5","10","25","35","Monk","メテオバレット","30191321","✓"
"Zell","","Final Punch","HA2","PHY","Single enemy","Physical","4.00","Fire","1.65","Four single attacks (1.00 each), grants [Monk Quick Cast 2] to the user","Y","Lowest HP% enemy","90","2","10","Fire Crystal","-","5","10","25","35","Earth  Crystal","-","5","10","25","35","Black Crystal","-","10","15","50","75","Monk","ファイナルパンチ","30191471","✓"
"Selphie","","Slots","HA1","NAT","All enemies","","","","1.65","Causes [ATK and MAG -50% (8s)], restores 1500 HP to all allies","N","All enemies","100","2","10","White Crystal","-","5","10","25","35","Holy Crystal","-","10","15","50","75","Dark Crystal","-","5","10","25","35","Dancer","スロット","30251121","✓"
"Selphie","","Trabia's Light","HA2","?","All allies","","","","","Restores HP (?), smart ether 1 every fourth activation","?","All allies","","2","10","White Crystal","-","10","15","50","75","Non-Elemental Crystal","-","5","10","25","35","Holy Crystal","-","5","10","25","35","White Magic","トラビアのひかり","30121621",""
"Irvine","","Canister Shot","HA1","PHY","Single enemy","Physical","5.50","Fire","1.65","Five single ranged attacks (1.10 each), causes [Imperil Fire 10% (5s)]","Y","Lowest HP% enemy","90","2","10","Power Crystal","-","5","10","25","35","Non-Elemental Crystal","-","5","10","25","35","Fire Crystal","-","10","15","50","75","Sharpshooter","キャニスターショット","30281211","✓"
"Irvine","","Flame Ammo","HA2","PHY","Single enemy","Physical","4.40","Fire","1.65","Four single ranged attacks (1.10 each), grants [Sharpshooter Quick Cast 2] to the user","Y","Lowest HP% enemy","90","2","10","Power Crystal","-","5","10","25","35","Non-Elemental Crystal","-","5","10","25","35","Fire Crystal","-","10","15","50","75","Sharpshooter","ショット・火炎弾","30281281","✓"
"Seifer","","Bloodfest","HA1","PHY","Single enemy","Physical","5.50","Dark, Fire","1.65","Five group ranged attacks (0.92~1.10 scaling with targets)","Y","All enemies","90","2","10","Non-Elemental Crystal","-","10","15","50","75","Fire Crystal","-","5","10","25","35","Dark Crystal","-","5","10","25","35","Darkness","血祭り","30271251","✓"
"Seifer","","Demon Slice","HA2","PHY","Single enemy","Physical","4.40","Dark, Fire","1.65","Four single attacks (1.10 each), grants [Buff Fire 10% (5s)] and [Buff Dark 10% (5s)] to all allies every third activation","Y","Lowest HP% enemy","90","2","10","Dark Crystal","-","5","10","25","35","Fire Crystal","-","5","10","25","35","Power Crystal","-","10","15","50","75","Darkness","アビスロック","30271371",""
"Laguna","","Desperado","HA1","PHY","All enemies","Physical","5.50","Ice","1.65","Five group ranged attacks (0.92~1.10 scaling with targets), causes [Imperil Ice 10% (5s)] every second activation","Y","Lowest HP% enemy","90","2","10","Black Crystal","-","5","10","25","35","Ice Crystal","-","10","15","50","75","Lightning Crystal","-","5","10","25","35","Machinist","デスペラード","30261221","✓"
"Laguna","","Freezing Crush","HA2","PHY","Single enemy","Physical","","Ice","","Seven single ranged attacks (? each)","Y","Lowest HP% enemy","","2","10","Non-Elemental Crystal","-","5","10","25","35","Ice Crystal","-","10","15","50","75","Lightning Crystal","-","5","10","25","35","Machinist","フリージングクラッシュ","30261391","✓"
"Edea","","Ice Strike","HA1","BLK","Single enemy","Magical","13.20","Ice, Dark","1.65","Four single attacks (3.30 each), grants [High Quick Cast 1] to the user","Y","Lowest HP% enemy","90","2","10","Black Crystal","-","5","10","25","35","Ice Crystal","-","5","10","25","35","Dark Crystal","-","10","15","50","75","Witch","冷徹なる一撃","30301121","✓"
"Edea","","Astral Realm","HA2","BLK","Single","Magical","17.50","Ice, Dark","1.65","Five single attacks (3.50 each)","Y","Lowest HP% enemy","90","2","10","Black Crystal","-","10","15","50","75","Ice Crystal","-","5","10","25","35","Dark Crystal","-","5","10","25","35","Black Magic","アストラル・ワールド","30111741","✓"
"Raijin","","Raijin Special","HA1","PHY","Single enemy","Physical","7.10","Lightning","1.65","One single attack (7.10) capped at 99999","Y","Lowest HP% enemy","90","2","10","Fire Crystal","-","5","10","25","35","Lightning Crystal","-","10","15","50","75","Earth Crystal","-","5","10","25","35","Monk","秘技「雷神飛竜昇」","30191311","✓"
"Raijin","","Lightning Hammer Flurry","HA2","PHY","Single enemy","Physical","","Lightning","","Six single attacks (? each)","Y","Lowest HP% enemy","","2","10","Fire Crystal","-","5","10","25","35","Lightning Crystal","-","10","15","50","75","Earth Crystal","-","5","10","25","35","Monk","雷棍連撃","30191491","✓"
"Fujin","","Zan","HA1","BLK","Single enemy","Magical","32.40","Wind","1.65","Four single attacks (3.50 each), followed by one single attack (18.40) that ignores RES","Y","Lowest HP% enemy","90","2","10","Black Crystal","-","10","15","50","75","Non-Elemental Crystal","-","5","10","25","35","Wind Crystal","-","5","10","25","35","Black Magic","斬","30111551","✓"
"Fujin","","Sen","HA2","?","Single enemy","Magical","","Wind","","Six single attacks (? each)","?","Lowest HP% enemy","","2","10","Black Crystal","-","10","15","50","75","Non-Elemental Crystal","-","5","10","25","35","Wind Crystal","-","5","10","25","35","Ninja","忍者","30231341",""
"Kiros","","Exsanguination","HA1","PHY","Single enemy","Physical","5.50","Ice, Dark","0.83","Five single attacks (1.10 each)","Y","Lowest HP% enemy","80","2","10","Non-Elemental Crystal","-","5","10","25","35","Ice Crystal","-","5","10","25","35","Dark Crystal","-","10","15","50","75","Ninja","ブラッドペイン","30231261","✓"
"Kiros","","Katar Dance","HA2","PHY","Single enemy","Physical","6.60","Dark, Ice","0.83","4/5/6 single attacks (1.10 each) if the user has [Physical Blink 0/1/2], grants [Physical Blink 1] and [Physical Blink Stacking 2] to the user","Y","Lowest HP% enemy","80","2","10","Ice Crystal","-","5","10","25","35","Earth Crystal","-","5","10","25","35","Dark Crystal","-","10","15","50","75","Ninja","カタール乱舞","30231271","✓"
"Ward","","Massive Anchor","HA1","PHY","Single enemy","Physical","7.10","Water, Ice, Earth, NE","1.65","One single ranged attack (7.10) capped at 99999","Y","Lowest HP% enemy","90","2","10","Ice Crystal","-","10","15","50","75","Earth Crystal","-","5","10","25","35","Wind Crystal","-","5","10","25","35","Dragoon","マッシヴアンカー","30181251","✓"
"Ward","","Anchor Rain","HA2","PHY","Single enemy","Physical","5.50","Water, Ice, Earth","1.65","Five single ranged attacks (1.10 each)","Y","Lowest HP% enemy","90","2","10","Power Crystal","-","5","10","25","35","Ice Crystal","-","10","15","50","75","Earth Crystal","-","5","10","25","35","Dragoon","アンカーレイン","30181331","✓"
"Ultimecia","","Final Sentence","HA1","BLK","Single","Magical","17.50","Wind, Dark","1.65","Five single attacks (3.50 each)","Y","Lowest HP% enemy","90","2","10","Black Crystal","-","10","15","50","75","Wind Crystal","-","5","10","25","35","Dark Crystal","-","5","10","25","35","Black Magic","天罰の矢","30111611","✓"
"Ultimecia","","Merciless Blades","HA2","?","Single","Magical","","Wind, Dark","","Seven single attacks (? each), causes [MND -?%] to the user for ? seconds","?","Lowest HP% enemy","","2","10","Black Crystal","-","5","10","25","35","Wind Crystal","-","10","15","50","75","Dark Crystal","-","5","10","25","35","Witch","渦風の剣","30301221",""
"Zidane","","Scoop Art","HA1","PHY","Single enemy","Physical","6.60","Wind","1.20","Six single attacks (1.10 each)","Y","Lowest HP% enemy","80","2","10","Non-Elemental Crystal","-","5","10","25","35","Wind Crystal","-","10","15","50","75","Dark Crystal","-","5","10","25","35","Thief","スクープアウト","30201181","✓"
"Garnet","","Divine Guardian","HA1","SUM","Single enemy","Magical","24.75","Lightning, Holy","1.80","Five single attacks (4.95 each), minimum damage 2000, restores 1000 HP to all allies","N","Lowest HP% enemy","90","2","6","Summoning Crystal","-","10","15","50","75","Lightning Crystal","-","5","10","25","35","Holy Crystal","-","5","10","25","35","Summoning","聖なる守護神","30131471","✓"
"Vivi","","Double Black Magic Fira","HA1","BLK","Single","Magical","21.00","Fire","1.65","Six single attacks (3.50 each)","Y","Lowest HP% enemy","90","2","10","Black Crystal","-","10","15","50","75","Non-Elemental Crystal","-","5","10","25","35","Fire Crystal","-","5","10","25","35","Black Magic","W黒魔法・ファイラ","30111481","✓"
"Vivi","","Blizzard & Thunder","HA2","BLK","Single enemy","Magical","17.50","Ice, Lightning","1.65","Five single attacks (3.50 each)","Y","Lowest HP% enemy","90","2","10","Black Crystal","-","10","15","50","75","Ice Crystal","-","5","10","25","35","Lightning Crystal","-","5","10","25","35","Black Magic","ブリザド＆サンダー","30111631","✓"
"Vivi","","Double Black Magic Biora","HA3","?","Single enemy","Magical","","Poison","","Five single attacks (? each), causes [Imperil Poison 10% (5s)]","?","Lowest HP% enemy","","2","10","Black Crystal","-","10","15","50","75","Non-Elemental Crystal","-","5","10","25","35","Dark Crystal","-","5","10","25","35","Black Magic","W黒魔法・バイオラ","30111841",""
"Steiner","","Spellblade","HA1","PHY","Single enemy","Physical","5.50","Fire, Ice, Lightning","1.65","Five single attacks (1.10 each)","Y","Lowest HP% enemy","90","2","10","Power Crystal","-","10","15","50","75","Fire Crystal","-","5","10","25","35","Ice Crystal","-","5","10","25","35","Spellblade","魔法剣","30141331","✓"
"Freya","","Lancer (IX)","HA1","PHY","Single enemy","Physical","5.50","Wind","1.65","Five single ranged jump attacks (1.10 each), restores 1000 HP to all allies","Y","Lowest HP% enemy","90","2","10","White Crystal","-","5","10","25","35","Lightning Crystal","-","10","15","50","75","Wind Crystal","-","5","10","25","35","Dragoon","竜剣【IX】","30181271","✓"
"Freya","","Lunar Ray","HA2","PHY","Single enemy","Physical","","Wind","3.30","Seven single jump attacks (? each)","Y","Lowest HP% enemy","","2","10","Power Crystal","-","5","10","25","35","Lightning Crystal","-","5","10","25","35","Wind Crystal","-","10","15","50","75","Dragoon","ルナ・レイ","30181391","✓"
"Quina","","High Tide","HA1","NAT","Single ally","","","","0.83","Transfers the user's Soul Break points to the target (maximum of 500 Soul Break points), grants [Quick Cast 2] to the user","N","Random ally prioritizing self last","100","2","10","Power Crystal","-","10","15","50","75","White Crystal","-","5","10","25","35","Black Crystal","-","5","10","25","35","Support","満月の心得","30161271","✓"
"Quina","","Frog Drop","HA2","?","Single enemy","Physical","","Water, Earth, Poison","","Three single attacks (? each), causes [DEF -?% (?s)]","?","Lowest HP% enemy","","2","10","Ice Crystal","-","5","10","25","35","Earth Crystal","-","5","10","25","35","Dark Crystal","-","10","15","50","75","Support","カエルおとし","30161431",""
"Eiko","","Prayer of the Lost","HA1","SUM","Single enemy","Magical","19.80","Holy, Wind","1.80","Four single attacks (4.95 each), minimum damage 2000, restores 1500 HP to all allies","N","Lowest HP% enemy","90","2","6","Summoning Crystal","-","10","15","50","75","Wind Crystal","-","5","10","25","35","Holy Crystal","-","5","10","25","35","Summoning","マダイン・サリの祈り","30131481","✓"
"Eiko","","Emerald Light","HA2","?","All allies","","","","","Restores HP (?), smart ether 1 every fourth activation","?","All allies","","2","10","White Crystal","-","10","15","50","75","Summoning Crystal","-","5","10","25","35","Wind Crystal","-","5","10","25","35","White Magic","エメラルドの光","30121611",""
"Eiko","","Maiden's Holy","HA3","?","Single enemy","Magical","","Wind, Holy","","Five single attacks (? each), causes [Imperil Wind 10% (5s)]","?","Lowest HP% enemy","","2","10","White Crystal","-","10","15","50","75","Wind Crystal","-","5","10","25","35","Holy Crystal","-","5","10","25","35","White Magic","おとめホーリー","30121691",""
"Amarant","","Countdown","HA1","PHY","Single enemy","Physical","5.50","Fire","1.65","Five single attacks (1.10 each), restores 1500 HP to the lowest HP% ally","Y","Lowest HP% enemy","90","2","10","Non-Elemental Crystal","-","5","10","25","35","Fire Crystal","-","10","15","50","75","Earth Crystal","-","5","10","25","35","Monk","秘孔拳","30191281","✓"
"Amarant","","Faithful Fist","HA2","PHY","Single enemy","Physical","6.60","Fire","1.65","Six single attacks (1.10 each)","Y","Lowest HP% enemy","90","2","10","Power Crystal","-","5","10","25","35","Fire Crystal","-","10","15","50","75","Earth Crystal","-","5","10","25","35","Monk","拳の確信","30191441","✓"
"Beatrix","","Seiken Shock","HA1","PHY","Single enemy","Physical","7.10","Holy","1.65","One single ranged attack (7.10) capped at 99999, 100% hit rate","Y","Lowest HP% enemy","90","2","10","Power Crystal","-","5","10","25","35","Earth Crystal","-","5","10","25","35","Holy Crystal","-","10","15","50","75","Knight","聖剣技・ショック","30211201","✓"
"Beatrix","","Seiken Climhazzard","HA2","PHY","Single enemy","Physical","6.60","Holy","1.65","Six single attacks (1.10 each)","Y","Lowest HP% enemy","90","2","10","Power Crystal","-","5","10","25","35","Wind Crystal","-","5","10","25","35","Holy Crystal","-","10","15","50","75","Knight","聖剣技Cハザード","30211431","✓"
"Kuja","","Darkflare Star","HA1","BLK","Single","Magical","17.50","Dark","0.01","Five single attacks (3.50 each)","Y","Lowest HP% enemy","70","2","10","Black Crystal","-","5","10","25","35","Earth Crystal","-","5","10","25","35","Dark Crystal","-","10","15","50","75","Darkness","ダークフレアスター","30271301","✓"
"Kuja","","Snatch Blow","HA2","BLK","Single enemy","Magical","","Dark","","Seven single attacks (? each), causes [Doom: 45] to the user","Y","Lowest HP% enemy","","2","10","Holy Crystal","-","5","10","25","35","Black Crystal","-","5","10","25","35","Dark Crystal","-","10","15","50","75","Darkness","スナッチブロー","30271391","✓"
"Marcus","","Tantalus Break","HA1","PHY","Single enemy","Physical","5.50","Wind, Poison","0.01","Five single attacks (1.10 each)","Y","Lowest HP% enemy","70","2","10","Non-Elemental Crystal","-","5","10","25","35","Wind Crystal","-","10","15","50","75","Dark Crystal","-","5","10","25","35","Thief","タンタラスブレイク","30201221","✓"
"Tidus","","Jecht Shot","HA1","PHY","Single enemy","Physical","6.60","Water","1.65","Five single ranged attacks (1.10 each), followed by one single ranged attack (1.10) with additional 20% critical damage","Y","Lowest HP% enemy","90","2","10","Power Crystal","-","5","10","25","35","Ice Crystal","-","5","10","25","35","Lightning Crystal","-","10","15","50","75","Sharpshooter","ジェクトシュート","30281161","✓"
"Yuna","","The Sending","HA1","SUM","Single enemy","Magical","24.75","Holy, Wind","1.80","Five single attacks (4.95 each), minimum damage 2000, restores 1000 HP to all allies","N","Lowest HP% enemy","90","2","6","Summoning Crystal","-","10","15","50","75","Wind Crystal","-","5","10","25","35","Holy Crystal","-","5","10","25","35","Summoning","異界送り","30131491","✓"
"Yuna","","Whistle Promise","HA2","WHT","All allies","","","","1.65","Restores HP (20), smart ether 1 every fourth activation","N","All allies","100","2","10","White Crystal","-","10","15","50","75","Non-Elemental Crystal","-","5","10","25","35","Holy Crystal","-","5","10","25","35","White Magic","約束の指笛","30121531","✓"
"Yuna","","Trigger Happy","HA3","?","Single enemy","Magical","","Holy","","Six single attacks (? each)","?","Lowest HP% enemy","","2","10","White Crystal","-","10","15","50","75","Non-Elemental Crystal","-","5","10","25","35","Holy Crystal","-","5","10","25","35","White Magic","クイックトリガー","30121681",""
"Wakka","","Element Reels","HA1","PHY","Single enemy","Physical","4.00","Water","1.65","Four single ranged attacks (1.00 each), grants [Buff Water 10% (15s)] to all allies every third activation","Y","Lowest HP% enemy","90","2","10","Power Crystal","-","5","10","25","35","Ice Crystal","-","10","15","50","75","Lightning Crystal","-","5","10","25","35","Sharpshooter","エレメントリール","30281191","✓"
"Wakka","","Attack Reels","HA2","PHY","Single enemy","Physical","6.60","Water","1.65","Six single ranged attacks (1.10 each)","Y","Lowest HP% enemy","90","2","10","Power Crystal","-","5","10","25","35","Non-Elemental Crystal","-","5","10","25","35","Ice Crystal","-","10","15","50","75","Sharpshooter","アタックリール","30281251","✓"
"Lulu","","Fury","HA1","BLK","Single","Magical","17.10","Ice, Water, Lightning","2.60","Six single attacks (2.85 each)","Y","Lowest HP% enemy","90","2","10","Black Crystal","-","10","15","50","75","Ice Crystal","-","5","10","25","35","Lightning Crystal","-","5","10","25","35","Witch","テンプテーション","30301131","✓"
"Lulu","","Triple Trick","HA2","BLK","Single","Magical","13.20","Ice, Water, Lightning","1.65","Four single attacks (3.30 each), grants [Magical Quick Cast 2] to the user","Y","Lowest HP% enemy","90","2","10","Black Crystal","-","10","15","50","75","Ice Crystal","-","5","10","25","35","Lightning Crystal","-","5","10","25","35","Witch","トリプルトリック","30301211","✓"
"Kimahri","","Ronso Jump","HA1","PHY","Single enemy","Physical","6.65","Water","3.30","Seven single ranged jump attacks (0.95 each)","Y","Lowest HP% enemy","90","2","10","Ice Crystal","-","10","15","50","75","Lightning Crystal","-","5","10","25","35","Wind Crystal","-","5","10","25","35","Dragoon","ロンゾジャンプ","30181231","✓"
"Kimahri","","Azure Lance","HA2","PHY","Single enemy","Physical","3.00","Water","1.65","Three single ranged jump attacks (1.00 each), grants [Instant Cast 1] to the user","Y","Lowest HP% enemy","90","2","10","Power Crystal","-","5","10","25","35","Ice Crystal","-","10","15","50","75","Wind Crystal","-","5","10","25","35","Dragoon","覚悟の青き槍","30181311","✓"
"Rikku","","Al Bhed Steal","HA1","PHY","Single enemy","Physical","4.00","Water","1.20","Four single attacks (1.00 each), causes [ATK and DEF -50% (8s)], grants [ATK and DEF +50%] for 8 seconds to the user","Y","Random enemy without status","80","2","10","Ice Crystal","-","10","15","50","75","Wind Crystal","-","5","10","25","35","Dark Crystal","-","5","10","25","35","Thief","アルベド・スティール","30201161","✓"
"Rikku","","Tidal Wave","HA2","PHY","Single enemy","Physical","5.95","Water","1.65","Seven single ranged attacks (0.85 each)","Y","Lowest HP% enemy","90","2","10","Non-Elemental Crystal","-","5","10","25","35","Ice Crystal","-","10","15","50","75","Lightning Crystal","-","5","10","25","35","Machinist","タイダルウェーブ","30261291","✓"
"Auron","","Banishing Blade","HA1","PHY","Single enemy","Physical","7.10","Fire","3.30","One single attack (7.10) capped at 99999, causes [ATK, DEF, MAG and RES -50% (15s)] to the target","Y","Lowest HP% enemy","90","2","10","Power Crystal","-","5","10","25","35","Non-Elemental Crystal","-","10","15","50","75","Fire Crystal","-","5","10","25","35","Samurai","征伐","30221231","✓"
"Auron","","Dragon Fang","HA2","PHY","Single enemy","Physical","6.60","Fire","1.65","Six single attacks (1.10 each)","Y","Lowest HP% enemy","90","2","10","Power Crystal","-","5","10","25","35","Non-Elemental Crystal","-","10","15","50","75","Fire Crystal","-","5","10","25","35","Samurai","牙龍","30221321","✓"
"Jecht","","Jecht Beam","HA1","PHY","Single enemy","Physical","5.50","Dark, Fire","1.65","Four single ranged attacks (1.10 each), followed by one single ranged attack (1.10) with additional 20% critical damage","Y","Lowest HP% enemy","90","2","10","Power Crystal","-","5","10","25","35","Fire Crystal","-","5","10","25","35","Dark Crystal","-","10","15","50","75","Sharpshooter","ジェクトビーム","30281201","✓"
"Jecht","","Jecht Shot Mark III","HA2","PHY","Single enemy","Physical","4.40","Dark, Fire","1.65","Four single ranged attacks (1.10 each), grants [Sharpshooter Quick Cast 2] to the user","Y","Lowest HP% enemy","90","2","10","Power Crystal","-","5","10","25","35","Fire Crystal","-","10","15","50","75","Dark Crystal","-","5","10","25","35","Sharpshooter","ジェクト様シュート３号","30281271","✓"
"Braska","","Wandering Flame","HA1","SUM","Single enemy","Magical","19.80","Fire","1.80","Four single attacks (4.95 each), minimum damage 2000, grants [Buff Fire 10% (15s)] to all allies every third activation","N","Lowest HP% enemy","90","2","6","Black Crystal","-","5","10","25","35","Summoning Crystal","-","10","15","50","75","Fire Crystal","-","5","10","25","35","Summoning","彷徨の炎","30131541","✓"
"Braska","","Crimson Prayer","HA2","SUM","Single enemy","Magical","","Fire","","Sixsingle attacks (? each), minimum damage ?","N","Lowest HP% enemy","","2","6","Power Crystal","-","5","10","25","35","Summoning Crystal","-","10","15","50","75","Fire Crystal","-","5","10","25","35","Summoning","紅炎の祈り","30131601","✓"
"Paine","","Hurt!","HA1","PHY","Single enemy","Physical","7.10","Water","1.65","One single attack (7.10) capped at 99999","Y","Lowest HP% enemy","90","2","10","Power Crystal","-","10","15","50","75","Ice Crystal","-","5","10","25","35","Lightning Crystal","-","5","10","25","35","Spellblade","シメる！","30141311","✓"
"Paine","","Sword Dance","HA2","PHY","Single enemy","Physical","6.60","Water","1.65","Six single attacks (1.10 each)","Y","Lowest HP% enemy","90","2","10","Power Crystal","-","10","15","50","75","Non-Elemental","-","5","10","25","35","Ice Crystal","-","5","10","25","35","Spellblade","ダンシングソード","30141441","✓"
"Seymour","","Anima's Pain","HA1","SUM","All enemies","Magical","24.75","Dark","1.80","Five group attacks (4.95 each), minimum damage 2000","N","All enemies","90","2","6","Summoning Crystal","-","10","15","50","75","Non-Elemental Crystal","-","5","10","25","35","Dark Crystal","-","5","10","25","35","Summoning","アニマ召喚・ペイン","30131521","✓"
"Seymour","","Cursed Requiem","HA2","?","Single enemy","Magical","","Dark","","Five single attacks (? each), grants [Buff Dark 10% (?s)] to all allies every second activation","?","Lowest HP% enemy","","2","10","Black Crystal","-","10","15","50","75","Non-Elemental Crystal","-","5","10","25","35","Dark Crystal","-","5","10","25","35","Black Magic","カースレクイエム","30111821",""
"Shantotto","","Play Rough","HA2","BLK","Single enemy","Magical","19.95","Lightning","2.60","Seven single attacks (2.85 each)","Y","Lowest HP% enemy","90","2","10","Black Crystal","-","5","10","25","35","Lightning Crystal","-","5","10","25","35","Dark Crystal","-","10","15","50","75","Witch","ブチ切れ","30301111","✓"
"Ayame","","Tachi: Gekko","HA1","PHY","Single enemy","Physical","5.70","Ice, Water","1.65","Six single attacks (0.95 each), 100% additional critical chance if user has [Retaliate] or [High Retaliate], removes [Retaliate] and [High Retaliate] from the user","Y","Lowest HP% enemy","90","2","10","Power Crystal","-","5","10","25","35","Non-Elemental Crystal","-","10","15","50","75","Ice Crystal","-","5","10","25","35","Samurai","八之太刀・月光","30221221","✓"
"Ayame","","Hagakure Kaiden: Yukikaze","HA2","PHY","Single enemy","Physical","7.10","Ice","1.65","One single attack (7.10) capped at 99999, grants [Retaliate] to the user","Y","Lowest HP% enemy","90","2","10","Non-Elemental Crystal","-","5","10","25","35","Ice Crystal","-","10","15","50","75","Wind Crystal","-","5","10","25","35","Samurai","葉隠皆伝・雪風","30221311","✓"
"Curilla","","Swift Blade","HA1","PHY","Single enemy","Physical","4.00","Holy","1.65","Four single attacks (1.00 each), grants [10% Damage Reduction Barrier 1] to all allies","Y","Lowest HP% enemy","90","2","10","Power Crystal","-","5","10","25","35","White Crystal","-","5","10","25","35","Holy Crystal","-","10","15","50","75","Knight","スウィフトブレード","30211341","✓"
"Curilla","","Circle Blade","HA2","PHY","Single enemy","Physical","6.60","Holy","1.65","Six single attacks (1.1 each)","Y","Lowest HP% enemy","90","2","10","Power Crystal","-","5","10","25","35","Non-Elemental Crystal","-","5","10","25","35","Holy Crystal","-","10","15","50","75","Knight","サークルブレード","30211461","✓"
"Prishe","","Nullifying Dropkick","HA1","PHY","Single enemy","Physical","5.50","Lightning, Ice, NE","1.65","Five single attacks (1.10 each)","Y","Lowest HP% enemy","90","2","10","Non-Elemental Crystal","-","10","15","50","75","Ice Crystal","-","5","10","25","35","Lightning Crystal","-","5","10","25","35","Monk","崑崙八象脚","30191391","✓"
"Lion","","Powder Keg","HA1","PHY","Single enemy","Physical","5.50","Water","1.20","Five single attacks (1.10 each), causes [Imperil Water 10% (5s)]","Y","Lowest HP% enemy","80","2","10","Non-Elemental Crystal","-","5","10","25","35","Ice Crystal","-","5","10","25","35","Wind Crystal","-","10","15","50","75","Thief","パウダーケッグ","30201231","✓"
"Lion","","Utsusemi","HA2","?","Single enemy","Physical","","Water","","Six single attacks (? each), grants [Physical Blink 1] and [Physical Blink Stacking 2] to the user","?","Lowest HP% enemy","","2","10","Power Crystal","-","10","15","50","75","Non-Elemental Crystal","-","5","10","25","35","Ice Crystal","-","5","10","25","35","Ninja","空蝉の術","30231321",""
"Aphmau","","Repair","HA1","WHT","All allies","","","","1.65","Restores HP (20), smart ether 1 every fourth activation","N","All allies","100","2","10","White Crystal","-","10","15","50","75","Earth Crystal","-","5","10","25","35","Holy Crystal","-","5","10","25","35","White Magic","リペアー","30121401","✓"
"Zeid","","Abyssal Strike","HA1","PHY","Single enemy","Physical","6.60","Dark","1.65","Six single attacks (1.10 each)","Y","Lowest HP% enemy","90","2","10","Non-Elemental Crystal","-","5","10","25","35","Earth Crystal","-","5","10","25","35","Dark Crystal","-","10","15","50","75","Darkness","アビッサルストライク","30271331","✓"
"Lilisette","","Sensual Dance","HA1","NAT","All enemies","","","","1.65","Causes [ATK, DEF and MAG -50% (8s)], restores 1500 HP to all allies","N","All enemies","100","2","10","White Crystal","-","5","10","25","35","Holy Crystal","-","10","15","50","75","Dark Crystal","-","5","10","25","35","Dancer","センシュアルダンス","30251171","✓"
"Lilisette","","Dancer's Cheer","HA2","?","Single ally","","","","","Transfers the user's Soul Break points to the target (maximum of 500 Soul Break points), grants [High Quick Cast 1] to the user","?","Random ally prioritizing self last","","2","10","Power Crystal","-","10","15","50","75","White Crystal","-","5","10","25","35","Black Crystal","-","5","10","25","35","Support","舞姫の激励","30161401",""
"Naja","","Cat President's Reward","HA1","PHY","All allies","","","","2.40","Grants [Physical Quick Cast 2], cast time 2.40/2.10/1.80/1.50/1.20 scaling with [Cat President's Reward Uses]","N","All allies","100","2","10","White Crystal","-","10","15","50","75","Power Crystal","-","5","10","25","35","Black Crystal","-","5","10","25","35","Support","ネコ社長の報酬","30161371","✓"
"Naja","","Peacebreaker","HA2","PHY","Single","Physical","4.00","Earth","1.65","Four single attacks (1.00 each), causes [DEF -50% (8s)]","Y","Lowest HP% enemy","120","2","10","Earth Crystal","-","10","15","50","75","Non-Elemental Crystal","-","5","10","25","35","Power Crystal","-","5","10","25","35","Support","ピースブレイカー","30161381","✓"
"Arciela","","Harmonic Displacement","HA1","BLK","Single enemy","Magical","17.50","Ice, Lightning, Water, Wind","1.65","Five single attacks (3.50 each)","Y","Lowest HP% enemy","90","2","10","Black Crystal","-","10","15","50","75","Ice Crystal","-","5","10","25","35","Wind Crystal","-","5","10","25","35","Black Magic","Hディスプレイスメント","30111751","✓"
"Arciela","","Dignified Awe","HA2","?","Single enemy","Magical","","Ice, Lightning, Water, Wind","","Six single attacks (? each), cast time ?/?/?/?/? scaling with [Dignified Awe Uses]","?","Lowest HP% enemy","","2","10","Black Crystal","-","10","15","50","75","Ice Crystal","-","5","10","25","35","Lightning Crystal","-","5","10","25","35","Witch","ディグニファイアウ","30301281",""
"Vaan","","Red Spiral","HA1","PHY","Single enemy","Physical","5.50","Wind","1.20","Five single attacks (1.10 each), causes [Imperil Wind 10% (5s)]","Y","Lowest HP% enemy","80","2","10","Non-Elemental Crystal","-","5","10","25","35","Wind Crystal","-","10","15","50","75","Dark Crystal","-","5","10","25","35","Thief","レッドスパイラル","30201201","✓"
"Vaan","","Windburst","HA2","PHY","Single enemy","Physical","","Wind","","Seven single attacks (? each)","Y","Lowest HP% enemy","","2","10","Non-Elemental Crystal","-","10","15","50","75","Wind Crystal","-","5","10","25","35","Dark Crystal","-","5","10","25","35","Thief","風のラプチャー","30201301","✓"
"Balthier","","Fires of War","HA1","PHY","Single enemy","Physical","5.95","Fire","1.65","Seven single ranged attacks (0.85 each)","Y","Lowest HP% enemy","90","2","10","Non-Elemental Crystal","-","5","10","25","35","Fire Crystal","-","10","15","50","75","Wind Crystal","-","5","10","25","35","Machinist","略奪のコンパス","30261231","✓"
"Balthier","","Makara","HA2","PHY","Single enemy","Physical","5.50","Fire","1.65","Five single ranged attacks (1.10 each), causes [Imperil Fire 10% (5s)]","Y","Lowest HP% enemy","90","2","10","Power Crystal","-","5","10","25","35","Non-Elemental Crystal","-","5","10","25","35","Fire Crystal","-","10","15","50","75","Machinist","ブルカノ式T","30261351","✓"
"Fran","","Shatterheart","HA1","PHY","Single enemy","Physical","4.00","Ice, Lightning","1.65","Four single ranged attacks (1.00 each), causes [Imperil Ice 10% (5s)] and [Imperil Lightning 10% (5s)]","Y","Lowest HP% enemy","90","2","10","Ice Crystal","-","10","15","50","75","Lightning Crystal","-","5","10","25","35","Dark Crystal","-","5","10","25","35","Sharpshooter","咬撃氷狼波","30281181","✓"
"Fran","","Feral Mist Strike","HA2","PHY","Single enemy","Physical","","Ice, Lightning","","Six single ranged attacks (? each), cast time 3.30/2.90/2.475/2.075/1.65 scaling with uses","Y","Lowest HP% enemy","","2","10","Ice Crystal","-","10","15","50","75","Lightning Crystal","-","5","10","25","35","Dark Crystal","-","5","10","25","35","Sharpshooter","氷乱雷殺掌","30281261","✓"
"Basch","","Ruin Impendent","HA1","PHY","Single enemy","Physical","4.00","Holy, Fire","1.65","Four single attacks (1.00 each), grants [HP Stock (2000)] to the user","Y","Lowest HP% enemy","90","2","10","White Crystal","-","5","10","25","35","Fire Crystal","-","5","10","25","35","Holy Crystal","-","10","15","50","75","Knight","紛れ無き終焉","30211321","✓"
"Basch","","Clash of Light and Flame","HA2","PHY","Single enemy","Physical","5.50","Holy, Fire","1.65","Five single attacks (1.10 each)","Y","Lowest HP% enemy","90","2","10","Power Crystal","-","5","10","25","35","Fire Crystal","-","5","10","25","35","Holy Crystal","-","10","15","50","75","Knight","光と紅蓮の衝撃","30211391","✓"
"Basch","","Bladeflash Purge","HA3","?","Single enemy","Physical","","Holy, Fire","","Six single attacks (? each)","?","Lowest HP% enemy","","2","10","Power Crystal","-","5","10","25","35","Fire Crystal","-","5","10","25","35","Holy Crystal","-","10","15","50","75","Samurai","百鬼刃閃","30221361",""
"Ashe","","Maelstrom's Bolt","HA1","BLK","Single","Magical","21.00","Lightning","1.65","Six single attacks (3.50 each)","Y","Lowest HP% enemy","90","2","10","Black Crystal","-","10","15","50","75","Lightning Crystal","-","5","10","25","35","Wind Crystal","-","5","10","25","35","Black Magic","天鼓雷音稲妻斬","30111471","✓"
"Penelo","","War Dance","HA1","NAT","All allies","","","","1.65","Restores 1000 HP, grants [War Dance ATK and MAG +5%/10%/20%/30%], grants [Proficiency 1/2/3/3] to the user if the user has [Proficiency 0/1/2/3]","N","All allies","100","2","10","White Crystal","-","5","10","25","35","Holy Crystal","-","10","15","50","75","Dark Crystal","-","5","10","25","35","Dancer","ブレイブダンス","30251111","✓"
"Penelo","","Healing Step","HA2","NAT","All allies","","","","","Restores HP (?)","N","All allies","","2","10","White Crystal","-","10","15","50","75","Holy Crystal","-","5","10","25","35","Dark Crystal","-","5","10","25","35","Dancer","ヒールステップ","30251181","✓"
"Gabranth","","Innocence","HA1","PHY","Single enemy","Physical","6.60","Dark","3.30","Six single attacks (1.10 each), grants [Heavy Charge +1] to the user, cast time 3.30/2.475/1.65 scaling with uses","Y","Lowest HP% enemy","90","2","10","Power Crystal","-","10","15","50","75","Earth Crystal","-","5","10","25","35","Dark Crystal","-","5","10","25","35","Heavy","イノセンス","30311111","✓"
"Gabranth","","Hatred Geyser","HA2","PHY","Single enemy","Physical","","Dark","1.65","4/5/6 single attacks (?/?/? each) at Heavy Charge 0/1/2, causes [Imperil Dark 10% (5s)], causes [Heavy Charge -1] to the user","Y","Lowest HP% enemy","90","2","10","Power Crystal","-","5","10","25","35","Earth Crystal","-","5","10","25","35","Dark Crystal","-","10","15","50","75","Heavy","ヘイトゲイザー","30311141","✓"
"Larsa","","Archadian Draught","HA1","WHT","All allies","","","","1.65","Restores HP (20)","N","All allies","100","2","10","White Crystal","-","10","15","50","75","Wind Crystal","-","5","10","25","35","Holy Crystal","-","5","10","25","35","White Magic","帝国の秘薬","30121441","✓"
"Larsa","","Mote Glimmer","HA2","NAT","Single enemy","","","","1.65","[ATK, DEF, and MAG -50% (8s)], restores 1500 HP to all allies","N","Lowest HP% enemy","100","2","10","White Crystal","-","10","15","50","75","Non-Elemental Crystal","-","5","10","25","35","Holy Crystal","-","5","10","25","35","Support","魔片の煌めき","30161351","✓"
"Vayne","","Force of Will","HA1","NAT","Single enemy","Hybrid","","Dark","1.65","Six single hybrid attacks (1.10 or 3.50 each)","Y","Lowest HP% enemy","90","2","10","Black Crystal","-","5","10","25","35","Non-Elemental Crystal","-","5","10","25","35","Dark Crystal","-","10","15","50","75","Darkness","嶄然震撼","30271321","✓"
"Reks","","Dual Swords","HA1","PHY","Single enemy","Physical","6.60","Lightning","1.65","Six single attacks (1.10 each)","Y","Lowest HP% enemy","90","2","10","Power Crystal","-","10","15","50","75","Lightning Crystal","-","5","10","25","35","Dark Crystal","-","5","10","25","35","Spellblade","ソードコンボ","30141381","✓"
"Lightning","","Blaze Rush","HA1","PHY","Single enemy","Physical","6.60","Lightning, Holy","2.40","Six single ranged attacks (1.10 each), cast time 2.40/2.10/1.80/1.50/1.20 scaling with [Blaze Rush Uses]","Y","Lowest HP% enemy","90","2","10","Power Crystal","-","10","15","50","75","Lightning Crystal","-","5","10","25","35","Holy Crystal","-","5","10","25","35","Celerity","ブレイズラッシュ","30171261","✓"
"Lightning","","Crushing Blow","HA2","PHY","Single enemy","Physical","3.00","Lightning, Holy","1.20","Three single attacks (1.00 each), grants [Instant Cast 1] to the user","Y","Lowest HP% enemy","80","2","10","Power Crystal","-","5","10","25","35","Lightning Crystal","-","10","15","50","75","Holy Crystal","-","5","10","25","35","Celerity","絶影","30171311","✓"
"Snow","","Froststrike","HA1","PHY","Single enemy","Physical","6.60","Ice","1.65","4/6 single attacks (1.10 each) if the user hasn't/has any Damage Reduction Barrier, grants [40% Damage Reduction Barrier 1] to the user","Y","Lowest HP% enemy","90","2","10","Non-Elemental Crystal","-","5","10","25","35","Ice Crystal","-","10","15","50","75","Earth Crystal","-","5","10","25","35","Monk","フロストブロウ","30191221","✓"
"Snow","","Sovereign Fist","HA2","PHY","Single enemy","Physical","7.10","Ice","1.65","One single attack (7.10) capped at 99999","Y","Lowest HP% enemy","90","2","10","Power Crystal","-","5","10","25","35","Non-Elemental Crystal","-","5","10","25","35","Ice Crystal","-","10","15","50","75","Monk","ルーラーフィスト","30191461","✓"
"Vanille","","Oerba's Boon","HA1","WHT","All allies","","","","2.10","Restores HP (25)","N","All allies","100","2","10","White Crystal","-","10","15","50","75","Wind Crystal","-","5","10","25","35","Holy Crystal","-","5","10","25","35","White Magic","ヲルバの祝福","30121411","✓"
"Sazh","","Chocolina Blues","HA1","NAT","All allies","","","","1.65","Grants [10% Damage Reduction Barrier 1], grants [Exertion ATK and MAG +5%/10%/20%/30%], grants [Exertion 1/2/3/3] to the user if the user has [Exertion 0/1/2/3]","N","All allies","100","2","10","Fire Crystal","-","10","15","50","75","Ice Crystal","-","5","10","25","35","Lightning Crystal","-","5","10","25","35","Support","アフロブルース","30161281","✓"
"Sazh","","Godsend Shot","HA2","PHY","Single enemy","Physical","3.00","Fire, Ice, Lightning","1.65","Three single attacks (1.00 each), grants [Buff Fire 10% (15s)], [Buff Ice 10% (15s)] and [Buff Lightning 10% (15s)] to all allies every third activation","Y","Lowest HP% enemy","90","2","10","Lightning Crystal","-","5","10","25","35","Ice Crystal","-","5","10","25","35","Fire Crystal","-","10","15","50","75","Machinist","マーベラスショット","30261361","✓"
"Hope","","Last Resort","HA1","BLK","Single enemy","Magical","21.00","Holy","1.65","Six single attacks (3.50 each), removes [Haste] every second activation","Y","Lowest HP% enemy","90","2","10","Black Crystal","-","10","15","50","75","Non-Elemental Crystal","-","5","10","25","35","Holy Crystal","-","5","10","25","35","Black Magic","ラストリゾート","30111561","✓"
"Hope","","Divine Judgment","HA2","?","Single enemy","Magical","","Holy","","Six single attacks (? each)","?","Lowest HP% enemy","","2","6","Power Crystal","-","5","10","25","35","Summoning Crystal","-","10","15","50","75","Holy Crystal","-","5","10","25","35","Summoning","聖なる審判","30131641",""
"Fang","","Whirlwind","HA1","PHY","Single enemy","Physical","6.65","Wind","1.50","Seven single ranged jump attacks (0.95 each), air time (2.50 sec.)","Y","Lowest HP% enemy","90","2","10","Lightning Crystal","-","10","15","50","75","Earth Crystal","-","5","10","25","35","Wind Crystal","-","5","10","25","35","Dragoon","エアリアルレイヴ","30181181","✓"
"Fang","","Aerial Loop","HA2","PHY","Single enemy","Physical","4.00","Wind","1.65","Four single ranged attacks (1.00 each), grants [No Air Time 3] to the user","Y","Lowest HP% enemy","90","2","10","Power Crystal","-","5","10","25","35","Lightning Crystal","-","5","10","25","35","Wind Crystal","-","10","15","50","75","Dragoon","スカイハイループ","30181371","✓"
"Serah","","Artemis Arrow","HA1","BLK","Single enemy","Magical","19.95","Ice","2.60","Seven single attacks (2.85 each)","Y","Lowest HP% enemy","90","2","10","Black Crystal","-","10","15","50","75","Non-Elemental Crystal","-","5","10","25","35","Ice Crystal","-","5","10","25","35","Black Magic","アルテミスアロー","30111391","✓"
"Serah","","Artemis Volley","HA2","BLK","Single enemy","Magical","17.50","Water","1.65","Five single attacks (3.50 each), causes [Imperil Water 10% (5s)] every second activation","Y","Lowest HP% enemy","90","2","10","Black Crystal","-","10","15","50","75","Ice Crystal","-","5","10","25","35","Dark Crystal","-","5","10","25","35","Black Magic","アルテミスシュート","30111621","✓"
"Cid Raines","","Seraph's Wing","HA1","BLK","Single enemy","Magical","21.00","Dark, Holy","1.65","Six single attacks (3.50 each), causes [Doom: 45] to the user","Y","Lowest HP% enemy","90","2","10","Non-Elemental Crystal","-","5","10","25","35","Holy Crystal","-","5","10","25","35","Dark Crystal","-","10","15","50","75","Darkness","熾天使の翼","30271291","✓"
"Cid Raines","","Seraphic Ray","HA2","?","Single enemy","Magical","","Dark, Holy","","Four single attacks (? each), followed by one single attack (?) that ignores RES","?","Lowest HP% enemy","","2","10","Non-Elemental Crystal","-","10","15","50","75","Holy Crystal","-","5","10","25","35","Dark Crystal","-","5","10","25","35","Black Magic","セラフィックレイ","30111871",""
"Noel","","Meteor Javelin","HA1","PHY","Single enemy","Physical","6.60","Ice, Water","3.30","Six single ranged attacks (1.10 each), cast time 3.30/2.90/2.475/2.075/1.65 scaling with [Meteor Javelin Uses]","Y","Lowest HP% enemy","90","2","10","Ice Crystal","-","10","15","50","75","Lightning Crystal","-","5","10","25","35","Dark Crystal","-","5","10","25","35","Sharpshooter","メテオジャベリン","30281171","✓"
"Noel","","Fang Lance","HA2","?","Single enemy","Physical","","Ice, Water","","Four single ranged attacks (? each), grants [Sharpshooter Quick Cast 2] to the user","?","Lowest HP% enemy","","2","10","Power Crystal","-","5","10","25","35","Non-Elemental Crystal","-","5","10","25","35","Ice Crystal","-","10","15","50","75","Sharpshooter","連槍牙","30281321",""
"Nabaat","","Sacrifice Pawn","HA1","BLK","Single enemy","Magical","17.50","Dark","1.65","Five single attacks (3.50 each), grants [HP Stock (3000)] to the user","Y","Lowest HP% enemy","90","2","10","Black Crystal","-","5","10","25","35","Non-Elemental Crystal","-","5","10","25","35","Dark Crystal","-","10","15","50","75","Darkness","サクリファイス＝ギア","30271201","✓"
"Nabaat","","Ruthless Gear","HA2","BLK","Single enemy","Magical","","Dark","","Seven single attacks (? each)","Y","Lowest HP% enemy","","2","10","Black Crystal","-","5","10","25","35","Earth Crystal","-","5","10","25","35","Dark Crystal","-","10","15","50","75","Black Magic","ルースレス=ギア","30111801","✓"
"Y'shtola","","Ethereal Force","HA1","BLK","Single","Magical","17.10","Fire, Ice, Lightning, Dark","2.60","Six single attacks (2.85 each)","Y","Lowest HP% enemy","90","2","10","Fire Crystal","-","5","10","25","35","Ice Crystal","-","5","10","25","35","Dark Crystal","-","10","15","50","75","Witch","エーテリアルフォース","30301101","✓"
"Y'shtola","","Medica II","HA2","WHT","All allies","","","","1.65","Restores HP (20), smart ether 1 every fourth activation","N","All allies","100","2","10","White Crystal","-","10","15","50","75","Non-Elemental Crystal","-","5","10","25","35","Holy Crystal","-","5","10","25","35","White Magic","メディカラ","30121521","✓"
"Thancred","","Dream Within a Dream","HA1","NAT","Single enemy","Hybrid","","Earth, Wind, Poison","0.83","4/5/6 single hybrid attacks (1.10 or 525.00 each) if the user has [Physical Blink 0/1/2], grants [Physical Blink 1] and [Physical Blink Stacking 2] to the user","Y","Lowest HP% enemy","80","2","10","Earth Crystal","-","5","10","25","35","Wind Crystal","-","5","10","25","35","Dark Crystal","-","10","15","50","75","Ninja","夢幻三段","30231251","✓"
"Thancred","","Danger Zone","HA2","?","Single enemy","Hybrid","","Holy, Earth, Wind, Poison","","Six single hybrid attacks (? or ? each), cast time ?/?/? scaling with Heavy Charge level","?","Lowest HP% enemy","","2","10","Power Crystal","-","10","15","50","75","Earth Crystal","-","5","10","25","35","Holy Crystal","-","5","10","25","35","Heavy","デンジャーゾーン","30311181",""
"Thancred","","Solid Barrel","HA3","?","Single enemy","Hybrid","","Holy, Earth, Wind, Poison","","Four single attacks (? each), grants [Heavy Charge +1] to the user","?","Lowest HP% enemy","","2","10","Power Crystal","-","5","10","25","35","Non-Elemental Crystal","-","5","10","25","35","Holy Crystal","-","10","15","50","75","Heavy","ソリッドバレル","30311191",""
"Yda","","Blink Impact","HA1","PHY","Single enemy","Physical","6.60","Fire","1.65","Six single attacks (1.10 each)","Y","Lowest HP% enemy","90","2","10","Power Crystal","-","5","10","25","35","Fire Crystal","-","10","15","50","75","Earth Crystal","-","5","10","25","35","Monk","瞬撃衝","30191271","✓"
"Yda","","Forbidden Chakra","HA2","PHY","Single enemy","Physical","4.00","Fire","1.65","Four single attacks (1.00 each), grants [Monk Quick Cast 2] to the user","Y","Lowest HP% enemy","90","2","10","Power Crystal","-","5","10","25","35","Non-Elemental Crystal","-","5","10","25","35","Fire Crystal","-","10","15","50","75","Monk","陰陽闘気斬","30191431","✓"
"Papalymo","","Scion's Fire","HA1","BLK","Single","Magical","21.00","Fire","1.65","Six single attacks (3.50 each)","Y","Lowest HP% enemy","90","2","10","Black Crystal","-","10","15","50","75","Non-Elemental Crystal","-","5","10","25","35","Fire Crystal","-","5","10","25","35","Black Magic","サイオンズ・ファイア","30111511","✓"
"Alphinaud","","Aerial Slice","HA1","SUM","Single enemy","Magical","24.75","Wind","1.80","Five single attacks (4.95 each), minimum damage 2000, restores 1000 HP to all allies","N","Lowest HP% enemy","90","2","6","White Crystal","-","5","10","25","35","Summoning Crystal","-","10","15","50","75","Wind Crystal","-","5","10","25","35","Summoning","エリアルスラッシュ","30131461","✓"
"Minfilia","","The Echo","HA1","NAT","All allies","","","","1.65","Restores 1000 HP","N","All allies","180","2","10","White Crystal","-","10","15","50","75","Earth Crystal","-","5","10","25","35","Holy Crystal","-","5","10","25","35","Knight","超える力","30211351","✓"
"Minfilia","","Entrusted Will","HA2","NAT","Single ally","","","","1.65","Transfers the user's Soul Break points to the target (maximum of 500 Soul Break points), grants [Quick Cast 1]","N","Random ally prioritizing self last","100","2","10","Power Crystal","-","10","15","50","75","White Crystal","-","5","10","25","35","Black Crystal","-","5","10","25","35","Support","託されし意思","30161331","✓"
"Cid (XIV)","","Equalizer","HA1","PHY","Single enemy","Physical","3.00","Fire, Earth, Wind, Poison","1.65","Three single ranged attacks (1.00 each), causes [Imperil Fire 10% (5s)], [Imperil Earth 10% (5s)], [Imperil Wind 10% (5s)] and [Imperil Poison 10% (5s)]","Y","Lowest HP% enemy","90","2","10","Fire Crystal","-","10","15","50","75","Earth Crystal","-","5","10","25","35","Wind Crystal","-","5","10","25","35","Machinist","イコライザー","30261261","✓"
"Cid (XIV)","","Chain Saw (XIV)","HA2","?","Single enemy","Physical","","Fire, Earth, Wind, Poison","","Five single ranged attacks (? each)","?","Lowest HP% enemy","","2","10","Non-Elemental Crystal","-","10","15","50","75","Fire Crystal","-","5","10","25","35","Earth Crystal","-","5","10","25","35","Machinist","回転のこぎり【XIV】","30261421",""
"Ysayle","","Diamond Dust","HA1","SUM","All enemies","Magical","24.75","Ice","1.80","Five group attacks (4.15~4.95 scaling with targets), minimum damage 2000","N","Lowest HP% enemy","90","2","6","Summoning Crystal","-","10","15","50","75","Non-Elemental Crystal","-","5","10","25","35","Ice Crystal","-","5","10","25","35","Summoning","ダイアモンドダスト","30131501","✓"
"Haurchefant","","Circle of Scorn","HA1","PHY","Single enemy","Physical","4.00","Holy, Ice","1.65","Four single attacks (1.00 each), grants [10% Damage Reduction Barrier 1] to all allies","Y","Lowest HP% enemy","90","2","10","Ice Crystal","-","5","10","25","35","Earth Crystal","-","5","10","25","35","Holy Crystal","-","10","15","50","75","Knight","サークルオブドゥーム","30211301","✓"
"Haurchefant","","Fortemps Blade","HA2","PHY","Single enemy","Physical","6.60","Holy, Ice","1.65","Six single attacks (1.1 each)","Y","Lowest HP% enemy","90","2","10","Power Crystal","-","5","10","25","35","Ice Crystal","-","5","10","25","35","Holy Crystal","-","10","15","50","75","Knight","フォルタンブレード","30211451","✓"
"Estinien","","Star Diver","HA1","PHY","Single enemy","Physical","6.90","Wind, Dark","3.30","Six single ranged jump attacks (1.15 each)","Y","Lowest HP% enemy","90","2","10","Power Crystal","-","5","10","25","35","Wind Crystal","-","5","10","25","35","Dark Crystal","-","10","15","50","75","Dragoon","スターダイバー","30181221","✓"
"Estinien","","Coerthan Torment","HA2","PHY","Single enemy","Physical","4.00","Wind, Dark","1.65","Four single ranged jump attacks (1.00 each), grants [Dragoon Quick Cast 2] to the user","Y","Lowest HP% enemy","90","2","10","Non-Elemental Crystal","-","5","10","25","35","Wind Crystal","-","5","10","25","35","Dark Crystal","-","10","15","50","75","Dragoon","クルザントーメント","30181341","✓"
"Alisaie","","Jolt","HA1","BLK","Single enemy","Magical","9.90","Wind, Lightning","1.65","Three single attacks (3.30 each), grants [Instant Cast 1] to the user","Y","Lowest HP% enemy","90","2","10","Black Crystal","-","10","15","50","75","Lightning Crystal","-","5","10","25","35","Wind Crystal","-","5","10","25","35","Black Magic","ジョルト","30111421","✓"
"Alisaie","","Impact","HA2","BLK","Single","Magical","21.00","Wind, Lightning","2.60","Six single attacks (3.50 each)","Y","Lowest HP% enemy","90","2","10","Black Crystal","-","10","15","50","75","Lightning Crystal","-","5","10","25","35","Wind Crystal","-","5","10","25","35","Black Magic","インパクト","30111711","✓"
"Noctis","","Shifting Flame","HA1","PHY","Single enemy","Physical","3.00","Fire","1.20","Three single attacks (1.00 each), grants [Instant Cast 1] to the user","Y","Lowest HP% enemy","80","2","10","Power Crystal","-","10","15","50","75","Non-Elemental Crystal","-","5","10","25","35","Fire Crystal","-","5","10","25","35","Celerity","シフトフレイム","30171231","✓"
"Noctis","","Shift Earth","HA2","PHY","Single enemy","Physical","6.60","Earth","1.65","Six single attacks (1.10 each)","Y","Lowest HP% enemy","90","2","10","Power Crystal","-","5","10","25","35","Fire Crystal","-","5","10","25","35","Earth Crystal","-","10","15","50","75","Combat","シフトアース","30151201","✓"
"Noctis","","Shifting Lightning","HA3","PHY","Single enemy","Physical","6.60","Lightning","1.65","Six single attacks (1.10 each)","Y","Lowest HP% enemy","90","2","10","Power Crystal","-","5","10","25","35","Fire Crystal","-","5","10","25","35","Lightning Crystal","-","10","15","50","75","Combat","シフトライトニング","30151211","✓"
"Noctis","","Shifting Ignition","HA4","PHY","Single enemy","Physical","6.60","Fire","1.65","Six single attacks (1.10 each)","Y","Lowest HP% enemy","90","2","10","Power Crystal","-","5","10","25","35","Non-Elemental","-","5","10","25","35","Fire Crystal","-","10","15","50","75","Combat","シフトイグナイト","30151221","✓"
"Gladiolus","","Royal Guard","HA1","PHY","Single enemy","Physical","6.60","Earth","3.30","Six single attacks (1.10 each), grants [20% Damage Reduction Barrier 1] to the user, cast time 3.30/2.475/1.650 scaling with [Royal Guard Uses]","Y","Lowest HP% enemy","90","2","10","White Crystal","-","5","10","25","35","Earth Crystal","-","5","10","25","35","Holy Crystal","-","10","15","50","75","Knight","ロイヤルガード","30211251","✓"
"Gladiolus","","Cyclone","HA2","?","Single enemy","Physical","","Earth","","Four single attacks (? each), followed by one single attack (?) that ignores DEF","?","Lowest HP% enemy","","2","10","Power Crystal","-","10","15","50","75","Non-Elemental","-","5","10","25","35","Earth Crystal","-","5","10","25","35","Heavy","サイクロン","30311211",""
"Ignis","","Sagefire","HA1","PHY","Single enemy","Physical","4.00","Fire","0.83","Four single attacks (1.00 each), grants [Buff Fire 10% (15s)] to the user every second activation","Y","Lowest HP% enemy","80","2","10","Fire Crystal","-","10","15","50","75","Wind Crystal","-","5","10","25","35","Dark Crystal","-","5","10","25","35","Thief","賢者の炎","30201171","✓"
"Ignis","","Enhancement","HA2","PHY","Single enemy","Physical","6.60","Fire","1.20","Six single ranged attacks (1.10 each)","Y","Lowest HP% enemy","80","2","10","Fire Crystal","-","10","15","50","75","Wind Crystal","-","5","10","25","35","Dark Crystal","-","5","10","25","35","Thief","エンハンス","30201271","✓"
"Ignis","","Quick Recipeh","HA3","NAT","Single ally","","","","1.65","Transfers the user's Soul Break points to the target (maximum of 500 Soul Break points), grants [Quick Cast 1] to the user","N","Random ally prioritizing self last","100","2","10","Power Crystal","-","10","15","50","75","White Crystal","-","5","10","25","35","Black Crystal","-","5","10","25","35","Support","神速クッキング","30161341","✓"
"Prompto","","Trigger Happy","HA1","PHY","Single enemy","Physical","5.95","Lightning","1.65","Seven single ranged attacks (0.85 each)","Y","Lowest HP% enemy","90","2","10","Non-Elemental Crystal","-","5","10","25","35","Lightning Crystal","-","10","15","50","75","Wind Crystal","-","5","10","25","35","Machinist","トリガーハッピー","30261191","✓"
"Prompto","","Recoil (XV)","HA2","PHY","Single enemy","Physical","4.00","Lightning","1.65","Four single ranged attacks (1.00 each), grants [Machinist Quick Cast 2] to the user","Y","Lowest HP% enemy","90","2","10","Power Crystal","-","5","10","25","35","Non-Elemental Crystal","-","5","10","25","35","Lightning Crystal","-","10","15","50","75","Machinist","ブラスター【XV】","30261331","✓"
"Iris","","Pocket Potion","HA1","WHT","All allies","","","","2.10","Restores HP (20), cast time 2.10/1.875/1.65/1.425/1.20 scaling with [Pocket Potion Uses]","N","All allies","100","2","10","White Crystal","-","10","15","50","75","Non-Elemental","-","5","10","25","35","Holy Crystal","-","5","10","25","35","White Magic","サポート・ポーション","30121391","✓"
"Aranea","","Air Superiority","HA1","PHY","Single enemy","Physical","6.65","Lightning, Dark, NE","1.50","Seven single ranged jump attacks (0.95 each), air time (2.50 sec.)","Y","Lowest HP% enemy","90","2","10","Lightning Crystal","-","10","15","50","75","Wind Crystal","-","5","10","25","35","Dark Crystal","-","5","10","25","35","Dragoon","エア・スペリオリティ","30181261","✓"
"Aranea","","Spearouette Storm","HA2","PHY","Single enemy","Physical","4.00","Lightning, Dark","1.65","Four single ranged attacks (1.00 each), grants [No Air Time 3] to the user","Y","Lowest HP% enemy","90","2","10","Lightning Crystal","-","10","15","50","75","Wind Crystal","-","5","10","25","35","Dark Crystal","-","5","10","25","35","Dragoon","魔導槍連閃","30181361","✓"
"Cor","","Predecessor's Might","HA1","PHY","Single enemy","Physical","6.60","Fire","1.65","Six single attacks (1.10 each), grants [Retaliate] to the user for 15 seconds","Y","Lowest HP% enemy","90","2","10","Power Crystal","-","5","10","25","35","Non-Elemental Crystal","-","10","15","50","75","Fire Crystal","-","5","10","25","35","Samurai","先代王の力","30221251","✓"
"Cor","","Harangue","HA2","PHY","Single enemy","Physical","","Fire","","Four single attacks (? each), grants [Samurai Quick Cast 2] to the user","Y","Lowest HP% enemy","90","2","10","Power Crystal","-","5","10","25","35","Non-Elemental Crystal","-","5","10","25","35","Fire Crystal","-","10","15","50","75","Samurai","獅子吼","30221341","✓"
"Lunafreya","","Hydraean Protection","HA1","SUM","Single enemy","Magical","24.75","Water, Holy","1.80","Five single attacks (4.95 each), minimum damage 2000, restores 1000 HP to all allies","N","Lowest HP% enemy","90","2","6","Summoning Crystal","-","10","15","50","75","Ice Crystal","-","5","10","25","35","Holy Crystal","-","5","10","25","35","Summoning","水神の加護","30131531","✓"
"Ardyn","","Aura of Darkness","HA1","PHY","Single enemy","Physical","5.50","Dark, Fire","1.65","Five single ranged attacks (1.10 each)","Y","Lowest HP% enemy","90","2","10","Power Crystal","-","5","10","25","35","Fire Crystal","-","5","10","25","35","Dark Crystal","-","10","15","50","75","Darkness","闇のオーラ","30271241","✓"
"Ardyn","","Shifting Inferno","HA2","?","Single enemy","Physical","","Dark, Fire","","Six single attacks (? each), causes [MND -?% (?s)] to the user","?","Lowest HP% enemy","","2","10","Power Crystal","-","5","10","25","35","Non-Elemental Crystal","-","5","10","25","35","Dark Crystal","-","10","15","50","75","Combat","シフトインフェルノ","30151291",""
"Ravus","","Zantetsuken (XV)","HA1","PHY","Single enemy","Physical","7.10","Lightning, Dark","1.65","One single attack (7.10) capped at 99999","Y","Lowest HP% enemy","90","2","10","Power Crystal","-","5","10","25","35","Lightning Crystal","-","5","10","25","35","Dark Crystal","-","10","15","50","75","Spellblade","斬鉄剣【XV】","30141401","✓"
"Ravus","","Last Rites","HA2","PHY","Single enemy","Physical","","Lightning, Dark","3.30","Six single attacks (? each), cast time 3.30/2.475/1.650 scaling with uses","Y","Lowest HP% enemy","90","2","10","Power Crystal","-","10","15","50","75","Lightning Crystal","-","5","10","25","35","Dark Crystal","-","5","10","25","35","Spellblade","奥義・黄泉送り","30141471","✓"
"Clive","","Rising Flames","HA1","?","Single enemy","Physical","","Fire","","Seven single attacks (? each), cast time ?/?/?/?/? scaling with [Rising Flames Uses]","?","Lowest HP% enemy","","2","10","Power Crystal","-","10","15","50","75","Non-Elemental Crystal","-","5","10","25","35","Fire Crystal","-","5","10","25","35","Combat","ライジングフレイム","30151261",""
"Clive","","Ignition","HA2","?","Single enemy","Physical","","Fire","","Four single attacks (? each), grants [Fire Quick Cast 2] to the user","?","Lowest HP% enemy","","2","10","Power Crystal","-","5","10","25","35","Non-Elemental Crystal","-","5","10","25","35","Fire Crystal","-","10","15","50","75","Combat","イグニッション","30151271",""
"Jill","","Ice Age (XVI)","HA1","?","Single enemy","Magical","","Ice","","Six single attacks (? each)","?","Lowest HP% enemy","","2","10","Black Crystal","-","5","10","25","35","Non-Elemental Crystal","-","5","10","25","35","Ice Crystal","-","10","15","50","75","Witch","アイスエイジ【XVI】","30301251",""
"Joshua","","Firaga (XVI)","HA1","?","Single enemy","Magical","","Fire, Holy","","Six single attacks (? each)","?","Lowest HP% enemy","","2","10","Black Crystal","-","10","15","50","75","Fire Crystal","-","5","10","25","35","Holy Crystal","-","5","10","25","35","Black Magic","ファイガ【XVI】","30111881",""
"Joshua","","Curaga (XVI)","HA2","?","All allies","","","","","Restores HP (?)","?","All allies","","2","10","White Crystal","-","10","15","50","75","Fire Crystal","-","5","10","25","35","Holy Crystal","-","5","10","25","35","White Magic","ケアルガ【XVI】","30121671",""
"Cidolfus","","Thunderstorm (XVI)","HA1","?","Single enemy","Magical","","Lightning","","Five single attacks (? each), grants [Buff Lightning 10% (?s)] to all allies every second activation","?","Lowest HP% enemy","","2","10","Black Crystal","-","5","10","25","35","Lightning Crystal","-","10","15","50","75","Dark Crystal","-","5","10","25","35","Black Magic","サンダーストーム【XVI】","30111911",""
"Ramza","","Golden Cross","HA1","PHY","Single enemy","Physical","4.00","Holy","1.65","Four single attacks (1.00 each), grants [High Quick Cast 1] to the user","Y","Lowest HP% enemy","90","2","10","White Crystal","-","5","10","25","35","Earth Crystal","-","5","10","25","35","Holy Crystal","-","10","15","50","75","Knight","十字斬り","30211261","✓"
"Ramza","","Chirijiraden","HA2","?","Single enemy","Physical","","Holy","","Six single attacks (? each)","?","Lowest HP% enemy","","2","10","Power Crystal","-","5","10","25","35","Non-Elemental Crystal","-","5","10","25","35","Holy Crystal","-","10","15","50","75","Knight","塵地螺鈿飾剣","30211491",""
"Agrias","","Judgment Blade","HA1","PHY","Single enemy","Physical","5.50","Holy","1.65","Five single attacks (1.10 each), causes [Imperil Holy 10% (5s)]","Y","Lowest HP% enemy","90","2","10","Power Crystal","-","5","10","25","35","Non-Elemental Crystal","-","5","10","25","35","Holy Crystal","-","10","15","50","75","Knight","不動無明剣","30211271","✓"
"Delita","","Northswain's Strike","HA1","PHY","Single enemy","Physical","5.50","Holy, Fire, Lightning, Ice","1.65","Five single attacks (1.10 each)","Y","Lowest HP% enemy","90","2","10","Power Crystal","-","10","15","50","75","Lightning Crystal","-","5","10","25","35","Holy Crystal","-","5","10","25","35","Spellblade","北斗骨砕打","30141341","✓"
"Ovelia","","Princess's Prayer","HA1","WHT","All allies","","","","1.65","Restores HP (15), grants [HP Stock (1000)]","N","All allies","100","2","10","White Crystal","-","10","15","50","75","Non-Elemental Crystal","-","5","10","25","35","Holy Crystal","-","5","10","25","35","White Magic","プリンセスの祈り","30121491","✓"
"Ovelia","","Holy Magick Curaja","HA2","?","All allies","","","","","Restores HP (20), smart ether 1 every fourth activation","?","All allies","","2","10","White Crystal","-","10","15","50","75","Non-Elemental Crystal","-","5","10","25","35","Holy Crystal","-","5","10","25","35","White Magic","聖魔法ケアルジャ","30121641",""
"Mustadio","","Aimed Shot","HA1","?","Single enemy","Physical","","Fire, Ice, Lightning, Poison","","Five single ranged attacks (? each)","?","Lowest HP% enemy","","2","10","Fire Crystal","","5","10","25","35","Ice Crystal","","10","15","50","75","Lightning Crystal","","5","10","25","35","Machinist","狙撃","30261401",""
"Mustadio","","Seal Evil","HA2","?","Single enemy","Physical","","Fire, Ice, Lightning, Poison","","Four single ranged attacks (? each), causes [ATK, DEF, MAG and RES  -?% (?s)]","?","Lowest HP% enemy","","2","10","Fire Crystal","","10","15","50","75","Ice Crystal","","5","10","25","35","Lightning Crystal","","5","10","25","35","Machinist","邪心封印","30261411",""
"Orlandeau","","Sword Saint's Art","HA1","PHY","Single enemy","Physical","5.50","Holy, Dark, Earth","1.65","Five single attacks (1.10 each)","Y","Lowest HP% enemy","90","2","10","White Crystal","-","5","10","25","35","Earth Crystal","-","5","10","25","35","Holy Crystal","-","10","15","50","75","Knight","剣聖技","30211191","✓"
"Gaffgarion","","Shadowblade","HA1","PHY","Single enemy","Physical","5.50","Dark","1.65","Five single attacks (1.10 each), heals the user for 20% of the damage dealt","Y","Lowest HP% enemy","90","2","10","Power Crystal","-","5","10","25","35","Earth Crystal","-","5","10","25","35","Dark Crystal","-","10","15","50","75","Darkness","闇の剣","30271221","✓"
"Gaffgarion","","Duskblade","HA2","?","Single enemy","Physical","","Dark","","Seven single attacks (? each), smart ether 1 to the user every second activation","?","Lowest HP% enemy","","2","10","Power Crystal","-","5","10","25","35","Non-Elemental Crystal","-","5","10","25","35","Dark Crystal","-","10","15","50","75","Darkness","暗の剣","30271401",""
"Rapha","","Heaven's Wrath","HA1","?","Single enemy","Magical","","Lightning","","4/5/6/7 single attacks (? each)  if the user used 0/3/5/7 damaging actions","?","Lowest HP% enemy","","2","10","Black Crystal","-","10","15","50","75","Non-Elemental Crystal","-","5","10","25","35","Lightning Crystal","-","5","10","25","35","Witch","天鼓雷音","30301241",""
"Marach","","Hell's Wrath","HA1","?","Single enemy","Magical","","Lightning, Dark","","Five single attacks (? each), causes [Imperil Lightning 10% (5s)]","?","Lowest HP% enemy","","2","10","Black Crystal","-","10","15","50","75","Non-Elemental Crystal","-","5","10","25","35","Lightning Crystal","-","5","10","25","35","Black Magic","裏天鼓雷音","30111851",""
"Meliadoul","","Shatter Armor","HA1","PHY","Single enemy","Physical","5.50","Earth, Holy","3.30","Five single attacks (1.10 each), cast time 3.30/2.90/2.475/2.075/1.65 scaling with [Shatter Armor Uses], causes [Imperil Earth 10% (5s)] and [Imperil Holy 10% (5s)]","Y","Lowest HP% enemy","90","2","10","Power Crystal","-","5","10","25","35","Earth Crystal","-","5","10","25","35","Holy Crystal","-","10","15","50","75","Knight","剛剣・強甲破点突き","30211361","✓"
"Montblanc","","Sidekick","HA1","NAT","All enemies","","","","1.65","Causes [DEF and RES -50% (8s)], grants [HP Stock (1000)] to all allies","N","All enemies","100","2","10","White Crystal","-","5","10","25","35","Holy Crystal","-","10","15","50","75","Dark Crystal","-","5","10","25","35","Dancer","手助け","30251151","✓"
"Montblanc","","Black Combo","HA2","?","Single enemy","Magical","","Fire, Ice, Lightning","","Three single attacks (? each), causes [Imperil Fire 10% (5s)], [Imperil Ice 10% (5s)] and [Imperil Lightning 10% (5s)]","?","Lowest HP% enemy","","2","10","Fire Crystal","-","10","15","50","75","Ice Crystal","-","5","10","25","35","Lightning Crystal","-","5","10","25","35","Black Magic","黒コンボ","30111901",""
"Alma","","Chant","HA1","WHT","All allies","","","","1.65","Restores HP (25), grants [White Magic Heals +10% Boost 1] to the user every fourth activation","N","All allies","100","2","10","White Crystal","-","10","15","50","75","Non-Elemental Crystal","-","5","10","25","35","Holy Crystal","-","5","10","25","35","White Magic","おまじない","30121471","✓"
"Orran","","Celestial Stasis","HA1","NAT","All enemies","","","","1.65","Removes [Haste], grants [Physical Quick Cast 2] to all allies","N","All enemies","100","2","10","White Crystal","-","5","10","25","35","Earth Crystal","-","10","15","50","75","Holy Crystal","-","5","10","25","35","Bard","星天停止","30241131","✓"
"Ace","","Firaga RF","HA1","BLK","Single enemy","Magical","21.00","Fire","1.65","Six single attacks (3.50 each)","Y","Lowest HP% enemy","90","2","10","Black Crystal","-","10","15","50","75","Non-Elemental Crystal","-","5","10","25","35","Fire Crystal","-","5","10","25","35","Black Magic","ファイガRF","30111401","✓"
"Deuce","","Hymn of Healing","HA1","NAT","All allies","","","","1.65","Restores 1000 HP, grants [Hymn of Healing ATK and MAG +5%/10%/20%/30%], grants [Performance 1/2/3/3] to the user if the user has [Performance 0/1/2/3]","N","All allies","100","2","10","White Crystal","-","5","10","25","35","Earth Crystal","-","10","15","50","75","Holy Crystal","-","5","10","25","35","Bard","白のセレナーデ","30241151","✓"
"Deuce","","Concerto","HA2","NAT","All allies","","","","1.65","Restores HP (20)","N","All allies","100","2","10","White Crystal","-","10","15","50","75","Earth Crystal","-","5","10","25","35","Holy Crystal","-","5","10","25","35","White Magic","コンチェルト","30121561","✓"
"Nine","","Whirling Lance","HA1","PHY","Single enemy","Physical","6.60","Wind","1.65","Six single ranged jump attacks (1.10 each)","Y","Lowest HP% enemy","90","2","10","Power Crystal","-","5","10","25","35","Earth Crystal","-","5","10","25","35","Wind Crystal","-","10","15","50","75","Dragoon","スパイラルランス","30181291","✓"
"Machina","","Cyclone Drive","HA1","PHY","Single enemy","Physical","7.00","Earth, Dark","1.65","4/5/6/7 single attacks (1.00 each) if the user used 0/3/5/7 damaging actions","Y","Lowest HP% enemy","90","2","10","Power Crystal","-","10","15","50","75","Earth Crystal","-","5","10","25","35","Dark Crystal","-","5","10","25","35","Spellblade","スピンドライブ","30141301","✓"
"Rem","","Siphon Sphere","HA1","WHT","Single enemy","Magical","21.30","Holy","1.65","Six single attacks (3.55), smart ether 1 on every second activation","Y","Lowest HP% enemy","90","2","10","White Crystal","-","10","15","50","75","Non-Elemental Crystal","-","5","10","25","35","Holy Crystal","-","5","10","25","35","White Magic","アスピルベノム","30121351","✓"
"Queen","","Divine Judgment Blade","HA1","PHY","Single enemy","Physical","7.70","Lightning, Dark","1.65","4/5/6/7 single attacks (1.10 each) if the user used 0/3/5/7 damaging actions","Y","Lowest HP% enemy","90","2","10","Power Crystal","-","10","15","50","75","Lightning Crystal","-","5","10","25","35","Dark Crystal","-","5","10","25","35","Spellblade","クロスジャッジ","30141351","✓"
"Queen","","Mana Sphere","HA2","?","Single enemy","Physical","","Lightning, Dark","","Four single attacks (? each), followed by one single attack (?) that ignores DEF","?","Lowest HP% enemy","","2","10","Power Crystal","-","5","10","25","35","Lightning Crystal","-","10","15","50","75","Dark Crystal","-","5","10","25","35","Celerity","エナジーコンボ","30171341",""
"King","","Trigger Finger","HA1","PHY","Single enemy","Physical","6.60","Lightning","1.65","Six single ranged attacks (1.10 each)","Y","Lowest HP% enemy","90","2","10","Non-Elemental Crystal","-","5","10","25","35","Lightning Crystal","-","10","15","50","75","Wind Crystal","-","5","10","25","35","Machinist","クイックドロウ","30261251","✓"
"King","","Plasma King","HA2","PHY","Single enemy","Physical","","Lightning","","Four single ranged attacks (? each), grants [Buff Lightning 10% (15s)] to all allies every third activation","Y","Lowest HP% enemy","","2","10","Power Crystal","-","5","10","25","35","Lightning Crystal","-","10","15","50","75","Wind Crystal","-","5","10","25","35","Machinist","プラズマキング","30261371","✓"
"Cinque","","Full Swing","HA1","PHY","Single enemy","Physical","6.60","Earth","3.30","Six single attacks (1.10 each), grants [Heavy Charge +1] to the user, cast time 3.30/2.475/1.65 scaling with [Full Swing Uses]","Y","Lowest HP% enemy","90","2","10","Power Crystal","-","10","15","50","75","Fire Crystal","-","5","10","25","35","Earth Crystal","-","5","10","25","35","Heavy","フルスイング","30311101","✓"
"Cinque","","Gaia Pulse","HA2","PHY","Single enemy","Physical","6.25","Earth","1.65","Five single attacks (1.15/1.20/1.25) at Heavy Charge 0/1/2","Y","Lowest HP% enemy","90","2","10","Power Crystal","-","10","15","50","75","Non-Elemental Crystal","-","5","10","25","35","Earth Crystal","-","5","10","25","35","Heavy","アースインパルス","30311131","✓"
"Seven","","Diving Strike","HA1","BLK","Single","Magical","17.50","Ice","0.01","Five single attacks (3.50 each)","Y","Lowest HP% enemy","70","2","10","Black Crystal","-","10","15","50","75","Non-Elemental Crystal","-","5","10","25","35","Ice Crystal","-","5","10","25","35","Black Magic","ヘッドストライク","30111491","✓"
"Seven","","Blizzard Lash","HA2","BLK","Single enemy","Magical","","Ice","","Seven single attacks (? each)","Y","Lowest HP% enemy","","2","10","Black Crystal","-","10","15","50","75","Non-Elemental Crystal","-","5","10","25","35","Ice Crystal","-","5","10","25","35","Black Magic","ウィップブリザード","30111771","✓"
"Sice","","Dark Nebula","HA1","PHY","Single enemy","Physical","5.50","Dark","1.65","Five single attacks (1.10 each), grants [HP Stock (3000)] to the user","Y","Lowest HP% enemy","90","2","10","Black Crystal","-","5","10","25","35","Non-Elemental Crystal","-","5","10","25","35","Dark Crystal","-","10","15","50","75","Darkness","ダークネビュラ","30271341","✓"
"Sice","","Poison Wall","HA2","PHY","Single enemy","Physical","","Dark, Poison","","Six single attacks (? each)","?","Lowest HP% enemy","","2","10","Black Crystal","-","5","10","25","35","Non-Elemental Crystal","-","5","10","25","35","Dark Crystal","-","10","15","50","75","Darkness","ポイズンウォール","30271411",""
"Jack","","Lightning Flash","HA1","PHY","Single enemy","Physical","6.90","Fire","1.65","Six single attacks (1.05/1.15 each) if user hasn't/has [Retaliate] or [High Retaliate], 50% additional critical chance if user has [Retaliate] or [High Retaliate], removes [Retaliate] and [High Retaliate] from the user","Y","Lowest HP% enemy","90","2","10","Power Crystal","-","5","10","25","35","Non-Elemental Crystal","-","10","15","50","75","Fire Crystal","-","5","10","25","35","Samurai","電光石火","30221261","✓"
"Eight","","Explosive Fist","HA1","PHY","Single enemy","Physical","6.60","Ice","1.65","Six single attacks (1.10 each)","Y","Lowest HP% enemy","90","2","10","Non-Elemental Crystal","-","5","10","25","35","Ice Crystal","-","10","15","50","75","Earth Crystal","-","5","10","25","35","Monk","爆裂拳","30191331","✓"
"Eight","","Iceburst Stance","HA2","PHY","Single enemy","Physical","4.00","Ice","1.65","Four single attacks (1.00 each), grants [Monk Quick Cast 2] to the user","Y","Lowest HP% enemy","90","2","10","Power Crystal","-","5","10","25","35","Non-Elemental Crystal","-","5","10","25","35","Ice Crystal","-","10","15","50","75","Monk","氷突の型","30191481","✓"
"Cater","","Charged Shot","HA1","PHY","Single enemy","Physical","3.00","Fire, Ice, Lightning","1.65","Three single ranged attacks (1.00 each), causes [Imperil Fire 10% (5s)], [Imperil Ice 10% (5s)] and [Imperil Lightning 10% (5s)]","Y","Lowest HP% enemy","90","2","10","Fire Crystal","-","10","15","50","75","Ice Crystal","-","5","10","25","35","Lightning Crystal","-","5","10","25","35","Machinist","チャージショット","30261201","✓"
"Cater","","Elementillery","HA2","PHY","Single enemy","Physical","5.50","Fire, Ice, Lightning","1.65","Five single ranged attacks (1.10 each)","Y","Lowest HP% enemy","90","2","10","Fire Crystal","-","10","15","50","75","Ice Crystal","-","5","10","25","35","Lightning Crystal","-","5","10","25","35","Machinist","属性弾","30261341","✓"
"Trey","","Freezing Rain","HA1","PHY","Single enemy","Physical","5.50","Fire, Ice, Water","1.65","Four single ranged attacks (1.10 each), followed by one single ranged attack (1.10) with additional 20% critical damage","Y","Lowest HP% enemy","90","2","10","Fire Crystal","-","5","10","25","35","Ice Crystal","-","10","15","50","75","Lightning Crystal","-","5","10","25","35","Sharpshooter","フリーズショット","30281221","✓"
"Kurasame","","Arcane Boreal Blade","HA1","NAT","Single enemy","Hybrid","","Ice, Dark","3.30","Six single hybrid attacks (1.10 or 3.50 each), cast time 3.30/2.75/2.20/1.65 scaling with [Arcane Boreal Blade Uses]","Y","Lowest HP% enemy","90","2","10","Power Crystal","-","10","15","50","75","Ice Crystal","-","5","10","25","35","Dark Crystal","-","5","10","25","35","Spellblade","氷剣魔斬","30141431","✓"
"Reynn","","Blizzard Mirajewel","HA1","SUM","Single enemy","Magical","24.75","Ice","3.30","Five single attacks (4.95 each), minimum damage 2000, causes [Imperil Ice 10% (5s)]","N","Lowest HP% enemy","90","2","6","Summoning Crystal","-","10","15","50","75","Non-Elemental Crystal","-","5","10","25","35","Ice Crystal","-","5","10","25","35","Summoning","ブリザドのミラストーン","30131581","✓"
"Lann","","Fire Mirajewel","HA1","?","Single enemy","Magical","","Fire","","Five single attacks (? each), minimum damage ?, causes [Imperil Fire 10% (5s)]","?","Lowest HP% enemy","","2","6","Summoning Crystal","-","10","15","50","75","Non-Elemental Crystal","-","5","10","25","35","Fire Crystal","-","5","10","25","35","Summoning","ファイアのミラストーン","30131631",""
"Lann","","Crimson Punch","HA2","?","Single enemy","Physical","","Fire","","Six single ranged attacks (? each)","?","Lowest HP% enemy","","2","10","Power Crystal","-","5","10","25","35","Non-Elemental","-","5","10","25","35","Fire Crystal","-","10","15","50","75","Combat","クリムゾンパンチ","30151231",""
"Morrow","","Swift Chain","HA1","?","Single enemy","Physical","","-","","Four single attacks (1.00 each), 100% hit rate","?","Lowest HP% enemy","","2","10","Power Crystal","-","10","15","50","75","White Crystal","-","5","10","25","35","Non-Elemental","-","5","10","25","35","Support","スイフトチェイン","30161411",""
"Morrow","","Pray for Tomorrow","HA2","?","Single ally","","","","","Transfers the user's Soul Break points to the target (maximum of 500 Soul Break points), grants [Quick Cast 1]","?","Random ally prioritizing self last","","2","10","Power Crystal","-","5","10","25","35","White Crystal","-","10","15","50","75","Non-Elemental","-","5","10","25","35","Support","明日への祈り","30161421",""
"Aemo","","Photon Barrage","HA1","?","All allies","","","","","Restores HP (?)","?","All allies","","2","10","White Crystal","-","10","15","50","75","Non-Elemental","-","5","10","25","35","Holy Crystal","-","5","10","25","35","White Magic","フォトンパラージ","30121721",""
"Aemo","","Timeless Song","HA2","?","All allies","","","","","Grants [Quick Cast 1]","?","All allies","","2","10","White Crystal","-","10","15","50","75","Non-Elemental","-","5","10","25","35","Holy Crystal","-","5","10","25","35","Bard","タイムレスソング","30241191",""
"Wrieg","","Heimdall's Jump","HA1","?","Single enemy","Physical","","Earth","","Seven single jump attacks (? each)","?","Lowest HP% enemy","","2","10","Power Crystal","-","5","10","25","35","White Crystal","-","5","10","25","35","Earth Crystal","-","10","15","50","75","Dragoon","ヘイムダルジャンプ","30181401",""
"Tama","","World Parade","HA1","NAT","All allies","","","","1.65","Restores HP (20), smart ether 1 every fourth activation","N","All allies","100","2","10","White Crystal","-","10","15","50","75","Non-Elemental Crystal","-","5","10","25","35","Holy Crystal","-","5","10","25","35","White Magic","ワールド・パレード","30121571","✓"
"Tama","","Sky Dream","HA2","?","All allies","","","","","Grants [Magical Quick Cast 2] and [10% Damage Reduction Barrier 1]","?","All allies","","2","10","White Crystal","-","10","15","50","75","Non-Elemental Crystal","-","5","10","25","35","Holy Crystal","-","5","10","25","35","White Magic","スカイドリーム","30121651",""
"Enna Kros","","The World's Rules","HA1","BLK","Single","Magical","21.00","Earth, Holy","1.65","Six single attacks (3.50 each)","Y","Lowest HP% enemy","90","2","10","Black Crystal","-","10","15","50","75","Earth Crystal","-","5","10","25","35","Holy Crystal","-","5","10","25","35","Black Magic","世界のルール","30111541","✓"
"Enna Kros","","Creator's Judgment","HA2","?","Single","Magical","","Earth, Holy","","Five single attacks (? each), grants [Buff Earth 10% (?s)] to all allies every second activation","?","Lowest HP% enemy","","2","10","Black Crystal","-","5","10","25","35","Earth Crystal","-","10","15","50","75","Holy Crystal","-","5","10","25","35","Witch","創造神の審判","30301231",""
"Serafie","","Wind Rhapsody","HA1","BLK","Single","Magical","17.50","Wind","1.65","Five single attacks (3.50 each), causes [Imperil Wind 10% (5s)]","Y","Lowest HP% enemy","90","2","10","Black Crystal","-","10","15","50","75","Non-Elemental Crystal","-","5","10","25","35","Wind Crystal","-","5","10","25","35","Black Magic","かぜのラプソディ","30111651","✓"
"Rain","","Soul Prominence","HA1","PHY","Single enemy","Physical","6.60","Fire, Earth","3.30","Six single attacks (1.10 each), cast time 3.30/2.75/2.20/1.65 scaling with [Soul Prominence Uses]","Y","Lowest HP% enemy","90","2","10","Non-Elemental","-","5","10","25","35","Fire Crystal","-","5","10","25","35","Earth Crystal","-","10","15","50","75","Spellblade","ソウルプロミネンス","30141411","✓"
"Fina","","Blossom Heart","HA1","NAT","All allies","","","","1.65","Restores 1000 HP","N","All allies","180","2","10","White Crystal","-","5","10","25","35","Non-Elemental Crystal","-","5","10","25","35","Holy Crystal","-","10","15","50","75","Support","ブロッサムハーツ","30161301","✓"
"Fina","","Prime Heal","HA2","WHT","All allies","","","","","Restores HP (?)","N","All allies","","2","10","White Crystal","-","10","15","50","75","Wind Crystal","-","5","10","25","35","Holy Crystal","-","5","10","25","35","White Magic","プライムヒール","30121601","✓"
"Lasswell","","Blade Flash - Awakened","HA1","PHY","Single enemy","Physical","6.60","Ice","1.65","Six single attacks (1.10 each), grants [Retaliate] to the user for 15 seconds","Y","Lowest HP% enemy","90","2","10","Non-Elemental Crystal","-","5","10","25","35","Ice Crystal","-","10","15","50","75","Wind Crystal","-","5","10","25","35","Samurai","紫電一閃・醒","30221301","✓"