"Realm","Character","Sphere 1","Sphere 2","Sphere 3","Sphere 4","Mote 1 Required","","","","","Mote 2 Required","","","",""
"Core","Tyro","DEF +10","MND +15","ATK +15","","Wisdom (5★)","2","2","2","","Bravery (5★)","2","2","2",""
"Core","Tyro","RES +10","Silence Imm. (minor)","Blind Imm. (minor)","MAG +15","Wisdom (5★)","3","3","3","3","Bravery (5★)","3","3","3","3"
"Core","Tyro","DEF +10","Legend Materia 1","MND +15","","Wisdom (5★)","5","8","5","","Bravery (5★)","5","8","5",""
"Core","Tyro","RES +10","Silence Imm. (moder.)","Blind Imm. (moder.)","MAG +15","Wisdom (5★)","7","7","7","7","Bravery (5★)","7","7","7","7"
"Core","Tyro","HP +500","Legend Materia 2","ATK +15","","Wisdom (5★)","10","16","10","","Bravery (5★)","10","16","10",""
"Core","Elarra","DEF +10","RES +10","MND +10","","Spirit (5★)","2","2","2","","Wisdom (5★)","2","2","2",""
"Core","Elarra","Silence Imm. (minor)","HP +200","WHT heals +3%","MAG +10","Spirit (5★)","3","3","3","3","Wisdom (5★)","3","3","3","3"
"Core","Elarra","DEF +10","Legend Materia 1","MND +10","","Spirit (5★)","5","8","5","","Wisdom (5★)","5","8","5",""
"Core","Elarra","Silence Imm. (moder.)","RES +20","WHT heals +6%","MAG +10","Spirit (5★)","7","7","7","7","Wisdom (5★)","7","7","7","7"
"Core","Elarra","HP +300","Legend Materia 2","MND +20","","Spirit (5★)","10","16","10","","Wisdom (5★)","10","16","10",""
"Core","Biggs","DEF +10","RES +10","DEF +10","","Spirit (5★)","2","2","2","","Bravery (5★)","2","2","2",""
"Core","Biggs","Confuse Imm. (minor)","RES +10","HP +200","Sword dam. +3%","Spirit (5★)","3","3","3","3","Bravery (5★)","3","3","3","3"
"Core","Biggs","DEF +20","Legend Materia 1","ATK +10","","Spirit (5★)","5","8","5","","Bravery (5★)","5","8","5",""
"Core","Biggs","RES +20","Confuse Imm. (moder.)","Sword dam. +6%","HP +300","Spirit (5★)","7","7","7","7","Bravery (5★)","7","7","7","7"
"Core","Biggs","HP +500","Legend Materia 2","ATK +20","","Spirit (5★)","10","16","10","","Bravery (5★)","10","16","10",""
"Core","Wedge","DEF +10","RES +10","MAG +10","","Wisdom (5★)","2","2","2","","Bravery (5★)","2","2","2",""
"Core","Wedge","HP +250","Paralyze Imm. (minor)","Wind dam. +3%","ATK +10","Wisdom (5★)","3","3","3","3","Bravery (5★)","3","3","3","3"
"Core","Wedge","RES +10","Legend Materia 1","ATK +10","","Wisdom (5★)","5","8","5","","Bravery (5★)","5","8","5",""
"Core","Wedge","DEF +15","Paralyze Imm. (moder.)","Wind dam. +6%","MAG +15","Wisdom (5★)","7","7","7","7","Bravery (5★)","7","7","7","7"
"Core","Wedge","HP +450","Legend Materia 2","MAG +20","","Wisdom (5★)","10","16","10","","Bravery (5★)","10","16","10",""
"Core","Dr. Mog","RES +10","DEF +10","RES +10","","Spirit (5★)","2","2","2","","Wisdom (5★)","2","2","2",""
"Core","Dr. Mog","Sleep Imm. (minor)","HP +200","MAG +10","BLK dam. +3%","Spirit (5★)","3","3","3","3","Wisdom (5★)","3","3","3","3"
"Core","Dr. Mog","DEF +10","Legend Materia 1","RES +10","","Spirit (5★)","5","8","5","","Wisdom (5★)","5","8","5",""
"Core","Dr. Mog","Sleep Imm. (moder.)","MND +15","MAG +15","BLK dam. +6%","Spirit (5★)","7","7","7","7","Wisdom (5★)","7","7","7","7"
"Core","Dr. Mog","HP +300","Legend Materia 2","MAG +20","","Spirit (5★)","10","16","10","","Wisdom (5★)","10","16","10",""
"Core","Shadowsmith","DEF +10","MND +15","ATK +15","","Wisdom (5★)","2","2","2","","Bravery (5★)","2","2","2",""
"Core","Shadowsmith","RES +10","Silence Imm. (moder.)","Weakness dam. +3%","MAG +15","Wisdom (5★)","3","3","3","3","Bravery (5★)","3","3","3","3"
"Core","Shadowsmith","DEF +10","Legend Materia 1","MND +15","","Wisdom (5★)","5","8","5","","Bravery (5★)","5","8","5",""
"Core","Shadowsmith","RES +10","Blind Imm. (moder.)","Weakness dam. +6%","MAG +15","Wisdom (5★)","7","7","7","7","Bravery (5★)","7","7","7","7"
"Core","Shadowsmith","HP +500","Legend Materia 2","ATK +15","","Wisdom (5★)","10","16","10","","Bravery (5★)","10","16","10",""
"I","Warrior of Light","DEF +10","RES +10","DEF +10","","Spirit (5★)","2","2","2","","Bravery (5★)","2","2","2",""
"I","Warrior of Light","Confuse Imm. (minor)","RES +10","HP +200","Holy dam. +3%","Spirit (5★)","3","3","3","3","Bravery (5★)","3","3","3","3"
"I","Warrior of Light","DEF +20","Legend Materia 1","ATK +10","","Spirit (5★)","5","8","5","","Bravery (5★)","5","8","5",""
"I","Warrior of Light","RES +20","Holy Res. (minor)","Holy dam. +6%","HP +300","Spirit (5★)","7","7","7","7","Bravery (5★)","7","7","7","7"
"I","Warrior of Light","HP +500","Legend Materia 2","ATK +20","","Spirit (5★)","10","16","10","","Bravery (5★)","10","16","10",""
"I","Garland","DEF +10","RES +10","ATK +10","","Dexterity (5★)","2","2","2","","Vitality (5★)","2","2","2",""
"I","Garland","Blind Imm. (minor)","HP +150","HP +150","Dark dam. +3%","Dexterity (5★)","3","3","3","3","Vitality (5★)","3","3","3","3"
"I","Garland","RES +20","Legend Materia 1","ATK +10","","Dexterity (5★)","5","8","5","","Vitality (5★)","5","8","5",""
"I","Garland","Dark Res. (minor)","HP +250","HP +250","Dark dam. +6%","Dexterity (5★)","7","7","7","7","Vitality (5★)","7","7","7","7"
"I","Garland","DEF +20","Legend Materia 2","ATK +20","","Dexterity (5★)","10","16","10","","Vitality (5★)","10","16","10",""
"I","Sarah","DEF +10","RES +10","MND +10","","Spirit (5★)","2","2","2","","Wisdom (5★)","2","2","2",""
"I","Sarah","Silence Imm. (minor)","HP +150","WHT heals +3%","HP +150","Spirit (5★)","3","3","3","3","Wisdom (5★)","3","3","3","3"
"I","Sarah","RES +10","Legend Materia 1","MND +10","","Spirit (5★)","5","8","5","","Wisdom (5★)","5","8","5",""
"I","Sarah","Silence Imm. (moder.)","DEF +20","WHT heals +6%","HP +200","Spirit (5★)","7","7","7","7","Wisdom (5★)","7","7","7","7"
"I","Sarah","RES +20","Legend Materia 2","MND +20","","Spirit (5★)","10","16","10","","Wisdom (5★)","10","16","10",""
"I","Wol","DEF +10","RES +10","ATK +10","","Dexterity (5★)","2","2","2","","Vitality (5★)","2","2","2",""
"I","Wol","Blind Imm. (minor)","HP +150","HP +150","PHY dam. +3%","Dexterity (5★)","3","3","3","3","Vitality (5★)","3","3","3","3"
"I","Wol","RES +20","Legend Materia 1","ATK +10","","Dexterity (5★)","5","8","5","","Vitality (5★)","5","8","5",""
"I","Wol","Blind Imm. (moder.)","HP +250","HP +250","PHY dam. +6%","Dexterity (5★)","7","7","7","7","Vitality (5★)","7","7","7","7"
"I","Wol","DEF +20","Legend Materia 2","ATK +20","","Dexterity (5★)","10","16","10","","Vitality (5★)","10","16","10",""
"I","Echo","DEF +10","RES +10","MND +10","","Spirit (5★)","2","2","2","","Wisdom (5★)","2","2","2",""
"I","Echo","Sleep Imm. (minor)","HP +200","MAG +10","BLK dam. +3%","Spirit (5★)","3","3","3","3","Wisdom (5★)","3","3","3","3"
"I","Echo","DEF +10","Legend Materia 1","MND +10","","Spirit (5★)","5","8","5","","Wisdom (5★)","5","8","5",""
"I","Echo","Sleep Imm. (moder.)","RES +20","MAG +10","BLK dam. +6%","Spirit (5★)","7","7","7","7","Wisdom (5★)","7","7","7","7"
"I","Echo","HP +300","Legend Materia 2","MAG +20","","Spirit (5★)","10","16","10","","Wisdom (5★)","10","16","10",""
"I","Master","DEF +10","RES +10","ATK +10","","Dexterity (5★)","2","2","2","","Vitality (5★)","2","2","2",""
"I","Master","Blind Imm. (minor)","HP +150","HP +150","PHY dam. +3%","Dexterity (5★)","3","3","3","3","Vitality (5★)","3","3","3","3"
"I","Master","RES +20","Legend Materia 1","ATK +10","","Dexterity (5★)","5","8","5","","Vitality (5★)","5","8","5",""
"I","Master","Confuse Imm. (moder.)","HP +250","HP +250","PHY dam. +6%","Dexterity (5★)","7","7","7","7","Vitality (5★)","7","7","7","7"
"I","Master","DEF +20","Legend Materia 2","ATK +20","","Dexterity (5★)","10","16","10","","Vitality (5★)","10","16","10",""
"I","Matoya","DEF +10","RES +10","MND +10","","Spirit (5★)","2","2","2","","Wisdom (5★)","2","2","2",""
"I","Matoya","Sleep Imm. (minor)","HP +200","MAG +10","BLK dam. +3%","Spirit (5★)","3","3","3","3","Wisdom (5★)","3","3","3","3"
"I","Matoya","DEF +10","Legend Materia 1","MND +10","","Spirit (5★)","5","8","5","","Wisdom (5★)","5","8","5",""
"I","Matoya","Sleep Imm. (moder.)","RES +20","MAG +10","BLK dam. +6%","Spirit (5★)","7","7","7","7","Wisdom (5★)","7","7","7","7"
"I","Matoya","HP +300","Legend Materia 2","MAG +20","","Spirit (5★)","10","16","10","","Wisdom (5★)","10","16","10",""
"I","Meia","DEF +10","RES +10","MAG +10","","Spirit (5★)","2","2","2","","Wisdom (5★)","2","2","2",""
"I","Meia","Sleep Imm. (minor)","HP +200","RES +10","Water dam. +3%","Spirit (5★)","3","3","3","3","Wisdom (5★)","3","3","3","3"
"I","Meia","RES +10","Legend Materia 1","MAG +10","","Spirit (5★)","5","8","5","","Wisdom (5★)","5","8","5",""
"I","Meia","Sleep Imm. (moder.)","DEF +20","RES +10","Water dam. +6%","Spirit (5★)","7","7","7","7","Wisdom (5★)","7","7","7","7"
"I","Meia","HP +300","Legend Materia 2","MAG +20","","Spirit (5★)","10","16","10","","Wisdom (5★)","10","16","10",""
"I","Thief (I)","DEF +10","RES +10","SPD +10","","Dexterity (5★)","2","2","2","","Bravery (5★)","2","2","2",""
"I","Thief (I)","HP +200","Slow Imm. (minor)","Dagger dam. +3%","HP +200","Dexterity (5★)","3","3","3","3","Bravery (5★)","3","3","3","3"
"I","Thief (I)","RES +10","Legend Materia 1","ATK +15","","Dexterity (5★)","5","8","5","","Bravery (5★)","5","8","5",""
"I","Thief (I)","DEF +15","Slow Imm. (moder.)","Dagger dam. +6%","SPD +10","Dexterity (5★)","7","7","7","7","Bravery (5★)","7","7","7","7"
"I","Thief (I)","HP +400","Legend Materia 2","ATK +20","","Dexterity (5★)","10","16","10","","Bravery (5★)","10","16","10",""
"II","Firion","DEF +10","RES +10","ATK +10","","Dexterity (5★)","2","2","2","","Vitality (5★)","2","2","2",""
"II","Firion","Blind Imm. (minor)","HP +150","HP +150","PHY dam. +3%","Dexterity (5★)","3","3","3","3","Vitality (5★)","3","3","3","3"
"II","Firion","RES +20","Legend Materia 1","ATK +10","","Dexterity (5★)","5","8","5","","Vitality (5★)","5","8","5",""
"II","Firion","Blind Imm. (moder.)","HP +250","HP +250","PHY dam. +6%","Dexterity (5★)","7","7","7","7","Vitality (5★)","7","7","7","7"
"II","Firion","DEF +20","Legend Materia 2","ATK +20","","Dexterity (5★)","10","16","10","","Vitality (5★)","10","16","10",""
"II","Maria","DEF +10","RES +10","MAG +10","","Spirit (5★)","2","2","2","","Wisdom (5★)","2","2","2",""
"II","Maria","Sleep Imm. (minor)","HP +200","RES +10","Earth dam. +3%","Spirit (5★)","3","3","3","3","Wisdom (5★)","3","3","3","3"
"II","Maria","RES +10","Legend Materia 1","MAG +10","","Spirit (5★)","5","8","5","","Wisdom (5★)","5","8","5",""
"II","Maria","Earth Res. (minor)","DEF +20","RES +10","Earth dam. +6%","Spirit (5★)","7","7","7","7","Wisdom (5★)","7","7","7","7"
"II","Maria","HP +300","Legend Materia 2","MAG +20","","Spirit (5★)","10","16","10","","Wisdom (5★)","10","16","10",""
"II","Guy","DEF +10","RES +10","ATK +10","","Dexterity (5★)","2","2","2","","Vitality (5★)","2","2","2",""
"II","Guy","Blind Imm. (minor)","HP +150","HP +150","Earth dam. +3%","Dexterity (5★)","3","3","3","3","Vitality (5★)","3","3","3","3"
"II","Guy","RES +20","Legend Materia 1","ATK +10","","Dexterity (5★)","5","8","5","","Vitality (5★)","5","8","5",""
"II","Guy","Blind Imm. (moder.)","HP +250","HP +250","Earth dam. +6%","Dexterity (5★)","7","7","7","7","Vitality (5★)","7","7","7","7"
"II","Guy","DEF +20","Legend Materia 2","ATK +20","","Dexterity (5★)","10","16","10","","Vitality (5★)","10","16","10",""
"II","Leon","DEF +10","RES +10","ATK +10","","Dexterity (5★)","2","2","2","","Vitality (5★)","2","2","2",""
"II","Leon","Blind Imm. (minor)","HP +150","HP +150","Dark dam. +3%","Dexterity (5★)","3","3","3","3","Vitality (5★)","3","3","3","3"
"II","Leon","RES +20","Legend Materia 1","ATK +10","","Dexterity (5★)","5","8","5","","Vitality (5★)","5","8","5",""
"II","Leon","Blind Imm. (moder.)","HP +250","HP +250","Dark dam. +6%","Dexterity (5★)","7","7","7","7","Vitality (5★)","7","7","7","7"
"II","Leon","DEF +20","Legend Materia 2","ATK +20","","Dexterity (5★)","10","16","10","","Vitality (5★)","10","16","10",""
"II","Minwu","DEF +10","RES +10","MND +10","","Spirit (5★)","2","2","2","","Wisdom (5★)","2","2","2",""
"II","Minwu","Silence Imm. (minor)","HP +150","WHT heals +3%","HP +150","Spirit (5★)","3","3","3","3","Wisdom (5★)","3","3","3","3"
"II","Minwu","RES +10","Legend Materia 1","MND +10","","Spirit (5★)","5","8","5","","Wisdom (5★)","5","8","5",""
"II","Minwu","Silence Imm. (moder.)","DEF +20","WHT heals +6%","HP +200","Spirit (5★)","7","7","7","7","Wisdom (5★)","7","7","7","7"
"II","Minwu","RES +20","Legend Materia 2","MND +20","","Spirit (5★)","10","16","10","","Wisdom (5★)","10","16","10",""
"II","Gordon","RES +10","DEF +10","ATK +10","","Vitality (5★)","2","2","2","","Bravery (5★)","2","2","2",""
"II","Gordon","DEF +10","Paralyze Imm. (minor)","PHY dam. +3%","HP +150","Vitality (5★)","3","3","3","3","Bravery (5★)","3","3","3","3"
"II","Gordon","DEF +15","Legend Materia 1","ATK +10","","Vitality (5★)","5","8","5","","Bravery (5★)","5","8","5",""
"II","Gordon","Fire Res. (minor)","RES +20","HP +250","PHY dam. +6%","Vitality (5★)","7","7","7","7","Bravery (5★)","7","7","7","7"
"II","Gordon","HP +400","Legend Materia 2","ATK +15","","Vitality (5★)","10","16","10","","Bravery (5★)","10","16","10",""
"II","Leila","DEF +10","RES +10","SPD +10","","Dexterity (5★)","2","2","2","","Bravery (5★)","2","2","2",""
"II","Leila","HP +200","Slow Imm. (minor)","PHY dam. +3%","HP +200","Dexterity (5★)","3","3","3","3","Bravery (5★)","3","3","3","3"
"II","Leila","RES +10","Legend Materia 1","ATK +15","","Dexterity (5★)","5","8","5","","Bravery (5★)","5","8","5",""
"II","Leila","DEF +15","Slow Imm. (moder.)","PHY dam. +6%","SPD +10","Dexterity (5★)","7","7","7","7","Bravery (5★)","7","7","7","7"
"II","Leila","HP +400","Legend Materia 2","ATK +20","","Dexterity (5★)","10","16","10","","Bravery (5★)","10","16","10",""
"II","Ricard","DEF +10","RES +10","ATK +10","","Dexterity (5★)","2","2","2","","Vitality (5★)","2","2","2",""
"II","Ricard","Blind Imm. (minor)","HP +150","HP +150","PHY dam. +3%","Dexterity (5★)","3","3","3","3","Vitality (5★)","3","3","3","3"
"II","Ricard","RES +20","Legend Materia 1","ATK +10","","Dexterity (5★)","5","8","5","","Vitality (5★)","5","8","5",""
"II","Ricard","Blind Imm. (moder.)","HP +250","HP +250","PHY dam. +6%","Dexterity (5★)","7","7","7","7","Vitality (5★)","7","7","7","7"
"II","Ricard","DEF +20","Legend Materia 2","ATK +20","","Dexterity (5★)","10","16","10","","Vitality (5★)","10","16","10",""
"II","Josef","DEF +10","RES +10","ATK +10","","Dexterity (5★)","2","2","2","","Vitality (5★)","2","2","2",""
"II","Josef","Blind Imm. (minor)","HP +150","HP +150","Ice dam. +3%","Dexterity (5★)","3","3","3","3","Vitality (5★)","3","3","3","3"
"II","Josef","RES +20","Legend Materia 1","ATK +10","","Dexterity (5★)","5","8","5","","Vitality (5★)","5","8","5",""
"II","Josef","Blind Imm. (moder.)","HP +250","HP +250","Ice dam. +6%","Dexterity (5★)","7","7","7","7","Vitality (5★)","7","7","7","7"
"II","Josef","DEF +20","Legend Materia 2","ATK +20","","Dexterity (5★)","10","16","10","","Vitality (5★)","10","16","10",""
"II","Emperor","DEF +10","RES +10","MAG +10","","Spirit (5★)","2","2","2","","Wisdom (5★)","2","2","2",""
"II","Emperor","Sleep Imm. (minor)","HP +200","RES +10","BLK dam. +3%","Spirit (5★)","3","3","3","3","Wisdom (5★)","3","3","3","3"
"II","Emperor","RES +10","Legend Materia 1","MAG +10","","Spirit (5★)","5","8","5","","Wisdom (5★)","5","8","5",""
"II","Emperor","Sleep Imm. (moder.)","DEF +20","RES +10","BLK dam. +6%","Spirit (5★)","7","7","7","7","Wisdom (5★)","7","7","7","7"
"II","Emperor","HP +300","Legend Materia 2","MAG +20","","Spirit (5★)","10","16","10","","Wisdom (5★)","10","16","10",""
"II","Hilda","DEF +10","RES +10","MND +10","","Spirit (5★)","2","2","2","","Wisdom (5★)","2","2","2",""
"II","Hilda","Silence Imm. (minor)","HP +150","WHT heals +3%","HP +150","Spirit (5★)","3","3","3","3","Wisdom (5★)","3","3","3","3"
"II","Hilda","RES +10","Legend Materia 1","MND +10","","Spirit (5★)","5","8","5","","Wisdom (5★)","5","8","5",""
"II","Hilda","Silence Imm. (moder.)","DEF +20","WHT heals +6%","HP +200","Spirit (5★)","7","7","7","7","Wisdom (5★)","7","7","7","7"
"II","Hilda","RES +20","Legend Materia 2","MND +20","","Spirit (5★)","10","16","10","","Wisdom (5★)","10","16","10",""
"II","Scott","DEF +10","RES +10","ATK +10","","Dexterity (5★)","2","2","2","","Vitality (5★)","2","2","2",""
"II","Scott","Blind Imm. (minor)","HP +150","HP +150","Fire dam. +3%","Dexterity (5★)","3","3","3","3","Vitality (5★)","3","3","3","3"
"II","Scott","RES +20","Legend Materia 1","ATK +10","","Dexterity (5★)","5","8","5","","Vitality (5★)","5","8","5",""
"II","Scott","Blind Imm. (moder.)","HP +250","HP +250","Fire dam. +6%","Dexterity (5★)","7","7","7","7","Vitality (5★)","7","7","7","7"
"II","Scott","DEF +20","Legend Materia 2","ATK +20","","Dexterity (5★)","10","16","10","","Vitality (5★)","10","16","10",""
"III","Luneth","DEF +10","RES +10","ATK +10","","Dexterity (5★)","2","2","2","","Vitality (5★)","2","2","2",""
"III","Luneth","Blind Imm. (minor)","HP +150","HP +150","Wind dam. +3%","Dexterity (5★)","3","3","3","3","Vitality (5★)","3","3","3","3"
"III","Luneth","RES +20","Legend Materia 1","ATK +10","","Dexterity (5★)","5","8","5","","Vitality (5★)","5","8","5",""
"III","Luneth","Wind Res. (minor)","HP +250","HP +250","Wind dam. +6%","Dexterity (5★)","7","7","7","7","Vitality (5★)","7","7","7","7"
"III","Luneth","DEF +20","Legend Materia 2","ATK +20","","Dexterity (5★)","10","16","10","","Vitality (5★)","10","16","10",""
"III","Arc","DEF +10","RES +10","MND +10","","Spirit (5★)","2","2","2","","Wisdom (5★)","2","2","2",""
"III","Arc","Silence Imm. (minor)","HP +200","WHT heals +3%","MAG +10","Spirit (5★)","3","3","3","3","Wisdom (5★)","3","3","3","3"
"III","Arc","DEF +10","Legend Materia 1","MND +10","","Spirit (5★)","5","8","5","","Wisdom (5★)","5","8","5",""
"III","Arc","Silence Imm. (moder.)","RES +20","WHT heals +6%","MAG +10","Spirit (5★)","7","7","7","7","Wisdom (5★)","7","7","7","7"
"III","Arc","HP +300","Legend Materia 2","MND +20","","Spirit (5★)","10","16","10","","Wisdom (5★)","10","16","10",""
"III","Refia","DEF +10","RES +10","ATK +10","","Dexterity (5★)","2","2","2","","Vitality (5★)","2","2","2",""
"III","Refia","Blind Imm. (minor)","HP +150","HP +150","Fire dam. +3%","Dexterity (5★)","3","3","3","3","Vitality (5★)","3","3","3","3"
"III","Refia","RES +20","Legend Materia 1","ATK +10","","Dexterity (5★)","5","8","5","","Vitality (5★)","5","8","5",""
"III","Refia","Fire Res. (minor)","HP +250","HP +250","Fire dam. +6%","Dexterity (5★)","7","7","7","7","Vitality (5★)","7","7","7","7"
"III","Refia","DEF +20","Legend Materia 2","ATK +20","","Dexterity (5★)","10","16","10","","Vitality (5★)","10","16","10",""
"III","Ingus","DEF +10","RES +10","DEF +10","","Spirit (5★)","2","2","2","","Bravery (5★)","2","2","2",""
"III","Ingus","Confuse Imm. (minor)","RES +10","HP +200","PHY dam. +3%","Spirit (5★)","3","3","3","3","Bravery (5★)","3","3","3","3"
"III","Ingus","DEF +20","Legend Materia 1","ATK +10","","Spirit (5★)","5","8","5","","Bravery (5★)","5","8","5",""
"III","Ingus","RES +15","Earth Res. (minor)","PHY dam. +6%","HP +300","Spirit (5★)","7","7","7","7","Bravery (5★)","7","7","7","7"
"III","Ingus","HP +500","Legend Materia 2","ATK +25","","Spirit (5★)","10","16","10","","Bravery (5★)","10","16","10",""
"III","Desch","DEF +10","RES +10","MAG +10","","Spirit (5★)","2","2","2","","Wisdom (5★)","2","2","2",""
"III","Desch","Sleep Imm. (minor)","HP +200","RES +10","Lightning dam. +3%","Spirit (5★)","3","3","3","3","Wisdom (5★)","3","3","3","3"
"III","Desch","RES +10","Legend Materia 1","MAG +10","","Spirit (5★)","5","8","5","","Wisdom (5★)","5","8","5",""
"III","Desch","Lightning Res. (minor)","DEF +20","RES +10","Lightning dam. +6%","Spirit (5★)","7","7","7","7","Wisdom (5★)","7","7","7","7"
"III","Desch","HP +300","Legend Materia 2","MAG +20","","Spirit (5★)","10","16","10","","Wisdom (5★)","10","16","10",""
"III","Onion Knight","DEF +10","RES +10","ATK +10","","Wisdom (5★)","2","2","2","","Bravery (5★)","2","2","2",""
"III","Onion Knight","MAG +10","ATK +10","DEF +15","HP +250","Wisdom (5★)","3","3","3","3","Bravery (5★)","3","3","3","3"
"III","Onion Knight","RES +15","MAG +20","ATK +10","","Wisdom (5★)","5","5","5","","Bravery (5★)","5","5","5",""
"III","Onion Knight","Legend Materia 1","HP +450","Blind Imm. (minor)","Silence Imm. (minor)","Wisdom (5★)","13","7","7","7","Bravery (5★)","13","7","7","7"
"III","Onion Knight","Legend Materia 2","PHY dam. +6%","BLK dam. +6%","","Wisdom (5★)","13","10","10","","Bravery (5★)","13","10","10",""
"III","Cloud of Darkness","DEF +10","RES +10","MAG +10","","Spirit (5★)","2","2","2","","Wisdom (5★)","2","2","2",""
"III","Cloud of Darkness","Sleep Imm. (minor)","HP +200","RES +10","Dark dam. +3%","Spirit (5★)","3","3","3","3","Wisdom (5★)","3","3","3","3"
"III","Cloud of Darkness","RES +10","Legend Materia 1","MAG +10","","Spirit (5★)","5","8","5","","Wisdom (5★)","5","8","5",""
"III","Cloud of Darkness","Dark Res. (minor)","DEF +20","RES +10","Dark dam. +6%","Spirit (5★)","7","7","7","7","Wisdom (5★)","7","7","7","7"
"III","Cloud of Darkness","HP +300","Legend Materia 2","MAG +20","","Spirit (5★)","10","16","10","","Wisdom (5★)","10","16","10",""
"III","Aria","DEF +10","RES +10","MND +10","","Spirit (5★)","2","2","2","","Wisdom (5★)","2","2","2",""
"III","Aria","Silence Imm. (minor)","HP +150","WHT heals +3%","HP +150","Spirit (5★)","3","3","3","3","Wisdom (5★)","3","3","3","3"
"III","Aria","RES +10","Legend Materia 1","MND +10","","Spirit (5★)","5","8","5","","Wisdom (5★)","5","8","5",""
"III","Aria","Silence Imm. (moder.)","DEF +20","WHT heals +6%","HP +200","Spirit (5★)","7","7","7","7","Wisdom (5★)","7","7","7","7"
"III","Aria","RES +20","Legend Materia 2","MND +20","","Spirit (5★)","10","16","10","","Wisdom (5★)","10","16","10",""
"IV","Cecil (Dark Knight)","DEF +10","RES +10","ATK +10","","Dexterity (5★)","2","2","2","","Vitality (5★)","2","2","2",""
"IV","Cecil (Dark Knight)","Blind Imm. (minor)","HP +150","HP +150","Dark dam. +3%","Dexterity (5★)","3","3","3","3","Vitality (5★)","3","3","3","3"
"IV","Cecil (Dark Knight)","RES +20","Legend Materia 1","ATK +10","","Dexterity (5★)","5","8","5","","Vitality (5★)","5","8","5",""
"IV","Cecil (Dark Knight)","Dark Res. (minor)","HP +250","HP +250","Dark dam. +6%","Dexterity (5★)","7","7","7","7","Vitality (5★)","7","7","7","7"
"IV","Cecil (Dark Knight)","DEF +20","Legend Materia 2","ATK +20","","Dexterity (5★)","10","16","10","","Vitality (5★)","10","16","10",""
"IV","Cecil (Paladin)","DEF +10","RES +10","DEF +10","","Spirit (5★)","2","2","2","","Bravery (5★)","2","2","2",""
"IV","Cecil (Paladin)","Confuse Imm. (minor)","RES +10","HP +200","Holy dam. +3%","Spirit (5★)","3","3","3","3","Bravery (5★)","3","3","3","3"
"IV","Cecil (Paladin)","DEF +20","Legend Materia 1","ATK +10","","Spirit (5★)","5","8","5","","Bravery (5★)","5","8","5",""
"IV","Cecil (Paladin)","RES +20","Holy Res. (minor)","Holy dam. +6%","HP +300","Spirit (5★)","7","7","7","7","Bravery (5★)","7","7","7","7"
"IV","Cecil (Paladin)","HP +500","Legend Materia 2","ATK +20","","Spirit (5★)","10","16","10","","Bravery (5★)","10","16","10",""
"IV","Kain","DEF +10","RES +10","ATK +10","","Dexterity (5★)","2","2","2","","Vitality (5★)","2","2","2",""
"IV","Kain","Blind Imm. (minor)","HP +150","HP +150","Lightning dam. +3%","Dexterity (5★)","3","3","3","3","Vitality (5★)","3","3","3","3"
"IV","Kain","RES +20","Legend Materia 1","ATK +10","","Dexterity (5★)","5","8","5","","Vitality (5★)","5","8","5",""
"IV","Kain","Lightning Res. (minor)","HP +250","HP +250","Lightning dam. +6%","Dexterity (5★)","7","7","7","7","Vitality (5★)","7","7","7","7"
"IV","Kain","DEF +20","Legend Materia 2","ATK +20","","Dexterity (5★)","10","16","10","","Vitality (5★)","10","16","10",""
"IV","Rydia","DEF +10","RES +10","MAG +10","","Spirit (5★)","2","2","2","","Wisdom (5★)","2","2","2",""
"IV","Rydia","Sleep Imm. (minor)","HP +200","RES +10","SUM dam. +3%","Spirit (5★)","3","3","3","3","Wisdom (5★)","3","3","3","3"
"IV","Rydia","RES +10","Legend Materia 1","MAG +10","","Spirit (5★)","5","8","5","","Wisdom (5★)","5","8","5",""
"IV","Rydia","Sleep Imm. (moder.)","DEF +20","RES +10","SUM dam. +6%","Spirit (5★)","7","7","7","7","Wisdom (5★)","7","7","7","7"
"IV","Rydia","HP +300","Legend Materia 2","MAG +20","","Spirit (5★)","10","16","10","","Wisdom (5★)","10","16","10",""
"IV","Rosa","DEF +10","RES +10","MND +10","","Spirit (5★)","2","2","2","","Wisdom (5★)","2","2","2",""
"IV","Rosa","Silence Imm. (minor)","HP +150","WHT heals +3%","HP +150","Spirit (5★)","3","3","3","3","Wisdom (5★)","3","3","3","3"
"IV","Rosa","RES +10","Legend Materia 1","MND +10","","Spirit (5★)","5","8","5","","Wisdom (5★)","5","8","5",""
"IV","Rosa","Silence Imm. (moder.)","DEF +20","WHT heals +6%","HP +200","Spirit (5★)","7","7","7","7","Wisdom (5★)","7","7","7","7"
"IV","Rosa","RES +20","Legend Materia 2","MND +20","","Spirit (5★)","10","16","10","","Wisdom (5★)","10","16","10",""
"IV","Edward","RES +10","DEF +10","ATK +10","","Vitality (5★)","2","2","2","","Bravery (5★)","2","2","2",""
"IV","Edward","DEF +10","Paralyze Imm. (minor)","Instrument dam. +3%","HP +150","Vitality (5★)","3","3","3","3","Bravery (5★)","3","3","3","3"
"IV","Edward","DEF +15","Legend Materia 1","ATK +10","","Vitality (5★)","5","8","5","","Bravery (5★)","5","8","5",""
"IV","Edward","Paralyze Imm. (moder.)","RES +20","HP +250","Instrument dam. +6%","Vitality (5★)","7","7","7","7","Bravery (5★)","7","7","7","7"
"IV","Edward","HP +400","Legend Materia 2","ATK +15","","Vitality (5★)","10","16","10","","Bravery (5★)","10","16","10",""
"IV","Yang","DEF +10","RES +10","ATK +10","","Dexterity (5★)","2","2","2","","Vitality (5★)","2","2","2",""
"IV","Yang","Blind Imm. (minor)","HP +150","HP +150","PHY dam. +3%","Dexterity (5★)","3","3","3","3","Vitality (5★)","3","3","3","3"
"IV","Yang","RES +20","Legend Materia 1","ATK +10","","Dexterity (5★)","5","8","5","","Vitality (5★)","5","8","5",""
"IV","Yang","Blind Imm. (moder.)","HP +250","HP +250","PHY dam. +6%","Dexterity (5★)","7","7","7","7","Vitality (5★)","7","7","7","7"
"IV","Yang","DEF +20","Legend Materia 2","ATK +20","","Dexterity (5★)","10","16","10","","Vitality (5★)","10","16","10",""
"IV","Palom","DEF +10","RES +10","MAG +10","","Spirit (5★)","2","2","2","","Wisdom (5★)","2","2","2",""
"IV","Palom","Sleep Imm. (minor)","HP +200","RES +10","BLK dam. +3%","Spirit (5★)","3","3","3","3","Wisdom (5★)","3","3","3","3"
"IV","Palom","RES +10","Legend Materia 1","MAG +10","","Spirit (5★)","5","8","5","","Wisdom (5★)","5","8","5",""
"IV","Palom","Sleep Imm. (moder.)","DEF +20","RES +10","BLK dam. +6%","Spirit (5★)","7","7","7","7","Wisdom (5★)","7","7","7","7"
"IV","Palom","HP +300","Legend Materia 2","MAG +20","","Spirit (5★)","10","16","10","","Wisdom (5★)","10","16","10",""
"IV","Porom","DEF +10","RES +10","MND +10","","Spirit (5★)","2","2","2","","Wisdom (5★)","2","2","2",""
"IV","Porom","Silence Imm. (minor)","HP +150","WHT heals +3%","HP +150","Spirit (5★)","3","3","3","3","Wisdom (5★)","3","3","3","3"
"IV","Porom","RES +10","Legend Materia 1","MND +10","","Spirit (5★)","5","8","5","","Wisdom (5★)","5","8","5",""
"IV","Porom","Silence Imm. (moder.)","DEF +20","WHT heals +6%","HP +200","Spirit (5★)","7","7","7","7","Wisdom (5★)","7","7","7","7"
"IV","Porom","RES +20","Legend Materia 2","MND +20","","Spirit (5★)","10","16","10","","Wisdom (5★)","10","16","10",""
"IV","Tellah","DEF +10","RES +10","MND +10","","Spirit (5★)","2","2","2","","Wisdom (5★)","2","2","2",""
"IV","Tellah","Sleep Imm. (minor)","HP +200","MAG +10","BLK dam. +3%","Spirit (5★)","3","3","3","3","Wisdom (5★)","3","3","3","3"
"IV","Tellah","DEF +10","Legend Materia 1","MND +10","","Spirit (5★)","5","8","5","","Wisdom (5★)","5","8","5",""
"IV","Tellah","Sleep Imm. (moder.)","RES +20","MAG +10","BLK dam. +6%","Spirit (5★)","7","7","7","7","Wisdom (5★)","7","7","7","7"
"IV","Tellah","HP +300","Legend Materia 2","MAG +20","","Spirit (5★)","10","16","10","","Wisdom (5★)","10","16","10",""
"IV","Edge","DEF +10","RES +10","SPD +10","","Dexterity (5★)","2","2","2","","Bravery (5★)","2","2","2",""
"IV","Edge","HP +200","Slow Imm. (minor)","PHY and NIN dam. +3%","HP +200","Dexterity (5★)","3","3","3","3","Bravery (5★)","3","3","3","3"
"IV","Edge","RES +10","Legend Materia 1","ATK +15","","Dexterity (5★)","5","8","5","","Bravery (5★)","5","8","5",""
"IV","Edge","DEF +15","Slow Imm. (moder.)","PHY and NIN dam. +6%","SPD +10","Dexterity (5★)","7","7","7","7","Bravery (5★)","7","7","7","7"
"IV","Edge","HP +400","Legend Materia 2","ATK +20","","Dexterity (5★)","10","16","10","","Bravery (5★)","10","16","10",""
"IV","Fusoya","DEF +10","RES +10","MND +10","","Spirit (5★)","2","2","2","","Wisdom (5★)","2","2","2",""
"IV","Fusoya","Silence Imm. (minor)","HP +200","MAG +10","BLK and WHT dam. +3%","Spirit (5★)","3","3","3","3","Wisdom (5★)","3","3","3","3"
"IV","Fusoya","DEF +10","Legend Materia 1","MND +10","","Spirit (5★)","5","8","5","","Wisdom (5★)","5","8","5",""
"IV","Fusoya","Silence Imm. (moder.)","RES +20","MAG +10","BLK and WHT dam. +6%","Spirit (5★)","7","7","7","7","Wisdom (5★)","7","7","7","7"
"IV","Fusoya","HP +300","Legend Materia 2","MAG +20","","Spirit (5★)","10","16","10","","Wisdom (5★)","10","16","10",""
"IV","Golbez","DEF +10","RES +10","MAG +10","","Spirit (5★)","2","2","2","","Wisdom (5★)","2","2","2",""
"IV","Golbez","Sleep Imm. (minor)","HP +200","RES +10","Dark dam. +3%","Spirit (5★)","3","3","3","3","Wisdom (5★)","3","3","3","3"
"IV","Golbez","RES +10","Legend Materia 1","MAG +10","","Spirit (5★)","5","8","5","","Wisdom (5★)","5","8","5",""
"IV","Golbez","Sleep Imm. (moder.)","DEF +20","RES +10","Dark dam. +6%","Spirit (5★)","7","7","7","7","Wisdom (5★)","7","7","7","7"
"IV","Golbez","HP +300","Legend Materia 2","MAG +20","","Spirit (5★)","10","16","10","","Wisdom (5★)","10","16","10",""
"IV","Cid (IV)","RES +10","DEF +10","ATK +10","","Vitality (5★)","2","2","2","","Bravery (5★)","2","2","2",""
"IV","Cid (IV)","DEF +10","Blind Imm. (minor)","Lightning dam. +3%","HP +150","Vitality (5★)","3","3","3","3","Bravery (5★)","3","3","3","3"
"IV","Cid (IV)","DEF +15","Legend Materia 1","ATK +10","","Vitality (5★)","5","8","5","","Bravery (5★)","5","8","5",""
"IV","Cid (IV)","Blind Imm. (moder.)","RES +20","HP +250","Lightning dam. +6%","Vitality (5★)","7","7","7","7","Bravery (5★)","7","7","7","7"
"IV","Cid (IV)","HP +400","Legend Materia 2","ATK +15","","Vitality (5★)","10","16","10","","Bravery (5★)","10","16","10",""
"IV","Ceodore","DEF +10","RES +10","DEF +10","","Spirit (5★)","2","2","2","","Bravery (5★)","2","2","2",""
"IV","Ceodore","Confuse Imm. (minor)","RES +10","HP +200","PHY dam. +3%","Spirit (5★)","3","3","3","3","Bravery (5★)","3","3","3","3"
"IV","Ceodore","DEF +20","Legend Materia 1","ATK +10","","Spirit (5★)","5","8","5","","Bravery (5★)","5","8","5",""
"IV","Ceodore","RES +20","Holy Res. (minor)","PHY dam. +6%","HP +300","Spirit (5★)","7","7","7","7","Bravery (5★)","7","7","7","7"
"IV","Ceodore","HP +500","Legend Materia 2","ATK +20","","Spirit (5★)","10","16","10","","Bravery (5★)","10","16","10",""
"IV","Ursula","DEF +10","RES +10","ATK +10","","Dexterity (5★)","2","2","2","","Vitality (5★)","2","2","2",""
"IV","Ursula","Blind Imm. (minor)","HP +150","HP +150","PHY dam. +3%","Dexterity (5★)","3","3","3","3","Vitality (5★)","3","3","3","3"
"IV","Ursula","RES +20","Legend Materia 1","ATK +10","","Dexterity (5★)","5","8","5","","Vitality (5★)","5","8","5",""
"IV","Ursula","Blind Imm. (moder.)","HP +250","HP +250","PHY dam. +6%","Dexterity (5★)","7","7","7","7","Vitality (5★)","7","7","7","7"
"IV","Ursula","DEF +20","Legend Materia 2","ATK +20","","Dexterity (5★)","10","16","10","","Vitality (5★)","10","16","10",""
"IV","Barbariccia","DEF +10","RES +10","MAG +10","","Spirit (5★)","2","2","2","","Wisdom (5★)","2","2","2",""
"IV","Barbariccia","Sleep Imm. (minor)","HP +200","RES +10","Wind dam. +3%","Spirit (5★)","3","3","3","3","Wisdom (5★)","3","3","3","3"
"IV","Barbariccia","RES +10","Legend Materia 1","MAG +10","","Spirit (5★)","5","8","5","","Wisdom (5★)","5","8","5",""
"IV","Barbariccia","Sleep Imm. (moder.)","DEF +20","RES +10","Wind dam. +6%","Spirit (5★)","7","7","7","7","Wisdom (5★)","7","7","7","7"
"IV","Barbariccia","HP +300","Legend Materia 2","MAG +20","","Spirit (5★)","10","16","10","","Wisdom (5★)","10","16","10",""
"IV","Rubicante","DEF +10","RES +10","MND +10","","Spirit (5★)","2","2","2","","Wisdom (5★)","2","2","2",""
"IV","Rubicante","Confuse Imm. (minor)","HP +200","MAG +10","Fire dam. +3%","Spirit (5★)","3","3","3","3","Wisdom (5★)","3","3","3","3"
"IV","Rubicante","DEF +10","Legend Materia 1","MND +10","","Spirit (5★)","5","8","5","","Wisdom (5★)","5","8","5",""
"IV","Rubicante","Confuse Imm. (moder.)","RES +20","MAG +10","Fire dam. +6%","Spirit (5★)","7","7","7","7","Wisdom (5★)","7","7","7","7"
"IV","Rubicante","HP +300","Legend Materia 2","MAG +20","","Spirit (5★)","10","16","10","","Wisdom (5★)","10","16","10",""
"V","Lenna","DEF +10","RES +10","MND +10","","Spirit (5★)","2","2","2","","Wisdom (5★)","2","2","2",""
"V","Lenna","Silence Imm. (minor)","HP +150","WHT heals +3%","HP +150","Spirit (5★)","3","3","3","3","Wisdom (5★)","3","3","3","3"
"V","Lenna","RES +10","Legend Materia 1","MND +10","","Spirit (5★)","5","8","5","","Wisdom (5★)","5","8","5",""
"V","Lenna","Water Res. (minor)","DEF +20","WHT heals +6%","HP +200","Spirit (5★)","7","7","7","7","Wisdom (5★)","7","7","7","7"
"V","Lenna","RES +20","Legend Materia 2","MND +20","","Spirit (5★)","10","16","10","","Wisdom (5★)","10","16","10",""
"V","Galuf","DEF +10","RES +10","ATK +10","","Dexterity (5★)","2","2","2","","Vitality (5★)","2","2","2",""
"V","Galuf","Blind Imm. (minor)","HP +150","HP +150","Fire and Earth dam. +3%","Dexterity (5★)","3","3","3","3","Vitality (5★)","3","3","3","3"
"V","Galuf","RES +20","Legend Materia 1","ATK +10","","Dexterity (5★)","5","8","5","","Vitality (5★)","5","8","5",""
"V","Galuf","Fire Res. (minor)","HP +250","HP +250","Fire and Earth dam. +6%","Dexterity (5★)","7","7","7","7","Vitality (5★)","7","7","7","7"
"V","Galuf","DEF +20","Legend Materia 2","ATK +20","","Dexterity (5★)","10","16","10","","Vitality (5★)","10","16","10",""
"V","Gogo (V)","DEF +10","RES +10","MND +10","","Spirit (5★)","2","2","2","","Wisdom (5★)","2","2","2",""
"V","Gogo (V)","Sleep Imm. (minor)","HP +200","MAG +10","BLK dam. +3%","Spirit (5★)","3","3","3","3","Wisdom (5★)","3","3","3","3"
"V","Gogo (V)","DEF +10","Legend Materia 1","MND +10","","Spirit (5★)","5","8","5","","Wisdom (5★)","5","8","5",""
"V","Gogo (V)","Sleep Imm. (moder.)","RES +20","MAG +10","BLK dam. +6%","Spirit (5★)","7","7","7","7","Wisdom (5★)","7","7","7","7"
"V","Gogo (V)","HP +300","Legend Materia 2","MAG +20","","Spirit (5★)","10","16","10","","Wisdom (5★)","10","16","10",""
"V","Gilgamesh","DEF +10","RES +10","ATK +10","","Dexterity (5★)","2","2","2","","Vitality (5★)","2","2","2",""
"V","Gilgamesh","Blind Imm. (minor)","HP +150","HP +150","PHY +3%","Dexterity (5★)","3","3","3","3","Vitality (5★)","3","3","3","3"
"V","Gilgamesh","RES +20","Legend Materia 1","ATK +10","","Dexterity (5★)","5","8","5","","Vitality (5★)","5","8","5",""
"V","Gilgamesh","Blind Imm. (moder.)","HP +250","HP +250","PHY +6%","Dexterity (5★)","7","7","7","7","Vitality (5★)","7","7","7","7"
"V","Gilgamesh","DEF +20","Legend Materia 2","ATK +20","","Dexterity (5★)","10","16","10","","Vitality (5★)","10","16","10",""
"V","Bartz","DEF +10","RES +10","ATK +10","","Dexterity (5★)","2","2","2","","Vitality (5★)","2","2","2",""
"V","Bartz","Slow Imm. (minor)","HP +150","HP +150","Spellblade dam. +3%","Dexterity (5★)","3","3","3","3","Vitality (5★)","3","3","3","3"
"V","Bartz","RES +20","Legend Materia 1","ATK +10","","Dexterity (5★)","5","8","5","","Vitality (5★)","5","8","5",""
"V","Bartz","Wind Res. (minor)","HP +250","HP +250","Spellblade dam. +6%","Dexterity (5★)","7","7","7","7","Vitality (5★)","7","7","7","7"
"V","Bartz","DEF +20","Legend Materia 2","ATK +20","","Dexterity (5★)","10","16","10","","Vitality (5★)","10","16","10",""
"V","Faris","RES +10","DEF +10","ATK +10","","Vitality (5★)","2","2","2","","Bravery (5★)","2","2","2",""
"V","Faris","DEF +10","Paralyze Imm. (minor)","Bow dam. +3%","HP +150","Vitality (5★)","3","3","3","3","Bravery (5★)","3","3","3","3"
"V","Faris","DEF +15","Legend Materia 1","ATK +10","","Vitality (5★)","5","8","5","","Bravery (5★)","5","8","5",""
"V","Faris","Paralyze Imm. (moder.)","RES +20","HP +250","Bow dam. +6%","Vitality (5★)","7","7","7","7","Bravery (5★)","7","7","7","7"
"V","Faris","HP +400","Legend Materia 2","ATK +15","","Vitality (5★)","10","16","10","","Bravery (5★)","10","16","10",""
"V","Dorgann","DEF +10","RES +10","ATK +10","","Dexterity (5★)","2","2","2","","Vitality (5★)","2","2","2",""
"V","Dorgann","Blind Imm. (minor)","HP +150","HP +150","PHY dam. +3%","Dexterity (5★)","3","3","3","3","Vitality (5★)","3","3","3","3"
"V","Dorgann","RES +20","Legend Materia 1","ATK +10","","Dexterity (5★)","5","8","5","","Vitality (5★)","5","8","5",""
"V","Dorgann","Blind Imm. (moder.)","HP +250","HP +250","PHY dam. +6%","Dexterity (5★)","7","7","7","7","Vitality (5★)","7","7","7","7"
"V","Dorgann","DEF +20","Legend Materia 2","ATK +20","","Dexterity (5★)","10","16","10","","Vitality (5★)","10","16","10",""
"V","Exdeath","DEF +10","RES +10","MND +10","","Spirit (5★)","2","2","2","","Bravery (5★)","2","2","2",""
"V","Exdeath","Sleep Imm. (minor)","HP +200","MAG +10","Dark and Holy dam. +3%","Spirit (5★)","3","3","3","3","Bravery (5★)","3","3","3","3"
"V","Exdeath","RES +10","Legend Materia 1","MAG +10","","Spirit (5★)","5","8","5","","Bravery (5★)","5","8","5",""
"V","Exdeath","Sleep Imm. (moder.)","DEF +10","MND +20","Dark and Holy dam. +6%","Spirit (5★)","7","7","7","7","Bravery (5★)","7","7","7","7"
"V","Exdeath","HP +300","Legend Materia 2","MAG +20","","Spirit (5★)","10","16","10","","Bravery (5★)","10","16","10",""
"V","Krile","DEF +10","RES +10","MAG +10","","Spirit (5★)","2","2","2","","Wisdom (5★)","2","2","2",""
"V","Krile","Sleep Imm. (minor)","HP +200","RES +10","BLK and SUM dam. +3%","Spirit (5★)","3","3","3","3","Wisdom (5★)","3","3","3","3"
"V","Krile","RES +10","Legend Materia 1","MAG +10","","Spirit (5★)","5","8","5","","Wisdom (5★)","5","8","5",""
"V","Krile","Sleep Imm. (moder.)","DEF +20","RES +10","BLK and SUM dam. +6%","Spirit (5★)","7","7","7","7","Wisdom (5★)","7","7","7","7"
"V","Krile","HP +300","Legend Materia 2","MAG +20","","Spirit (5★)","10","16","10","","Wisdom (5★)","10","16","10",""
"V","Xezat","DEF +10","RES +10","ATK +10","","Dexterity (5★)","2","2","2","","Vitality (5★)","2","2","2",""
"V","Xezat","Blind Imm. (minor)","HP +150","HP +150","PHY dam. +3%","Dexterity (5★)","3","3","3","3","Vitality (5★)","3","3","3","3"
"V","Xezat","RES +20","Legend Materia 1","ATK +10","","Dexterity (5★)","5","8","5","","Vitality (5★)","5","8","5",""
"V","Xezat","Blind Imm. (moder.)","HP +250","HP +250","PHY dam. +6%","Dexterity (5★)","7","7","7","7","Vitality (5★)","7","7","7","7"
"V","Xezat","DEF +20","Legend Materia 2","ATK +20","","Dexterity (5★)","10","16","10","","Vitality (5★)","10","16","10",""
"V","Kelger","DEF +10","RES +10","SPD +10","","Dexterity (5★)","2","2","2","","Bravery (5★)","2","2","2",""
"V","Kelger","HP +200","Slow Imm. (minor)","PHY and NIN dam. +3%","HP +200","Dexterity (5★)","3","3","3","3","Bravery (5★)","3","3","3","3"
"V","Kelger","RES +10","Legend Materia 1","ATK +15","","Dexterity (5★)","5","8","5","","Bravery (5★)","5","8","5",""
"V","Kelger","DEF +15","Slow Imm. (moder.)","PHY and NIN dam. +6%","SPD +10","Dexterity (5★)","7","7","7","7","Bravery (5★)","7","7","7","7"
"V","Kelger","HP +400","Legend Materia 2","ATK +20","","Dexterity (5★)","10","16","10","","Bravery (5★)","10","16","10",""
"VI","Terra","DEF +10","RES +10","MAG +10","","Spirit (5★)","2","2","2","","Wisdom (5★)","2","2","2",""
"VI","Terra","Sleep Imm. (minor)","HP +200","RES +10","BLK and SUM dam. +3%","Spirit (5★)","3","3","3","3","Wisdom (5★)","3","3","3","3"
"VI","Terra","RES +10","Legend Materia 1","MAG +10","","Spirit (5★)","5","8","5","","Wisdom (5★)","5","8","5",""
"VI","Terra","Fire Res. (minor)","DEF +20","RES +10","BLK and SUM dam. +6%","Spirit (5★)","7","7","7","7","Wisdom (5★)","7","7","7","7"
"VI","Terra","HP +300","Legend Materia 2","MAG +20","","Spirit (5★)","10","16","10","","Wisdom (5★)","10","16","10",""
"VI","Locke","DEF +10","RES +10","SPD +10","","Dexterity (5★)","2","2","2","","Bravery (5★)","2","2","2",""
"VI","Locke","HP +200","Slow Imm. (minor)","Fire dam. +3%","HP +200","Dexterity (5★)","3","3","3","3","Bravery (5★)","3","3","3","3"
"VI","Locke","RES +10","Legend Materia 1","ATK +15","","Dexterity (5★)","5","8","5","","Bravery (5★)","5","8","5",""
"VI","Locke","DEF +15","Slow Imm. (moder.)","Fire dam. +6%","SPD +10","Dexterity (5★)","7","7","7","7","Bravery (5★)","7","7","7","7"
"VI","Locke","HP +400","Legend Materia 2","ATK +20","","Dexterity (5★)","10","16","10","","Bravery (5★)","10","16","10",""
"VI","Celes","DEF +10","RES +10","ATK +10","","Dexterity (5★)","2","2","2","","Vitality (5★)","2","2","2",""
"VI","Celes","Blind Imm. (minor)","HP +150","HP +150","PHY dam. +3%","Dexterity (5★)","3","3","3","3","Vitality (5★)","3","3","3","3"
"VI","Celes","RES +20","Legend Materia 1","ATK +10","","Dexterity (5★)","5","8","5","","Vitality (5★)","5","8","5",""
"VI","Celes","Holy Res. (minor)","HP +250","HP +250","PHY dam. +6%","Dexterity (5★)","7","7","7","7","Vitality (5★)","7","7","7","7"
"VI","Celes","DEF +20","Legend Materia 2","ATK +20","","Dexterity (5★)","10","16","10","","Vitality (5★)","10","16","10",""
"VI","Mog","DEF +10","RES +10","MND +10","","Spirit (5★)","2","2","2","","Wisdom (5★)","2","2","2",""
"VI","Mog","Paralyze Imm. (minor)","HP +150","WHT heals +3%","HP +150","Spirit (5★)","3","3","3","3","Wisdom (5★)","3","3","3","3"
"VI","Mog","RES +10","Legend Materia 1","MND +10","","Spirit (5★)","5","8","5","","Wisdom (5★)","5","8","5",""
"VI","Mog","Paralyze Imm. (moder.)","DEF +20","WHT heals +6%","HP +200","Spirit (5★)","7","7","7","7","Wisdom (5★)","7","7","7","7"
"VI","Mog","RES +20","Legend Materia 2","MND +20","","Spirit (5★)","10","16","10","","Wisdom (5★)","10","16","10",""
"VI","Edgar","DEF +10","RES +10","ATK +10","","Dexterity (5★)","2","2","2","","Vitality (5★)","2","2","2",""
"VI","Edgar","Blind Imm. (minor)","HP +150","HP +150","PHY dam. +3%","Dexterity (5★)","3","3","3","3","Vitality (5★)","3","3","3","3"
"VI","Edgar","RES +20","Legend Materia 1","ATK +10","","Dexterity (5★)","5","8","5","","Vitality (5★)","5","8","5",""
"VI","Edgar","Blind Imm. (moder.)","HP +250","HP +250","PHY dam. +6%","Dexterity (5★)","7","7","7","7","Vitality (5★)","7","7","7","7"
"VI","Edgar","DEF +20","Legend Materia 2","ATK +20","","Dexterity (5★)","10","16","10","","Vitality (5★)","10","16","10",""
"VI","Sabin","DEF +10","RES +10","ATK +10","","Dexterity (5★)","2","2","2","","Vitality (5★)","2","2","2",""
"VI","Sabin","Confuse Imm. (minor)","HP +150","HP +150","Fire dam. +3%","Dexterity (5★)","3","3","3","3","Vitality (5★)","3","3","3","3"
"VI","Sabin","RES +20","Legend Materia 1","ATK +10","","Dexterity (5★)","5","8","5","","Vitality (5★)","5","8","5",""
"VI","Sabin","Fire Res. (minor)","HP +250","HP +250","Fire dam. +6%","Dexterity (5★)","7","7","7","7","Vitality (5★)","7","7","7","7"
"VI","Sabin","DEF +20","Legend Materia 2","ATK +20","","Dexterity (5★)","10","16","10","","Vitality (5★)","10","16","10",""
"VI","Shadow","DEF +10","RES +10","SPD +10","","Dexterity (5★)","2","2","2","","Bravery (5★)","2","2","2",""
"VI","Shadow","HP +200","Slow Imm. (minor)","PHY and NIN dam. +3%","HP +200","Dexterity (5★)","3","3","3","3","Bravery (5★)","3","3","3","3"
"VI","Shadow","RES +10","Legend Materia 1","ATK +15","","Dexterity (5★)","5","8","5","","Bravery (5★)","5","8","5",""
"VI","Shadow","DEF +15","Slow Imm. (moder.)","PHY and NIN dam. +6%","SPD +10","Dexterity (5★)","7","7","7","7","Bravery (5★)","7","7","7","7"
"VI","Shadow","HP +400","Legend Materia 2","ATK +20","","Dexterity (5★)","10","16","10","","Bravery (5★)","10","16","10",""
"VI","Cyan","DEF +10","RES +10","ATK +10","","Dexterity (5★)","2","2","2","","Vitality (5★)","2","2","2",""
"VI","Cyan","Blind Imm. (minor)","HP +150","HP +150","PHY dam. +3%","Dexterity (5★)","3","3","3","3","Vitality (5★)","3","3","3","3"
"VI","Cyan","RES +20","Legend Materia 1","ATK +10","","Dexterity (5★)","5","8","5","","Vitality (5★)","5","8","5",""
"VI","Cyan","Blind Imm. (moder.)","HP +250","HP +250","PHY dam. +6%","Dexterity (5★)","7","7","7","7","Vitality (5★)","7","7","7","7"
"VI","Cyan","DEF +20","Legend Materia 2","ATK +20","","Dexterity (5★)","10","16","10","","Vitality (5★)","10","16","10",""
"VI","Gau","DEF +10","RES +10","SPD +10","","Dexterity (5★)","2","2","2","","Bravery (5★)","2","2","2",""
"VI","Gau","HP +200","Slow Imm. (minor)","Fist dam. +3%","HP +200","Dexterity (5★)","3","3","3","3","Bravery (5★)","3","3","3","3"
"VI","Gau","RES +10","Legend Materia 1","ATK +15","","Dexterity (5★)","5","8","5","","Bravery (5★)","5","8","5",""
"VI","Gau","DEF +15","Slow Imm. (moder.)","Fist dam. +6%","SPD +10","Dexterity (5★)","7","7","7","7","Bravery (5★)","7","7","7","7"
"VI","Gau","HP +400","Legend Materia 2","ATK +20","","Dexterity (5★)","10","16","10","","Bravery (5★)","10","16","10",""
"VI","Setzer","RES +10","DEF +10","ATK +10","","Vitality (5★)","2","2","2","","Bravery (5★)","2","2","2",""
"VI","Setzer","DEF +10","Paralyze Imm. (minor)","PHY dam. +3%","HP +150","Vitality (5★)","3","3","3","3","Bravery (5★)","3","3","3","3"
"VI","Setzer","DEF +15","Legend Materia 1","ATK +10","","Vitality (5★)","5","8","5","","Bravery (5★)","5","8","5",""
"VI","Setzer","Paralyze Imm. (moder.)","RES +20","HP +250","PHY dam. +6%","Vitality (5★)","7","7","7","7","Bravery (5★)","7","7","7","7"
"VI","Setzer","HP +400","Legend Materia 2","ATK +15","","Vitality (5★)","10","16","10","","Bravery (5★)","10","16","10",""
"VI","Strago","DEF +10","RES +10","MAG +10","","Spirit (5★)","2","2","2","","Wisdom (5★)","2","2","2",""
"VI","Strago","Sleep Imm. (minor)","HP +200","RES +10","Water dam. +3%","Spirit (5★)","3","3","3","3","Wisdom (5★)","3","3","3","3"
"VI","Strago","RES +10","Legend Materia 1","MAG +10","","Spirit (5★)","5","8","5","","Wisdom (5★)","5","8","5",""
"VI","Strago","Sleep Imm. (moder.)","DEF +20","RES +10","Water dam. +6%","Spirit (5★)","7","7","7","7","Wisdom (5★)","7","7","7","7"
"VI","Strago","HP +300","Legend Materia 2","MAG +20","","Spirit (5★)","10","16","10","","Wisdom (5★)","10","16","10",""
"VI","Relm","DEF +10","RES +10","MND +10","","Spirit (5★)","2","2","2","","Wisdom (5★)","2","2","2",""
"VI","Relm","Silence Imm. (minor)","HP +200","WHT heals +3%","MAG +10","Spirit (5★)","3","3","3","3","Wisdom (5★)","3","3","3","3"
"VI","Relm","DEF +10","Legend Materia 1","MND +10","","Spirit (5★)","5","8","5","","Wisdom (5★)","5","8","5",""
"VI","Relm","Silence Imm. (moder.)","RES +20","WHT heals +6%","MAG +10","Spirit (5★)","7","7","7","7","Wisdom (5★)","7","7","7","7"
"VI","Relm","HP +300","Legend Materia 2","MND +20","","Spirit (5★)","10","16","10","","Wisdom (5★)","10","16","10",""
"VI","Gogo (VI)","DEF +10","ATK +10","ATK +10","","Wisdom (5★)","2","2","2","","Bravery (5★)","2","2","2",""
"VI","Gogo (VI)","RES +10","Slow Imm. (minor)","Sword dam. +3%","MAG +10","Wisdom (5★)","3","3","3","3","Bravery (5★)","3","3","3","3"
"VI","Gogo (VI)","DEF +10","Legend Materia 1","ATK +10","","Wisdom (5★)","5","8","5","","Bravery (5★)","5","8","5",""
"VI","Gogo (VI)","RES +10","Slow Imm. (moder.)","Sword dam. +6%","MND +20","Wisdom (5★)","7","7","7","7","Bravery (5★)","7","7","7","7"
"VI","Gogo (VI)","HP +500","Legend Materia 2","MAG +20","","Wisdom (5★)","10","16","10","","Bravery (5★)","10","16","10",""
"VI","Umaro","DEF +10","RES +10","ATK +10","","Dexterity (5★)","2","2","2","","Vitality (5★)","2","2","2",""
"VI","Umaro","Blind Imm. (minor)","HP +150","HP +150","Ice dam. +3%","Dexterity (5★)","3","3","3","3","Vitality (5★)","3","3","3","3"
"VI","Umaro","RES +20","Legend Materia 1","ATK +10","","Dexterity (5★)","5","8","5","","Vitality (5★)","5","8","5",""
"VI","Umaro","Blind Imm. (moder.)","HP +250","HP +250","Ice dam. +6%","Dexterity (5★)","7","7","7","7","Vitality (5★)","7","7","7","7"
"VI","Umaro","DEF +20","Legend Materia 2","ATK +20","","Dexterity (5★)","10","16","10","","Vitality (5★)","10","16","10",""
"VI","Kefka","DEF +10","RES +10","MAG +10","","Spirit (5★)","2","2","2","","Wisdom (5★)","2","2","2",""
"VI","Kefka","Sleep Imm. (minor)","HP +200","RES +10","Dark dam. +3%","Spirit (5★)","3","3","3","3","Wisdom (5★)","3","3","3","3"
"VI","Kefka","RES +10","Legend Materia 1","MAG +10","","Spirit (5★)","5","8","5","","Wisdom (5★)","5","8","5",""
"VI","Kefka","Sleep Imm. (moder.)","DEF +20","RES +10","Dark dam. +6%","Spirit (5★)","7","7","7","7","Wisdom (5★)","7","7","7","7"
"VI","Kefka","HP +300","Legend Materia 2","MAG +20","","Spirit (5★)","10","16","10","","Wisdom (5★)","10","16","10",""
"VI","Leo","DEF +10","RES +10","ATK +10","","Dexterity (5★)","2","2","2","","Vitality (5★)","2","2","2",""
"VI","Leo","Blind Imm. (minor)","HP +150","HP +150","PHY dam. +3%","Dexterity (5★)","3","3","3","3","Vitality (5★)","3","3","3","3"
"VI","Leo","RES +20","Legend Materia 1","ATK +10","","Dexterity (5★)","5","8","5","","Vitality (5★)","5","8","5",""
"VI","Leo","Blind Imm. (moder.)","HP +250","HP +250","PHY dam. +6%","Dexterity (5★)","7","7","7","7","Vitality (5★)","7","7","7","7"
"VI","Leo","DEF +20","Legend Materia 2","ATK +20","","Dexterity (5★)","10","16","10","","Vitality (5★)","10","16","10",""
"VI","Ultros","DEF +10","RES +10","MAG +10","","Wisdom (5★)","2","2","2","","Bravery (5★)","2","2","2",""
"VI","Ultros","HP +250","Blind Imm. (minor)","Poison dam. +3%","ATK +10","Wisdom (5★)","3","3","3","3","Bravery (5★)","3","3","3","3"
"VI","Ultros","RES +15","Legend Materia 1","MAG +10","","Wisdom (5★)","5","8","5","","Bravery (5★)","5","8","5",""
"VI","Ultros","DEF +15","Blind Imm. (moder.)","Poison dam. +6%","ATK +10","Wisdom (5★)","7","7","7","7","Bravery (5★)","7","7","7","7"
"VI","Ultros","HP +450","Legend Materia 2","MAG +20","","Wisdom (5★)","10","16","10","","Bravery (5★)","10","16","10",""
"VII","Cloud","DEF +10","RES +10","ATK +10","","Dexterity (5★)","2","2","2","","Vitality (5★)","2","2","2",""
"VII","Cloud","Blind Imm. (minor)","HP +150","HP +150","PHY dam. +3%","Dexterity (5★)","3","3","3","3","Vitality (5★)","3","3","3","3"
"VII","Cloud","RES +20","Legend Materia 1","ATK +10","","Dexterity (5★)","5","8","5","","Vitality (5★)","5","8","5",""
"VII","Cloud","Blind Imm. (moder.)","HP +250","HP +250","PHY dam. +6%","Dexterity (5★)","7","7","7","7","Vitality (5★)","7","7","7","7"
"VII","Cloud","DEF +20","Legend Materia 2","ATK +20","","Dexterity (5★)","10","16","10","","Vitality (5★)","10","16","10",""
"VII","Barret","RES +10","DEF +10","ATK +10","","Vitality (5★)","2","2","2","","Bravery (5★)","2","2","2",""
"VII","Barret","DEF +10","Paralyze Imm. (minor)","PHY dam. +3%","HP +150","Vitality (5★)","3","3","3","3","Bravery (5★)","3","3","3","3"
"VII","Barret","DEF +15","Legend Materia 1","ATK +10","","Vitality (5★)","5","8","5","","Bravery (5★)","5","8","5",""
"VII","Barret","Paralyze Imm. (moder.)","RES +20","HP +250","PHY dam. +6%","Vitality (5★)","7","7","7","7","Bravery (5★)","7","7","7","7"
"VII","Barret","HP +400","Legend Materia 2","ATK +15","","Vitality (5★)","10","16","10","","Bravery (5★)","10","16","10",""
"VII","Tifa","DEF +10","RES +10","ATK +10","","Dexterity (5★)","2","2","2","","Vitality (5★)","2","2","2",""
"VII","Tifa","Blind Imm. (minor)","HP +150","HP +150","Earth dam. +3%","Dexterity (5★)","3","3","3","3","Vitality (5★)","3","3","3","3"
"VII","Tifa","RES +20","Legend Materia 1","ATK +10","","Dexterity (5★)","5","8","5","","Vitality (5★)","5","8","5",""
"VII","Tifa","Earth Res. (minor)","HP +250","HP +250","Earth dam. +6%","Dexterity (5★)","7","7","7","7","Vitality (5★)","7","7","7","7"
"VII","Tifa","DEF +20","Legend Materia 2","ATK +20","","Dexterity (5★)","10","16","10","","Vitality (5★)","10","16","10",""
"VII","Aerith","DEF +10","RES +10","MND +10","","Spirit (5★)","2","2","2","","Wisdom (5★)","2","2","2",""
"VII","Aerith","Silence Imm. (minor)","HP +200","WHT heals +3%","MAG +10","Spirit (5★)","3","3","3","3","Wisdom (5★)","3","3","3","3"
"VII","Aerith","DEF +10","Legend Materia 1","MND +10","","Spirit (5★)","5","8","5","","Wisdom (5★)","5","8","5",""
"VII","Aerith","Silence Imm. (moder.)","RES +20","WHT heals +6%","MAG +10","Spirit (5★)","7","7","7","7","Wisdom (5★)","7","7","7","7"
"VII","Aerith","HP +300","Legend Materia 2","MND +20","","Spirit (5★)","10","16","10","","Wisdom (5★)","10","16","10",""
"VII","Red XIII","RES +10","DEF +10","ATK +10","","Vitality (5★)","2","2","2","","Bravery (5★)","2","2","2",""
"VII","Red XIII","DEF +10","Paralyze Imm. (minor)","PHY and BLK dam. +3%","HP +150","Vitality (5★)","3","3","3","3","Bravery (5★)","3","3","3","3"
"VII","Red XIII","DEF +15","Legend Materia 1","ATK +10","","Vitality (5★)","5","8","5","","Bravery (5★)","5","8","5",""
"VII","Red XIII","Paralyze Imm. (moder.)","RES +20","HP +250","PHY and BLK dam. +6%","Vitality (5★)","7","7","7","7","Bravery (5★)","7","7","7","7"
"VII","Red XIII","HP +400","Legend Materia 2","ATK +15","","Vitality (5★)","10","16","10","","Bravery (5★)","10","16","10",""
"VII","Yuffie","DEF +10","RES +10","ATK +10","","Wisdom (5★)","2","2","2","","Bravery (5★)","2","2","2",""
"VII","Yuffie","HP +250","Blind Imm. (minor)","PHY and NIN dam. +3%","MAG +10","Wisdom (5★)","3","3","3","3","Bravery (5★)","3","3","3","3"
"VII","Yuffie","RES +15","Legend Materia 1","ATK +10","","Wisdom (5★)","5","8","5","","Bravery (5★)","5","8","5",""
"VII","Yuffie","DEF +15","Blind Imm. (moder.)","PHY and NIN dam. +6%","MAG +10","Wisdom (5★)","7","7","7","7","Bravery (5★)","7","7","7","7"
"VII","Yuffie","HP +450","Legend Materia 2","ATK +20","","Wisdom (5★)","10","16","10","","Bravery (5★)","10","16","10",""
"VII","Cait Sith","DEF +10","RES +10","MND +10","","Spirit (5★)","2","2","2","","Wisdom (5★)","2","2","2",""
"VII","Cait Sith","Paralyze Imm. (minor)","HP +200","WHT heals +3%","MAG +10","Spirit (5★)","3","3","3","3","Wisdom (5★)","3","3","3","3"
"VII","Cait Sith","DEF +10","Legend Materia 1","MND +10","","Spirit (5★)","5","8","5","","Wisdom (5★)","5","8","5",""
"VII","Cait Sith","Paralyze Imm. (moder.)","RES +20","WHT heals +6%","MAG +10","Spirit (5★)","7","7","7","7","Wisdom (5★)","7","7","7","7"
"VII","Cait Sith","HP +300","Legend Materia 2","MND +20","","Spirit (5★)","10","16","10","","Wisdom (5★)","10","16","10",""
"VII","Vincent","DEF +10","RES +10","MAG +10","","Wisdom (5★)","2","2","2","","Bravery (5★)","2","2","2",""
"VII","Vincent","HP +250","Paralyze Imm. (minor)","Fire dam. +3%","ATK +10","Wisdom (5★)","3","3","3","3","Bravery (5★)","3","3","3","3"
"VII","Vincent","RES +15","Legend Materia 1","ATK +10","","Wisdom (5★)","5","8","5","","Bravery (5★)","5","8","5",""
"VII","Vincent","DEF +15","Paralyze Imm. (moder.)","Fire dam. +6%","ATK +10","Wisdom (5★)","7","7","7","7","Bravery (5★)","7","7","7","7"
"VII","Vincent","HP +450","Legend Materia 2","MAG +20","","Wisdom (5★)","10","16","10","","Bravery (5★)","10","16","10",""
"VII","Zack","DEF +10","RES +10","SPD +10","","Dexterity (5★)","2","2","2","","Bravery (5★)","2","2","2",""
"VII","Zack","HP +200","Slow Imm. (minor)","PHY dam. +3%","HP +200","Dexterity (5★)","3","3","3","3","Bravery (5★)","3","3","3","3"
"VII","Zack","RES +10","Legend Materia 1","ATK +15","","Dexterity (5★)","5","8","5","","Bravery (5★)","5","8","5",""
"VII","Zack","DEF +15","Slow Imm. (moder.)","PHY dam. +6%","SPD +10","Dexterity (5★)","7","7","7","7","Bravery (5★)","7","7","7","7"
"VII","Zack","HP +400","Legend Materia 2","ATK +20","","Dexterity (5★)","10","16","10","","Bravery (5★)","10","16","10",""
"VII","Sephiroth","DEF +10","RES +10","ATK +10","","Dexterity (5★)","2","2","2","","Vitality (5★)","2","2","2",""
"VII","Sephiroth","Blind Imm. (minor)","HP +150","HP +150","Dark and Fire dam. +3%","Dexterity (5★)","3","3","3","3","Vitality (5★)","3","3","3","3"
"VII","Sephiroth","RES +20","Legend Materia 1","ATK +10","","Dexterity (5★)","5","8","5","","Vitality (5★)","5","8","5",""
"VII","Sephiroth","Blind Imm. (moder.)","HP +250","HP +250","Dark and Fire dam. +6%","Dexterity (5★)","7","7","7","7","Vitality (5★)","7","7","7","7"
"VII","Sephiroth","DEF +20","Legend Materia 2","ATK +20","","Dexterity (5★)","10","16","10","","Vitality (5★)","10","16","10",""
"VII","Cid (VII)","DEF +10","RES +10","ATK +10","","Dexterity (5★)","2","2","2","","Vitality (5★)","2","2","2",""
"VII","Cid (VII)","Blind Imm. (minor)","HP +150","HP +150","PHY dam. +3%","Dexterity (5★)","3","3","3","3","Vitality (5★)","3","3","3","3"
"VII","Cid (VII)","RES +20","Legend Materia 1","ATK +10","","Dexterity (5★)","5","8","5","","Vitality (5★)","5","8","5",""
"VII","Cid (VII)","Blind Imm. (moder.)","HP +250","HP +250","PHY dam. +6%","Dexterity (5★)","7","7","7","7","Vitality (5★)","7","7","7","7"
"VII","Cid (VII)","DEF +20","Legend Materia 2","ATK +20","","Dexterity (5★)","10","16","10","","Vitality (5★)","10","16","10",""
"VII","Reno","DEF +10","RES +10","ATK +10","","Wisdom (5★)","2","2","2","","Bravery (5★)","2","2","2",""
"VII","Reno","HP +250","Paralyze Imm. (minor)","Lightning dam. +3%","MAG +10","Wisdom (5★)","3","3","3","3","Bravery (5★)","3","3","3","3"
"VII","Reno","RES +15","Legend Materia 1","ATK +10","","Wisdom (5★)","5","8","5","","Bravery (5★)","5","8","5",""
"VII","Reno","DEF +15","Paralyze Imm. (moder.)","Lightning dam. +6%","ATK +10","Wisdom (5★)","7","7","7","7","Bravery (5★)","7","7","7","7"
"VII","Reno","HP +450","Legend Materia 2","MAG +20","","Wisdom (5★)","10","16","10","","Bravery (5★)","10","16","10",""
"VII","Rufus","DEF +10","DEF +10","ATK +10","","Wisdom (5★)","2","2","2","","Bravery (5★)","2","2","2",""
"VII","Rufus","RES +10","Blind Imm. (minor)","Dark dam. +3%","HP +200","Wisdom (5★)","3","3","3","3","Bravery (5★)","3","3","3","3"
"VII","Rufus","DEF +10","Legend Materia 1","ATK +10","","Wisdom (5★)","5","8","5","","Bravery (5★)","5","8","5",""
"VII","Rufus","RES +10","Blind Imm. (moder.)","Dark dam. +6%","MND +20","Wisdom (5★)","7","7","7","7","Bravery (5★)","7","7","7","7"
"VII","Rufus","HP +500","Legend Materia 2","ATK +20","","Wisdom (5★)","10","16","10","","Bravery (5★)","10","16","10",""
"VII","Shelke","RES +10","DEF +10","ATK +10","","Vitality (5★)","2","2","2","","Bravery (5★)","2","2","2",""
"VII","Shelke","DEF +10","Paralyze Imm. (minor)","PHY dam. +3%","HP +150","Vitality (5★)","3","3","3","3","Bravery (5★)","3","3","3","3"
"VII","Shelke","DEF +15","Legend Materia 1","ATK +10","","Vitality (5★)","5","8","5","","Bravery (5★)","5","8","5",""
"VII","Shelke","Paralyze Imm. (moder.)","RES +20","HP +250","PHY dam. +6%","Vitality (5★)","7","7","7","7","Bravery (5★)","7","7","7","7"
"VII","Shelke","HP +400","Legend Materia 2","ATK +15","","Vitality (5★)","10","16","10","","Bravery (5★)","10","16","10",""
"VII","Angeal","DEF +10","RES +10","ATK +10","","Dexterity (5★)","2","2","2","","Vitality (5★)","2","2","2",""
"VII","Angeal","Blind Imm. (minor)","HP +150","HP +150","PHY dam. +3%","Dexterity (5★)","3","3","3","3","Vitality (5★)","3","3","3","3"
"VII","Angeal","RES +20","Legend Materia 1","ATK +10","","Dexterity (5★)","5","8","5","","Vitality (5★)","5","8","5",""
"VII","Angeal","Blind Imm. (moder.)","HP +250","HP +250","PHY dam. +6%","Dexterity (5★)","7","7","7","7","Vitality (5★)","7","7","7","7"
"VII","Angeal","DEF +20","Legend Materia 2","ATK +20","","Dexterity (5★)","10","16","10","","Vitality (5★)","10","16","10",""
"VII","Rude","DEF +10","MAG +10","ATK +10","","Wisdom (5★)","2","2","2","","Bravery (5★)","2","2","2",""
"VII","Rude","HP +250","Paralyze Imm. (minor)","Earth dam. +3%","MAG +10","Wisdom (5★)","3","3","3","3","Bravery (5★)","3","3","3","3"
"VII","Rude","RES +15","Legend Materia 1","ATK +10","","Wisdom (5★)","5","8","5","","Bravery (5★)","5","8","5",""
"VII","Rude","DEF +15","Paralyze Imm. (moder.)","Earth dam. +6%","MAG +10","Wisdom (5★)","7","7","7","7","Bravery (5★)","7","7","7","7"
"VII","Rude","HP +450","Legend Materia 2","ATK +20","","Wisdom (5★)","10","16","10","","Bravery (5★)","10","16","10",""
"VII","Elena","DEF +10","RES +10","ATK +10","","Dexterity (5★)","2","2","2","","Vitality (5★)","2","2","2",""
"VII","Elena","Blind Imm. (minor)","HP +150","HP +150","Fire dam. +3%","Dexterity (5★)","3","3","3","3","Vitality (5★)","3","3","3","3"
"VII","Elena","RES +20","Legend Materia 1","ATK +10","","Dexterity (5★)","5","8","5","","Vitality (5★)","5","8","5",""
"VII","Elena","Blind Imm. (moder.)","HP +250","HP +250","Fire dam. +6%","Dexterity (5★)","7","7","7","7","Vitality (5★)","7","7","7","7"
"VII","Elena","DEF +20","Legend Materia 2","ATK +20","","Dexterity (5★)","10","16","10","","Vitality (5★)","10","16","10",""
"VII","Genesis","DEF +10","RES +10","ATK +10","","Dexterity (5★)","2","2","2","","Vitality (5★)","2","2","2",""
"VII","Genesis","Blind Imm. (minor)","HP +150","HP +150","Dark and Fire dam. +3%","Dexterity (5★)","3","3","3","3","Vitality (5★)","3","3","3","3"
"VII","Genesis","RES +20","Legend Materia 1","ATK +10","","Dexterity (5★)","5","8","5","","Vitality (5★)","5","8","5",""
"VII","Genesis","Blind Imm. (moder.)","HP +250","HP +250","Dark and Fire dam. +6%","Dexterity (5★)","7","7","7","7","Vitality (5★)","7","7","7","7"
"VII","Genesis","DEF +20","Legend Materia 2","ATK +20","","Dexterity (5★)","10","16","10","","Vitality (5★)","10","16","10",""
"VIII","Squall","DEF +10","RES +10","ATK +10","","Dexterity (5★)","2","2","2","","Vitality (5★)","2","2","2",""
"VIII","Squall","Blind Imm. (minor)","HP +150","HP +150","PHY dam. +3%","Dexterity (5★)","3","3","3","3","Vitality (5★)","3","3","3","3"
"VIII","Squall","RES +20","Legend Materia 1","ATK +10","","Dexterity (5★)","5","8","5","","Vitality (5★)","5","8","5",""
"VIII","Squall","Ice Res. (minor)","HP +250","HP +250","PHY dam. +6%","Dexterity (5★)","7","7","7","7","Vitality (5★)","7","7","7","7"
"VIII","Squall","DEF +20","Legend Materia 2","ATK +20","","Dexterity (5★)","10","16","10","","Vitality (5★)","10","16","10",""
"VIII","Rinoa","DEF +10","RES +10","MAG +10","","Spirit (5★)","2","2","2","","Wisdom (5★)","2","2","2",""
"VIII","Rinoa","Sleep Imm. (minor)","HP +200","RES +10","BLK and SUM dam. +3%","Spirit (5★)","3","3","3","3","Wisdom (5★)","3","3","3","3"
"VIII","Rinoa","RES +10","Legend Materia 1","MAG +10","","Spirit (5★)","5","8","5","","Wisdom (5★)","5","8","5",""
"VIII","Rinoa","Sleep Imm. (moder.)","DEF +20","RES +10","BLK and SUM dam. +6%","Spirit (5★)","7","7","7","7","Wisdom (5★)","7","7","7","7"
"VIII","Rinoa","HP +300","Legend Materia 2","MAG +20","","Spirit (5★)","10","16","10","","Wisdom (5★)","10","16","10",""
"VIII","Quistis","DEF +10","RES +10","MND +10","","Spirit (5★)","2","2","2","","Wisdom (5★)","2","2","2",""
"VIII","Quistis","Sleep Imm. (minor)","HP +200","MAG +10","BLK dam. +3%","Spirit (5★)","3","3","3","3","Wisdom (5★)","3","3","3","3"
"VIII","Quistis","DEF +10","Legend Materia 1","MND +10","","Spirit (5★)","5","8","5","","Wisdom (5★)","5","8","5",""
"VIII","Quistis","Sleep Imm. (moder.)","RES +20","MAG +10","BLK dam. +6%","Spirit (5★)","7","7","7","7","Wisdom (5★)","7","7","7","7"
"VIII","Quistis","HP +300","Legend Materia 2","MAG +20","","Spirit (5★)","10","16","10","","Wisdom (5★)","10","16","10",""
"VIII","Zell","DEF +10","RES +10","SPD +10","","Dexterity (5★)","2","2","2","","Bravery (5★)","2","2","2",""
"VIII","Zell","HP +200","Blind Imm. (minor)","Fist dam. +3%","HP +200","Dexterity (5★)","3","3","3","3","Bravery (5★)","3","3","3","3"
"VIII","Zell","RES +10","Legend Materia 1","ATK +15","","Dexterity (5★)","5","8","5","","Bravery (5★)","5","8","5",""
"VIII","Zell","DEF +15","Blind Imm. (moder.)","Fist dam. +6%","SPD +10","Dexterity (5★)","7","7","7","7","Bravery (5★)","7","7","7","7"
"VIII","Zell","HP +400","Legend Materia 2","ATK +20","","Dexterity (5★)","10","16","10","","Bravery (5★)","10","16","10",""
"VIII","Selphie","DEF +10","RES +10","MND +10","","Spirit (5★)","2","2","2","","Wisdom (5★)","2","2","2",""
"VIII","Selphie","Silence Imm. (minor)","HP +150","WHT heals +3%","HP +150","Spirit (5★)","3","3","3","3","Wisdom (5★)","3","3","3","3"
"VIII","Selphie","RES +10","Legend Materia 1","MND +10","","Spirit (5★)","5","8","5","","Wisdom (5★)","5","8","5",""
"VIII","Selphie","Silence Imm. (moder.)","DEF +20","WHT heals +6%","HP +200","Spirit (5★)","7","7","7","7","Wisdom (5★)","7","7","7","7"
"VIII","Selphie","RES +20","Legend Materia 2","MND +20","","Spirit (5★)","10","16","10","","Wisdom (5★)","10","16","10",""
"VIII","Irvine","RES +10","DEF +10","ATK +10","","Vitality (5★)","2","2","2","","Bravery (5★)","2","2","2",""
"VIII","Irvine","DEF +10","Paralyze Imm. (minor)","Fire dam. +3%","HP +150","Vitality (5★)","3","3","3","3","Bravery (5★)","3","3","3","3"
"VIII","Irvine","DEF +15","Legend Materia 1","ATK +10","","Vitality (5★)","5","8","5","","Bravery (5★)","5","8","5",""
"VIII","Irvine","Paralyze Imm. (moder.)","RES +20","HP +250","Fire dam. +6%","Vitality (5★)","7","7","7","7","Bravery (5★)","7","7","7","7"
"VIII","Irvine","HP +400","Legend Materia 2","ATK +15","","Vitality (5★)","10","16","10","","Bravery (5★)","10","16","10",""
"VIII","Seifer","DEF +10","HP +150","ATK +10","","Spirit (5★)","2","2","2","","Bravery (5★)","2","2","2",""
"VIII","Seifer","Confuse Imm. (minor)","RES +10","HP +200","Dark and Fire dam. +3%","Spirit (5★)","3","3","3","3","Bravery (5★)","3","3","3","3"
"VIII","Seifer","HP +250","Legend Materia 1","ATK +10","","Spirit (5★)","5","8","5","","Bravery (5★)","5","8","5",""
"VIII","Seifer","RES +20","Dark Res. (minor)","Dark and Fire dam. +6%","HP +400","Spirit (5★)","7","7","7","7","Bravery (5★)","7","7","7","7"
"VIII","Seifer","DEF +20","Legend Materia 2","ATK +15","","Spirit (5★)","10","16","10","","Bravery (5★)","10","16","10",""
"VIII","Laguna","DEF +10","RES +10","ATK +10","","Dexterity (5★)","2","2","2","","Vitality (5★)","2","2","2",""
"VIII","Laguna","Blind Imm. (minor)","HP +150","HP +150","Gun dam. +3%","Dexterity (5★)","3","3","3","3","Vitality (5★)","3","3","3","3"
"VIII","Laguna","RES +20","Legend Materia 1","ATK +10","","Dexterity (5★)","5","8","5","","Vitality (5★)","5","8","5",""
"VIII","Laguna","Blind Imm. (moder.)","HP +250","HP +250","Gun dam. +6%","Dexterity (5★)","7","7","7","7","Vitality (5★)","7","7","7","7"
"VIII","Laguna","DEF +20","Legend Materia 2","ATK +20","","Dexterity (5★)","10","16","10","","Vitality (5★)","10","16","10",""
"VIII","Edea","DEF +10","RES +10","MAG +10","","Spirit (5★)","2","2","2","","Wisdom (5★)","2","2","2",""
"VIII","Edea","Sleep Imm. (minor)","HP +200","RES +10","BLK dam. +3%","Spirit (5★)","3","3","3","3","Wisdom (5★)","3","3","3","3"
"VIII","Edea","RES +10","Legend Materia 1","MAG +10","","Spirit (5★)","5","8","5","","Wisdom (5★)","5","8","5",""
"VIII","Edea","Sleep Imm. (moder.)","DEF +20","RES +10","BLK dam. +6%","Spirit (5★)","7","7","7","7","Wisdom (5★)","7","7","7","7"
"VIII","Edea","HP +300","Legend Materia 2","MAG +20","","Spirit (5★)","10","16","10","","Wisdom (5★)","10","16","10",""
"VIII","Raijin","DEF +10","RES +10","ATK +10","","Dexterity (5★)","2","2","2","","Vitality (5★)","2","2","2",""
"VIII","Raijin","Blind Imm. (minor)","HP +150","HP +150","Lightning dam. +3%","Dexterity (5★)","3","3","3","3","Vitality (5★)","3","3","3","3"
"VIII","Raijin","RES +20","Legend Materia 1","ATK +10","","Dexterity (5★)","5","8","5","","Vitality (5★)","5","8","5",""
"VIII","Raijin","Blind Imm. (moder.)","HP +250","HP +250","Lightning dam. +6%","Dexterity (5★)","7","7","7","7","Vitality (5★)","7","7","7","7"
"VIII","Raijin","DEF +20","Legend Materia 2","ATK +20","","Dexterity (5★)","10","16","10","","Vitality (5★)","10","16","10",""
"VIII","Fujin","DEF +10","RES +10","MAG +10","","Wisdom (5★)","2","2","2","","Bravery (5★)","2","2","2",""
"VIII","Fujin","HP +250","Sleep Imm. (minor)","Wind dam. +3%","ATK +10","Wisdom (5★)","3","3","3","3","Bravery (5★)","3","3","3","3"
"VIII","Fujin","RES +15","Legend Materia 1","MAG +10","","Wisdom (5★)","5","8","5","","Bravery (5★)","5","8","5",""
"VIII","Fujin","DEF +15","Wind Res. (minor)","Wind dam. +6%","ATK +10","Wisdom (5★)","7","7","7","7","Bravery (5★)","7","7","7","7"
"VIII","Fujin","HP +450","Legend Materia 2","MAG +20","","Wisdom (5★)","10","16","10","","Bravery (5★)","10","16","10",""
"VIII","Kiros","RES +10","DEF +10","ATK +10","","Vitality (5★)","2","2","2","","Bravery (5★)","2","2","2",""
"VIII","Kiros","DEF +10","Paralyze Imm. (minor)","PHY and NIN dam. +3%","HP +150","Vitality (5★)","3","3","3","3","Bravery (5★)","3","3","3","3"
"VIII","Kiros","DEF +15","Legend Materia 1","ATK +10","","Vitality (5★)","5","8","5","","Bravery (5★)","5","8","5",""
"VIII","Kiros","Paralyze Imm. (moder.)","RES +20","HP +250","PHY and NIN dam. +6%","Vitality (5★)","7","7","7","7","Bravery (5★)","7","7","7","7"
"VIII","Kiros","HP +400","Legend Materia 2","ATK +15","","Vitality (5★)","10","16","10","","Bravery (5★)","10","16","10",""
"VIII","Ward","DEF +10","RES +10","ATK +10","","Dexterity (5★)","2","2","2","","Vitality (5★)","2","2","2",""
"VIII","Ward","Blind Imm. (minor)","HP +150","HP +150","PHY dam. +3%","Dexterity (5★)","3","3","3","3","Vitality (5★)","3","3","3","3"
"VIII","Ward","RES +20","Legend Materia 1","ATK +10","","Dexterity (5★)","5","8","5","","Vitality (5★)","5","8","5",""
"VIII","Ward","Blind Imm. (moder.)","HP +250","HP +250","PHY dam. +6%","Dexterity (5★)","7","7","7","7","Vitality (5★)","7","7","7","7"
"VIII","Ward","DEF +20","Legend Materia 2","ATK +20","","Dexterity (5★)","10","16","10","","Vitality (5★)","10","16","10",""
"VIII","Ultimecia","DEF +10","RES +10","MAG +10","","Spirit (5★)","2","2","2","","Wisdom (5★)","2","2","2",""
"VIII","Ultimecia","Sleep Imm. (minor)","HP +200","RES +10","BLK and SUM dam. +3%","Spirit (5★)","3","3","3","3","Wisdom (5★)","3","3","3","3"
"VIII","Ultimecia","RES +10","Legend Materia 1","MAG +10","","Spirit (5★)","5","8","5","","Wisdom (5★)","5","8","5",""
"VIII","Ultimecia","Sleep Imm. (moder.)","DEF +20","RES +10","BLK and SUM dam. +6%","Spirit (5★)","7","7","7","7","Wisdom (5★)","7","7","7","7"
"VIII","Ultimecia","HP +300","Legend Materia 2","MAG +20","","Spirit (5★)","10","16","10","","Wisdom (5★)","10","16","10",""
"IX","Zidane","DEF +10","RES +10","SPD +10","","Dexterity (5★)","2","2","2","","Bravery (5★)","2","2","2",""
"IX","Zidane","HP +200","Slow Imm. (minor)","Wind dam. +3%","HP +200","Dexterity (5★)","3","3","3","3","Bravery (5★)","3","3","3","3"
"IX","Zidane","RES +10","Legend Materia 1","ATK +15","","Dexterity (5★)","5","8","5","","Bravery (5★)","5","8","5",""
"IX","Zidane","DEF +15","Wind Res. (minor)","Wind dam. +6%","SPD +10","Dexterity (5★)","7","7","7","7","Bravery (5★)","7","7","7","7"
"IX","Zidane","HP +400","Legend Materia 2","ATK +20","","Dexterity (5★)","10","16","10","","Bravery (5★)","10","16","10",""
"IX","Garnet","DEF +10","RES +10","MND +10","","Spirit (5★)","2","2","2","","Wisdom (5★)","2","2","2",""
"IX","Garnet","Sleep Imm. (minor)","HP +200","MAG +10","SUM dam. +3%","Spirit (5★)","3","3","3","3","Wisdom (5★)","3","3","3","3"
"IX","Garnet","DEF +10","Legend Materia 1","MND +10","","Spirit (5★)","5","8","5","","Wisdom (5★)","5","8","5",""
"IX","Garnet","Sleep Imm. (moder.)","RES +20","MAG +10","SUM dam. +6%","Spirit (5★)","7","7","7","7","Wisdom (5★)","7","7","7","7"
"IX","Garnet","HP +300","Legend Materia 2","MAG +20","","Spirit (5★)","10","16","10","","Wisdom (5★)","10","16","10",""
"IX","Vivi","DEF +10","RES +10","MAG +10","","Spirit (5★)","2","2","2","","Wisdom (5★)","2","2","2",""
"IX","Vivi","Sleep Imm. (minor)","HP +200","RES +10","BLK dam. +3%","Spirit (5★)","3","3","3","3","Wisdom (5★)","3","3","3","3"
"IX","Vivi","RES +10","Legend Materia 1","MAG +10","","Spirit (5★)","5","8","5","","Wisdom (5★)","5","8","5",""
"IX","Vivi","Fire Res. (minor)","DEF +15","RES +10","BLK dam. +6%","Spirit (5★)","7","7","7","7","Wisdom (5★)","7","7","7","7"
"IX","Vivi","HP +300","Legend Materia 2","MAG +25","","Spirit (5★)","10","16","10","","Wisdom (5★)","10","16","10",""
"IX","Steiner","DEF +10","RES +10","DEF +10","","Spirit (5★)","2","2","2","","Bravery (5★)","2","2","2",""
"IX","Steiner","Confuse Imm. (minor)","RES +10","HP +200","PHY dam. +3%","Spirit (5★)","3","3","3","3","Bravery (5★)","3","3","3","3"
"IX","Steiner","DEF +20","Legend Materia 1","ATK +10","","Spirit (5★)","5","8","5","","Bravery (5★)","5","8","5",""
"IX","Steiner","RES +20","Confuse Imm. (moder.)","PHY dam. +6%","HP +300","Spirit (5★)","7","7","7","7","Bravery (5★)","7","7","7","7"
"IX","Steiner","HP +500","Legend Materia 2","ATK +20","","Spirit (5★)","10","16","10","","Bravery (5★)","10","16","10",""
"IX","Freya","DEF +10","RES +10","ATK +10","","Dexterity (5★)","2","2","2","","Vitality (5★)","2","2","2",""
"IX","Freya","Blind Imm. (minor)","HP +150","HP +150","Wind dam. +3%","Dexterity (5★)","3","3","3","3","Vitality (5★)","3","3","3","3"
"IX","Freya","RES +20","Legend Materia 1","ATK +10","","Dexterity (5★)","5","8","5","","Vitality (5★)","5","8","5",""
"IX","Freya","Blind Imm. (moder.)","HP +250","HP +250","Wind dam. +6%","Dexterity (5★)","7","7","7","7","Vitality (5★)","7","7","7","7"
"IX","Freya","DEF +20","Legend Materia 2","ATK +20","","Dexterity (5★)","10","16","10","","Vitality (5★)","10","16","10",""
"IX","Quina","RES +10","DEF +10","ATK +10","","Vitality (5★)","2","2","2","","Bravery (5★)","2","2","2",""
"IX","Quina","DEF +10","Paralyze Imm. (minor)","PHY dam. +3%","HP +150","Vitality (5★)","3","3","3","3","Bravery (5★)","3","3","3","3"
"IX","Quina","DEF +15","Legend Materia 1","ATK +10","","Vitality (5★)","5","8","5","","Bravery (5★)","5","8","5",""
"IX","Quina","Paralyze Imm. (moder.)","RES +20","HP +250","PHY dam. +6%","Vitality (5★)","7","7","7","7","Bravery (5★)","7","7","7","7"
"IX","Quina","HP +400","Legend Materia 2","ATK +15","","Vitality (5★)","10","16","10","","Bravery (5★)","10","16","10",""
"IX","Eiko","DEF +10","RES +10","MND +10","","Spirit (5★)","2","2","2","","Wisdom (5★)","2","2","2",""
"IX","Eiko","Silence Imm. (minor)","HP +200","WHT heals +3%","MAG +10","Spirit (5★)","3","3","3","3","Wisdom (5★)","3","3","3","3"
"IX","Eiko","DEF +10","Legend Materia 1","MND +10","","Spirit (5★)","5","8","5","","Wisdom (5★)","5","8","5",""
"IX","Eiko","Silence Imm. (moder.)","RES +20","WHT heals +6%","MAG +10","Spirit (5★)","7","7","7","7","Wisdom (5★)","7","7","7","7"
"IX","Eiko","HP +300","Legend Materia 2","MND +20","","Spirit (5★)","10","16","10","","Wisdom (5★)","10","16","10",""
"IX","Amarant","DEF +10","RES +10","ATK +10","","Dexterity (5★)","2","2","2","","Vitality (5★)","2","2","2",""
"IX","Amarant","Blind Imm. (minor)","HP +150","HP +150","PHY dam. +3%","Dexterity (5★)","3","3","3","3","Vitality (5★)","3","3","3","3"
"IX","Amarant","RES +20","Legend Materia 1","ATK +10","","Dexterity (5★)","5","8","5","","Vitality (5★)","5","8","5",""
"IX","Amarant","Blind Imm. (moder.)","HP +250","HP +250","PHY dam. +6%","Dexterity (5★)","7","7","7","7","Vitality (5★)","7","7","7","7"
"IX","Amarant","DEF +20","Legend Materia 2","ATK +20","","Dexterity (5★)","10","16","10","","Vitality (5★)","10","16","10",""
"IX","Beatrix","DEF +10","HP +150","ATK +10","","Spirit (5★)","2","2","2","","Bravery (5★)","2","2","2",""
"IX","Beatrix","Confuse Imm. (minor)","RES +10","HP +200","Holy dam. +3%","Spirit (5★)","3","3","3","3","Bravery (5★)","3","3","3","3"
"IX","Beatrix","HP +250","Legend Materia 1","ATK +10","","Spirit (5★)","5","8","5","","Bravery (5★)","5","8","5",""
"IX","Beatrix","RES +20","Holy Res. (minor)","Holy dam. +6%","HP +400","Spirit (5★)","7","7","7","7","Bravery (5★)","7","7","7","7"
"IX","Beatrix","DEF +20","Legend Materia 2","ATK +15","","Spirit (5★)","10","16","10","","Bravery (5★)","10","16","10",""
"IX","Kuja","DEF +10","RES +10","MND +10","","Spirit (5★)","2","2","2","","Wisdom (5★)","2","2","2",""
"IX","Kuja","Silence Imm. (minor)","HP +200","MAG +10","Dark dam. +3%","Spirit (5★)","3","3","3","3","Wisdom (5★)","3","3","3","3"
"IX","Kuja","DEF +10","Legend Materia 1","MND +10","","Spirit (5★)","5","8","5","","Wisdom (5★)","5","8","5",""
"IX","Kuja","Silence Imm. (moder.)","RES +20","MAG +10","Dark dam. +6%","Spirit (5★)","7","7","7","7","Wisdom (5★)","7","7","7","7"
"IX","Kuja","HP +300","Legend Materia 2","MAG +20","","Spirit (5★)","10","16","10","","Wisdom (5★)","10","16","10",""
"IX","Marcus","DEF +10","RES +10","SPD +10","","Dexterity (5★)","2","2","2","","Bravery (5★)","2","2","2",""
"IX","Marcus","HP +200","Slow Imm. (minor)","Wind dam. +3%","HP +200","Dexterity (5★)","3","3","3","3","Bravery (5★)","3","3","3","3"
"IX","Marcus","RES +10","Legend Materia 1","ATK +15","","Dexterity (5★)","5","8","5","","Bravery (5★)","5","8","5",""
"IX","Marcus","DEF +15","Slow Imm. (moder.)","Wind dam. +6%","SPD +10","Dexterity (5★)","7","7","7","7","Bravery (5★)","7","7","7","7"
"IX","Marcus","HP +400","Legend Materia 2","ATK +20","","Dexterity (5★)","10","16","10","","Bravery (5★)","10","16","10",""
"X","Tidus","DEF +10","RES +10","SPD +10","","Dexterity (5★)","2","2","2","","Bravery (5★)","2","2","2",""
"X","Tidus","HP +200","Slow Imm. (minor)","Water dam. +3%","HP +200","Dexterity (5★)","3","3","3","3","Bravery (5★)","3","3","3","3"
"X","Tidus","RES +10","Legend Materia 1","ATK +15","","Dexterity (5★)","5","8","5","","Bravery (5★)","5","8","5",""
"X","Tidus","DEF +15","Water Res. (minor)","Water dam. +6%","SPD +10","Dexterity (5★)","7","7","7","7","Bravery (5★)","7","7","7","7"
"X","Tidus","HP +400","Legend Materia 2","ATK +20","","Dexterity (5★)","10","16","10","","Bravery (5★)","10","16","10",""
"X","Yuna","DEF +10","RES +10","MND +10","","Spirit (5★)","2","2","2","","Wisdom (5★)","2","2","2",""
"X","Yuna","Silence Imm. (minor)","HP +200","WHT heals +3%","MAG +10","Spirit (5★)","3","3","3","3","Wisdom (5★)","3","3","3","3"
"X","Yuna","DEF +10","Legend Materia 1","MND +10","","Spirit (5★)","5","8","5","","Wisdom (5★)","5","8","5",""
"X","Yuna","Silence Imm. (moder.)","RES +20","WHT heals +6%","MAG +10","Spirit (5★)","7","7","7","7","Wisdom (5★)","7","7","7","7"
"X","Yuna","HP +300","Legend Materia 2","MND +20","","Spirit (5★)","10","16","10","","Wisdom (5★)","10","16","10",""
"X","Wakka","RES +10","DEF +10","ATK +10","","Vitality (5★)","2","2","2","","Bravery (5★)","2","2","2",""
"X","Wakka","DEF +10","Paralyze Imm. (minor)","PHY dam. +3%","HP +150","Vitality (5★)","3","3","3","3","Bravery (5★)","3","3","3","3"
"X","Wakka","DEF +15","Legend Materia 1","ATK +10","","Vitality (5★)","5","8","5","","Bravery (5★)","5","8","5",""
"X","Wakka","Paralyze Imm. (moder.)","RES +20","HP +250","PHY dam. +6%","Vitality (5★)","7","7","7","7","Bravery (5★)","7","7","7","7"
"X","Wakka","HP +400","Legend Materia 2","ATK +15","","Vitality (5★)","10","16","10","","Bravery (5★)","10","16","10",""
"X","Lulu","DEF +10","RES +10","MAG +10","","Spirit (5★)","2","2","2","","Wisdom (5★)","2","2","2",""
"X","Lulu","Silence Imm. (minor)","HP +200","RES +10","BLK dam. +3%","Spirit (5★)","3","3","3","3","Wisdom (5★)","3","3","3","3"
"X","Lulu","RES +10","Legend Materia 1","MAG +10","","Spirit (5★)","5","8","5","","Wisdom (5★)","5","8","5",""
"X","Lulu","Silence Imm. (moder.)","DEF +20","RES +10","BLK dam. +6%","Spirit (5★)","7","7","7","7","Wisdom (5★)","7","7","7","7"
"X","Lulu","HP +300","Legend Materia 2","MAG +20","","Spirit (5★)","10","16","10","","Wisdom (5★)","10","16","10",""
"X","Kimahri","DEF +10","RES +10","ATK +10","","Dexterity (5★)","2","2","2","","Vitality (5★)","2","2","2",""
"X","Kimahri","Blind Imm. (minor)","HP +150","HP +150","Water dam. +3%","Dexterity (5★)","3","3","3","3","Vitality (5★)","3","3","3","3"
"X","Kimahri","RES +20","Legend Materia 1","ATK +10","","Dexterity (5★)","5","8","5","","Vitality (5★)","5","8","5",""
"X","Kimahri","Blind Imm. (moder.)","HP +250","HP +250","Water dam. +6%","Dexterity (5★)","7","7","7","7","Vitality (5★)","7","7","7","7"
"X","Kimahri","DEF +20","Legend Materia 2","ATK +20","","Dexterity (5★)","10","16","10","","Vitality (5★)","10","16","10",""
"X","Rikku","RES +10","DEF +10","ATK +10","","Vitality (5★)","2","2","2","","Bravery (5★)","2","2","2",""
"X","Rikku","DEF +10","Paralyze Imm. (minor)","PHY dam. +3%","HP +150","Vitality (5★)","3","3","3","3","Bravery (5★)","3","3","3","3"
"X","Rikku","DEF +15","Legend Materia 1","ATK +10","","Vitality (5★)","5","8","5","","Bravery (5★)","5","8","5",""
"X","Rikku","Paralyze Imm. (moder.)","RES +20","HP +250","PHY dam. +6%","Vitality (5★)","7","7","7","7","Bravery (5★)","7","7","7","7"
"X","Rikku","HP +400","Legend Materia 2","ATK +15","","Vitality (5★)","10","16","10","","Bravery (5★)","10","16","10",""
"X","Auron","DEF +10","RES +10","ATK +10","","Dexterity (5★)","2","2","2","","Vitality (5★)","2","2","2",""
"X","Auron","Blind Imm. (minor)","HP +150","HP +150","PHY dam. +3%","Dexterity (5★)","3","3","3","3","Vitality (5★)","3","3","3","3"
"X","Auron","RES +20","Legend Materia 1","ATK +10","","Dexterity (5★)","5","8","5","","Vitality (5★)","5","8","5",""
"X","Auron","Blind Imm. (moder.)","HP +250","HP +250","PHY dam. +6%","Dexterity (5★)","7","7","7","7","Vitality (5★)","7","7","7","7"
"X","Auron","DEF +20","Legend Materia 2","ATK +20","","Dexterity (5★)","10","16","10","","Vitality (5★)","10","16","10",""
"X","Jecht","DEF +10","RES +10","ATK +10","","Dexterity (5★)","2","2","2","","Vitality (5★)","2","2","2",""
"X","Jecht","Blind Imm. (minor)","HP +150","HP +150","Dark and Fire dam. +3%","Dexterity (5★)","3","3","3","3","Vitality (5★)","3","3","3","3"
"X","Jecht","RES +20","Legend Materia 1","ATK +10","","Dexterity (5★)","5","8","5","","Vitality (5★)","5","8","5",""
"X","Jecht","Blind Imm. (moder.)","HP +250","HP +250","Dark and Fire dam. +6%","Dexterity (5★)","7","7","7","7","Vitality (5★)","7","7","7","7"
"X","Jecht","DEF +20","Legend Materia 2","ATK +20","","Dexterity (5★)","10","16","10","","Vitality (5★)","10","16","10",""
"X","Braska","DEF +10","RES +10","MND +10","","Spirit (5★)","2","2","2","","Wisdom (5★)","2","2","2",""
"X","Braska","Sleep Imm. (minor)","HP +200","MAG +10","SUM dam. +3%","Spirit (5★)","3","3","3","3","Wisdom (5★)","3","3","3","3"
"X","Braska","DEF +10","Legend Materia 1","MND +10","","Spirit (5★)","5","8","5","","Wisdom (5★)","5","8","5",""
"X","Braska","Sleep Imm. (moder.)","RES +20","MAG +10","SUM dam. +6%","Spirit (5★)","7","7","7","7","Wisdom (5★)","7","7","7","7"
"X","Braska","HP +300","Legend Materia 2","MAG +20","","Spirit (5★)","10","16","10","","Wisdom (5★)","10","16","10",""
"X","Paine","DEF +10","RES +10","ATK +10","","Dexterity (5★)","2","2","2","","Vitality (5★)","2","2","2",""
"X","Paine","Blind Imm. (minor)","HP +150","HP +150","PHY dam. +3%","Dexterity (5★)","3","3","3","3","Vitality (5★)","3","3","3","3"
"X","Paine","RES +20","Legend Materia 1","ATK +10","","Dexterity (5★)","5","8","5","","Vitality (5★)","5","8","5",""
"X","Paine","Blind Imm. (moder.)","HP +250","HP +250","PHY dam. +6%","Dexterity (5★)","7","7","7","7","Vitality (5★)","7","7","7","7"
"X","Paine","DEF +20","Legend Materia 2","ATK +20","","Dexterity (5★)","10","16","10","","Vitality (5★)","10","16","10",""
"X","Seymour","DEF +10","RES +10","MAG +10","","Spirit (5★)","2","2","2","","Wisdom (5★)","2","2","2",""
"X","Seymour","Sleep Imm. (minor)","HP +200","RES +10","Dark dam. +3%","Spirit (5★)","3","3","3","3","Wisdom (5★)","3","3","3","3"
"X","Seymour","RES +10","Legend Materia 1","MAG +10","","Spirit (5★)","5","8","5","","Wisdom (5★)","5","8","5",""
"X","Seymour","Sleep Imm. (moder.)","DEF +20","RES +10","Dark dam. +6%","Spirit (5★)","7","7","7","7","Wisdom (5★)","7","7","7","7"
"X","Seymour","HP +300","Legend Materia 2","MAG +20","","Spirit (5★)","10","16","10","","Wisdom (5★)","10","16","10",""
"XI","Shantotto","DEF +10","RES +10","MAG +10","","Spirit (5★)","2","2","2","","Wisdom (5★)","2","2","2",""
"XI","Shantotto","Sleep Imm. (minor)","HP +200","RES +10","BLK dam. +3%","Spirit (5★)","3","3","3","3","Wisdom (5★)","3","3","3","3"
"XI","Shantotto","RES +10","Legend Materia 1","MAG +10","","Spirit (5★)","5","8","5","","Wisdom (5★)","5","8","5",""
"XI","Shantotto","Sleep Imm. (moder.)","DEF +20","RES +10","BLK dam. +6%","Spirit (5★)","7","7","7","7","Wisdom (5★)","7","7","7","7"
"XI","Shantotto","HP +300","Legend Materia 2","MAG +20","","Spirit (5★)","10","16","10","","Wisdom (5★)","10","16","10",""
"XI","Ayame","DEF +10","RES +10","ATK +10","","Dexterity (5★)","2","2","2","","Vitality (5★)","2","2","2",""
"XI","Ayame","Blind Imm. (minor)","HP +150","HP +150","Ice dam. +3%","Dexterity (5★)","3","3","3","3","Vitality (5★)","3","3","3","3"
"XI","Ayame","RES +20","Legend Materia 1","ATK +10","","Dexterity (5★)","5","8","5","","Vitality (5★)","5","8","5",""
"XI","Ayame","Ice Res. (minor)","HP +250","HP +250","Ice dam. +6%","Dexterity (5★)","7","7","7","7","Vitality (5★)","7","7","7","7"
"XI","Ayame","DEF +20","Legend Materia 2","ATK +20","","Dexterity (5★)","10","16","10","","Vitality (5★)","10","16","10",""
"XI","Curilla","DEF +10","MAG +10","ATK +10","","Wisdom (5★)","2","2","2","","Bravery (5★)","2","2","2",""
"XI","Curilla","RES +10","Confuse Imm. (minor)","Holy dam. +3%","MAG +10","Wisdom (5★)","3","3","3","3","Bravery (5★)","3","3","3","3"
"XI","Curilla","DEF +10","Legend Materia 1","ATK +10","","Wisdom (5★)","5","8","5","","Bravery (5★)","5","8","5",""
"XI","Curilla","RES +10","Holy Res. (minor)","Holy dam. +6%","MND +20","Wisdom (5★)","7","7","7","7","Bravery (5★)","7","7","7","7"
"XI","Curilla","HP +500","Legend Materia 2","ATK +20","","Wisdom (5★)","10","16","10","","Bravery (5★)","10","16","10",""
"XI","Prishe","DEF +10","RES +10","ATK +10","","Dexterity (5★)","2","2","2","","Vitality (5★)","2","2","2",""
"XI","Prishe","Blind Imm. (minor)","HP +150","HP +150","PHY dam. +3%","Dexterity (5★)","3","3","3","3","Vitality (5★)","3","3","3","3"
"XI","Prishe","RES +20","Legend Materia 1","ATK +10","","Dexterity (5★)","5","8","5","","Vitality (5★)","5","8","5",""
"XI","Prishe","Blind Imm. (moder.)","HP +250","HP +250","PHY dam. +6%","Dexterity (5★)","7","7","7","7","Vitality (5★)","7","7","7","7"
"XI","Prishe","DEF +20","Legend Materia 2","ATK +20","","Dexterity (5★)","10","16","10","","Vitality (5★)","10","16","10",""
"XI","Lion","DEF +10","RES +10","SPD +10","","Dexterity (5★)","2","2","2","","Bravery (5★)","2","2","2",""
"XI","Lion","HP +200","Slow Imm. (minor)","Dagger dam. +3%","HP +200","Dexterity (5★)","3","3","3","3","Bravery (5★)","3","3","3","3"
"XI","Lion","RES +10","Legend Materia 1","ATK +15","","Dexterity (5★)","5","8","5","","Bravery (5★)","5","8","5",""
"XI","Lion","DEF +15","Slow Imm. (moder.)","Dagger dam. +6%","SPD +10","Dexterity (5★)","7","7","7","7","Bravery (5★)","7","7","7","7"
"XI","Lion","HP +400","Legend Materia 2","ATK +20","","Dexterity (5★)","10","16","10","","Bravery (5★)","10","16","10",""
"XI","Aphmau","DEF +10","RES +10","MND +10","","Spirit (5★)","2","2","2","","Wisdom (5★)","2","2","2",""
"XI","Aphmau","Silence Imm. (minor)","HP +200","WHT heals +3%","MAG +10","Spirit (5★)","3","3","3","3","Wisdom (5★)","3","3","3","3"
"XI","Aphmau","DEF +10","Legend Materia 1","MND +10","","Spirit (5★)","5","8","5","","Wisdom (5★)","5","8","5",""
"XI","Aphmau","Silence Imm. (moder.)","RES +20","WHT heals +6%","MAG +10","Spirit (5★)","7","7","7","7","Wisdom (5★)","7","7","7","7"
"XI","Aphmau","HP +300","Legend Materia 2","MND +20","","Spirit (5★)","10","16","10","","Wisdom (5★)","10","16","10",""
"XI","Zeid","DEF +10","RES +10","ATK +10","","Dexterity (5★)","2","2","2","","Vitality (5★)","2","2","2",""
"XI","Zeid","Blind Imm. (minor)","HP +150","HP +150","Dark dam. +3%","Dexterity (5★)","3","3","3","3","Vitality (5★)","3","3","3","3"
"XI","Zeid","RES +20","Legend Materia 1","ATK +10","","Dexterity (5★)","5","8","5","","Vitality (5★)","5","8","5",""
"XI","Zeid","Blind Imm. (moder.)","HP +250","HP +250","Dark dam. +6%","Dexterity (5★)","7","7","7","7","Vitality (5★)","7","7","7","7"
"XI","Zeid","DEF +20","Legend Materia 2","ATK +20","","Dexterity (5★)","10","16","10","","Vitality (5★)","10","16","10",""
"XI","Lilisette","DEF +10","RES +10","SPD +10","","Dexterity (5★)","2","2","2","","Bravery (5★)","2","2","2",""
"XI","Lilisette","HP +200","Slow Imm. (minor)","PHY dam. +3%","HP +200","Dexterity (5★)","3","3","3","3","Bravery (5★)","3","3","3","3"
"XI","Lilisette","RES +10","Legend Materia 1","ATK +15","","Dexterity (5★)","5","8","5","","Bravery (5★)","5","8","5",""
"XI","Lilisette","DEF +15","Slow Imm. (moder.)","PHY dam. +6%","SPD +10","Dexterity (5★)","7","7","7","7","Bravery (5★)","7","7","7","7"
"XI","Lilisette","HP +400","Legend Materia 2","ATK +20","","Dexterity (5★)","10","16","10","","Bravery (5★)","10","16","10",""
"XI","Naja","DEF +10","RES +10","ATK +10","","Dexterity (5★)","2","2","2","","Vitality (5★)","2","2","2",""
"XI","Naja","Blind Imm. (minor)","HP +150","HP +150","Earth dam. +3%","Dexterity (5★)","3","3","3","3","Vitality (5★)","3","3","3","3"
"XI","Naja","RES +20","Legend Materia 1","ATK +10","","Dexterity (5★)","5","8","5","","Vitality (5★)","5","8","5",""
"XI","Naja","Blind Imm. (moder.)","HP +250","HP +250","Earth dam. +6%","Dexterity (5★)","7","7","7","7","Vitality (5★)","7","7","7","7"
"XI","Naja","DEF +20","Legend Materia 2","ATK +20","","Dexterity (5★)","10","16","10","","Vitality (5★)","10","16","10",""
"XI","Arciela","DEF +10","RES +10","MAG +10","","Spirit (5★)","2","2","2","","Wisdom (5★)","2","2","2",""
"XI","Arciela","Silence Imm. (minor)","HP +200","RES +10","BLK dam. +3%","Spirit (5★)","3","3","3","3","Wisdom (5★)","3","3","3","3"
"XI","Arciela","RES +10","Legend Materia 1","MAG +10","","Spirit (5★)","5","8","5","","Wisdom (5★)","5","8","5",""
"XI","Arciela","Silence Imm. (moder.)","DEF +20","RES +10","BLK dam. +6%","Spirit (5★)","7","7","7","7","Wisdom (5★)","7","7","7","7"
"XI","Arciela","HP +300","Legend Materia 2","MAG +20","","Spirit (5★)","10","16","10","","Wisdom (5★)","10","16","10",""
"XII","Vaan","DEF +10","RES +10","SPD +10","","Dexterity (5★)","2","2","2","","Bravery (5★)","2","2","2",""
"XII","Vaan","HP +200","Slow Imm. (minor)","Dagger dam. +3%","HP +200","Dexterity (5★)","3","3","3","3","Bravery (5★)","3","3","3","3"
"XII","Vaan","RES +10","Legend Materia 1","ATK +15","","Dexterity (5★)","5","8","5","","Bravery (5★)","5","8","5",""
"XII","Vaan","DEF +15","Slow Imm. (moder.)","Dagger dam. +6%","SPD +10","Dexterity (5★)","7","7","7","7","Bravery (5★)","7","7","7","7"
"XII","Vaan","HP +400","Legend Materia 2","ATK +20","","Dexterity (5★)","10","16","10","","Bravery (5★)","10","16","10",""
"XII","Balthier","DEF +10","RES +10","ATK +10","","Dexterity (5★)","2","2","2","","Vitality (5★)","2","2","2",""
"XII","Balthier","Blind Imm. (minor)","HP +150","HP +150","Fire dam. +3%","Dexterity (5★)","3","3","3","3","Vitality (5★)","3","3","3","3"
"XII","Balthier","RES +20","Legend Materia 1","ATK +10","","Dexterity (5★)","5","8","5","","Vitality (5★)","5","8","5",""
"XII","Balthier","Blind Imm. (moder.)","HP +250","HP +250","Fire dam. +6%","Dexterity (5★)","7","7","7","7","Vitality (5★)","7","7","7","7"
"XII","Balthier","DEF +20","Legend Materia 2","ATK +20","","Dexterity (5★)","10","16","10","","Vitality (5★)","10","16","10",""
"XII","Fran","RES +10","DEF +10","ATK +10","","Vitality (5★)","2","2","2","","Bravery (5★)","2","2","2",""
"XII","Fran","DEF +10","Slow Imm. (minor)","Bow dam. +3%","HP +150","Vitality (5★)","3","3","3","3","Bravery (5★)","3","3","3","3"
"XII","Fran","DEF +15","Legend Materia 1","ATK +10","","Vitality (5★)","5","8","5","","Bravery (5★)","5","8","5",""
"XII","Fran","Slow Imm. (moder.)","RES +20","HP +250","Bow dam. +6%","Vitality (5★)","7","7","7","7","Bravery (5★)","7","7","7","7"
"XII","Fran","HP +400","Legend Materia 2","ATK +15","","Vitality (5★)","10","16","10","","Bravery (5★)","10","16","10",""
"XII","Basch","DEF +10","RES +10","DEF +10","","Spirit (5★)","2","2","2","","Bravery (5★)","2","2","2",""
"XII","Basch","Confuse Imm. (minor)","RES +10","HP +200","Holy dam. +3%","Spirit (5★)","3","3","3","3","Bravery (5★)","3","3","3","3"
"XII","Basch","DEF +20","Legend Materia 1","ATK +10","","Spirit (5★)","5","8","5","","Bravery (5★)","5","8","5",""
"XII","Basch","RES +20","Confuse Imm. (moder.)","Holy dam. +6%","HP +300","Spirit (5★)","7","7","7","7","Bravery (5★)","7","7","7","7"
"XII","Basch","HP +500","Legend Materia 2","ATK +20","","Spirit (5★)","10","16","10","","Bravery (5★)","10","16","10",""
"XII","Ashe","DEF +10","RES +10","MAG +10","","Spirit (5★)","2","2","2","","Wisdom (5★)","2","2","2",""
"XII","Ashe","Sleep Imm. (minor)","HP +200","RES +10","Lightning dam. +3%","Spirit (5★)","3","3","3","3","Wisdom (5★)","3","3","3","3"
"XII","Ashe","RES +10","Legend Materia 1","MAG +10","","Spirit (5★)","5","8","5","","Wisdom (5★)","5","8","5",""
"XII","Ashe","Lightning Res. (minor)","DEF +20","RES +10","Lightning dam. +6%","Spirit (5★)","7","7","7","7","Wisdom (5★)","7","7","7","7"
"XII","Ashe","HP +300","Legend Materia 2","MAG +20","","Spirit (5★)","10","16","10","","Wisdom (5★)","10","16","10",""
"XII","Penelo","DEF +10","RES +10","MND +10","","Spirit (5★)","2","2","2","","Wisdom (5★)","2","2","2",""
"XII","Penelo","Silence Imm. (minor)","HP +150","WHT heals +3%","HP +150","Spirit (5★)","3","3","3","3","Wisdom (5★)","3","3","3","3"
"XII","Penelo","RES +10","Legend Materia 1","MND +10","","Spirit (5★)","5","8","5","","Wisdom (5★)","5","8","5",""
"XII","Penelo","Silence Imm. (moder.)","DEF +20","WHT heals +6%","HP +200","Spirit (5★)","7","7","7","7","Wisdom (5★)","7","7","7","7"
"XII","Penelo","RES +20","Legend Materia 2","MND +20","","Spirit (5★)","10","16","10","","Wisdom (5★)","10","16","10",""
"XII","Gabranth","DEF +10","DEF +10","ATK +10","","Wisdom (5★)","2","2","2","","Bravery (5★)","2","2","2",""
"XII","Gabranth","RES +10","Blind Imm. (minor)","Dark dam. +3%","HP +200","Wisdom (5★)","3","3","3","3","Bravery (5★)","3","3","3","3"
"XII","Gabranth","DEF +10","Legend Materia 1","ATK +10","","Wisdom (5★)","5","8","5","","Bravery (5★)","5","8","5",""
"XII","Gabranth","RES +10","Confuse Imm. (minor)","Dark dam. +6%","MND +20","Wisdom (5★)","7","7","7","7","Bravery (5★)","7","7","7","7"
"XII","Gabranth","HP +500","Legend Materia 2","ATK +20","","Wisdom (5★)","10","16","10","","Bravery (5★)","10","16","10",""
"XII","Larsa","DEF +10","RES +10","MND +10","","Spirit (5★)","2","2","2","","Wisdom (5★)","2","2","2",""
"XII","Larsa","Silence Imm. (minor)","HP +150","WHT heals +3%","HP +150","Spirit (5★)","3","3","3","3","Wisdom (5★)","3","3","3","3"
"XII","Larsa","RES +10","Legend Materia 1","MND +10","","Spirit (5★)","5","8","5","","Wisdom (5★)","5","8","5",""
"XII","Larsa","Silence Imm. (moder.)","DEF +20","WHT heals +6%","HP +200","Spirit (5★)","7","7","7","7","Wisdom (5★)","7","7","7","7"
"XII","Larsa","RES +20","Legend Materia 2","MND +20","","Spirit (5★)","10","16","10","","Wisdom (5★)","10","16","10",""
"XII","Vayne","DEF +10","RES +10","MAG +10","","Wisdom (5★)","2","2","2","","Bravery (5★)","2","2","2",""
"XII","Vayne","HP +250","Paralyze Imm. (minor)","Dark dam. +3%","ATK +10","Wisdom (5★)","3","3","3","3","Bravery (5★)","3","3","3","3"
"XII","Vayne","RES +15","Legend Materia 1","MAG +10","","Wisdom (5★)","5","8","5","","Bravery (5★)","5","8","5",""
"XII","Vayne","DEF +15","Paralyze Imm. (moder.)","Dark dam. +6%","MAG +10","Wisdom (5★)","7","7","7","7","Bravery (5★)","7","7","7","7"
"XII","Vayne","HP +450","Legend Materia 2","ATK +20","","Wisdom (5★)","10","16","10","","Bravery (5★)","10","16","10",""
"XII","Reks","DEF +10","RES +10","ATK +10","","Dexterity (5★)","2","2","2","","Vitality (5★)","2","2","2",""
"XII","Reks","Blind Imm. (minor)","HP +150","HP +150","PHY dam. +3%","Dexterity (5★)","3","3","3","3","Vitality (5★)","3","3","3","3"
"XII","Reks","RES +20","Legend Materia 1","ATK +10","","Dexterity (5★)","5","8","5","","Vitality (5★)","5","8","5",""
"XII","Reks","Blind Imm. (moder.)","HP +250","HP +250","PHY dam. +6%","Dexterity (5★)","7","7","7","7","Vitality (5★)","7","7","7","7"
"XII","Reks","DEF +20","Legend Materia 2","ATK +20","","Dexterity (5★)","10","16","10","","Vitality (5★)","10","16","10",""
"XIII","Lightning","DEF +10","RES +10","ATK +10","","Dexterity (5★)","2","2","2","","Vitality (5★)","2","2","2",""
"XIII","Lightning","Slow Imm. (minor)","HP +150","HP +150","Lightning and Holy dam. +3%","Dexterity (5★)","3","3","3","3","Vitality (5★)","3","3","3","3"
"XIII","Lightning","RES +20","Legend Materia 1","ATK +10","","Dexterity (5★)","5","8","5","","Vitality (5★)","5","8","5",""
"XIII","Lightning","Lightning Res. (minor)","HP +250","HP +250","Lightning and Holy dam. +6%","Dexterity (5★)","7","7","7","7","Vitality (5★)","7","7","7","7"
"XIII","Lightning","DEF +20","Legend Materia 2","ATK +20","","Dexterity (5★)","10","16","10","","Vitality (5★)","10","16","10",""
"XIII","Snow","DEF +10","HP +150","ATK +10","","Spirit (5★)","2","2","2","","Bravery (5★)","2","2","2",""
"XIII","Snow","Confuse Imm. (minor)","RES +10","HP +200","Ice dam. +3%","Spirit (5★)","3","3","3","3","Bravery (5★)","3","3","3","3"
"XIII","Snow","HP +250","Legend Materia 1","ATK +10","","Spirit (5★)","5","8","5","","Bravery (5★)","5","8","5",""
"XIII","Snow","RES +20","Ice Res. (minor)","Ice dam. +6%","HP +400","Spirit (5★)","7","7","7","7","Bravery (5★)","7","7","7","7"
"XIII","Snow","DEF +20","Legend Materia 2","ATK +15","","Spirit (5★)","10","16","10","","Bravery (5★)","10","16","10",""
"XIII","Vanille","DEF +10","RES +10","MND +10","","Spirit (5★)","2","2","2","","Wisdom (5★)","2","2","2",""
"XIII","Vanille","Silence Imm. (minor)","HP +200","WHT heals +3%","MAG +10","Spirit (5★)","3","3","3","3","Wisdom (5★)","3","3","3","3"
"XIII","Vanille","DEF +10","Legend Materia 1","MND +10","","Spirit (5★)","5","8","5","","Wisdom (5★)","5","8","5",""
"XIII","Vanille","Silence Imm. (moder.)","RES +20","WHT heals +6%","MAG +10","Spirit (5★)","7","7","7","7","Wisdom (5★)","7","7","7","7"
"XIII","Vanille","HP +300","Legend Materia 2","MND +20","","Spirit (5★)","10","16","10","","Wisdom (5★)","10","16","10",""
"XIII","Sazh","RES +10","DEF +10","ATK +10","","Vitality (5★)","2","2","2","","Bravery (5★)","2","2","2",""
"XIII","Sazh","DEF +10","Paralyze Imm. (minor)","PHY dam. +3%","HP +150","Vitality (5★)","3","3","3","3","Bravery (5★)","3","3","3","3"
"XIII","Sazh","DEF +15","Legend Materia 1","ATK +10","","Vitality (5★)","5","8","5","","Bravery (5★)","5","8","5",""
"XIII","Sazh","Paralyze Imm. (moder.)","RES +20","HP +250","PHY dam. +6%","Vitality (5★)","7","7","7","7","Bravery (5★)","7","7","7","7"
"XIII","Sazh","HP +400","Legend Materia 2","ATK +15","","Vitality (5★)","10","16","10","","Bravery (5★)","10","16","10",""
"XIII","Hope","DEF +10","ATK +10","MAG +10","","Wisdom (5★)","2","2","2","","Bravery (5★)","2","2","2",""
"XIII","Hope","RES +10","Sleep Imm. (minor)","Holy dam. +3%","ATK +10","Wisdom (5★)","3","3","3","3","Bravery (5★)","3","3","3","3"
"XIII","Hope","DEF +10","Legend Materia 1","MAG +10","","Wisdom (5★)","5","8","5","","Bravery (5★)","5","8","5",""
"XIII","Hope","RES +10","Sleep Imm. (moder.)","Holy dam. +6%","MND +20","Wisdom (5★)","7","7","7","7","Bravery (5★)","7","7","7","7"
"XIII","Hope","HP +500","Legend Materia 2","MAG +20","","Wisdom (5★)","10","16","10","","Bravery (5★)","10","16","10",""
"XIII","Fang","DEF +10","RES +10","ATK +10","","Dexterity (5★)","2","2","2","","Vitality (5★)","2","2","2",""
"XIII","Fang","Blind Imm. (minor)","HP +150","HP +150","Wind dam. +3%","Dexterity (5★)","3","3","3","3","Vitality (5★)","3","3","3","3"
"XIII","Fang","RES +20","Legend Materia 1","ATK +10","","Dexterity (5★)","5","8","5","","Vitality (5★)","5","8","5",""
"XIII","Fang","Blind Imm. (moder.)","HP +250","HP +250","Wind dam. +6%","Dexterity (5★)","7","7","7","7","Vitality (5★)","7","7","7","7"
"XIII","Fang","DEF +20","Legend Materia 2","ATK +20","","Dexterity (5★)","10","16","10","","Vitality (5★)","10","16","10",""
"XIII","Serah","DEF +10","RES +10","MAG +10","","Spirit (5★)","2","2","2","","Wisdom (5★)","2","2","2",""
"XIII","Serah","Sleep Imm. (minor)","HP +200","RES +10","BLK dam. +3%","Spirit (5★)","3","3","3","3","Wisdom (5★)","3","3","3","3"
"XIII","Serah","RES +10","Legend Materia 1","MAG +10","","Spirit (5★)","5","8","5","","Wisdom (5★)","5","8","5",""
"XIII","Serah","Sleep Imm. (moder.)","DEF +20","RES +10","BLK dam. +6%","Spirit (5★)","7","7","7","7","Wisdom (5★)","7","7","7","7"
"XIII","Serah","HP +300","Legend Materia 2","MAG +20","","Spirit (5★)","10","16","10","","Wisdom (5★)","10","16","10",""
"XIII","Cid Raines","DEF +10","RES +10","MAG +10","","Spirit (5★)","2","2","2","","Wisdom (5★)","2","2","2",""
"XIII","Cid Raines","Sleep Imm. (minor)","HP +200","RES +10","BLK dam. +3%","Spirit (5★)","3","3","3","3","Wisdom (5★)","3","3","3","3"
"XIII","Cid Raines","RES +10","Legend Materia 1","MAG +10","","Spirit (5★)","5","8","5","","Wisdom (5★)","5","8","5",""
"XIII","Cid Raines","Sleep Imm. (moder.)","DEF +20","RES +10","BLK dam. +6%","Spirit (5★)","7","7","7","7","Wisdom (5★)","7","7","7","7"
"XIII","Cid Raines","HP +300","Legend Materia 2","MAG +20","","Spirit (5★)","10","16","10","","Wisdom (5★)","10","16","10",""
"XIII","Noel","DEF +10","RES +10","ATK +10","","Dexterity (5★)","2","2","2","","Vitality (5★)","2","2","2",""
"XIII","Noel","Blind Imm. (minor)","HP +150","HP +150","PHY dam. +3%","Dexterity (5★)","3","3","3","3","Vitality (5★)","3","3","3","3"
"XIII","Noel","RES +20","Legend Materia 1","ATK +10","","Dexterity (5★)","5","8","5","","Vitality (5★)","5","8","5",""
"XIII","Noel","Blind Imm. (moder.)","HP +250","HP +250","PHY dam. +6%","Dexterity (5★)","7","7","7","7","Vitality (5★)","7","7","7","7"
"XIII","Noel","DEF +20","Legend Materia 2","ATK +20","","Dexterity (5★)","10","16","10","","Vitality (5★)","10","16","10",""
"XIII","Nabaat","DEF +10","RES +10","MAG +10","","Spirit (5★)","2","2","2","","Wisdom (5★)","2","2","2",""
"XIII","Nabaat","Silence Imm. (minor)","HP +200","RES +10","Dark dam. +3%","Spirit (5★)","3","3","3","3","Wisdom (5★)","3","3","3","3"
"XIII","Nabaat","RES +10","Legend Materia 1","MAG +10","","Spirit (5★)","5","8","5","","Wisdom (5★)","5","8","5",""
"XIII","Nabaat","Silence Imm. (moder.)","DEF +20","RES +10","Dark dam. +6%","Spirit (5★)","7","7","7","7","Wisdom (5★)","7","7","7","7"
"XIII","Nabaat","HP +300","Legend Materia 2","MAG +20","","Spirit (5★)","10","16","10","","Wisdom (5★)","10","16","10",""
"XIV","Y'shtola","DEF +10","RES +10","MND +10","","Spirit (5★)","2","2","2","","Wisdom (5★)","2","2","2",""
"XIV","Y'shtola","Silence Imm. (minor)","HP +200","BLK dam. +9%","MAG +10","Spirit (5★)","3","3","3","3","Wisdom (5★)","3","3","3","3"
"XIV","Y'shtola","DEF +10","Legend Materia 1","MND +10","","Spirit (5★)","5","8","5","","Wisdom (5★)","5","8","5",""
"XIV","Y'shtola","Silence Imm. (moder.)","RES +20","WHT heals +9%","MAG +10","Spirit (5★)","7","7","7","7","Wisdom (5★)","7","7","7","7"
"XIV","Y'shtola","HP +300","Legend Materia 2","MND +20","","Spirit (5★)","10","16","10","","Wisdom (5★)","10","16","10",""
"XIV","Thancred","DEF +10","RES +10","SPD +10","","Dexterity (5★)","2","2","2","","Bravery (5★)","2","2","2",""
"XIV","Thancred","HP +200","Slow Imm. (minor)","Dagger dam. +3%","HP +200","Dexterity (5★)","3","3","3","3","Bravery (5★)","3","3","3","3"
"XIV","Thancred","RES +10","Legend Materia 1","ATK +15","","Dexterity (5★)","5","8","5","","Bravery (5★)","5","8","5",""
"XIV","Thancred","DEF +15","Slow Imm. (moder.)","Dagger dam. +6%","SPD +10","Dexterity (5★)","7","7","7","7","Bravery (5★)","7","7","7","7"
"XIV","Thancred","HP +400","Legend Materia 2","ATK +20","","Dexterity (5★)","10","16","10","","Bravery (5★)","10","16","10",""
"XIV","Yda","DEF +10","RES +10","ATK +10","","Dexterity (5★)","2","2","2","","Vitality (5★)","2","2","2",""
"XIV","Yda","Blind Imm. (minor)","HP +150","HP +150","Fire dam. +3%","Dexterity (5★)","3","3","3","3","Vitality (5★)","3","3","3","3"
"XIV","Yda","RES +20","Legend Materia 1","ATK +10","","Dexterity (5★)","5","8","5","","Vitality (5★)","5","8","5",""
"XIV","Yda","Blind Imm. (moder.)","HP +250","HP +250","Fire dam. +6%","Dexterity (5★)","7","7","7","7","Vitality (5★)","7","7","7","7"
"XIV","Yda","DEF +20","Legend Materia 2","ATK +20","","Dexterity (5★)","10","16","10","","Vitality (5★)","10","16","10",""
"XIV","Papalymo","DEF +10","RES +10","MND +10","","Spirit (5★)","2","2","2","","Wisdom (5★)","2","2","2",""
"XIV","Papalymo","Sleep Imm. (minor)","HP +200","MAG +10","Fire dam. +3%","Spirit (5★)","3","3","3","3","Wisdom (5★)","3","3","3","3"
"XIV","Papalymo","DEF +10","Legend Materia 1","MND +10","","Spirit (5★)","5","8","5","","Wisdom (5★)","5","8","5",""
"XIV","Papalymo","Fire Res. (minor)","RES +20","MAG +10","Fire dam. +6%","Spirit (5★)","7","7","7","7","Wisdom (5★)","7","7","7","7"
"XIV","Papalymo","HP +300","Legend Materia 2","MAG +20","","Spirit (5★)","10","16","10","","Wisdom (5★)","10","16","10",""
"XIV","Alphinaud","DEF +10","RES +10","MAG +10","","Spirit (5★)","2","2","2","","Wisdom (5★)","2","2","2",""
"XIV","Alphinaud","Sleep Imm. (minor)","HP +200","RES +10","SUM dam. +3%","Spirit (5★)","3","3","3","3","Wisdom (5★)","3","3","3","3"
"XIV","Alphinaud","RES +10","Legend Materia 1","MAG +10","","Spirit (5★)","5","8","5","","Wisdom (5★)","5","8","5",""
"XIV","Alphinaud","Sleep Imm. (moder.)","DEF +20","RES +10","SUM dam. +6%","Spirit (5★)","7","7","7","7","Wisdom (5★)","7","7","7","7"
"XIV","Alphinaud","HP +300","Legend Materia 2","MAG +20","","Spirit (5★)","10","16","10","","Wisdom (5★)","10","16","10",""
"XIV","Minfilia","RES +10","DEF +10","ATK +10","","Vitality (5★)","2","2","2","","Bravery (5★)","2","2","2",""
"XIV","Minfilia","DEF +10","Paralyze Imm. (minor)","PHY dam. +3%","HP +150","Vitality (5★)","3","3","3","3","Bravery (5★)","3","3","3","3"
"XIV","Minfilia","DEF +15","Legend Materia 1","ATK +10","","Vitality (5★)","5","8","5","","Bravery (5★)","5","8","5",""
"XIV","Minfilia","Holy Res. (minor)","RES +20","HP +250","PHY dam. +6%","Vitality (5★)","7","7","7","7","Bravery (5★)","7","7","7","7"
"XIV","Minfilia","HP +400","Legend Materia 2","ATK +15","","Vitality (5★)","10","16","10","","Bravery (5★)","10","16","10",""
"XIV","Cid (XIV)","RES +10","DEF +10","ATK +10","","Vitality (5★)","2","2","2","","Bravery (5★)","2","2","2",""
"XIV","Cid (XIV)","DEF +10","Paralyze Imm. (minor)","Gun dam. +3%","HP +150","Vitality (5★)","3","3","3","3","Bravery (5★)","3","3","3","3"
"XIV","Cid (XIV)","DEF +15","Legend Materia 1","ATK +10","","Vitality (5★)","5","8","5","","Bravery (5★)","5","8","5",""
"XIV","Cid (XIV)","Holy Res. (minor)","RES +20","HP +250","Gun dam. +6%","Vitality (5★)","7","7","7","7","Bravery (5★)","7","7","7","7"
"XIV","Cid (XIV)","HP +400","Legend Materia 2","ATK +15","","Vitality (5★)","10","16","10","","Bravery (5★)","10","16","10",""
"XIV","Ysayle","DEF +10","RES +10","MAG +10","","Spirit (5★)","2","2","2","","Wisdom (5★)","2","2","2",""
"XIV","Ysayle","Sleep Imm. (minor)","HP +200","RES +10","Ice dam. +3%","Spirit (5★)","3","3","3","3","Wisdom (5★)","3","3","3","3"
"XIV","Ysayle","RES +10","Legend Materia 1","MAG +10","","Spirit (5★)","5","8","5","","Wisdom (5★)","5","8","5",""
"XIV","Ysayle","Sleep Imm. (moder.)","DEF +20","RES +10","Ice dam. +6%","Spirit (5★)","7","7","7","7","Wisdom (5★)","7","7","7","7"
"XIV","Ysayle","HP +300","Legend Materia 2","MAG +20","","Spirit (5★)","10","16","10","","Wisdom (5★)","10","16","10",""
"XIV","Haurchefant","DEF +10","RES +10","DEF +10","","Spirit (5★)","2","2","2","","Bravery (5★)","2","2","2",""
"XIV","Haurchefant","Confuse Imm. (minor)","RES +10","HP +200","PHY dam. +3%","Spirit (5★)","3","3","3","3","Bravery (5★)","3","3","3","3"
"XIV","Haurchefant","DEF +20","Legend Materia 1","ATK +10","","Spirit (5★)","5","8","5","","Bravery (5★)","5","8","5",""
"XIV","Haurchefant","RES +20","Confuse Imm. (moder.)","PHY dam. +6%","HP +300","Spirit (5★)","7","7","7","7","Bravery (5★)","7","7","7","7"
"XIV","Haurchefant","HP +500","Legend Materia 2","ATK +20","","Spirit (5★)","10","16","10","","Bravery (5★)","10","16","10",""
"XIV","Estinien","DEF +10","RES +10","ATK +10","","Dexterity (5★)","2","2","2","","Vitality (5★)","2","2","2",""
"XIV","Estinien","Blind Imm. (minor)","HP +150","HP +150","PHY dam. +3%","Dexterity (5★)","3","3","3","3","Vitality (5★)","3","3","3","3"
"XIV","Estinien","RES +20","Legend Materia 1","ATK +10","","Dexterity (5★)","5","8","5","","Vitality (5★)","5","8","5",""
"XIV","Estinien","Blind Imm. (moder.)","HP +250","HP +250","PHY dam. +6%","Dexterity (5★)","7","7","7","7","Vitality (5★)","7","7","7","7"
"XIV","Estinien","DEF +20","Legend Materia 2","ATK +20","","Dexterity (5★)","10","16","10","","Vitality (5★)","10","16","10",""
"XIV","Alisaie","DEF +10","RES +10","MND +10","","Spirit (5★)","2","2","2","","Wisdom (5★)","2","2","2",""
"XIV","Alisaie","Sleep Imm. (minor)","HP +200","MAG +10","BLK dam. +3%","Spirit (5★)","3","3","3","3","Wisdom (5★)","3","3","3","3"
"XIV","Alisaie","DEF +10","Legend Materia 1","MND +10","","Spirit (5★)","5","8","5","","Wisdom (5★)","5","8","5",""
"XIV","Alisaie","Sleep Imm. (moder.)","RES +20","MAG +10","BLK dam. +6%","Spirit (5★)","7","7","7","7","Wisdom (5★)","7","7","7","7"
"XIV","Alisaie","HP +300","Legend Materia 2","MAG +20","","Spirit (5★)","10","16","10","","Wisdom (5★)","10","16","10",""
"XV","Noctis","DEF +10","RES +10","SPD +10","","Dexterity (5★)","2","2","2","","Bravery (5★)","2","2","2",""
"XV","Noctis","HP +200","Blind Imm. (minor)","PHY dam. +3%","HP +200","Dexterity (5★)","3","3","3","3","Bravery (5★)","3","3","3","3"
"XV","Noctis","RES +10","Legend Materia 1","ATK +15","","Dexterity (5★)","5","8","5","","Bravery (5★)","5","8","5",""
"XV","Noctis","DEF +15","Blind Imm. (moder.)","PHY dam. +6%","SPD +10","Dexterity (5★)","7","7","7","7","Bravery (5★)","7","7","7","7"
"XV","Noctis","HP +400","Legend Materia 2","ATK +20","","Dexterity (5★)","10","16","10","","Bravery (5★)","10","16","10",""
"XV","Gladiolus","DEF +10","HP +150","ATK +10","","Spirit (5★)","2","2","2","","Bravery (5★)","2","2","2",""
"XV","Gladiolus","Confuse Imm. (minor)","RES +10","HP +200","Earth dam. +3%","Spirit (5★)","3","3","3","3","Bravery (5★)","3","3","3","3"
"XV","Gladiolus","HP +250","Legend Materia 1","ATK +10","","Spirit (5★)","5","8","5","","Bravery (5★)","5","8","5",""
"XV","Gladiolus","RES +20","Confuse Imm. (moder.)","Earth dam. +6%","HP +400","Spirit (5★)","7","7","7","7","Bravery (5★)","7","7","7","7"
"XV","Gladiolus","DEF +20","Legend Materia 2","ATK +15","","Spirit (5★)","10","16","10","","Bravery (5★)","10","16","10",""
"XV","Ignis","DEF +10","RES +10","ATK +10","","Dexterity (5★)","2","2","2","","Vitality (5★)","2","2","2",""
"XV","Ignis","Paralyze Imm. (minor)","HP +150","HP +150","Fire dam. +3%","Dexterity (5★)","3","3","3","3","Vitality (5★)","3","3","3","3"
"XV","Ignis","RES +20","Legend Materia 1","ATK +10","","Dexterity (5★)","5","8","5","","Vitality (5★)","5","8","5",""
"XV","Ignis","Paralyze Imm. (moder.)","HP +250","HP +250","Fire dam. +6%","Dexterity (5★)","7","7","7","7","Vitality (5★)","7","7","7","7"
"XV","Ignis","DEF +20","Legend Materia 2","ATK +20","","Dexterity (5★)","10","16","10","","Vitality (5★)","10","16","10",""
"XV","Prompto","RES +10","DEF +10","ATK +10","","Vitality (5★)","2","2","2","","Bravery (5★)","2","2","2",""
"XV","Prompto","DEF +10","Paralyze Imm. (minor)","Lightning dam. +3%","HP +150","Vitality (5★)","3","3","3","3","Bravery (5★)","3","3","3","3"
"XV","Prompto","DEF +15","Legend Materia 1","ATK +10","","Vitality (5★)","5","8","5","","Bravery (5★)","5","8","5",""
"XV","Prompto","Paralyze Imm. (moder.)","RES +20","HP +250","Lightning dam. +6%","Vitality (5★)","7","7","7","7","Bravery (5★)","7","7","7","7"
"XV","Prompto","HP +400","Legend Materia 2","ATK +15","","Vitality (5★)","10","16","10","","Bravery (5★)","10","16","10",""
"XV","Iris","DEF +10","RES +10","MND +10","","Spirit (5★)","2","2","2","","Wisdom (5★)","2","2","2",""
"XV","Iris","Silence Imm. (minor)","HP +150","WHT heals +3%","HP +150","Spirit (5★)","3","3","3","3","Wisdom (5★)","3","3","3","3"
"XV","Iris","RES +10","Legend Materia 1","MND +10","","Spirit (5★)","5","8","5","","Wisdom (5★)","5","8","5",""
"XV","Iris","Silence Imm. (moder.)","DEF +20","WHT heals +6%","HP +200","Spirit (5★)","7","7","7","7","Wisdom (5★)","7","7","7","7"
"XV","Iris","RES +20","Legend Materia 2","MND +20","","Spirit (5★)","10","16","10","","Wisdom (5★)","10","16","10",""
"XV","Aranea","DEF +10","RES +10","ATK +10","","Dexterity (5★)","2","2","2","","Vitality (5★)","2","2","2",""
"XV","Aranea","Blind Imm. (minor)","HP +150","HP +150","PHY dam. +3%","Dexterity (5★)","3","3","3","3","Vitality (5★)","3","3","3","3"
"XV","Aranea","RES +20","Legend Materia 1","ATK +10","","Dexterity (5★)","5","8","5","","Vitality (5★)","5","8","5",""
"XV","Aranea","Blind Imm. (moder.)","HP +250","HP +250","PHY dam. +6%","Dexterity (5★)","7","7","7","7","Vitality (5★)","7","7","7","7"
"XV","Aranea","DEF +20","Legend Materia 2","ATK +20","","Dexterity (5★)","10","16","10","","Vitality (5★)","10","16","10",""
"XV","Cor","DEF +10","RES +10","ATK +10","","Dexterity (5★)","2","2","2","","Vitality (5★)","2","2","2",""
"XV","Cor","Blind Imm. (minor)","HP +150","HP +150","PHY dam. +3%","Dexterity (5★)","3","3","3","3","Vitality (5★)","3","3","3","3"
"XV","Cor","RES +20","Legend Materia 1","ATK +10","","Dexterity (5★)","5","8","5","","Vitality (5★)","5","8","5",""
"XV","Cor","Blind Imm. (moder.)","HP +250","HP +250","PHY dam. +6%","Dexterity (5★)","7","7","7","7","Vitality (5★)","7","7","7","7"
"XV","Cor","DEF +20","Legend Materia 2","ATK +20","","Dexterity (5★)","10","16","10","","Vitality (5★)","10","16","10",""
"XV","Ardyn","DEF +10","RES +10","ATK +10","","Dexterity (5★)","2","2","2","","Vitality (5★)","2","2","2",""
"XV","Ardyn","Blind Imm. (minor)","HP +150","HP +150","Dark and Fire dam. +3%","Dexterity (5★)","3","3","3","3","Vitality (5★)","3","3","3","3"
"XV","Ardyn","RES +20","Legend Materia 1","ATK +10","","Dexterity (5★)","5","8","5","","Vitality (5★)","5","8","5",""
"XV","Ardyn","Blind Imm. (moder.)","HP +250","HP +250","Dark and Fire dam. +6%","Dexterity (5★)","7","7","7","7","Vitality (5★)","7","7","7","7"
"XV","Ardyn","DEF +20","Legend Materia 2","ATK +20","","Dexterity (5★)","10","16","10","","Vitality (5★)","10","16","10",""
"XV","Lunafreya","DEF +10","RES +10","MND +10","","Spirit (5★)","2","2","2","","Bravery (5★)","2","2","2",""
"XV","Lunafreya","Sleep Imm. (minor)","HP +200","MAG +10","SUM dam. +3%","Spirit (5★)","3","3","3","3","Bravery (5★)","3","3","3","3"
"XV","Lunafreya","DEF +10","Legend Materia 1","MND +10","","Spirit (5★)","5","8","5","","Bravery (5★)","5","8","5",""
"XV","Lunafreya","Sleep Imm. (moder.)","RES +20","MAG +10","SUM dam. +6%","Spirit (5★)","7","7","7","7","Bravery (5★)","7","7","7","7"
"XV","Lunafreya","HP +300","Legend Materia 2","MAG +20","","Spirit (5★)","10","16","10","","Bravery (5★)","10","16","10",""
"XV","Ravus","DEF +10","RES +10","ATK +10","","Dexterity (5★)","2","2","2","","Vitality (5★)","2","2","2",""
"XV","Ravus","Blind Imm. (minor)","HP +150","HP +150","Lightning and Dark dam. +3%","Dexterity (5★)","3","3","3","3","Vitality (5★)","3","3","3","3"
"XV","Ravus","RES +20","Legend Materia 1","ATK +10","","Dexterity (5★)","5","8","5","","Vitality (5★)","5","8","5",""
"XV","Ravus","Blind Imm. (moder.)","HP +250","HP +250","Lightning and Dark dam. +6%","Dexterity (5★)","7","7","7","7","Vitality (5★)","7","7","7","7"
"XV","Ravus","DEF +20","Legend Materia 2","ATK +20","","Dexterity (5★)","10","16","10","","Vitality (5★)","10","16","10",""
"XVI","Clive","DEF +10","RES +10","ATK +10","","Dexterity (5★)","2","2","2","","Vitality (5★)","2","2","2",""
"XVI","Clive","Blind Imm. (minor)","HP +150","HP +150","Fire dam. +3%","Dexterity (5★)","3","3","3","3","Vitality (5★)","3","3","3","3"
"XVI","Clive","RES +20","Legend Materia 1","ATK +10","","Dexterity (5★)","5","8","5","","Vitality (5★)","5","8","5",""
"XVI","Clive","Blind Imm. (moder.)","HP +250","HP +250","Fire dam. +6%","Dexterity (5★)","7","7","7","7","Vitality (5★)","7","7","7","7"
"XVI","Clive","DEF +20","Legend Materia 2","ATK +20","","Dexterity (5★)","10","16","10","","Vitality (5★)","10","16","10",""
"XVI","Jill","DEF +10","RES +10","MAG +10","","Spirit (5★)","2","2","2","","Wisdom (5★)","2","2","2",""
"XVI","Jill","Silence Imm. (minor)","HP +200","RES +10","Ice dam. +3%","Spirit (5★)","3","3","3","3","Wisdom (5★)","3","3","3","3"
"XVI","Jill","RES +10","Legend Materia 1","MAG +10","","Spirit (5★)","5","8","5","","Wisdom (5★)","5","8","5",""
"XVI","Jill","Silence Imm. (moder.)","DEF +20","RES +10","Ice dam. +6%","Spirit (5★)","7","7","7","7","Wisdom (5★)","7","7","7","7"
"XVI","Jill","HP +300","Legend Materia 2","MAG +20","","Spirit (5★)","10","16","10","","Wisdom (5★)","10","16","10",""
"XVI","Joshua","DEF +10","RES +10","MND +10","","Spirit (5★)","2","2","2","","Wisdom (5★)","2","2","2",""
"XVI","Joshua","Silence Imm. (minor)","HP +200","MAG +10","BLK and WHT dam. +3%","Spirit (5★)","3","3","3","3","Wisdom (5★)","3","3","3","3"
"XVI","Joshua","DEF +10","Legend Materia 1","MND +10","","Spirit (5★)","5","8","5","","Wisdom (5★)","5","8","5",""
"XVI","Joshua","Silence Imm. (moder.)","RES +20","MAG +10","BLK and WHT dam. +6%","Spirit (5★)","7","7","7","7","Wisdom (5★)","7","7","7","7"
"XVI","Joshua","HP +300","Legend Materia 2","MAG +20","","Spirit (5★)","10","16","10","","Wisdom (5★)","10","16","10",""
"XVI","Cidolfus","DEF +10","RES +10","MAG +10","","Spirit (5★)","2","2","2","","Wisdom (5★)","2","2","2",""
"XVI","Cidolfus","Silence Imm. (minor)","HP +200","RES +10","Lightning dam. +3%","Spirit (5★)","3","3","3","3","Wisdom (5★)","3","3","3","3"
"XVI","Cidolfus","RES +10","Legend Materia 1","MAG +10","","Spirit (5★)","5","8","5","","Wisdom (5★)","5","8","5",""
"XVI","Cidolfus","Silence Imm. (moder.)","DEF +20","RES +10","Lightning dam. +6%","Spirit (5★)","7","7","7","7","Wisdom (5★)","7","7","7","7"
"XVI","Cidolfus","HP +300","Legend Materia 2","MAG +20","","Spirit (5★)","10","16","10","","Wisdom (5★)","10","16","10",""
"FFT","Ramza","RES +10","DEF +10","ATK +10","","Vitality (5★)","2","2","2","","Bravery (5★)","2","2","2",""
"FFT","Ramza","DEF +10","Paralyze Imm. (minor)","PHY dam. +3%","HP +150","Vitality (5★)","3","3","3","3","Bravery (5★)","3","3","3","3"
"FFT","Ramza","DEF +15","Legend Materia 1","ATK +10","","Vitality (5★)","5","8","5","","Bravery (5★)","5","8","5",""
"FFT","Ramza","Paralyze Imm. (moder.)","RES +20","HP +250","PHY dam. +6%","Vitality (5★)","7","7","7","7","Bravery (5★)","7","7","7","7"
"FFT","Ramza","HP +400","Legend Materia 2","ATK +15","","Vitality (5★)","10","16","10","","Bravery (5★)","10","16","10",""
"FFT","Agrias","DEF +10","HP +150","ATK +10","","Spirit (5★)","2","2","2","","Bravery (5★)","2","2","2",""
"FFT","Agrias","Confuse Imm. (minor)","RES +10","HP +200","Holy dam. +3%","Spirit (5★)","3","3","3","3","Bravery (5★)","3","3","3","3"
"FFT","Agrias","HP +250","Legend Materia 1","ATK +10","","Spirit (5★)","5","8","5","","Bravery (5★)","5","8","5",""
"FFT","Agrias","RES +20","Holy Res. (minor)","Holy dam. +6%","HP +400","Spirit (5★)","7","7","7","7","Bravery (5★)","7","7","7","7"
"FFT","Agrias","DEF +20","Legend Materia 2","ATK +15","","Spirit (5★)","10","16","10","","Bravery (5★)","10","16","10",""
"FFT","Delita","DEF +10","RES +10","ATK +10","","Dexterity (5★)","2","2","2","","Vitality (5★)","2","2","2",""
"FFT","Delita","Blind Imm. (minor)","HP +150","HP +150","PHY dam. +3%","Dexterity (5★)","3","3","3","3","Vitality (5★)","3","3","3","3"
"FFT","Delita","RES +20","Legend Materia 1","ATK +10","","Dexterity (5★)","5","8","5","","Vitality (5★)","5","8","5",""
"FFT","Delita","Blind Imm. (moder.)","HP +250","HP +250","PHY dam. +6%","Dexterity (5★)","7","7","7","7","Vitality (5★)","7","7","7","7"
"FFT","Delita","DEF +20","Legend Materia 2","ATK +20","","Dexterity (5★)","10","16","10","","Vitality (5★)","10","16","10",""
"FFT","Ovelia","DEF +10","RES +10","MND +10","","Spirit (5★)","2","2","2","","Wisdom (5★)","2","2","2",""
"FFT","Ovelia","Silence Imm. (minor)","HP +150","WHT heals +3%","HP +150","Spirit (5★)","3","3","3","3","Wisdom (5★)","3","3","3","3"
"FFT","Ovelia","RES +10","Legend Materia 1","MND +10","","Spirit (5★)","5","8","5","","Wisdom (5★)","5","8","5",""
"FFT","Ovelia","Silence Imm. (moder.)","DEF +20","WHT heals +6%","HP +200","Spirit (5★)","7","7","7","7","Wisdom (5★)","7","7","7","7"
"FFT","Ovelia","RES +20","Legend Materia 2","MND +20","","Spirit (5★)","10","16","10","","Wisdom (5★)","10","16","10",""
"FFT","Mustadio","DEF +10","RES +10","ATK +10","","Dexterity (5★)","2","2","2","","Vitality (5★)","2","2","2",""
"FFT","Mustadio","Blind Imm. (minor)","HP +150","HP +150","PHY dam. +3%","Dexterity (5★)","3","3","3","3","Vitality (5★)","3","3","3","3"
"FFT","Mustadio","RES +20","Legend Materia 1","ATK +10","","Dexterity (5★)","5","8","5","","Vitality (5★)","5","8","5",""
"FFT","Mustadio","Blind Imm. (moder.)","HP +250","HP +250","PHY dam. +6%","Dexterity (5★)","7","7","7","7","Vitality (5★)","7","7","7","7"
"FFT","Mustadio","DEF +20","Legend Materia 2","ATK +20","","Dexterity (5★)","10","16","10","","Vitality (5★)","10","16","10",""
"FFT","Orlandeau","DEF +10","RES +10","ATK +10","","Dexterity (5★)","2","2","2","","Vitality (5★)","2","2","2",""
"FFT","Orlandeau","Blind Imm. (minor)","HP +150","HP +150","PHY dam. +3%","Dexterity (5★)","3","3","3","3","Vitality (5★)","3","3","3","3"
"FFT","Orlandeau","RES +20","Legend Materia 1","ATK +10","","Dexterity (5★)","5","8","5","","Vitality (5★)","5","8","5",""
"FFT","Orlandeau","Blind Imm. (moder.)","HP +250","HP +250","PHY dam. +6%","Dexterity (5★)","7","7","7","7","Vitality (5★)","7","7","7","7"
"FFT","Orlandeau","DEF +20","Legend Materia 2","ATK +20","","Dexterity (5★)","10","16","10","","Vitality (5★)","10","16","10",""
"FFT","Gaffgarion","DEF +10","RES +10","ATK +10","","Dexterity (5★)","2","2","2","","Vitality (5★)","2","2","2",""
"FFT","Gaffgarion","Blind Imm. (minor)","HP +150","HP +150","Dark dam. +3%","Dexterity (5★)","3","3","3","3","Vitality (5★)","3","3","3","3"
"FFT","Gaffgarion","RES +20","Legend Materia 1","ATK +10","","Dexterity (5★)","5","8","5","","Vitality (5★)","5","8","5",""
"FFT","Gaffgarion","Blind Imm. (moder.)","HP +250","HP +250","Dark dam. +6%","Dexterity (5★)","7","7","7","7","Vitality (5★)","7","7","7","7"
"FFT","Gaffgarion","DEF +20","Legend Materia 2","ATK +20","","Dexterity (5★)","10","16","10","","Vitality (5★)","10","16","10",""
"FFT","Rapha","DEF +10","RES +10","MND +10","","Spirit (5★)","2","2","2","","Wisdom (5★)","2","2","2",""
"FFT","Rapha","Sleep Imm. (minor)","HP +200","MAG +10","BLK dam. +3%","Spirit (5★)","3","3","3","3","Wisdom (5★)","3","3","3","3"
"FFT","Rapha","DEF +10","Legend Materia 1","MND +10","","Spirit (5★)","5","8","5","","Wisdom (5★)","5","8","5",""
"FFT","Rapha","Sleep Imm. (moder.)","RES +20","MAG +10","BLK dam. +6%","Spirit (5★)","7","7","7","7","Wisdom (5★)","7","7","7","7"
"FFT","Rapha","HP +300","Legend Materia 2","MAG +20","","Spirit (5★)","10","16","10","","Wisdom (5★)","10","16","10",""
"FFT","Marach","DEF +10","RES +10","MAG +10","","Spirit (5★)","2","2","2","","Wisdom (5★)","2","2","2",""
"FFT","Marach","Sleep Imm. (minor)","HP +200","RES +10","BLK dam. +3%","Spirit (5★)","3","3","3","3","Wisdom (5★)","3","3","3","3"
"FFT","Marach","RES +10","Legend Materia 1","MAG +10","","Spirit (5★)","5","8","5","","Wisdom (5★)","5","8","5",""
"FFT","Marach","Sleep Imm. (moder.)","DEF +20","RES +10","BLK dam. +6%","Spirit (5★)","7","7","7","7","Wisdom (5★)","7","7","7","7"
"FFT","Marach","HP +300","Legend Materia 2","MAG +20","","Spirit (5★)","10","16","10","","Wisdom (5★)","10","16","10",""
"FFT","Meliadoul","DEF +10","RES +10","ATK +10","","Dexterity (5★)","2","2","2","","Vitality (5★)","2","2","2",""
"FFT","Meliadoul","Blind Imm. (minor)","HP +150","HP +150","Earth dam. +3%","Dexterity (5★)","3","3","3","3","Vitality (5★)","3","3","3","3"
"FFT","Meliadoul","RES +20","Legend Materia 1","ATK +10","","Dexterity (5★)","5","8","5","","Vitality (5★)","5","8","5",""
"FFT","Meliadoul","Blind Imm. (moder.)","HP +250","HP +250","Earth dam. +6%","Dexterity (5★)","7","7","7","7","Vitality (5★)","7","7","7","7"
"FFT","Meliadoul","DEF +20","Legend Materia 2","ATK +20","","Dexterity (5★)","10","16","10","","Vitality (5★)","10","16","10",""
"FFT","Marche","DEF +10","HP +150","ATK +10","","Spirit (5★)","2","2","2","","Bravery (5★)","2","2","2",""
"FFT","Marche","Blind Imm. (minor)","RES +10","HP +200","PHY dam. +3%","Spirit (5★)","3","3","3","3","Bravery (5★)","3","3","3","3"
"FFT","Marche","HP +250","Legend Materia 1","ATK +10","","Spirit (5★)","5","8","5","","Bravery (5★)","5","8","5",""
"FFT","Marche","RES +20","Blind Imm. (moder.)","PHY dam. +6%","HP +400","Spirit (5★)","7","7","7","7","Bravery (5★)","7","7","7","7"
"FFT","Marche","DEF +20","Legend Materia 2","ATK +15","","Spirit (5★)","10","16","10","","Bravery (5★)","10","16","10",""
"FFT","Montblanc","DEF +10","RES +10","MAG +10","","Spirit (5★)","2","2","2","","Wisdom (5★)","2","2","2",""
"FFT","Montblanc","Sleep Imm. (minor)","HP +200","RES +10","BLK dam. +3%","Spirit (5★)","3","3","3","3","Wisdom (5★)","3","3","3","3"
"FFT","Montblanc","RES +10","Legend Materia 1","MAG +10","","Spirit (5★)","5","8","5","","Wisdom (5★)","5","8","5",""
"FFT","Montblanc","Sleep Imm. (moder.)","DEF +20","RES +10","BLK dam. +6%","Spirit (5★)","7","7","7","7","Wisdom (5★)","7","7","7","7"
"FFT","Montblanc","HP +300","Legend Materia 2","MAG +20","","Spirit (5★)","10","16","10","","Wisdom (5★)","10","16","10",""
"FFT","Alma","DEF +10","RES +10","MND +10","","Spirit (5★)","2","2","2","","Wisdom (5★)","2","2","2",""
"FFT","Alma","Silence Imm. (minor)","HP +200","WHT heals +3%","MAG +10","Spirit (5★)","3","3","3","3","Wisdom (5★)","3","3","3","3"
"FFT","Alma","DEF +10","Legend Materia 1","MND +10","","Spirit (5★)","5","8","5","","Wisdom (5★)","5","8","5",""
"FFT","Alma","Silence Imm. (moder.)","RES +20","WHT heals +6%","MAG +10","Spirit (5★)","7","7","7","7","Wisdom (5★)","7","7","7","7"
"FFT","Alma","HP +300","Legend Materia 2","MND +20","","Spirit (5★)","10","16","10","","Wisdom (5★)","10","16","10",""
"FFT","Orran","DEF +10","RES +10","MND +10","","Spirit (5★)","2","2","2","","Wisdom (5★)","2","2","2",""
"FFT","Orran","Silence Imm. (minor)","HP +200","WHT heals +3%","MAG +10","Spirit (5★)","3","3","3","3","Wisdom (5★)","3","3","3","3"
"FFT","Orran","DEF +10","Legend Materia 1","MND +10","","Spirit (5★)","5","8","5","","Wisdom (5★)","5","8","5",""
"FFT","Orran","Silence Imm. (moder.)","RES +20","WHT heals +6%","MAG +10","Spirit (5★)","7","7","7","7","Wisdom (5★)","7","7","7","7"
"FFT","Orran","HP +300","Legend Materia 2","MND +20","","Spirit (5★)","10","16","10","","Wisdom (5★)","10","16","10",""
"Type-0","Ace","DEF +10","RES +10","MAG +10","","Spirit (5★)","2","2","2","","Wisdom (5★)","2","2","2",""
"Type-0","Ace","Sleep Imm. (minor)","HP +200","RES +10","Fire dam. +3%","Spirit (5★)","3","3","3","3","Wisdom (5★)","3","3","3","3"
"Type-0","Ace","RES +10","Legend Materia 1","MAG +10","","Spirit (5★)","5","8","5","","Wisdom (5★)","5","8","5",""
"Type-0","Ace","Sleep Imm. (moder.)","DEF +20","RES +10","Fire dam. +6%","Spirit (5★)","7","7","7","7","Wisdom (5★)","7","7","7","7"
"Type-0","Ace","HP +300","Legend Materia 2","MAG +20","","Spirit (5★)","10","16","10","","Wisdom (5★)","10","16","10",""
"Type-0","Deuce","DEF +10","RES +10","MND +10","","Spirit (5★)","2","2","2","","Wisdom (5★)","2","2","2",""
"Type-0","Deuce","Silence Imm. (minor)","HP +200","WHT heals +3%","MAG +10","Spirit (5★)","3","3","3","3","Wisdom (5★)","3","3","3","3"
"Type-0","Deuce","DEF +10","Legend Materia 1","MND +10","","Spirit (5★)","5","8","5","","Wisdom (5★)","5","8","5",""
"Type-0","Deuce","Silence Imm. (moder.)","RES +20","WHT heals +6%","MAG +10","Spirit (5★)","7","7","7","7","Wisdom (5★)","7","7","7","7"
"Type-0","Deuce","HP +300","Legend Materia 2","MND +20","","Spirit (5★)","10","16","10","","Wisdom (5★)","10","16","10",""
"Type-0","Nine","DEF +10","RES +10","ATK +10","","Dexterity (5★)","2","2","2","","Vitality (5★)","2","2","2",""
"Type-0","Nine","Blind Imm. (minor)","HP +150","HP +150","PHY dam. +3%","Dexterity (5★)","3","3","3","3","Vitality (5★)","3","3","3","3"
"Type-0","Nine","RES +20","Legend Materia 1","ATK +10","","Dexterity (5★)","5","8","5","","Vitality (5★)","5","8","5",""
"Type-0","Nine","Blind Imm. (moder.)","HP +250","HP +250","PHY dam. +6%","Dexterity (5★)","7","7","7","7","Vitality (5★)","7","7","7","7"
"Type-0","Nine","DEF +20","Legend Materia 2","ATK +20","","Dexterity (5★)","10","16","10","","Vitality (5★)","10","16","10",""
"Type-0","Machina","DEF +10","RES +10","ATK +10","","Dexterity (5★)","2","2","2","","Vitality (5★)","2","2","2",""
"Type-0","Machina","Blind Imm. (minor)","HP +150","HP +150","Earth dam. +3%","Dexterity (5★)","3","3","3","3","Vitality (5★)","3","3","3","3"
"Type-0","Machina","RES +20","Legend Materia 1","ATK +10","","Dexterity (5★)","5","8","5","","Vitality (5★)","5","8","5",""
"Type-0","Machina","Blind Imm. (moder.)","HP +250","HP +250","Earth dam. +6%","Dexterity (5★)","7","7","7","7","Vitality (5★)","7","7","7","7"
"Type-0","Machina","DEF +20","Legend Materia 2","ATK +20","","Dexterity (5★)","10","16","10","","Vitality (5★)","10","16","10",""
"Type-0","Rem","DEF +10","RES +10","MND +10","","Spirit (5★)","2","2","2","","Wisdom (5★)","2","2","2",""
"Type-0","Rem","Silence Imm. (minor)","HP +200","MAG +10","Holy dam. +3%","Spirit (5★)","3","3","3","3","Wisdom (5★)","3","3","3","3"
"Type-0","Rem","DEF +10","Legend Materia 1","MND +10","","Spirit (5★)","5","8","5","","Wisdom (5★)","5","8","5",""
"Type-0","Rem","Silence Imm. (moder.)","RES +20","MAG +10","Holy dam. +6%","Spirit (5★)","7","7","7","7","Wisdom (5★)","7","7","7","7"
"Type-0","Rem","HP +300","Legend Materia 2","MND +20","","Spirit (5★)","10","16","10","","Wisdom (5★)","10","16","10",""
"Type-0","Queen","DEF +10","SPD +10","ATK +10","","Dexterity (5★)","2","2","2","","Vitality (5★)","2","2","2",""
"Type-0","Queen","Blind Imm. (minor)","HP +150","HP +150","Lightning dam. +3%","Dexterity (5★)","3","3","3","3","Vitality (5★)","3","3","3","3"
"Type-0","Queen","RES +20","Legend Materia 1","ATK +10","","Dexterity (5★)","5","8","5","","Vitality (5★)","5","8","5",""
"Type-0","Queen","Blind Imm. (moder.)","HP +250","HP +250","Lightning dam. +6%","Dexterity (5★)","7","7","7","7","Vitality (5★)","7","7","7","7"
"Type-0","Queen","DEF +20","Legend Materia 2","ATK +20","","Dexterity (5★)","10","16","10","","Vitality (5★)","10","16","10",""
"Type-0","King","DEF +10","RES +10","ATK +10","","Dexterity (5★)","2","2","2","","Vitality (5★)","2","2","2",""
"Type-0","King","Blind Imm. (minor)","HP +150","HP +150","Lightning dam. +3%","Dexterity (5★)","3","3","3","3","Vitality (5★)","3","3","3","3"
"Type-0","King","RES +20","Legend Materia 1","ATK +10","","Dexterity (5★)","5","8","5","","Vitality (5★)","5","8","5",""
"Type-0","King","Blind Imm. (moder.)","HP +250","HP +250","Lightning dam. +6%","Dexterity (5★)","7","7","7","7","Vitality (5★)","7","7","7","7"
"Type-0","King","DEF +20","Legend Materia 2","ATK +20","","Dexterity (5★)","10","16","10","","Vitality (5★)","10","16","10",""
"Type-0","Cinque","ATK +10","RES +10","ATK +10","","Dexterity (5★)","2","2","2","","Vitality (5★)","2","2","2",""
"Type-0","Cinque","Blind Imm. (minor)","HP +150","HP +150","Earth dam. +3%","Dexterity (5★)","3","3","3","3","Vitality (5★)","3","3","3","3"
"Type-0","Cinque","RES +20","Legend Materia 1","ATK +10","","Dexterity (5★)","5","8","5","","Vitality (5★)","5","8","5",""
"Type-0","Cinque","Blind Imm. (moder.)","HP +250","HP +250","Earth dam. +6%","Dexterity (5★)","7","7","7","7","Vitality (5★)","7","7","7","7"
"Type-0","Cinque","DEF +20","Legend Materia 2","ATK +20","","Dexterity (5★)","10","16","10","","Vitality (5★)","10","16","10",""
"Type-0","Seven","DEF +10","RES +10","MAG +10","","Spirit (5★)","2","2","2","","Wisdom (5★)","2","2","2",""
"Type-0","Seven","Sleep Imm. (minor)","HP +200","RES +10","Ice dam. +3%","Spirit (5★)","3","3","3","3","Wisdom (5★)","3","3","3","3"
"Type-0","Seven","RES +10","Legend Materia 1","MAG +10","","Spirit (5★)","5","8","5","","Wisdom (5★)","5","8","5",""
"Type-0","Seven","Sleep Imm. (moder.)","DEF +20","RES +10","Ice dam. +6%","Spirit (5★)","7","7","7","7","Wisdom (5★)","7","7","7","7"
"Type-0","Seven","HP +300","Legend Materia 2","MAG +20","","Spirit (5★)","10","16","10","","Wisdom (5★)","10","16","10",""
"Type-0","Sice","DEF +10","RES +10","ATK +10","","Dexterity (5★)","2","2","2","","Vitality (5★)","2","2","2",""
"Type-0","Sice","Blind Imm. (minor)","HP +150","HP +150","Dark dam. +3%","Dexterity (5★)","3","3","3","3","Vitality (5★)","3","3","3","3"
"Type-0","Sice","RES +20","Legend Materia 1","ATK +10","","Dexterity (5★)","5","8","5","","Vitality (5★)","5","8","5",""
"Type-0","Sice","Blind Imm. (moder.)","HP +250","HP +250","Dark dam. +6%","Dexterity (5★)","7","7","7","7","Vitality (5★)","7","7","7","7"
"Type-0","Sice","DEF +20","Legend Materia 2","ATK +20","","Dexterity (5★)","10","16","10","","Vitality (5★)","10","16","10",""
"Type-0","Jack","DEF +10","RES +10","ATK +10","","Dexterity (5★)","2","2","2","","Vitality (5★)","2","2","2",""
"Type-0","Jack","Blind Imm. (minor)","HP +150","HP +150","PHY dam. +3%","Dexterity (5★)","3","3","3","3","Vitality (5★)","3","3","3","3"
"Type-0","Jack","RES +20","Legend Materia 1","ATK +10","","Dexterity (5★)","5","8","5","","Vitality (5★)","5","8","5",""
"Type-0","Jack","Blind Imm. (moder.)","HP +250","HP +250","PHY dam. +6%","Dexterity (5★)","7","7","7","7","Vitality (5★)","7","7","7","7"
"Type-0","Jack","DEF +20","Legend Materia 2","ATK +20","","Dexterity (5★)","10","16","10","","Vitality (5★)","10","16","10",""
"Type-0","Eight","DEF +10","RES +10","ATK +10","","Dexterity (5★)","2","2","2","","Vitality (5★)","2","2","2",""
"Type-0","Eight","Blind Imm. (minor)","HP +150","HP +150","PHY dam. +3%","Dexterity (5★)","3","3","3","3","Vitality (5★)","3","3","3","3"
"Type-0","Eight","RES +20","Legend Materia 1","ATK +10","","Dexterity (5★)","5","8","5","","Vitality (5★)","5","8","5",""
"Type-0","Eight","Blind Imm. (moder.)","HP +250","HP +250","PHY dam. +6%","Dexterity (5★)","7","7","7","7","Vitality (5★)","7","7","7","7"
"Type-0","Eight","DEF +20","Legend Materia 2","ATK +20","","Dexterity (5★)","10","16","10","","Vitality (5★)","10","16","10",""
"Type-0","Cater","RES +10","DEF +10","ATK +10","","Vitality (5★)","2","2","2","","Bravery (5★)","2","2","2",""
"Type-0","Cater","DEF +10","Paralyze Imm. (minor)","PHY dam. +3%","HP +150","Vitality (5★)","3","3","3","3","Bravery (5★)","3","3","3","3"
"Type-0","Cater","DEF +15","Legend Materia 1","ATK +10","","Vitality (5★)","5","8","5","","Bravery (5★)","5","8","5",""
"Type-0","Cater","Paralyze Imm. (moder.)","RES +20","HP +250","PHY dam. +6%","Vitality (5★)","7","7","7","7","Bravery (5★)","7","7","7","7"
"Type-0","Cater","HP +400","Legend Materia 2","ATK +15","","Vitality (5★)","10","16","10","","Bravery (5★)","10","16","10",""
"Type-0","Trey","DEF +10","RES +10","ATK +10","","Dexterity (5★)","2","2","2","","Vitality (5★)","2","2","2",""
"Type-0","Trey","Blind Imm. (minor)","HP +150","HP +150","PHY dam. +3%","Dexterity (5★)","3","3","3","3","Vitality (5★)","3","3","3","3"
"Type-0","Trey","RES +20","Legend Materia 1","ATK +10","","Dexterity (5★)","5","8","5","","Vitality (5★)","5","8","5",""
"Type-0","Trey","Blind Imm. (moder.)","HP +250","HP +250","PHY dam. +6%","Dexterity (5★)","7","7","7","7","Vitality (5★)","7","7","7","7"
"Type-0","Trey","DEF +20","Legend Materia 2","ATK +20","","Dexterity (5★)","10","16","10","","Vitality (5★)","10","16","10",""
"Type-0","Kurasame","DEF +10","RES +10","ATK +10","","Bravery (5★)","2","2","2","","Wisdom (5★)","2","2","2",""
"Type-0","Kurasame","Blind Imm. (minor)","HP +250","MAG +10","Ice and Dark dam. +3%","Bravery (5★)","3","3","3","3","Wisdom (5★)","3","3","3","3"
"Type-0","Kurasame","Legend Materia 1A","RES +15","Legend Materia 1B","","Bravery (5★)","5","8","5","","Wisdom (5★)","5","8","5",""
"Type-0","Kurasame","DEF +15","Blind Imm. (moder.)","Ice and Dark dam. +6%","MAG +10","Bravery (5★)","7","7","7","7","Wisdom (5★)","7","7","7","7"
"Type-0","Kurasame","HP +450","Legend Materia 2","ATK +30","","Bravery (5★)","10","16","10","","Wisdom (5★)","10","16","10",""
"KH","Sora","DEF +10","RES +10","ATK +10","","Dexterity (5★)","2","2","2","","Vitality (5★)","2","2","2",""
"KH","Sora","Blind Imm. (minor)","HP +150","HP +150","Spellblade dam. +3%","Dexterity (5★)","3","3","3","3","Vitality (5★)","3","3","3","3"
"KH","Sora","RES +20","Legend Materia 1","ATK +30","","Dexterity (5★)","5","8","5","","Vitality (5★)","5","8","5",""
"KH","Sora","Blind Imm. (moder.)","DEF +20","HP +500","Spellblade dam. +6%","Dexterity (5★)","7","7","7","7","Vitality (5★)","7","7","7","7"
"KH","Sora","Legend Materia 2A","Legend Materia 2B","Legend Materia 2C","","Dexterity (5★)","10","16","10","","Vitality (5★)","10","16","10",""
"KH","Riku","DEF +10","RES +10","ATK +10","","Dexterity (5★)","2","2","2","","Vitality (5★)","2","2","2",""
"KH","Riku","Blind Imm. (minor)","HP +150","HP +150","Dark dam. +3%","Dexterity (5★)","3","3","3","3","Vitality (5★)","3","3","3","3"
"KH","Riku","RES +20","Legend Materia 1","ATK +10","","Dexterity (5★)","5","8","5","","Vitality (5★)","5","8","5",""
"KH","Riku","Blind Imm. (moder.)","HP +250","HP +250","Dark dam. +6%","Dexterity (5★)","7","7","7","7","Vitality (5★)","7","7","7","7"
"KH","Riku","DEF +20","Legend Materia 2","ATK +20","","Dexterity (5★)","10","16","10","","Vitality (5★)","10","16","10",""
"KH","Roxas","DEF +10","RES +10","ATK +10","","Dexterity (5★)","2","2","2","","Vitality (5★)","2","2","2",""
"KH","Roxas","Blind Imm. (minor)","HP +150","HP +150","Holy dam. +3%","Dexterity (5★)","3","3","3","3","Vitality (5★)","3","3","3","3"
"KH","Roxas","RES +20","Legend Materia 1","ATK +10","","Dexterity (5★)","5","8","5","","Vitality (5★)","5","8","5",""
"KH","Roxas","Blind Imm. (moder.)","HP +250","HP +250","Holy dam. +6%","Dexterity (5★)","7","7","7","7","Vitality (5★)","7","7","7","7"
"KH","Roxas","DEF +20","Legend Materia 2","ATK +20","","Dexterity (5★)","10","16","10","","Vitality (5★)","10","16","10",""
"KH","Axel","DEF +10","RES +10","ATK +10","","Wisdom (5★)","2","2","2","","Bravery (5★)","2","2","2",""
"KH","Axel","HP +250","Paralyze Imm. (minor)","Fire dam. +3%","MAG +10","Wisdom (5★)","3","3","3","3","Bravery (5★)","3","3","3","3"
"KH","Axel","RES +15","Legend Materia 1","ATK +10","","Wisdom (5★)","5","8","5","","Bravery (5★)","5","8","5",""
"KH","Axel","DEF +15","Paralyze Imm. (moder.)","Fire dam. +6%","MAG +10","Wisdom (5★)","7","7","7","7","Bravery (5★)","7","7","7","7"
"KH","Axel","HP +450","Legend Materia 2","ATK +20","","Wisdom (5★)","10","16","10","","Bravery (5★)","10","16","10",""
"Beyond","Reynn","DEF +10","RES +10","MAG +10","","Spirit (5★)","2","2","2","","Wisdom (5★)","2","2","2",""
"Beyond","Reynn","Sleep Imm. (minor)","HP +200","RES +10","Ice dam. +3%","Spirit (5★)","3","3","3","3","Wisdom (5★)","3","3","3","3"
"Beyond","Reynn","RES +10","Legend Materia 1","MAG +10","","Spirit (5★)","5","8","5","","Wisdom (5★)","5","8","5",""
"Beyond","Reynn","Sleep Imm. (moder.)","DEF +20","RES +10","Ice dam. +6%","Spirit (5★)","7","7","7","7","Wisdom (5★)","7","7","7","7"
"Beyond","Reynn","HP +300","Legend Materia 2","MAG +20","","Spirit (5★)","10","16","10","","Wisdom (5★)","10","16","10",""
"Beyond","Lann","DEF +10","RES +10","ATK +10","","Dexterity (5★)","2","2","2","","Vitality (5★)","2","2","2",""
"Beyond","Lann","Blind Imm. (minor)","HP +150","HP +150","Fire dam. +3%","Dexterity (5★)","3","3","3","3","Vitality (5★)","3","3","3","3"
"Beyond","Lann","RES +20","Legend Materia 1","ATK +10","","Dexterity (5★)","5","8","5","","Vitality (5★)","5","8","5",""
"Beyond","Lann","Blind Imm. (moder.)","HP +250","HP +250","Fire dam. +6%","Dexterity (5★)","7","7","7","7","Vitality (5★)","7","7","7","7"
"Beyond","Lann","DEF +20","Legend Materia 2","ATK +20","","Dexterity (5★)","10","16","10","","Vitality (5★)","10","16","10",""
"Beyond","Morrow","RES +10","DEF +10","ATK +10","","Vitality (5★)","2","2","2","","Bravery (5★)","2","2","2",""
"Beyond","Morrow","DEF +10","Paralyze Imm. (minor)","Support dam. +3%","HP +150","Vitality (5★)","3","3","3","3","Bravery (5★)","3","3","3","3"
"Beyond","Morrow","DEF +15","Legend Materia 1","ATK +10","","Vitality (5★)","5","8","5","","Bravery (5★)","5","8","5",""
"Beyond","Morrow","Paralyze Imm. (moder.)","RES +20","HP +250","Support dam. +6%","Vitality (5★)","7","7","7","7","Bravery (5★)","7","7","7","7"
"Beyond","Morrow","HP +400","Legend Materia 2","ATK +15","","Vitality (5★)","10","16","10","","Bravery (5★)","10","16","10",""
"Beyond","Aemo","DEF +10","RES +10","MND +10","","Spirit (5★)","2","2","2","","Wisdom (5★)","2","2","2",""
"Beyond","Aemo","Silence Imm. (minor)","HP +200","WHT heals +3%","MAG +10","Spirit (5★)","3","3","3","3","Wisdom (5★)","3","3","3","3"
"Beyond","Aemo","DEF +10","Legend Materia 1","MND +10","","Spirit (5★)","5","8","5","","Wisdom (5★)","5","8","5",""
"Beyond","Aemo","Silence Imm. (moder.)","RES +20","WHT heals +6%","MAG +10","Spirit (5★)","7","7","7","7","Wisdom (5★)","7","7","7","7"
"Beyond","Aemo","HP +300","Legend Materia 2","MND +20","","Spirit (5★)","10","16","10","","Wisdom (5★)","10","16","10",""
"Beyond","Wrieg","DEF +10","RES +10","ATK +10","","Dexterity (5★)","2","2","2","","Vitality (5★)","2","2","2",""
"Beyond","Wrieg","Blind Imm. (minor)","HP +150","HP +150","Earth dam. +3%","Dexterity (5★)","3","3","3","3","Vitality (5★)","3","3","3","3"
"Beyond","Wrieg","RES +20","Legend Materia 1","ATK +10","","Dexterity (5★)","5","8","5","","Vitality (5★)","5","8","5",""
"Beyond","Wrieg","Earth Res. (minor)","HP +250","HP +250","Earth dam. +6%","Dexterity (5★)","7","7","7","7","Vitality (5★)","7","7","7","7"
"Beyond","Wrieg","DEF +20","Legend Materia 2","ATK +20","","Dexterity (5★)","10","16","10","","Vitality (5★)","10","16","10",""
"Beyond","Tama","DEF +10","RES +10","MND +10","","Spirit (5★)","2","2","2","","Wisdom (5★)","2","2","2",""
"Beyond","Tama","Silence Imm. (minor)","HP +200","WHT heals +3%","MAG +10","Spirit (5★)","3","3","3","3","Wisdom (5★)","3","3","3","3"
"Beyond","Tama","DEF +10","Legend Materia 1","MND +10","","Spirit (5★)","5","8","5","","Wisdom (5★)","5","8","5",""
"Beyond","Tama","Silence Imm. (moder.)","RES +20","WHT heals +6%","MAG +10","Spirit (5★)","7","7","7","7","Wisdom (5★)","7","7","7","7"
"Beyond","Tama","HP +300","Legend Materia 2","MND +20","","Spirit (5★)","10","16","10","","Wisdom (5★)","10","16","10",""
"Beyond","Enna Kros","DEF +10","RES +10","MND +10","","Spirit (5★)","2","2","2","","Wisdom (5★)","2","2","2",""
"Beyond","Enna Kros","Sleep Imm. (minor)","HP +200","MAG +10","Earth dam. +3%","Spirit (5★)","3","3","3","3","Wisdom (5★)","3","3","3","3"
"Beyond","Enna Kros","DEF +10","Legend Materia 1","MND +10","","Spirit (5★)","5","8","5","","Wisdom (5★)","5","8","5",""
"Beyond","Enna Kros","Sleep Imm. (moder.)","RES +20","MAG +10","Earth dam. +6%","Spirit (5★)","7","7","7","7","Wisdom (5★)","7","7","7","7"
"Beyond","Enna Kros","HP +300","Legend Materia 2","MAG +20","","Spirit (5★)","10","16","10","","Wisdom (5★)","10","16","10",""
"Beyond","Serafie","DEF +10","RES +10","MND +10","","Spirit (5★)","2","2","2","","Wisdom (5★)","2","2","2",""
"Beyond","Serafie","Sleep Imm. (minor)","HP +200","MAG +10","Wind dam. +3%","Spirit (5★)","3","3","3","3","Wisdom (5★)","3","3","3","3"
"Beyond","Serafie","DEF +10","Legend Materia 1","MND +10","","Spirit (5★)","5","8","5","","Wisdom (5★)","5","8","5",""
"Beyond","Serafie","Sleep Imm. (moder.)","RES +20","MAG +10","Wind dam. +6%","Spirit (5★)","7","7","7","7","Wisdom (5★)","7","7","7","7"
"Beyond","Serafie","HP +300","Legend Materia 2","MAG +20","","Spirit (5★)","10","16","10","","Wisdom (5★)","10","16","10",""
"Beyond","Rain","DEF +10","RES +10","ATK +10","","Dexterity (5★)","2","2","2","","Vitality (5★)","2","2","2",""
"Beyond","Rain","Blind Imm. (minor)","HP +150","HP +150","Fire and Earth dam. +3%","Dexterity (5★)","3","3","3","3","Vitality (5★)","3","3","3","3"
"Beyond","Rain","RES +20","Legend Materia 1","ATK +10","","Dexterity (5★)","5","8","5","","Vitality (5★)","5","8","5",""
"Beyond","Rain","Blind Imm. (moder.)","HP +250","HP +250","Fire and Earth dam. +6%","Dexterity (5★)","7","7","7","7","Vitality (5★)","7","7","7","7"
"Beyond","Rain","DEF +20","Legend Materia 2","ATK +20","","Dexterity (5★)","10","16","10","","Vitality (5★)","10","16","10",""
"Beyond","Fina","DEF +10","RES +10","MND +10","","Spirit (5★)","2","2","2","","Wisdom (5★)","2","2","2",""
"Beyond","Fina","Silence Imm. (minor)","HP +200","WHT heals +3%","MAG +10","Spirit (5★)","3","3","3","3","Wisdom (5★)","3","3","3","3"
"Beyond","Fina","RES +10","Legend Materia 1","MND +10","","Spirit (5★)","5","8","5","","Wisdom (5★)","5","8","5",""
"Beyond","Fina","Silence Imm. (moder.)","RES +20","WHT heals +6%","MAG +10","Spirit (5★)","7","7","7","7","Wisdom (5★)","7","7","7","7"
"Beyond","Fina","HP +300","Legend Materia 2","MND +20","","Spirit (5★)","10","16","10","","Wisdom (5★)","10","16","10",""
"Beyond","Lasswell","DEF +10","RES +10","ATK +10","","Dexterity (5★)","2","2","2","","Vitality (5★)","2","2","2",""
"Beyond","Lasswell","Blind Imm. (minor)","HP +150","HP +150","PHY dam. +3%","Dexterity (5★)","3","3","3","3","Vitality (5★)","3","3","3","3"
"Beyond","Lasswell","RES +20","Legend Materia 1","ATK +10","","Dexterity (5★)","5","8","5","","Vitality (5★)","5","8","5",""
"Beyond","Lasswell","Blind Imm. (moder.)","HP +250","HP +250","PHY dam. +6%","Dexterity (5★)","7","7","7","7","Vitality (5★)","7","7","7","7"
"Beyond","Lasswell","DEF +20","Legend Materia 2","ATK +20","","Dexterity (5★)","10","16","10","","Vitality (5★)","10","16","10",""