"Element","Img","Name","Realm","Rarity","HP","ATK","DEF","MAG","RES","MND","SPD","Passive 1","1","Passive 2","2","Passive 3","3","Passive 4","4","Passive 5","5","Passive 6","6","Passive 7","7","Passive 8","8","Passive 9","9","Passive 10","10","Passive 11","11","Passive 12","12","Ultra Skill Img","Magicite Ultra Skill","Type","Auto Target","Formula","Multiplier","Ultra Skill Element","Time","Effects","Counter","Ultra Skill Name (JP)","Cooldown","Duration","ID","✓"
"Fire","","Bomb","XII","1","2648","155","91","181","159","162","87","Empower Fire","3","","","","","","","","","","","","","","","","","","","","","","","","-","NAT","-","","","","2.50","","N","-","10.00","20.00","161000001","✓"
"Fire","","Iguion","VIII","1","3446","194","151","139","150","119","94","Dampen Fire","1","","","","","","","","","","","","","","","","","","","","","","","","-","NAT","-","","","","2.50","","N","-","10.00","20.00","161000002","✓"
"Fire","","Dragon","VII","2","3916","232","166","175","154","177","100","Empower Fire","5","Attack Boon","5","","","","","","","","","","","","","","","","","","","","","","-","NAT","-","","","","2.50","","N","-","10.00","20.00","161000003","✓"
"Fire","","Flame Dragon","X","2","3916","232","166","175","154","177","100","Dampen Fire","2","Defense Boon","5","","","","","","","","","","","","","","","","","","","","","","-","NAT","-","","","","2.50","","N","-","10.00","20.00","161000004","✓"
"Fire","","Salamander","III","3","4298","255","183","192","169","194","116","Empower Fire","10","Deadly Strikes","5","[Inheritance Slot]","-","","","","","","","","","","","","","","","","","","","","-","NAT","-","","","","2.50","","N","-","10.00","20.00","161000005","✓"
"Fire","","Mom Bomb","IV","3","3201","187","110","220","192","195","120","Empower Fire","10","Attack Boon","10","[Inheritance Slot]","-","","","","","","","","","","","","","","","","","","","","Ultra Explode","NAT","All enemies","Magical","50.40","Fire","2.50","Four group attacks (12.60 each), causes [Imperil Fire 20%] for 25 seconds","N","【契】大爆発","10.00","20.00","161000006","✓"
"Fire","","Liquid Flame","V","3","3201","187","110","220","192","195","120","Dampen Fire","6","Defense Boon","10","[Inheritance Slot]","-","","","","","","","","","","","","","","","","","","","","Ultra Blaze","NAT","All enemies","Magical","50.40","Fire","0.01","Four group attacks (12.60 each), grants [Ice Blink 1] to all allies","N","【契】ほのお","10.00","20.00","161000007","✓"
"Fire","","Firemane","XII","4","3379","188","134","245","192","238","140","Dampen Blizzard","10","Resistance Boon","15","Spell Ward","5","[Inheritance Slot]","-","","","","","","","","","","","","","","","","","","Ultra Bushfire","NAT","All enemies","Magical","63.00","Fire","2.50","Five group attacks (12.60 each), causes [Poison] (11%), grants [Resist Ice 20% (25s)] to all allies","N","【契】ブッシュファイア","10.00","20.00","161000057","✓"
"Fire","","King Bomb","XII","4","3484","203","120","240","209","212","140","Empower Fire","15","Magic Boon","15","Health Boon","5","[Inheritance Slot]","-","","","","","","","","","","","","","","","","","","Ultra Chain Reaction","NAT","All enemies","Magical","63.00","Fire","2.50","Five group attacks (12.60 each), grants [Buff Fire 10% (15s)] to all allies","N","【契】爆導索","10.00","20.00","161000058","✓"
"Fire","","Maliris","IX","4","4604","245","150","245","185","182","142","Empower Fire","15","Attack Boon","15","Deadly Strikes","8","[Inheritance Slot]","-","","","","","","","","","","","","","","","","","","Ultra Flame Slash","PHY","Lowest HP% enemy","Physical","25.20","Fire","2.50","Six single attacks (4.20 each), causes [Debuff Ice 20% (15s)]","N","【契】火炎斬り","10.00","20.00","161000059","✓"
"Fire","","Belias","XII","5","4987","265","163","265","199","197","162","Empower Fire","15","Deadly Strikes","10","[Inheritance Slot]","-","[Inheritance Slot]","-","","","","","","","","","","","","","","","","","","Ultra Hellfire","PHY","Lowest HP% enemy","Physical","40.60","Fire","2.50","One single attack (40.60) capped at 99999, grants [Buff Fire 10% (15s)] to all allies","N","【契】地獄の火炎","10.00","20.00","161000085","✓"
"Fire","","Phoenix","VI","5","4733","227","175","276","214","229","148","Dampen Blizzard","10","Health Boon","8","[Inheritance Slot]","-","[Inheritance Slot]","-","","","","","","","","","","","","","","","","","","Ultra Flames of Rebirth","NAT","All enemies","Magical","63.75","Fire","2.50","One group attack (63.75) capped at 99999, restores HP (55) to all allies, removes KO [Raise: 40%] to all allies","N","【契】転生の炎","10.00","20.00","161000086","✓"
"Fire","","Ifrit","X","6","5371","265","232","265","232","232","163","Perdition's Blessing","15","Stat Boon","10","[Inheritance Slot]","-","[Inheritance Slot]","-","","","","","","","","","","","","","","","","","","Ultra Hellfire","NAT","Lowest HP% enemy","","","","0.01","One single attack that deals 99999 damage, grants [Buff Fire 20% (15s)] to all allies","N","【契】地獄の火炎","0.01","10.00","161000100","✓"
"Ice","","Gnoll","IX","1","3477","185","116","185","139","139","88","Empower Ice ","3","","","","","","","","","","","","","","","","","","","","","","","","-","NAT","-","","","","2.50","","N","-","10.00","20.00","161000008","✓"
"Ice","","Snowman","II","1","3550","194","140","135","129","133","103","Dampen Blizzard","1","","","","","","","","","","","","","","","","","","","","","","","","-","NAT","-","","","","2.50","","N","-","10.00","20.00","161000009","✓"
"Ice","","Snow Lion","VIII","2","3043","178","140","181","172","170","104","Empower Ice ","5","Magic Boon","5","","","","","","","","","","","","","","","","","","","","","","-","NAT","-","","","","2.50","","N","-","10.00","20.00","161000010","✓"
"Ice","","White Dragon","I","2","3916","232","166","175","154","177","100","Dampen Blizzard","2","Defense Boon","5","","","","","","","","","","","","","","","","","","","","","","-","NAT","-","","","","2.50","","N","-","10.00","20.00","161000011","✓"
"Ice","","Taharka","IX","3","4304","234","170","162","156","160","147","Empower Ice ","10","Blade Ward","3","[Inheritance Slot]","-","","","","","","","","","","","","","","","","","","","","-","NAT","-","","","","2.50","","N","-","10.00","20.00","161000012","✓"
"Ice","","Wendigo","XII","3","4311","255","198","169","140","142","117","Empower Ice","10","Magic Boon","10","[Inheritance Slot]","-","","","","","","","","","","","","","","","","","","","","Ultra Ice Break","NAT","All enemies","Magical","50.40","Ice","2.50","Four group attacks (12.60 each), causes [Imperil Ice 20%] for 25 seconds","N","【契】コルドブレイク","10.00","20.00","161000013","✓"
"Ice","","Sealion","IX","3","3201","187","110","220","192","195","120","Dampen Blizzard","6","Defense Boon","10","[Inheritance Slot]","-","","","","","","","","","","","","","","","","","","","","Ultra Icestorm","NAT","All enemies","Magical","50.40","Ice","0.01","Four group attacks (12.60 each), grants [Wind Blink 1] to all allies","N","【契】ふぶき","10.00","20.00","161000014","✓"
"Ice","","Krysta","VIII","4","3484","203","120","240","209","212","140","Dampen Air","10","Defense Boon","15","Blade Ward","5","[Inheritance Slot]","-","","","","","","","","","","","","","","","","","","Ultra Flash-Freeze","NAT","All enemies","Magical","63.00","Ice","2.50","Five group attacks (12.60 each), grants [Wind Stoneskin: Magicite 30%] to all allies","N","【契】凍天撃","10.00","20.00","161000060","✓"
"Ice","","Dullahan","VI","4","3769","188","199","240","192","178","130","Empower Ice","15","Magic Boon","15","Spell Ward","5","[Inheritance Slot]","-","","","","","","","","","","","","","","","","","","Ultra Absolute Zero","NAT","All enemies","Magical","63.00","Ice","2.50","Five group attacks (12.60 each), grants [Buff Ice 10% (15s)] to all allies","N","【契】ぜったいれいど","10.00","20.00","161000061","✓"
"Ice","","Isgebind","XIV","4","4693","277","199","208","183","211","136","Empower Ice","15","Attack Boon","15","Precise Strikes","8","[Inheritance Slot]","-","","","","","","","","","","","","","","","","","","Ultra Frost Breath","NAT","All enemies","Physical","20.15","Ice","2.50","Five group ranged attacks (4.03 each), causes [Debuff Wind 20% (15s)]","N","【契】フロストブレス","10.00","20.00","161000062","✓"
"Ice","","Manticore","V","5","5080","276","200","191","184","189","204","Empower Ice","15","Precise Strikes","10","[Inheritance Slot]","-","[Inheritance Slot]","-","","","","","","","","","","","","","","","","","","Ultra Blazing Breath","PHY","Lowest HP% enemy","Physical","40.60","Ice","2.50","One single ranged attack (40.60) capped at 99999, grants [Buff Ice 10% (15s)] to all allies","N","【契】ブレイズブレス","10.00","20.00","161000087","✓"
"Ice","","Mateus","XII","5","4733","227","175","276","214","229","148","Dampen Air","10","Blade Ward","8","[Inheritance Slot]","-","[Inheritance Slot]","-","","","","","","","","","","","","","","","","","","Ultra Frostwave","NAT","All enemies","Magical","85.00","Ice","2.50","One group attack (85.00) capped at 99999, causes [Imperil Ice 20%] for 25 seconds","N","【契】凍てつく波動","10.00","20.00","161000088","✓"
"Ice","","Shiva","X","6","5371","265","232","265","232","232","163","Hoarfrost Blessing","15","Stat Boon","10","[Inheritance Slot]","-","[Inheritance Slot]","-","","","","","","","","","","","","","","","","","","Ultra Diamond Dust","NAT","Lowest HP% enemy","","","","0.01","One single attack that deals 99999 damage, grants [Buff Ice 20% (15s)] to all allies","N","【契】ダイアモンドダスト","0.01","10.00","161000101","✓"
"Lightning","","Yellow Elemental","X","1","2648","155","91","181","159","162","87","Empower Lightning","3","","","","","","","","","","","","","","","","","","","","","","","","-","NAT","-","","","","2.50","","N","-","10.00","20.00","161000029","✓"
"Lightning","","Kalavinka Striker","XIII","1","3691","182","175","143","103","133","90","Dampen Lightning","1","","","","","","","","","","","","","","","","","","","","","","","","-","NAT","-","","","","2.50","","N","-","10.00","20.00","161000030","✓"
"Lightning","","Ymir","VI","2","3443","195","166","157","143","171","103","Empower Lightning","5","Attack Boon","5","","","","","","","","","","","","","","","","","","","","","","-","NAT","-","","","","2.50","","N","-","10.00","20.00","161000031","✓"
"Lightning","","Thunder Dragon","IV","2","3916","232","166","175","154","177","100","Dampen Lightning","2","Resistance Boon","5","","","","","","","","","","","","","","","","","","","","","","-","NAT","-","","","","2.50","","N","-","10.00","20.00","161000032","✓"
"Lightning","","Humbaba","VI","3","4220","224","139","224","168","167","121","Empower Lightning","10","Precise Strikes","5","[Inheritance Slot]","-","","","","","","","","","","","","","","","","","","","","-","NAT","-","","","","2.50","","N","-","10.00","20.00","161000033","✓"
"Lightning","","Enlil","XIII","3","4304","234","170","162","156","160","147","Empower Lightning","10","Attack Boon","10","[Inheritance Slot]","-","","","","","","","","","","","","","","","","","","","","Ultra Raging Tempest","NAT","All enemies","Magical","50.40","Lightning","2.50","Four group attacks (12.60 each), grants [Resist Water 20% (25s)] to all allies","N","【契】激怒の嵐","10.00","20.00","161000034","✓"
"Lightning","","Hydra","V","3","4298","255","183","192","169","194","116","Dampen Lightning","6","Resistance Boon","10","[Inheritance Slot]","-","","","","","","","","","","","","","","","","","","","","Ultra Thunderbolt","NAT","All enemies","Magical","50.40","Lightning","2.50","Four group attacks (12.60 each), causes [Imperil Lightning 20%] for 25 seconds","N","【契】いなずま","10.00","20.00","161000035","✓"
"Lightning","","Mimic Queen","XII","4","4106","232","199","188","170","203","140","Empower Lightning","15","Attack Boon","15","Precise Strikes","8","[Inheritance Slot]","-","","","","","","","","","","","","","","","","","","Ultra Shockstorm","NAT","All enemies","Magical","63.00","Lightning","2.50","Five group attacks (12.60 each), grants [Water Blink 1] to all allies","N","【契】サンダーバースト","10.00","20.00","161000069","✓"
"Lightning","","Garuda","III","4","3769","244","127","219","183","211","167","Empower Lightning","15","Magic Boon","15","Fast Act","8","[Inheritance Slot]","-","","","","","","","","","","","","","","","","","","Ultra Lightning","NAT","All enemies","Magical","63.00","Lightning","2.50","Five group attacks (12.60 each), grants [Buff Lightning 10% (15s)] to all allies","N","【契】かみなり","10.00","20.00","161000070","✓"
"Lightning","","Ixion","X","4","4367","209","162","255","197","212","130","Dampen Water","10","Defense Boon","15","Deadly Strikes","8","[Inheritance Slot]","-","","","","","","","","","","","","","","","","","","Ultra Thor's Hammer","NAT","All enemies","Magical","63.00","Lightning","2.50","Five group attacks (12.60 each), causes [Debuff Water 20% (15s)]","N","【契】トールハンマー","10.00","20.00","161000071","✓"
"Lightning","","Behemoth King","XIII","5","5080","276","200","191","184","189","204","Empower Lightning","15","Precise Strikes","10","[Inheritance Slot]","-","[Inheritance Slot]","-","","","","","","","","","","","","","","","","","","Ultra Shockstorm","PHY","Single enemy","Physical","40.60","Lightning","2.50","One single attack (40.60) capped at 99999, grants [Buff Lightning 10% (15s)] to all allies","N","【契】サンダーバースト","10.00","20.00","161000081","✓"
"Lightning","","Quetzalcoatl","VIII","5","4733","227","175","276","214","229","148","Dampen Water","10","Fast Act","10","[Inheritance Slot]","-","[Inheritance Slot]","-","","","","","","","","","","","","","","","","","","Ultra Thunderstorm","NAT","All enemies","Magical","85.00","Lightning","2.50","One group attack (85.00) capped at 99999, causes [Imperil Lightning 20%] for 25 seconds","N","【契】サンダーストーム","10.00","20.00","161000082","✓"
"Lightning","","Ramuh","VI","6","5371","265","232","265","232","232","163","Thunderous Blessing","15","Stat Boon","10","[Inheritance Slot]","-","[Inheritance Slot]","-","","","","","","","","","","","","","","","","","","Ultra Judgment Bolt","NAT","Lowest HP% enemy","","","","0.01","One single attack that deals 99999 damage, grants [Buff Lightning 20% (15s)] to all allies","N","【契】裁きの雷","0.01","10.00","161000098","✓"
"Lightning","","Mimic Queen (Ultra Gigas)","-","","6390","321","275","321","275","275","336","Empower Lightning","28","[Inheritance Slot]","","[Inheritance Slot]","-","","","","","","","","","","","","","","","","","","","","Ultra Gigas Force: Lightning","NAT","Lowest HP% enemy","","","","0.01","One single attack that deals 399999 damage, grants [Lightning Infusion] to all allies","N","【契】ギガスフォース・雷","0.01","","161000392",""
"Earth","","Earth Elemental","I","1","2578","143","102","186","145","181","87","Empower Earth","3","","","","","","","","","","","","","","","","","","","","","","","","-","NAT","-","","","","2.50","","N","-","10.00","20.00","161000022","✓"
"Earth","","Clay Golem","I","1","3526","210","163","141","116","119","85","Dampen Earth","1","","","","","","","","","","","","","","","","","","","","","","","","-","NAT","-","","","","2.50","","N","-","10.00","20.00","161000023","✓"
"Earth","","Ralvuimago","IX","2","3814","214","166","153","165","131","112","Empower Earth","5","Defense Boon","5","","","","","","","","","","","","","","","","","","","","","","-","NAT","-","","","","2.50","","N","-","10.00","20.00","161000024","✓"
"Earth","","Antlion","IX","2","3443","195","166","157","143","171","103","Dampen Earth","2","Resistance Boon","5","","","","","","","","","","","","","","","","","","","","","","-","NAT","-","","","","2.50","","N","-","10.00","20.00","161000025","✓"
"Earth","","Sand Worm","X","3","3771","213","183","173","157","187","120","Empower Earth","10","Health Boon","3","[Inheritance Slot]","-","","","","","","","","","","","","","","","","","","","","-","NAT","-","","","","2.50","","N","-","10.00","20.00","161000026","✓"
"Earth","","Shell Dragon","IX","3","4298","255","183","192","169","194","116","Empower Earth","10","Defense Boon","10","[Inheritance Slot]","-","","","","","","","","","","","","","","","","","","","","Ultra Earth Shake","NAT","All enemies","Magical","50.40","Earth","2.50","Four group attacks (12.60 each), causes [Imperil Earth 20%] for 25 seconds","N","【契】アースシェイク","10.00","20.00","161000027","✓"
"Earth","","Golem","V","3","4311","255","198","169","140","142","117","Dampen Earth","6","Resistance Boon","10","[Inheritance Slot]","-","","","","","","","","","","","","","","","","","","","","Ultra Earthen Wall","NAT","All allies","","","","2.50","Grants [Lightning Stoneskin: Magicite 30%]","N","【契】アースウォール","10.00","20.00","161000028","✓"
"Earth","","Earth Guardian","IX","4","4604","245","150","245","185","182","142","Dampen Lightning","10","Defense Boon","15","Health Boon","5","[Inheritance Slot]","-","","","","","","","","","","","","","","","","","","Ultra Earthquake","NAT","All enemies","Magical","63.00","Earth","2.50","Five group attacks (12.60 each), grants [Resist Lightning 20% (25s)] to all allies","N","【契】地震","10.00","20.00","161000066","✓"
"Earth","","Catastrophe","V","4","4604","245","150","245","185","182","142","Empower Earth","15","Attack Boon","15","Deadly Strikes","8","[Inheritance Slot]","-","","","","","","","","","","","","","","","","","","Ultra Earth Shaker","NAT","All enemies","Magical","63.00","Earth","2.50","Five group attacks (12.60 each), causes [Debuff Lightning 20% (15s)]","N","【契】アースシェイカー","10.00","20.00","161000067","✓"
"Earth","","Midgardsormr","VI","4","4563","255","199","182","197","156","155","Empower Earth","15","Magic Boon","15","Fast Act","8","[Inheritance Slot]","-","","","","","","","","","","","","","","","","","","Ultra Abyssal Maw","NAT","All enemies","Magical","63.00","Earth","2.50","Five group attacks (12.60 each), grants [Buff Earth 10% (15s)] to all allies","N","【契】アースサラウンド","10.00","20.00","161000068","✓"
"Earth","","Adamantoise","XV","5","4944","276","215","197","214","169","180","Empower Earth","15","Defense Boon","20","[Inheritance Slot]","-","[Inheritance Slot]","-","","","","","","","","","","","","","","","","","","Ultra Gaia's Howl","PHY","Lowest HP% enemy","Physical","35.00","Earth","2.50","One single ranged attack (35.00) capped at 99999, grants [Lightning Blink 1] to all allies","N","【契】大地の咆哮","10.00","20.00","161000091","✓"
"Earth","","Hecatoncheir","XIII","5","4733","227","175","276","214","229","148","Dampen Lightning","10","Resistance Boon","20","[Inheritance Slot]","-","[Inheritance Slot]","-","","","","","","","","","","","","","","","","","","Ultra Gaian Salvo","NAT","Lowest HP% enemy","Magical","98.60","Earth","2.50","One single attack (98.60) capped at 99999, causes [Debuff Lightning 20% (15s)]","N","【契】ガイアサルヴォー","10.00","20.00","161000092","✓"
"Earth","","Titan","V","6","5371","265","232","265","232","232","163","Earth King's Blessing","15","Stat Boon","10","[Inheritance Slot]","-","[Inheritance Slot]","-","","","","","","","","","","","","","","","","","","Ultra Gaia's Wrath","NAT","Lowest HP% enemy","","","","0.01","One single attack that deals 99999 damage, grants [Buff Earth 20% (15s)] to all allies","N","【契】大地の怒り","0.01","10.00","161000097","✓"
"Earth","","Sandworm (Ultra Gigas)","-","","6390","321","275","321","275","275","336","Empower Earth","28","[Inheritance Slot]","","[Inheritance Slot]","-","","","","","","","","","","","","","","","","","","","","Ultra Gigas Force: Earth","NAT","Lowest HP% enemy","","","","0.01","One single attack that deals 399999 damage, grants [Earth Infusion] to all allies","N","【契】ギガスフォース・地","0.01","","161000391",""
"Wind","","Rangda","XIII","1","3550","194","140","135","129","133","103","Empower Wind","3","","","","","","","","","","","","","","","","","","","","","","","","-","NAT","-","","","","2.50","","N","-","10.00","20.00","161000015","✓"
"Wind","","Galypdes","VI","1","2867","184","97","167","140","161","99","Dampen Air","1","","","","","","","","","","","","","","","","","","","","","","","","-","NAT","-","","","","2.50","","N","-","10.00","20.00","161000016","✓"
"Wind","","Zu","V","2","3165","203","107","184","154","177","120","Empower Wind","5","Magic Boon","5","","","","","","","","","","","","","","","","","","","","","","-","NAT","-","","","","2.50","","N","-","10.00","20.00","161000017","✓"
"Wind","","Rapps","VII","2","3927","213","154","149","142","147","125","Dampen Air","2","Resistance Boon","5","","","","","","","","","","","","","","","","","","","","","","-","NAT","-","","","","2.50","","N","-","10.00","20.00","161000018","✓"
"Wind","","Wing Raptor","V","3","3464","223","117","202","169","194","141","Empower Wind","10","Fast Act","5","[Inheritance Slot]","-","","","","","","","","","","","","","","","","","","","","-","NAT","-","","","","2.50","","N","-","10.00","20.00","161000019","✓"
"Wind","","Enkidu","V","3","3464","223","117","202","169","194","141","Empower Wind","10","Magic Boon","10","[Inheritance Slot]","-","","","","","","","","","","","","","","","","","","","","Ultra White Wind","NAT","All allies","","","","0.01","Restores HP for 40% of the target's maximum HP, removes negative effects","N","【契】ホワイトウインド","10.00","20.00","161000020","✓"
"Wind","","Fenrir","VI","3","4002","192","148","234","182","195","112","Dampen Air","6","Resistance Boon","10","[Inheritance Slot]","-","","","","","","","","","","","","","","","","","","","","Ultra Howling Moon","NAT","All allies","","","","2.50","Grants [Physical Blink 1] and [Resist Earth 20% (25s)]","N","【契】ハウリングムーン","10.00","20.00","161000021","✓"
"Wind","","Sylph","V","4","3379","188","134","245","192","238","140","Dampen Earth","10","Mind Boon","15","Fast Act","8","[Inheritance Slot]","-","","","","","","","","","","","","","","","","","","Ultra Whisperwind","NAT","Lowest HP% enemy","Magical","21.92","Wind","2.50","Eight single attacks (2.74 each), restores HP (82) to all allies","N","【契】かぜのささやき","10.00","20.00","161000063","✓"
"Wind","","Silver Dragon","IX","4","4693","277","199","208","183","211","136","Empower Wind","15","Attack Boon","15","Precise Strikes","8","[Inheritance Slot]","-","","","","","","","","","","","","","","","","","","Ultra Breath Wing","NAT","All enemies","Magical","63.00","Wind","2.50","Five group attacks (12.60 each), grants [Haste] to all allies","N","【契】ブレスウイング","10.00","20.00","161000064","✓"
"Wind","","Tiamat","IX","4","4693","277","199","208","183","211","136","Empower Wind","15","Magic Boon","15","Blade Ward","5","[Inheritance Slot]","-","","","","","","","","","","","","","","","","","","Ultra Twister","NAT","All enemies","Magical","63.00","Wind","2.50","Five group attacks (12.60 each), grants [Buff Wind 10% (15s)] to all allies","N","【契】ツイスター","10.00","20.00","161000065","✓"
"Wind","","Typhon","VI","5","4367","271","177","214","195","232","157","Empower Wind","15","Attack Boon","20","[Inheritance Slot]","-","[Inheritance Slot]","-","","","","","","","","","","","","","","","","","","Ultra Snort","PHY","Lowest HP% enemy","Physical","40.60","Wind","2.50","One single ranged attack (40.60) capped at 99999, causes [Debuff Earth 20% (15s)]","N","【契】はないき","10.00","20.00","161000089","✓"
"Wind","","Syldra","V","5","3918","231","182","234","222","218","162","Dampen Earth","10","Magic Boon","20","[Inheritance Slot]","-","[Inheritance Slot]","-","","","","","","","","","","","","","","","","","","Ultra Thunderstorm","NAT","All enemies","Magical","85.00","Wind","2.50","One group attack (85.00) capped at 99999, 102.00 multiplier if Faris is alive, causes [Imperil Wind 20%] for 25 seconds","N","【契】サンダーストーム","10.00","20.00","161000090","✓"
"Wind","","Valefor","X","6","5371","265","232","265","232","232","163","Majestic Blessing","15","Stat Boon","10","[Inheritance Slot]","-","[Inheritance Slot]","-","","","","","","","","","","","","","","","","","","Ultra Energy Ray","NAT","Lowest HP% enemy","","","","0.01","One single attack that deals 99999 damage, grants [Buff Wind 20% (15s)] to all allies","N","【契】シューティング・レイ","0.01","10.00","161000102","✓"
"Water","","Water Flan","X","1","2509","185","166","157","92","166","84","Empower Water","3","","","","","","","","","","","","","","","","","","","","","","","","-","NAT","-","","","","2.50","","N","-","10.00","20.00","161000036","✓"
"Water","","Sahagin","IV","1","3446","194","151","139","150","119","94","Dampen Water","1","","","","","","","","","","","","","","","","","","","","","","","","-","NAT","-","","","","2.50","","N","-","10.00","20.00","161000037","✓"
"Water","","Anguiform","VI","2","3043","178","140","181","172","170","104","Empower Water","5","Mind Boon","5","","","","","","","","","","","","","","","","","","","","","","-","NAT","-","","","","2.50","","N","-","10.00","20.00","161000038","✓"
"Water","","Sea Dragon","II","2","3916","232","166","175","154","177","100","Dampen Water","2","Resistance Boon","5","","","","","","","","","","","","","","","","","","","","","","-","NAT","-","","","","2.50","","N","-","10.00","20.00","161000039","✓"
"Water","","Bottomswell","VII","3","3331","195","154","199","189","186","121","Empower Water","10","Spell Ward","3","[Inheritance Slot]","-","","","","","","","","","","","","","","","","","","","","-","NAT","-","","","","2.50","","N","-","10.00","20.00","161000040","✓"
"Water","","Enki","XIII","3","4304","234","170","162","156","160","147","Empower Water","10","Mind Boon","10","[Inheritance Slot]","-","","","","","","","","","","","","","","","","","","","","Ultra Raging Torrent","NAT","All enemies","Magical","50.40","Water","2.50","Four group attacks (12.60 each), grants [Resist Fire 20% (25s)] to all allies","N","【契】憤怒の波","10.00","20.00","161000041","✓"
"Water","","Bismarck","VI","3","4002","192","148","234","182","195","112","Dampen Water","6","Resistance Boon","10","[Inheritance Slot]","-","","","","","","","","","","","","","","","","","","","","Ultra Breach Blast","NAT","All enemies","Magical","50.40","Water","0.01","Four group attacks (12.60 each), grants [Fire Blink 1] to all allies","N","【契】バブルブロウ","10.00","20.00","161000042","✓"
"Water","","Gizamaluke","IX","4","3624","213","167","216","205","202","142","Dampen Fire","10","Resistance Boon","15","Spell Ward","5","[Inheritance Slot]","-","","","","","","","","","","","","","","","","","","Ultra Tsunami","NAT","All enemies","Magical","63.00","Water","2.50","Five group attacks (12.60 each), causes [Debuff Fire 20% (15s)]","N","【契】つなみ","10.00","20.00","161000072","✓"
"Water","","Octomammoth","IV","4","3624","213","167","216","205","202","142","Empower Water","15","Magic Boon","15","Health Boon","5","[Inheritance Slot]","-","","","","","","","","","","","","","","","","","","Ultra Tentacles","PHY","Lowest HP% enemy","Physical","20.16","Water","2.50","Eight single attacks (2.52 each), grants [Buff Water 10% (15s)] to all allies","N","【契】たこあし","10.00","20.00","161000073","✓"
"Water","","Kraken","IX","4","3289","244","220","206","121","217","127","Empower Water","15","Attack Boon","15","Blade Ward","5","[Inheritance Slot]","-","","","","","","","","","","","","","","","","","","Ultra Aqua Breath","NAT","All enemies","Magical","63.00","Water","2.50","Five group attacks (12.60 each), causes [Imperil Water 20%] for 25 seconds","N","【契】アクアブレス","10.00","20.00","161000074","✓"
"Water","","Geosgaeno","X","5","4733","227","175","276","214","229","148","Empower Water","15","Blade Ward","8","[Inheritance Slot]","-","[Inheritance Slot]","-","","","","","","","","","","","","","","","","","","Ultra Regurgitate","PHY","Lowest HP% enemy","Physical","40.60","Water","2.50","One single ranged attack (40.60) capped at 99999, grants [Buff Water 10% (15s)] to all allies","N","【契】吐き出し","10.00","20.00","161000083","✓"
"Water","","Famfrit","XII","5","4733","227","175","276","214","229","148","Dampen Fire","10","Spell Ward","8","[Inheritance Slot]","-","[Inheritance Slot]","-","","","","","","","","","","","","","","","","","","Ultra Briny Cannonade","NAT","Lowest HP% enemy","Magical","98.60","Water","2.50","One single attack (98.60) capped at 99999, grants [Fire Stoneskin: Magicite 30%] to all allies","N","【契】蒼の砲撃","10.00","20.00","161000084","✓"
"Water","","Leviathan","V","6","5371","265","232","265","232","232","163","Imperial Blessing","15","Stat Boon","10","[Inheritance Slot]","-","[Inheritance Slot]","-","","","","","","","","","","","","","","","","","","Ultra Tidal Wave","NAT","Lowest HP% enemy","","","","0.01","One single attack that deals 99999 damage, grants [Buff Water 20% (15s)] to all allies","N","【契】タイダルウエイブ","0.01","10.00","161000099","✓"
"Water","","Cooler Mammoth (Ultra Gigas)","-","","6390","321","275","321","275","275","336","Empower Water","28","[Inheritance Slot]","","[Inheritance Slot]","-","","","","","","","","","","","","","","","","","","","","Ultra Gigas Force: Water","NAT","Lowest HP% enemy","","","","0.01","One single attack that deals 399999 damage, grants [Water Infusion] to all allies","N","【契】ギガスフォース・水","0.01","","161000393",""
"Holy","","Cure Beast","V","1","3350","194","140","135","129","133","103","Empower Holy","3","","","","","","","","","","","","","","","","","","","","","","","","-","NAT","-","","","","2.50","","N","-","10.00","20.00","161000043","✓"
"Holy","","Fairy Orc","V","1","2578","143","102","186","145","181","87","Dampen Light","2","","","","","","","","","","","","","","","","","","","","","","","","-","NAT","-","","","","2.50","","N","-","10.00","20.00","161000044","✓"
"Holy","","Nymph","IX","2","2924","171","101","200","175","178","103","Empower Holy","5","Mind Boon","5","","","","","","","","","","","","","","","","","","","","","","-","NAT","-","","","","2.50","","N","-","10.00","20.00","161000045","✓"
"Holy","","White Flame","V","2","2843","158","113","205","160","199","103","Dampen Light","2","Resistance Boon","5","","","","","","","","","","","","","","","","","","","","","","-","NAT","-","","","","2.50","","N","-","10.00","20.00","161000046","✓"
"Holy","","Kirin","VI","3","4002","192","148","234","182","195","112","Empower Holy","10","Healing Boon","5","[Inheritance Slot]","-","","","","","","","","","","","","","","","","","","","","-","NAT","-","","","","2.50","","N","-","10.00","20.00","161000047","✓"
"Holy","","Unicorn","VI","3","4002","192","148","234","182","195","112","Empower Holy","10","Mind Boon","10","[Inheritance Slot]","-","","","","","","","","","","","","","","","","","","","","Ultra Healing Horn","NAT","All allies","","","","2.50","Grants [High Regen] and [Astra]","N","【契】ヒールホーン","10.00","20.00","161000048","✓"
"Holy","","Mist Dragon","IV","3","4298","255","183","192","169","194","116","Dampen Light","6","Resistance Boon","10","[Inheritance Slot]","-","","","","","","","","","","","","","","","","","","","","Ultra Mist Breath","NAT","All enemies","Magical","50.40","Holy","2.50","Four group attacks (12.60 each), grants [Resist Dark 20% (25s)] to all allies","N","【契】霧のブレス","10.00","20.00","161000049","✓"
"Holy","","Seraph","VI","4","3379","188","134","245","192","238","140","Dampen Dark","10","Mind Boon","15","Health Boon","5","[Inheritance Slot]","-","","","","","","","","","","","","","","","","","","Ultra Angel Feathers","WHT","All enemies","","","","2.50","Causes [Status Chance -10%] for 15 seconds, restores HP (82) to all allies","N","【契】エンジェルフェザー","10.00","20.00","161000075","✓"
"Holy","","Evrae","X","4","4693","277","199","208","183","211","136","Empower Holy","15","Attack Boon","15","Surging Power","10","[Inheritance Slot]","-","","","","","","","","","","","","","","","","","","Ultra Photon Spray","NAT","Random enemies","Magical","78.80","Holy","2.50","Eight random attacks (9.85 each), causes [Debuff Dark 20% (15s)]","N","【契】光弾","10.00","20.00","161000076","✓"
"Holy","","Siren","V","4","3379","188","134","245","192","238","140","Empower Holy","15","Mind Boon","15","Healing Boon","10","[Inheritance Slot]","-","","","","","","","","","","","","","","","","","","Ultra Lunatic Voice","NAT","All enemies","Magical","63.00","Holy","2.50","Five group attacks (12.60 each), grants [Buff Holy 10% (15s)] to all allies","N","【契】ルナティックボイス","10.00","20.00","161000077","✓"
"Holy","","Madeen","IX","5","4367","271","177","214","195","232","157","Empower Holy","15","Surging Power","15","[Inheritance Slot]","-","[Inheritance Slot]","-","","","","","","","","","","","","","","","","","","Ultra Terra Homing","PHY","Lowest HP% enemy","Physical","40.60","Holy","2.50","One single ranged attack (40.60) capped at 99999, causes [Debuff Dark 20% (15s)]","N","【契】テラホーミング","10.00","20.00","161000093","✓"
"Holy","","Lakshmi","VI","5","3649","204","145","265","208","258","161","Dampen Dark","10","Healing Boon","15","[Inheritance Slot]","-","[Inheritance Slot]","-","","","","","","","","","","","","","","","","","","Ultra Alluring Embrace","NAT","All enemies","Magical","85.00","Holy","2.50","One single attack (85.00) capped at 99999, grants [Astra] to all allies","N","【契】みわくのほうよう","10.00","20.00","161000094","✓"
"Holy","","Alexander","VI","6","5371","265","232","265","232","232","163","Sanctified Blessing","15","Stat Boon","10","[Inheritance Slot]","-","[Inheritance Slot]","-","","","","","","","","","","","","","","","","","","Ultra Divine Judgment","NAT","Lowest HP% enemy","","","","0.01","One single attack that deals 99999 damage, grants [Buff Holy 20% (15s)] to all allies","N","【契】聖なるしんぱん","0.01","10.00","161000103","✓"
"Dark","","Lilith","IV","1","3477","186","115","186","141","139","88","Empower Dark","3","","","","","","","","","","","","","","","","","","","","","","","","-","NAT","-","","","","2.50","","N","-","10.00","20.00","161000050","✓"
"Dark","","Forbidden","VIII","1","3395","186","151","184","121","118","96","Dampen Dark","2","","","","","","","","","","","","","","","","","","","","","","","","-","NAT","-","","","","2.50","","N","-","10.00","20.00","161000051","✓"
"Dark","","Etém","XII","2","3848","205","127","205","155","153","104","Empower Dark","5","Attack Boon","5","","","","","","","","","","","","","","","","","","","","","","-","NAT","-","","","","2.50","","N","-","10.00","20.00","161000052","✓"
"Dark","","Ghoul","FFT","2","3762","205","166","203","134","130","109","Dampen Dark","2","Defense Boon","5","","","","","","","","","","","","","","","","","","","","","","-","NAT","-","","","","2.50","","N","-","10.00","20.00","161000053","✓"
"Dark","","Darkmare","XII","3","3201","187","110","220","192","195","120","Empower Dark","10","Hand of Vengeance","10","Healing Damper","5","[Inheritance Slot]","-","","","","","","","","","","","","","","","","","","-","NAT","-","","","","2.50","","N","-","10.00","20.00","161000054","✓"
"Dark","","Phantom","VI","3","4002","192","148","234","182","195","112","Empower Dark","10","Attack Boon","10","[Inheritance Slot]","-","","","","","","","","","","","","","","","","","","","","Ultra Ghostly Veil","NAT","All allies","","","","2.50","Grants [Holy Blink 1] and [Resist Holy 20% (25s)]","N","【契】バニシングボディー","10.00","20.00","161000055","✓"
"Dark","","Shadow Dragon","IV","3","4298","255","183","192","169","194","116","Dampen Dark","6","Defense Boon","10","[Inheritance Slot]","-","","","","","","","","","","","","","","","","","","","","Ultra Black Fang","PHY","Random enemy without status","Physical","18.00","Dark","2.50","Six single attacks (3.00 each), causes Sap (100%), causes [Imperil Dark 20%] for 25 seconds","N","【契】黒い牙","10.00","20.00","161000056","✓"
"Dark","","Dragon Zombie","VII","4","4511","245","199","242","159","155","136","Empower Dark","15","Attack Boon","15","Damage Push","10","[Inheritance Slot]","-","","","","","","","","","","","","","","","","","","Ultra Shadow Flare","NAT","All enemies","Magical","63.00","Dark","2.50","Five group attacks (12.60 each), causes [Debuff Holy 20% (15s)]","N","【契】シャドウフレア","10.00","20.00","161000078","✓"
"Dark","","Necrophobe","V","4","3484","203","120","240","209","212","140","Dampen Light","10","Defense Boon","15","Spell Ward","5","[Inheritance Slot]","-","","","","","","","","","","","","","","","","","","Ultra Flare","NAT","Lowest HP% enemy","Magical","78.72","Dark","2.50","Eight single attacks (9.84 each), grants [Holy Stoneskin: Magicite 30%] to all allies","N","【契】フレア","10.00","20.00","161000079","✓"
"Dark","","Hades","VII","4","4604","245","150","245","185","182","142","Empower Dark","15","Hand of Vengeance","15","Healing Damper","10","[Inheritance Slot]","-","","","","","","","","","","","","","","","","","","Ultra Black Cauldron","NAT","All enemies","Magical","63.00","Dark","2.50","Five group attacks (12.60 each), causes [Poison], [Confuse], [Sleep], [Paralyze], [Silence] and [Slow] (10%), grants [Buff Dark 10% (15s)] to all allies","N","【契】暗黒の釜","10.00","20.00","161000080","✓"
"Dark","","Ark","IX","5","5267","259","249","203","145","187","182","Empower Dark","15","Mind Boon","20","[Inheritance Slot]","-","[Inheritance Slot]","-","","","","","","","","","","","","","","","","","","Ultra Eternal Darkness","PHY","Lowest HP% enemy","Physical","40.60","Dark","2.50","One single ranged attack (40.60) capped at 99999, grants [Holy Blink 1] to all allies","N","【契】暗黒の運命","10.00","20.00","161000095","✓"
"Dark","","Deathgaze","VI","5","4987","265","163","265","199","197","162","Dampen Light","10","Hand of Vengeance","15","[Inheritance Slot]","-","[Inheritance Slot]","-","","","","","","","","","","","","","","","","","","Ultra Ominous Encounter","NAT","All enemies","Magical","85.00","Dark","2.50","One group attack (85.00) capped at 99999, causes [Debuff Holy 20% (15s)]","N","【契】不吉なる邂逅","10.00","20.00","161000096","✓"
"Dark","","Diablos","XI","6","5371","265","232","265","232","232","163","Gloomshade Blessing","15","Stat Boon","10","[Inheritance Slot]","-","[Inheritance Slot]","-","","","","","","","","","","","","","","","","","","Ultra Ruinous Omen","NAT","Lowest HP% enemy","","","","0.01","One single attack that deals 99999 damage, grants [Buff Dark 20% (15s)] to all allies","N","【契】ルイナスオーメン","0.01","10.00","161000104","✓"
"Poison","","Orthros","VI","6","7151","354","321","354","321","321","163","Octovenom Blessing","15","Stat Boon","10","[Inheritance Slot]","-","[Inheritance Slot]","-","","","","","","","","","","","","","","","","","","Ultra Octopus Ink","NAT","Lowest HP% enemy","","","","0.01","One single attack that deals 99999 damage, grants [Buff Poison 20% (15s)] to all allies","N","【契】オルトロス","0.01","10.00","161000149","✓"
"Prismatic","","Odin (Ultra Attack) (Fire)","-","","6023","301","260","267","260","260","186","Argent Sage's Blessing","15","Lord's Seal: Fire","15","[Lord's Seal: Ice Slot]","-","[Lord's Seal: Wind Slot]","-","[Lord's Seal: Earth Slot]","-","[Lord's Seal: Lightning Slot]","-","[Lord's Seal: Water Slot]","-","[Lord's Seal: Holy Slot]","-","[Lord's Seal: Dark Slot]","-","[Lord's Seal: Poison Slot]","-","[Inheritance Slot]","-","[Inheritance Slot]","-","","Ultra Zantetsuken","PHY","Lowest HP% enemy","Physical","3.70","Fire, Ice, Lightning, Earth, Wind, Water, Holy, Dark, Poison","0.01","One single ranged attack (3.70) capped at 99999, ignores DEF","N","【契】斬鉄剣","0.01","15.00","161000105","✓"
"Prismatic","","Odin (Ultra Attack) (Ice)","-","","6023","301","260","267","260","260","186","Argent Sage's Blessing","15","Lord's Seal: Ice","15","[Lord's Seal: Fire Slot]","-","[Lord's Seal: Wind Slot]","-","[Lord's Seal: Earth Slot]","-","[Lord's Seal: Lightning Slot]","-","[Lord's Seal: Water Slot]","-","[Lord's Seal: Holy Slot]","-","[Lord's Seal: Dark Slot]","-","[Lord's Seal: Poison Slot]","-","[Inheritance Slot]","-","[Inheritance Slot]","-","","Ultra Zantetsuken","PHY","Lowest HP% enemy","Physical","3.70","Fire, Ice, Lightning, Earth, Wind, Water, Holy, Dark, Poison","0.01","One single ranged attack (3.70) capped at 99999, ignores DEF","N","【契】斬鉄剣","0.01","15.00","161000106",""
"Prismatic","","Odin (Ultra Attack) (Lightning)","-","","6023","301","260","267","260","260","186","Argent Sage's Blessing","15","Lord's Seal: Lightning","15","[Lord's Seal: Fire Slot]","-","[Lord's Seal: Ice Slot]","-","[Lord's Seal: Wind Slot]","-","[Lord's Seal: Earth Slot]","-","[Lord's Seal: Water Slot]","-","[Lord's Seal: Holy Slot]","-","[Lord's Seal: Dark Slot]","-","[Lord's Seal: Poison Slot]","-","[Inheritance Slot]","-","[Inheritance Slot]","-","","Ultra Zantetsuken","PHY","Lowest HP% enemy","Physical","3.70","Fire, Ice, Lightning, Earth, Wind, Water, Holy, Dark, Poison","0.01","One single ranged attack (3.70) capped at 99999, ignores DEF","N","【契】斬鉄剣","0.01","15.00","161000107",""
"Prismatic","","Odin (Ultra Attack) (Earth)","-","","6023","301","260","267","260","260","186","Argent Sage's Blessing","15","Lord's Seal: Earth","15","[Lord's Seal: Fire Slot]","-","[Lord's Seal: Ice Slot]","-","[Lord's Seal: Wind Slot]","-","[Lord's Seal: Lightning Slot]","-","[Lord's Seal: Water Slot]","-","[Lord's Seal: Holy Slot]","-","[Lord's Seal: Dark Slot]","-","[Lord's Seal: Poison Slot]","-","[Inheritance Slot]","-","[Inheritance Slot]","-","","Ultra Zantetsuken","PHY","Lowest HP% enemy","Physical","3.70","Fire, Ice, Lightning, Earth, Wind, Water, Holy, Dark, Poison","0.01","One single ranged attack (3.70) capped at 99999, ignores DEF","N","【契】斬鉄剣","0.01","15.00","161000108",""
"Prismatic","","Odin (Ultra Attack) (Wind)","-","","6023","301","260","267","260","260","186","Argent Sage's Blessing","15","Lord's Seal: Wind","15","[Lord's Seal: Fire Slot]","-","[Lord's Seal: Ice Slot]","-","[Lord's Seal: Earth Slot]","-","[Lord's Seal: Lightning Slot]","-","[Lord's Seal: Water Slot]","-","[Lord's Seal: Holy Slot]","-","[Lord's Seal: Dark Slot]","-","[Lord's Seal: Poison Slot]","-","[Inheritance Slot]","-","[Inheritance Slot]","-","","Ultra Zantetsuken","PHY","Lowest HP% enemy","Physical","3.70","Fire, Ice, Lightning, Earth, Wind, Water, Holy, Dark, Poison","0.01","One single ranged attack (3.70) capped at 99999, ignores DEF","N","【契】斬鉄剣","0.01","15.00","161000109",""
"Prismatic","","Odin (Ultra Attack) (Water)","-","","6023","301","260","267","260","260","186","Argent Sage's Blessing","15","Lord's Seal: Water","15","[Lord's Seal: Fire Slot]","-","[Lord's Seal: Ice Slot]","-","[Lord's Seal: Wind Slot]","-","[Lord's Seal: Earth Slot]","-","[Lord's Seal: Lightning Slot]","-","[Lord's Seal: Holy Slot]","-","[Lord's Seal: Dark Slot]","-","[Lord's Seal: Poison Slot]","-","[Inheritance Slot]","-","[Inheritance Slot]","-","","Ultra Zantetsuken","PHY","Lowest HP% enemy","Physical","3.70","Fire, Ice, Lightning, Earth, Wind, Water, Holy, Dark, Poison","0.01","One single ranged attack (3.70) capped at 99999, ignores DEF","N","【契】斬鉄剣","0.01","15.00","161000110",""
"Prismatic","","Odin (Ultra Attack) (Holy)","-","","6023","301","260","267","260","260","186","Argent Sage's Blessing","15","Lord's Seal: Holy","15","[Lord's Seal: Fire Slot]","-","[Lord's Seal: Ice Slot]","-","[Lord's Seal: Wind Slot]","-","[Lord's Seal: Earth Slot]","-","[Lord's Seal: Lightning Slot]","-","[Lord's Seal: Water Slot]","-","[Lord's Seal: Dark Slot]","-","[Lord's Seal: Poison Slot]","-","[Inheritance Slot]","-","[Inheritance Slot]","-","","Ultra Zantetsuken","PHY","Lowest HP% enemy","Physical","3.70","Fire, Ice, Lightning, Earth, Wind, Water, Holy, Dark, Poison","0.01","One single ranged attack (3.70) capped at 99999, ignores DEF","N","【契】斬鉄剣","0.01","15.00","161000111",""
"Prismatic","","Odin (Ultra Attack) (Dark)","-","","6023","301","260","267","260","260","186","Argent Sage's Blessing","15","Lord's Seal: Dark","15","[Lord's Seal: Fire Slot]","-","[Lord's Seal: Ice Slot]","-","[Lord's Seal: Wind Slot]","-","[Lord's Seal: Earth Slot]","-","[Lord's Seal: Lightning Slot]","-","[Lord's Seal: Water Slot]","-","[Lord's Seal: Holy Slot]","-","[Lord's Seal: Poison Slot]","-","[Inheritance Slot]","-","[Inheritance Slot]","-","","Ultra Zantetsuken","PHY","Lowest HP% enemy","Physical","3.70","Fire, Ice, Lightning, Earth, Wind, Water, Holy, Dark, Poison","0.01","One single ranged attack (3.70) capped at 99999, ignores DEF","N","【契】斬鉄剣","0.01","15.00","161000112",""
"Prismatic","","Odin (Ultra Attack) (Poison)","-","","6023","301","260","267","260","260","186","Argent Sage's Blessing","15","Lord's Seal: Poison","15","[Lord's Seal: Fire Slot]","-","[Lord's Seal: Ice Slot]","-","[Lord's Seal: Wind Slot]","-","[Lord's Seal: Earth Slot]","-","[Lord's Seal: Lightning Slot]","-","[Lord's Seal: Water Slot]","-","[Lord's Seal: Holy Slot]","-","[Lord's Seal: Dark Slot]","-","[Inheritance Slot]","-","[Inheritance Slot]","-","","Ultra Zantetsuken","PHY","Lowest HP% enemy","Physical","3.70","Fire, Ice, Lightning, Earth, Wind, Water, Holy, Dark, Poison","0.01","One single ranged attack (3.70) capped at 99999, ignores DEF","N","【契】斬鉄剣","0.01","15.00","161000152",""
"Prismatic","","Odin (Ultra Magic) (Fire)","-","","6023","267","260","305","260","260","186","Argent Sage's Blessing","15","Lord's Seal: Fire","15","[Lord's Seal: Ice Slot]","-","[Lord's Seal: Wind Slot]","-","[Lord's Seal: Earth Slot]","-","[Lord's Seal: Lightning Slot]","-","[Lord's Seal: Water Slot]","-","[Lord's Seal: Holy Slot]","-","[Lord's Seal: Dark Slot]","-","[Lord's Seal: Poison Slot]","-","[Inheritance Slot]","-","[Inheritance Slot]","-","","Ultra Arcane Zantetsuken","BLK","Lowest HP% enemy","Magical","11.00","Fire, Ice, Lightning, Earth, Wind, Water, Holy, Dark, Poison","0.01","One single attack (11.00) capped at 99999, ignores RES","N","【契】斬鉄剣・魔","0.01","15.00","161000113","✓"
"Prismatic","","Odin (Ultra Magic) (Ice)","-","","6023","267","260","305","260","260","186","Argent Sage's Blessing","15","Lord's Seal: Ice","15","[Lord's Seal: Fire Slot]","-","[Lord's Seal: Wind Slot]","-","[Lord's Seal: Earth Slot]","-","[Lord's Seal: Lightning Slot]","-","[Lord's Seal: Water Slot]","-","[Lord's Seal: Holy Slot]","-","[Lord's Seal: Dark Slot]","-","[Lord's Seal: Poison Slot]","-","[Inheritance Slot]","-","[Inheritance Slot]","-","","Ultra Arcane Zantetsuken","BLK","Lowest HP% enemy","Magical","11.00","Fire, Ice, Lightning, Earth, Wind, Water, Holy, Dark, Poison","0.01","One single attack (11.00) capped at 99999, ignores RES","N","【契】斬鉄剣・魔","0.01","15.00","161000114",""
"Prismatic","","Odin (Ultra Magic) (Lightning)","-","","6023","267","260","305","260","260","186","Argent Sage's Blessing","15","Lord's Seal: Lightning","15","[Lord's Seal: Fire Slot]","-","[Lord's Seal: Ice Slot]","-","[Lord's Seal: Wind Slot]","-","[Lord's Seal: Earth Slot]","-","[Lord's Seal: Water Slot]","-","[Lord's Seal: Holy Slot]","-","[Lord's Seal: Dark Slot]","-","[Lord's Seal: Poison Slot]","-","[Inheritance Slot]","-","[Inheritance Slot]","-","","Ultra Arcane Zantetsuken","BLK","Lowest HP% enemy","Magical","11.00","Fire, Ice, Lightning, Earth, Wind, Water, Holy, Dark, Poison","0.01","One single attack (11.00) capped at 99999, ignores RES","N","【契】斬鉄剣・魔","0.01","15.00","161000115",""
"Prismatic","","Odin (Ultra Magic) (Earth)","-","","6023","267","260","305","260","260","186","Argent Sage's Blessing","15","Lord's Seal: Earth","15","[Lord's Seal: Fire Slot]","-","[Lord's Seal: Ice Slot]","-","[Lord's Seal: Wind Slot]","-","[Lord's Seal: Lightning Slot]","-","[Lord's Seal: Water Slot]","-","[Lord's Seal: Holy Slot]","-","[Lord's Seal: Dark Slot]","-","[Lord's Seal: Poison Slot]","-","[Inheritance Slot]","-","[Inheritance Slot]","-","","Ultra Arcane Zantetsuken","BLK","Lowest HP% enemy","Magical","11.00","Fire, Ice, Lightning, Earth, Wind, Water, Holy, Dark, Poison","0.01","One single attack (11.00) capped at 99999, ignores RES","N","【契】斬鉄剣・魔","0.01","15.00","161000116",""
"Prismatic","","Odin (Ultra Magic) (Wind)","-","","6023","267","260","305","260","260","186","Argent Sage's Blessing","15","Lord's Seal: Wind","15","[Lord's Seal: Fire Slot]","-","[Lord's Seal: Ice Slot]","-","[Lord's Seal: Earth Slot]","-","[Lord's Seal: Lightning Slot]","-","[Lord's Seal: Water Slot]","-","[Lord's Seal: Holy Slot]","-","[Lord's Seal: Dark Slot]","-","[Lord's Seal: Poison Slot]","-","[Inheritance Slot]","-","[Inheritance Slot]","-","","Ultra Arcane Zantetsuken","BLK","Lowest HP% enemy","Magical","11.00","Fire, Ice, Lightning, Earth, Wind, Water, Holy, Dark, Poison","0.01","One single attack (11.00) capped at 99999, ignores RES","N","【契】斬鉄剣・魔","0.01","15.00","161000117",""
"Prismatic","","Odin (Ultra Magic) (Water)","-","","6023","267","260","305","260","260","186","Argent Sage's Blessing","15","Lord's Seal: Water","15","[Lord's Seal: Fire Slot]","-","[Lord's Seal: Ice Slot]","-","[Lord's Seal: Wind Slot]","-","[Lord's Seal: Earth Slot]","-","[Lord's Seal: Lightning Slot]","-","[Lord's Seal: Holy Slot]","-","[Lord's Seal: Dark Slot]","-","[Lord's Seal: Poison Slot]","-","[Inheritance Slot]","-","[Inheritance Slot]","-","","Ultra Arcane Zantetsuken","BLK","Lowest HP% enemy","Magical","11.00","Fire, Ice, Lightning, Earth, Wind, Water, Holy, Dark, Poison","0.01","One single attack (11.00) capped at 99999, ignores RES","N","【契】斬鉄剣・魔","0.01","15.00","161000118",""
"Prismatic","","Odin (Ultra Magic) (Holy)","-","","6023","267","260","305","260","260","186","Argent Sage's Blessing","15","Lord's Seal: Holy","15","[Lord's Seal: Fire Slot]","-","[Lord's Seal: Ice Slot]","-","[Lord's Seal: Wind Slot]","-","[Lord's Seal: Earth Slot]","-","[Lord's Seal: Lightning Slot]","-","[Lord's Seal: Water Slot]","-","[Lord's Seal: Dark Slot]","-","[Lord's Seal: Poison Slot]","-","[Inheritance Slot]","-","[Inheritance Slot]","-","","Ultra Arcane Zantetsuken","BLK","Lowest HP% enemy","Magical","11.00","Fire, Ice, Lightning, Earth, Wind, Water, Holy, Dark, Poison","0.01","One single attack (11.00) capped at 99999, ignores RES","N","【契】斬鉄剣・魔","0.01","15.00","161000119",""
"Prismatic","","Odin (Ultra Magic) (Dark)","-","","6023","267","260","305","260","260","186","Argent Sage's Blessing","15","Lord's Seal: Dark","15","[Lord's Seal: Fire Slot]","-","[Lord's Seal: Ice Slot]","-","[Lord's Seal: Wind Slot]","-","[Lord's Seal: Earth Slot]","-","[Lord's Seal: Lightning Slot]","-","[Lord's Seal: Water Slot]","-","[Lord's Seal: Holy Slot]","-","[Lord's Seal: Poison Slot]","-","[Inheritance Slot]","-","[Inheritance Slot]","-","","Ultra Arcane Zantetsuken","BLK","Lowest HP% enemy","Magical","11.00","Fire, Ice, Lightning, Earth, Wind, Water, Holy, Dark, Poison","0.01","One single attack (11.00) capped at 99999, ignores RES","N","【契】斬鉄剣・魔","0.01","15.00","161000120",""
"Prismatic","","Odin (Ultra Magic) (Poison)","-","","6023","267","260","305","260","260","186","Argent Sage's Blessing","15","Lord's Seal: Poison","15","[Lord's Seal: Fire Slot]","-","[Lord's Seal: Ice Slot]","-","[Lord's Seal: Wind Slot]","-","[Lord's Seal: Earth Slot]","-","[Lord's Seal: Lightning Slot]","-","[Lord's Seal: Water Slot]","-","[Lord's Seal: Holy Slot]","-","[Lord's Seal: Dark Slot]","-","[Inheritance Slot]","-","[Inheritance Slot]","-","","Ultra Arcane Zantetsuken","BLK","Lowest HP% enemy","Magical","11.00","Fire, Ice, Lightning, Earth, Wind, Water, Holy, Dark, Poison","0.01","One single attack (11.00) capped at 99999, ignores RES","N","【契】斬鉄剣・魔","0.01","15.00","161000153",""
"Prismatic","","Neo Bahamut (Ultra Attack) (Fire)","-","","6023","301","260","267","260","260","186","Red Wyrm Diversion","15","Red Wyrm Seal: Fire","15","[Red Wyrm Seal: Ice Slot]","-","[Red Wyrm Seal: Wind Slot]","-","[Red Wyrm Seal: Earth Slot]","-","[Red Wyrm Seal: Lightning Slot]","-","[Red Wyrm Seal: Water Slot]","-","[Red Wyrm Seal: Holy Slot]","-","[Red Wyrm Seal: Dark Slot]","-","[Red Wyrm Seal: Poison Slot]","-","[Inheritance Slot]","-","[Inheritance Slot]","-","","Ultra Gigaflare Physical","PHY","Lowest HP% enemy","Physical","3.70","Fire, Ice, Lightning, Earth, Wind, Water, Holy, Dark, Poison","0.01","One single ranged attack (3.70) capped at 99999, ignores DEF","N","【契】ギガフレア・攻","0.01","15.00","161000190",""
"Prismatic","","Neo Bahamut (Ultra Attack) (Ice)","-","","6023","301","260","267","260","260","186","Red Wyrm Diversion","15","Red Wyrm Seal: Ice","15","[Red Wyrm Seal: Fire Slot]","-","[Red Wyrm Seal: Wind Slot]","-","[Red Wyrm Seal: Earth Slot]","-","[Red Wyrm Seal: Lightning Slot]","-","[Red Wyrm Seal: Water Slot]","-","[Red Wyrm Seal: Holy Slot]","-","[Red Wyrm Seal: Dark Slot]","-","[Red Wyrm Seal: Poison Slot]","-","[Inheritance Slot]","-","[Inheritance Slot]","-","","Ultra Gigaflare Physical","PHY","Lowest HP% enemy","Physical","3.70","Fire, Ice, Lightning, Earth, Wind, Water, Holy, Dark, Poison","0.01","One single ranged attack (3.70) capped at 99999, ignores DEF","N","【契】ギガフレア・攻","0.01","15.00","161000191",""
"Prismatic","","Neo Bahamut (Ultra Attack) (Lightning)","-","","6023","301","260","267","260","260","186","Red Wyrm Diversion","15","Red Wyrm Seal: Lightning","15","[Red Wyrm Seal: Fire Slot]","-","[Red Wyrm Seal: Ice Slot]","-","[Red Wyrm Seal: Wind Slot]","-","[Red Wyrm Seal: Earth Slot]","-","[Red Wyrm Seal: Water Slot]","-","[Red Wyrm Seal: Holy Slot]","-","[Red Wyrm Seal: Dark Slot]","-","[Red Wyrm Seal: Poison Slot]","-","[Inheritance Slot]","-","[Inheritance Slot]","-","","Ultra Gigaflare Physical","PHY","Lowest HP% enemy","Physical","3.70","Fire, Ice, Lightning, Earth, Wind, Water, Holy, Dark, Poison","0.01","One single ranged attack (3.70) capped at 99999, ignores DEF","N","【契】ギガフレア・攻","0.01","15.00","161000192",""
"Prismatic","","Neo Bahamut (Ultra Attack) (Earth)","-","","6023","301","260","267","260","260","186","Red Wyrm Diversion","15","Red Wyrm Seal: Earth","15","[Red Wyrm Seal: Fire Slot]","-","[Red Wyrm Seal: Ice Slot]","-","[Red Wyrm Seal: Wind Slot]","-","[Red Wyrm Seal: Lightning Slot]","-","[Red Wyrm Seal: Water Slot]","-","[Red Wyrm Seal: Holy Slot]","-","[Red Wyrm Seal: Dark Slot]","-","[Red Wyrm Seal: Poison Slot]","-","[Inheritance Slot]","-","[Inheritance Slot]","-","","Ultra Gigaflare Physical","PHY","Lowest HP% enemy","Physical","3.70","Fire, Ice, Lightning, Earth, Wind, Water, Holy, Dark, Poison","0.01","One single ranged attack (3.70) capped at 99999, ignores DEF","N","【契】ギガフレア・攻","0.01","15.00","161000193",""
"Prismatic","","Neo Bahamut (Ultra Attack) (Wind)","-","","6023","301","260","267","260","260","186","Red Wyrm Diversion","15","Red Wyrm Seal: Wind","15","[Red Wyrm Seal: Fire Slot]","-","[Red Wyrm Seal: Ice Slot]","-","[Red Wyrm Seal: Earth Slot]","-","[Red Wyrm Seal: Lightning Slot]","-","[Red Wyrm Seal: Water Slot]","-","[Red Wyrm Seal: Holy Slot]","-","[Red Wyrm Seal: Dark Slot]","-","[Red Wyrm Seal: Poison Slot]","-","[Inheritance Slot]","-","[Inheritance Slot]","-","","Ultra Gigaflare Physical","PHY","Lowest HP% enemy","Physical","3.70","Fire, Ice, Lightning, Earth, Wind, Water, Holy, Dark, Poison","0.01","One single ranged attack (3.70) capped at 99999, ignores DEF","N","【契】ギガフレア・攻","0.01","15.00","161000194",""
"Prismatic","","Neo Bahamut (Ultra Attack) (Water)","-","","6023","301","260","267","260","260","186","Red Wyrm Diversion","15","Red Wyrm Seal: Water","15","[Red Wyrm Seal: Fire Slot]","-","[Red Wyrm Seal: Ice Slot]","-","[Red Wyrm Seal: Wind Slot]","-","[Red Wyrm Seal: Earth Slot]","-","[Red Wyrm Seal: Lightning Slot]","-","[Red Wyrm Seal: Holy Slot]","-","[Red Wyrm Seal: Dark Slot]","-","[Red Wyrm Seal: Poison Slot]","-","[Inheritance Slot]","-","[Inheritance Slot]","-","","Ultra Gigaflare Physical","PHY","Lowest HP% enemy","Physical","3.70","Fire, Ice, Lightning, Earth, Wind, Water, Holy, Dark, Poison","0.01","One single ranged attack (3.70) capped at 99999, ignores DEF","N","【契】ギガフレア・攻","0.01","15.00","161000195",""
"Prismatic","","Neo Bahamut (Ultra Attack) (Holy)","-","","6023","301","260","267","260","260","186","Red Wyrm Diversion","15","Red Wyrm Seal: Holy","15","[Red Wyrm Seal: Fire Slot]","-","[Red Wyrm Seal: Ice Slot]","-","[Red Wyrm Seal: Wind Slot]","-","[Red Wyrm Seal: Earth Slot]","-","[Red Wyrm Seal: Lightning Slot]","-","[Red Wyrm Seal: Water Slot]","-","[Red Wyrm Seal: Dark Slot]","-","[Red Wyrm Seal: Poison Slot]","-","[Inheritance Slot]","-","[Inheritance Slot]","-","","Ultra Gigaflare Physical","PHY","Lowest HP% enemy","Physical","3.70","Fire, Ice, Lightning, Earth, Wind, Water, Holy, Dark, Poison","0.01","One single ranged attack (3.70) capped at 99999, ignores DEF","N","【契】ギガフレア・攻","0.01","15.00","161000196",""
"Prismatic","","Neo Bahamut (Ultra Attack) (Dark)","-","","6023","301","260","267","260","260","186","Red Wyrm Diversion","15","Red Wyrm Seal: Dark","15","[Red Wyrm Seal: Fire Slot]","-","[Red Wyrm Seal: Ice Slot]","-","[Red Wyrm Seal: Wind Slot]","-","[Red Wyrm Seal: Earth Slot]","-","[Red Wyrm Seal: Lightning Slot]","-","[Red Wyrm Seal: Water Slot]","-","[Red Wyrm Seal: Holy Slot]","-","[Red Wyrm Seal: Poison Slot]","-","[Inheritance Slot]","-","[Inheritance Slot]","-","","Ultra Gigaflare Physical","PHY","Lowest HP% enemy","Physical","3.70","Fire, Ice, Lightning, Earth, Wind, Water, Holy, Dark, Poison","0.01","One single ranged attack (3.70) capped at 99999, ignores DEF","N","【契】ギガフレア・攻","0.01","15.00","161000197",""
"Prismatic","","Neo Bahamut (Ultra Attack) (Poison)","-","","6023","301","260","267","260","260","186","Red Wyrm Diversion","15","Red Wyrm Seal: Poison","15","[Red Wyrm Seal: Fire Slot]","-","[Red Wyrm Seal: Ice Slot]","-","[Red Wyrm Seal: Wind Slot]","-","[Red Wyrm Seal: Earth Slot]","-","[Red Wyrm Seal: Lightning Slot]","-","[Red Wyrm Seal: Water Slot]","-","[Red Wyrm Seal: Holy Slot]","-","[Red Wyrm Seal: Dark Slot]","-","[Inheritance Slot]","-","[Inheritance Slot]","-","","Ultra Gigaflare Physical","PHY","Lowest HP% enemy","Physical","3.70","Fire, Ice, Lightning, Earth, Wind, Water, Holy, Dark, Poison","0.01","One single ranged attack (3.70) capped at 99999, ignores DEF","N","【契】ギガフレア・攻","0.01","15.00","161000198",""
"Prismatic","","Neo Bahamut (Ultra Magic) (Fire)","-","","6023","267","260","305","260","260","186","Red Wyrm Diversion","15","Red Wyrm Seal: Fire","15","[Red Wyrm Seal: Ice Slot]","-","[Red Wyrm Seal: Wind Slot]","-","[Red Wyrm Seal: Earth Slot]","-","[Red Wyrm Seal: Lightning Slot]","-","[Red Wyrm Seal: Water Slot]","-","[Red Wyrm Seal: Holy Slot]","-","[Red Wyrm Seal: Dark Slot]","-","[Red Wyrm Seal: Poison Slot]","-","[Inheritance Slot]","-","[Inheritance Slot]","-","","Ultra Gigaflare Magic","BLK","Lowest HP% enemy","Magical","11.00","Fire, Ice, Lightning, Earth, Wind, Water, Holy, Dark, Poison","0.01","One single attack (11.00) capped at 99999, ignores RES","N","【契】ギガフレア・魔","0.01","15.00","161000199","✓"
"Prismatic","","Neo Bahamut (Ultra Magic) (Ice)","-","","6023","267","260","305","260","260","186","Red Wyrm Diversion","15","Red Wyrm Seal: Ice","15","[Red Wyrm Seal: Fire Slot]","-","[Red Wyrm Seal: Wind Slot]","-","[Red Wyrm Seal: Earth Slot]","-","[Red Wyrm Seal: Lightning Slot]","-","[Red Wyrm Seal: Water Slot]","-","[Red Wyrm Seal: Holy Slot]","-","[Red Wyrm Seal: Dark Slot]","-","[Red Wyrm Seal: Poison Slot]","-","[Inheritance Slot]","-","[Inheritance Slot]","-","","Ultra Gigaflare Magic","BLK","Lowest HP% enemy","Magical","11.00","Fire, Ice, Lightning, Earth, Wind, Water, Holy, Dark, Poison","0.01","One single attack (11.00) capped at 99999, ignores RES","N","【契】ギガフレア・魔","0.01","15.00","161000200",""
"Prismatic","","Neo Bahamut (Ultra Magic) (Lightning)","-","","6023","267","260","305","260","260","186","Red Wyrm Diversion","15","Red Wyrm Seal: Lightning","15","[Red Wyrm Seal: Fire Slot]","-","[Red Wyrm Seal: Ice Slot]","-","[Red Wyrm Seal: Wind Slot]","-","[Red Wyrm Seal: Earth Slot]","-","[Red Wyrm Seal: Water Slot]","-","[Red Wyrm Seal: Holy Slot]","-","[Red Wyrm Seal: Dark Slot]","-","[Red Wyrm Seal: Poison Slot]","-","[Inheritance Slot]","-","[Inheritance Slot]","-","","Ultra Gigaflare Magic","BLK","Lowest HP% enemy","Magical","11.00","Fire, Ice, Lightning, Earth, Wind, Water, Holy, Dark, Poison","0.01","One single attack (11.00) capped at 99999, ignores RES","N","【契】ギガフレア・魔","0.01","15.00","161000201",""
"Prismatic","","Neo Bahamut (Ultra Magic) (Earth)","-","","6023","267","260","305","260","260","186","Red Wyrm Diversion","15","Red Wyrm Seal: Earth","15","[Red Wyrm Seal: Fire Slot]","-","[Red Wyrm Seal: Ice Slot]","-","[Red Wyrm Seal: Wind Slot]","-","[Red Wyrm Seal: Lightning Slot]","-","[Red Wyrm Seal: Water Slot]","-","[Red Wyrm Seal: Holy Slot]","-","[Red Wyrm Seal: Dark Slot]","-","[Red Wyrm Seal: Poison Slot]","-","[Inheritance Slot]","-","[Inheritance Slot]","-","","Ultra Gigaflare Magic","BLK","Lowest HP% enemy","Magical","11.00","Fire, Ice, Lightning, Earth, Wind, Water, Holy, Dark, Poison","0.01","One single attack (11.00) capped at 99999, ignores RES","N","【契】ギガフレア・魔","0.01","15.00","161000202",""
"Prismatic","","Neo Bahamut (Ultra Magic) (Wind)","-","","6023","267","260","305","260","260","186","Red Wyrm Diversion","15","Red Wyrm Seal: Wind","15","[Red Wyrm Seal: Fire Slot]","-","[Red Wyrm Seal: Ice Slot]","-","[Red Wyrm Seal: Earth Slot]","-","[Red Wyrm Seal: Lightning Slot]","-","[Red Wyrm Seal: Water Slot]","-","[Red Wyrm Seal: Holy Slot]","-","[Red Wyrm Seal: Dark Slot]","-","[Red Wyrm Seal: Poison Slot]","-","[Inheritance Slot]","-","[Inheritance Slot]","-","","Ultra Gigaflare Magic","BLK","Lowest HP% enemy","Magical","11.00","Fire, Ice, Lightning, Earth, Wind, Water, Holy, Dark, Poison","0.01","One single attack (11.00) capped at 99999, ignores RES","N","【契】ギガフレア・魔","0.01","15.00","161000203",""
"Prismatic","","Neo Bahamut (Ultra Magic) (Water)","-","","6023","267","260","305","260","260","186","Red Wyrm Diversion","15","Red Wyrm Seal: Water","15","[Red Wyrm Seal: Fire Slot]","-","[Red Wyrm Seal: Ice Slot]","-","[Red Wyrm Seal: Wind Slot]","-","[Red Wyrm Seal: Earth Slot]","-","[Red Wyrm Seal: Lightning Slot]","-","[Red Wyrm Seal: Holy Slot]","-","[Red Wyrm Seal: Dark Slot]","-","[Red Wyrm Seal: Poison Slot]","-","[Inheritance Slot]","-","[Inheritance Slot]","-","","Ultra Gigaflare Magic","BLK","Lowest HP% enemy","Magical","11.00","Fire, Ice, Lightning, Earth, Wind, Water, Holy, Dark, Poison","0.01","One single attack (11.00) capped at 99999, ignores RES","N","【契】ギガフレア・魔","0.01","15.00","161000204",""
"Prismatic","","Neo Bahamut (Ultra Magic) (Holy)","-","","6023","267","260","305","260","260","186","Red Wyrm Diversion","15","Red Wyrm Seal: Holy","15","[Red Wyrm Seal: Fire Slot]","-","[Red Wyrm Seal: Ice Slot]","-","[Red Wyrm Seal: Wind Slot]","-","[Red Wyrm Seal: Earth Slot]","-","[Red Wyrm Seal: Lightning Slot]","-","[Red Wyrm Seal: Water Slot]","-","[Red Wyrm Seal: Dark Slot]","-","[Red Wyrm Seal: Poison Slot]","-","[Inheritance Slot]","-","[Inheritance Slot]","-","","Ultra Gigaflare Magic","BLK","Lowest HP% enemy","Magical","11.00","Fire, Ice, Lightning, Earth, Wind, Water, Holy, Dark, Poison","0.01","One single attack (11.00) capped at 99999, ignores RES","N","【契】ギガフレア・魔","0.01","15.00","161000205",""
"Prismatic","","Neo Bahamut (Ultra Magic) (Dark)","-","","6023","267","260","305","260","260","186","Red Wyrm Diversion","15","Red Wyrm Seal: Dark","15","[Red Wyrm Seal: Fire Slot]","-","[Red Wyrm Seal: Ice Slot]","-","[Red Wyrm Seal: Wind Slot]","-","[Red Wyrm Seal: Earth Slot]","-","[Red Wyrm Seal: Lightning Slot]","-","[Red Wyrm Seal: Water Slot]","-","[Red Wyrm Seal: Holy Slot]","-","[Red Wyrm Seal: Poison Slot]","-","[Inheritance Slot]","-","[Inheritance Slot]","-","","Ultra Gigaflare Magic","BLK","Lowest HP% enemy","Magical","11.00","Fire, Ice, Lightning, Earth, Wind, Water, Holy, Dark, Poison","0.01","One single attack (11.00) capped at 99999, ignores RES","N","【契】ギガフレア・魔","0.01","15.00","161000206",""
"Prismatic","","Neo Bahamut (Ultra Magic) (Poison)","-","","6023","267","260","305","260","260","186","Red Wyrm Diversion","15","Red Wyrm Seal: Poison","15","[Red Wyrm Seal: Fire Slot]","-","[Red Wyrm Seal: Ice Slot]","-","[Red Wyrm Seal: Wind Slot]","-","[Red Wyrm Seal: Earth Slot]","-","[Red Wyrm Seal: Lightning Slot]","-","[Red Wyrm Seal: Water Slot]","-","[Red Wyrm Seal: Holy Slot]","-","[Red Wyrm Seal: Dark Slot]","-","[Inheritance Slot]","-","[Inheritance Slot]","-","","Ultra Gigaflare Magic","BLK","Lowest HP% enemy","Magical","11.00","Fire, Ice, Lightning, Earth, Wind, Water, Holy, Dark, Poison","0.01","One single attack (11.00) capped at 99999, ignores RES","N","【契】ギガフレア・魔","0.01","15.00","161000207",""
"Prismatic","","Bahamut ZERO (Ultra Attack) (Fire)","-","","6144","308","268","269","268","268","336","Gaia Wyrm Diversion","15","ZERO Seal: Fire","15","[ZERO Seal: Ice Slot]","-","[ZERO Seal: Wind Slot]","-","[ZERO Seal: Earth Slot]","-","[ZERO Seal: Lightning Slot]","-","[ZERO Seal: Water Slot]","-","[ZERO Seal: Holy Slot]","-","[ZERO Seal: Dark Slot]","-","[ZERO Seal: Poison Slot]","-","[Inheritance Slot]","-","[Inheritance Slot]","-","","Ultra Teraflare Physical","PHY","Lowest HP% enemy","Physical","","Fire, Ice, Lightning, Earth, Wind, Water, Holy, Dark, Poison","0.01","One single ranged attack (?) capped at 59999, ignores DEF, followed by one single attack (?) capped at 79999, ignores DEF, followed by one single attack (?) capped at 99999, ignores DEF","N","【契】ギガフレア・攻","0.01","8.00","161000172",""
"Prismatic","","Bahamut ZERO (Ultra Attack) (Ice)","-","","6144","308","268","269","268","268","336","Gaia Wyrm Diversion","15","ZERO Seal: Ice","15","[ZERO Seal: Fire Slot]","-","[ZERO Seal: Wind Slot]","-","[ZERO Seal: Earth Slot]","-","[ZERO Seal: Lightning Slot]","-","[ZERO Seal: Water Slot]","-","[ZERO Seal: Holy Slot]","-","[ZERO Seal: Dark Slot]","-","[ZERO Seal: Poison Slot]","-","[Inheritance Slot]","-","[Inheritance Slot]","-","","Ultra Teraflare Physical","PHY","Lowest HP% enemy","Physical","","Fire, Ice, Lightning, Earth, Wind, Water, Holy, Dark, Poison","0.01","One single ranged attack (?) capped at 59999, ignores DEF, followed by one single attack (?) capped at 79999, ignores DEF, followed by one single attack (?) capped at 99999, ignores DEF","N","【契】ギガフレア・攻","0.01","8.00","161000173",""
"Prismatic","","Bahamut ZERO (Ultra Attack) (Lightning)","-","","6144","308","268","269","268","268","336","Gaia Wyrm Diversion","15","ZERO Seal: Lightning","15","[ZERO Seal: Fire Slot]","-","[ZERO Seal: Ice Slot]","-","[ZERO Seal: Wind Slot]","-","[ZERO Seal: Earth Slot]","-","[ZERO Seal: Water Slot]","-","[ZERO Seal: Holy Slot]","-","[ZERO Seal: Dark Slot]","-","[ZERO Seal: Poison Slot]","-","[Inheritance Slot]","-","[Inheritance Slot]","-","","Ultra Teraflare Physical","PHY","Lowest HP% enemy","Physical","","Fire, Ice, Lightning, Earth, Wind, Water, Holy, Dark, Poison","0.01","One single ranged attack (?) capped at 59999, ignores DEF, followed by one single attack (?) capped at 79999, ignores DEF, followed by one single attack (?) capped at 99999, ignores DEF","N","【契】ギガフレア・攻","0.01","8.00","161000174",""
"Prismatic","","Bahamut ZERO (Ultra Attack) (Earth)","-","","6144","308","268","269","268","268","336","Gaia Wyrm Diversion","15","ZERO Seal: Earth","15","[ZERO Seal: Fire Slot]","-","[ZERO Seal: Ice Slot]","-","[ZERO Seal: Wind Slot]","-","[ZERO Seal: Lightning Slot]","-","[ZERO Seal: Water Slot]","-","[ZERO Seal: Holy Slot]","-","[ZERO Seal: Dark Slot]","-","[ZERO Seal: Poison Slot]","-","[Inheritance Slot]","-","[Inheritance Slot]","-","","Ultra Teraflare Physical","PHY","Lowest HP% enemy","Physical","","Fire, Ice, Lightning, Earth, Wind, Water, Holy, Dark, Poison","0.01","One single ranged attack (?) capped at 59999, ignores DEF, followed by one single attack (?) capped at 79999, ignores DEF, followed by one single attack (?) capped at 99999, ignores DEF","N","【契】ギガフレア・攻","0.01","8.00","161000175",""
"Prismatic","","Bahamut ZERO (Ultra Attack) (Wind)","-","","6144","308","268","269","268","268","336","Gaia Wyrm Diversion","15","ZERO Seal: Wind","15","[ZERO Seal: Fire Slot]","-","[ZERO Seal: Ice Slot]","-","[ZERO Seal: Earth Slot]","-","[ZERO Seal: Lightning Slot]","-","[ZERO Seal: Water Slot]","-","[ZERO Seal: Holy Slot]","-","[ZERO Seal: Dark Slot]","-","[ZERO Seal: Poison Slot]","-","[Inheritance Slot]","-","[Inheritance Slot]","-","","Ultra Teraflare Physical","PHY","Lowest HP% enemy","Physical","","Fire, Ice, Lightning, Earth, Wind, Water, Holy, Dark, Poison","0.01","One single ranged attack (?) capped at 59999, ignores DEF, followed by one single attack (?) capped at 79999, ignores DEF, followed by one single attack (?) capped at 99999, ignores DEF","N","【契】ギガフレア・攻","0.01","8.00","161000176",""
"Prismatic","","Bahamut ZERO (Ultra Attack) (Water)","-","","6144","308","268","269","268","268","336","Gaia Wyrm Diversion","15","ZERO Seal: Water","15","[ZERO Seal: Fire Slot]","-","[ZERO Seal: Ice Slot]","-","[ZERO Seal: Wind Slot]","-","[ZERO Seal: Earth Slot]","-","[ZERO Seal: Lightning Slot]","-","[ZERO Seal: Holy Slot]","-","[ZERO Seal: Dark Slot]","-","[ZERO Seal: Poison Slot]","-","[Inheritance Slot]","-","[Inheritance Slot]","-","","Ultra Teraflare Physical","PHY","Lowest HP% enemy","Physical","","Fire, Ice, Lightning, Earth, Wind, Water, Holy, Dark, Poison","0.01","One single ranged attack (?) capped at 59999, ignores DEF, followed by one single attack (?) capped at 79999, ignores DEF, followed by one single attack (?) capped at 99999, ignores DEF","N","【契】ギガフレア・攻","0.01","8.00","161000177",""
"Prismatic","","Bahamut ZERO (Ultra Attack) (Holy)","-","","6144","308","268","269","268","268","336","Gaia Wyrm Diversion","15","ZERO Seal: Holy","15","[ZERO Seal: Fire Slot]","-","[ZERO Seal: Ice Slot]","-","[ZERO Seal: Wind Slot]","-","[ZERO Seal: Earth Slot]","-","[ZERO Seal: Lightning Slot]","-","[ZERO Seal: Water Slot]","-","[ZERO Seal: Dark Slot]","-","[ZERO Seal: Poison Slot]","-","[Inheritance Slot]","-","[Inheritance Slot]","-","","Ultra Teraflare Physical","PHY","Lowest HP% enemy","Physical","","Fire, Ice, Lightning, Earth, Wind, Water, Holy, Dark, Poison","0.01","One single ranged attack (?) capped at 59999, ignores DEF, followed by one single attack (?) capped at 79999, ignores DEF, followed by one single attack (?) capped at 99999, ignores DEF","N","【契】ギガフレア・攻","0.01","8.00","161000178",""
"Prismatic","","Bahamut ZERO (Ultra Attack) (Dark)","-","","6144","308","268","269","268","268","336","Gaia Wyrm Diversion","15","ZERO Seal: Dark","15","[ZERO Seal: Fire Slot]","-","[ZERO Seal: Ice Slot]","-","[ZERO Seal: Wind Slot]","-","[ZERO Seal: Earth Slot]","-","[ZERO Seal: Lightning Slot]","-","[ZERO Seal: Water Slot]","-","[ZERO Seal: Holy Slot]","-","[ZERO Seal: Poison Slot]","-","[Inheritance Slot]","-","[Inheritance Slot]","-","","Ultra Teraflare Physical","PHY","Lowest HP% enemy","Physical","","Fire, Ice, Lightning, Earth, Wind, Water, Holy, Dark, Poison","0.01","One single ranged attack (?) capped at 59999, ignores DEF, followed by one single attack (?) capped at 79999, ignores DEF, followed by one single attack (?) capped at 99999, ignores DEF","N","【契】ギガフレア・攻","0.01","8.00","161000179",""
"Prismatic","","Bahamut ZERO (Ultra Attack) (Poison)","-","","6144","308","268","269","268","268","336","Gaia Wyrm Diversion","15","ZERO Seal: Poison","15","[ZERO Seal: Fire Slot]","-","[ZERO Seal: Ice Slot]","-","[ZERO Seal: Wind Slot]","-","[ZERO Seal: Earth Slot]","-","[ZERO Seal: Lightning Slot]","-","[ZERO Seal: Water Slot]","-","[ZERO Seal: Holy Slot]","-","[ZERO Seal: Dark Slot]","-","[Inheritance Slot]","-","[Inheritance Slot]","-","","Ultra Teraflare Physical","PHY","Lowest HP% enemy","Physical","","Fire, Ice, Lightning, Earth, Wind, Water, Holy, Dark, Poison","0.01","One single ranged attack (?) capped at 59999, ignores DEF, followed by one single attack (?) capped at 79999, ignores DEF, followed by one single attack (?) capped at 99999, ignores DEF","N","【契】ギガフレア・攻","0.01","8.00","161000180",""
"Prismatic","","Bahamut ZERO (Ultra Magic) (Fire)","-","","6144","269","268","308","268","268","336","Gaia Wyrm Diversion","15","ZERO Seal: Fire","15","[ZERO Seal: Ice Slot]","-","[ZERO Seal: Wind Slot]","-","[ZERO Seal: Earth Slot]","-","[ZERO Seal: Lightning Slot]","-","[ZERO Seal: Water Slot]","-","[ZERO Seal: Holy Slot]","-","[ZERO Seal: Dark Slot]","-","[ZERO Seal: Poison Slot]","-","[Inheritance Slot]","-","[Inheritance Slot]","-","","Ultra Teraflare Magic","BLK","Lowest HP% enemy","Magical","47.00","Fire, Ice, Lightning, Earth, Wind, Water, Holy, Dark, Poison","0.01","One single attack (12.00) capped at 59999, ignores RES, followed by one single attack (15.50) capped at 79999, ignores RES, followed by one single attack (19.50) capped at 99999, ignores RES","N","【契】ギガフレア・魔","0.01","8.00","161000181","✓"
"Prismatic","","Bahamut ZERO (Ultra Magic) (Ice)","-","","6144","269","268","308","268","268","336","Gaia Wyrm Diversion","15","ZERO Seal: Ice","15","[ZERO Seal: Fire Slot]","-","[ZERO Seal: Wind Slot]","-","[ZERO Seal: Earth Slot]","-","[ZERO Seal: Lightning Slot]","-","[ZERO Seal: Water Slot]","-","[ZERO Seal: Holy Slot]","-","[ZERO Seal: Dark Slot]","-","[ZERO Seal: Poison Slot]","-","[Inheritance Slot]","-","[Inheritance Slot]","-","","Ultra Teraflare Magic","BLK","Lowest HP% enemy","Magical","47.00","Fire, Ice, Lightning, Earth, Wind, Water, Holy, Dark, Poison","0.01","One single attack (12.00) capped at 59999, ignores RES, followed by one single attack (15.50) capped at 79999, ignores RES, followed by one single attack (19.50) capped at 99999, ignores RES","N","【契】ギガフレア・魔","0.01","8.00","161000182",""
"Prismatic","","Bahamut ZERO (Ultra Magic) (Lightning)","-","","6144","269","268","308","268","268","336","Gaia Wyrm Diversion","15","ZERO Seal: Lightning","15","[ZERO Seal: Fire Slot]","-","[ZERO Seal: Ice Slot]","-","[ZERO Seal: Wind Slot]","-","[ZERO Seal: Earth Slot]","-","[ZERO Seal: Water Slot]","-","[ZERO Seal: Holy Slot]","-","[ZERO Seal: Dark Slot]","-","[ZERO Seal: Poison Slot]","-","[Inheritance Slot]","-","[Inheritance Slot]","-","","Ultra Teraflare Magic","BLK","Lowest HP% enemy","Magical","47.00","Fire, Ice, Lightning, Earth, Wind, Water, Holy, Dark, Poison","0.01","One single attack (12.00) capped at 59999, ignores RES, followed by one single attack (15.50) capped at 79999, ignores RES, followed by one single attack (19.50) capped at 99999, ignores RES","N","【契】ギガフレア・魔","0.01","8.00","161000183",""
"Prismatic","","Bahamut ZERO (Ultra Magic) (Earth)","-","","6144","269","268","308","268","268","336","Gaia Wyrm Diversion","15","ZERO Seal: Earth","15","[ZERO Seal: Fire Slot]","-","[ZERO Seal: Ice Slot]","-","[ZERO Seal: Wind Slot]","-","[ZERO Seal: Lightning Slot]","-","[ZERO Seal: Water Slot]","-","[ZERO Seal: Holy Slot]","-","[ZERO Seal: Dark Slot]","-","[ZERO Seal: Poison Slot]","-","[Inheritance Slot]","-","[Inheritance Slot]","-","","Ultra Teraflare Magic","BLK","Lowest HP% enemy","Magical","47.00","Fire, Ice, Lightning, Earth, Wind, Water, Holy, Dark, Poison","0.01","One single attack (12.00) capped at 59999, ignores RES, followed by one single attack (15.50) capped at 79999, ignores RES, followed by one single attack (19.50) capped at 99999, ignores RES","N","【契】ギガフレア・魔","0.01","8.00","161000184",""
"Prismatic","","Bahamut ZERO (Ultra Magic) (Wind)","-","","6144","269","268","308","268","268","336","Gaia Wyrm Diversion","15","ZERO Seal: Wind","15","[ZERO Seal: Fire Slot]","-","[ZERO Seal: Ice Slot]","-","[ZERO Seal: Earth Slot]","-","[ZERO Seal: Lightning Slot]","-","[ZERO Seal: Water Slot]","-","[ZERO Seal: Holy Slot]","-","[ZERO Seal: Dark Slot]","-","[ZERO Seal: Poison Slot]","-","[Inheritance Slot]","-","[Inheritance Slot]","-","","Ultra Teraflare Magic","BLK","Lowest HP% enemy","Magical","47.00","Fire, Ice, Lightning, Earth, Wind, Water, Holy, Dark, Poison","0.01","One single attack (12.00) capped at 59999, ignores RES, followed by one single attack (15.50) capped at 79999, ignores RES, followed by one single attack (19.50) capped at 99999, ignores RES","N","【契】ギガフレア・魔","0.01","8.00","161000185",""
"Prismatic","","Bahamut ZERO (Ultra Magic) (Water)","-","","6144","269","268","308","268","268","336","Gaia Wyrm Diversion","15","ZERO Seal: Water","15","[ZERO Seal: Fire Slot]","-","[ZERO Seal: Ice Slot]","-","[ZERO Seal: Wind Slot]","-","[ZERO Seal: Earth Slot]","-","[ZERO Seal: Lightning Slot]","-","[ZERO Seal: Holy Slot]","-","[ZERO Seal: Dark Slot]","-","[ZERO Seal: Poison Slot]","-","[Inheritance Slot]","-","[Inheritance Slot]","-","","Ultra Teraflare Magic","BLK","Lowest HP% enemy","Magical","47.00","Fire, Ice, Lightning, Earth, Wind, Water, Holy, Dark, Poison","0.01","One single attack (12.00) capped at 59999, ignores RES, followed by one single attack (15.50) capped at 79999, ignores RES, followed by one single attack (19.50) capped at 99999, ignores RES","N","【契】ギガフレア・魔","0.01","8.00","161000186",""
"Prismatic","","Bahamut ZERO (Ultra Magic) (Holy)","-","","6144","269","268","308","268","268","336","Gaia Wyrm Diversion","15","ZERO Seal: Holy","15","[ZERO Seal: Fire Slot]","-","[ZERO Seal: Ice Slot]","-","[ZERO Seal: Wind Slot]","-","[ZERO Seal: Earth Slot]","-","[ZERO Seal: Lightning Slot]","-","[ZERO Seal: Water Slot]","-","[ZERO Seal: Dark Slot]","-","[ZERO Seal: Poison Slot]","-","[Inheritance Slot]","-","[Inheritance Slot]","-","","Ultra Teraflare Magic","BLK","Lowest HP% enemy","Magical","47.00","Fire, Ice, Lightning, Earth, Wind, Water, Holy, Dark, Poison","0.01","One single attack (12.00) capped at 59999, ignores RES, followed by one single attack (15.50) capped at 79999, ignores RES, followed by one single attack (19.50) capped at 99999, ignores RES","N","【契】ギガフレア・魔","0.01","8.00","161000187",""
"Prismatic","","Bahamut ZERO (Ultra Magic) (Dark)","-","","6144","269","268","308","268","268","336","Gaia Wyrm Diversion","15","ZERO Seal: Dark","15","[ZERO Seal: Fire Slot]","-","[ZERO Seal: Ice Slot]","-","[ZERO Seal: Wind Slot]","-","[ZERO Seal: Earth Slot]","-","[ZERO Seal: Lightning Slot]","-","[ZERO Seal: Water Slot]","-","[ZERO Seal: Holy Slot]","-","[ZERO Seal: Poison Slot]","-","[Inheritance Slot]","-","[Inheritance Slot]","-","","Ultra Teraflare Magic","BLK","Lowest HP% enemy","Magical","47.00","Fire, Ice, Lightning, Earth, Wind, Water, Holy, Dark, Poison","0.01","One single attack (12.00) capped at 59999, ignores RES, followed by one single attack (15.50) capped at 79999, ignores RES, followed by one single attack (19.50) capped at 99999, ignores RES","N","【契】ギガフレア・魔","0.01","8.00","161000188",""
"Prismatic","","Bahamut ZERO (Ultra Magic) (Poison)","-","","6144","269","268","308","268","268","336","Gaia Wyrm Diversion","15","ZERO Seal: Poison","15","[ZERO Seal: Fire Slot]","-","[ZERO Seal: Ice Slot]","-","[ZERO Seal: Wind Slot]","-","[ZERO Seal: Earth Slot]","-","[ZERO Seal: Lightning Slot]","-","[ZERO Seal: Water Slot]","-","[ZERO Seal: Holy Slot]","-","[ZERO Seal: Dark Slot]","-","[Inheritance Slot]","-","[Inheritance Slot]","-","","Ultra Teraflare Magic","BLK","Lowest HP% enemy","Magical","47.00","Fire, Ice, Lightning, Earth, Wind, Water, Holy, Dark, Poison","0.01","One single attack (12.00) capped at 59999, ignores RES, followed by one single attack (15.50) capped at 79999, ignores RES, followed by one single attack (19.50) capped at 99999, ignores RES","N","【契】ギガフレア・魔","0.01","8.00","161000189",""
"Prismatic","","Gilgamesh (Ultra Attack) (Fire)","-","","6023","301","260","267","260","260","186","Swordsman Diversion","15","Swordsman Seal: Fire","15","[Swordsman Seal: Ice Slot]","-","[Swordsman Seal: Wind Slot]","-","[Swordsman Seal: Earth Slot]","-","[Swordsman Seal: Lightning Slot]","-","[Swordsman Seal: Water Slot]","-","[Swordsman Seal: Holy Slot]","-","[Swordsman Seal: Dark Slot]","-","[Swordsman Seal: Poison Slot]","-","[Inheritance Slot]","-","[Inheritance Slot]","-","","Ultra Masamune Physical","PHY","Lowest HP% enemy","Physical","","Fire, Ice, Lightning, Earth, Wind, Water, Holy, Dark, Poison","0.01","One single ranged attack (?) capped at 99999, ignores DEF, grants [Buff Prismatic 10% (?s)] to all allies","N","【契】まさむね・攻","0.01","15.00","161000208",""
"Prismatic","","Gilgamesh (Ultra Attack) (Ice)","-","","6023","301","260","267","260","260","186","Swordsman Diversion","15","Swordsman Seal: Ice","15","[Swordsman Seal: Fire Slot]","-","[Swordsman Seal: Wind Slot]","-","[Swordsman Seal: Earth Slot]","-","[Swordsman Seal: Lightning Slot]","-","[Swordsman Seal: Water Slot]","-","[Swordsman Seal: Holy Slot]","-","[Swordsman Seal: Dark Slot]","-","[Swordsman Seal: Poison Slot]","-","[Inheritance Slot]","-","[Inheritance Slot]","-","","Ultra Masamune Physical","PHY","Lowest HP% enemy","Physical","","Fire, Ice, Lightning, Earth, Wind, Water, Holy, Dark, Poison","0.01","One single ranged attack (?) capped at 99999, ignores DEF, grants [Buff Prismatic 10% (?s)] to all allies","N","【契】まさむね・攻","0.01","15.00","161000209",""
"Prismatic","","Gilgamesh (Ultra Attack) (Lightning)","-","","6023","301","260","267","260","260","186","Swordsman Diversion","15","Swordsman Seal: Lightning","15","[Swordsman Seal: Fire Slot]","-","[Swordsman Seal: Ice Slot]","-","[Swordsman Seal: Wind Slot]","-","[Swordsman Seal: Earth Slot]","-","[Swordsman Seal: Water Slot]","-","[Swordsman Seal: Holy Slot]","-","[Swordsman Seal: Dark Slot]","-","[Swordsman Seal: Poison Slot]","-","[Inheritance Slot]","-","[Inheritance Slot]","-","","Ultra Masamune Physical","PHY","Lowest HP% enemy","Physical","","Fire, Ice, Lightning, Earth, Wind, Water, Holy, Dark, Poison","0.01","One single ranged attack (?) capped at 99999, ignores DEF, grants [Buff Prismatic 10% (?s)] to all allies","N","【契】まさむね・攻","0.01","15.00","161000210",""
"Prismatic","","Gilgamesh (Ultra Attack) (Earth)","-","","6023","301","260","267","260","260","186","Swordsman Diversion","15","Swordsman Seal: Earth","15","[Swordsman Seal: Fire Slot]","-","[Swordsman Seal: Ice Slot]","-","[Swordsman Seal: Wind Slot]","-","[Swordsman Seal: Lightning Slot]","-","[Swordsman Seal: Water Slot]","-","[Swordsman Seal: Holy Slot]","-","[Swordsman Seal: Dark Slot]","-","[Swordsman Seal: Poison Slot]","-","[Inheritance Slot]","-","[Inheritance Slot]","-","","Ultra Masamune Physical","PHY","Lowest HP% enemy","Physical","","Fire, Ice, Lightning, Earth, Wind, Water, Holy, Dark, Poison","0.01","One single ranged attack (?) capped at 99999, ignores DEF, grants [Buff Prismatic 10% (?s)] to all allies","N","【契】まさむね・攻","0.01","15.00","161000211",""
"Prismatic","","Gilgamesh (Ultra Attack) (Wind)","-","","6023","301","260","267","260","260","186","Swordsman Diversion","15","Swordsman Seal: Wind","15","[Swordsman Seal: Fire Slot]","-","[Swordsman Seal: Ice Slot]","-","[Swordsman Seal: Earth Slot]","-","[Swordsman Seal: Lightning Slot]","-","[Swordsman Seal: Water Slot]","-","[Swordsman Seal: Holy Slot]","-","[Swordsman Seal: Dark Slot]","-","[Swordsman Seal: Poison Slot]","-","[Inheritance Slot]","-","[Inheritance Slot]","-","","Ultra Masamune Physical","PHY","Lowest HP% enemy","Physical","","Fire, Ice, Lightning, Earth, Wind, Water, Holy, Dark, Poison","0.01","One single ranged attack (?) capped at 99999, ignores DEF, grants [Buff Prismatic 10% (?s)] to all allies","N","【契】まさむね・攻","0.01","15.00","161000212",""
"Prismatic","","Gilgamesh (Ultra Attack) (Water)","-","","6023","301","260","267","260","260","186","Swordsman Diversion","15","Swordsman Seal: Water","15","[Swordsman Seal: Fire Slot]","-","[Swordsman Seal: Ice Slot]","-","[Swordsman Seal: Wind Slot]","-","[Swordsman Seal: Earth Slot]","-","[Swordsman Seal: Lightning Slot]","-","[Swordsman Seal: Holy Slot]","-","[Swordsman Seal: Dark Slot]","-","[Swordsman Seal: Poison Slot]","-","[Inheritance Slot]","-","[Inheritance Slot]","-","","Ultra Masamune Physical","PHY","Lowest HP% enemy","Physical","","Fire, Ice, Lightning, Earth, Wind, Water, Holy, Dark, Poison","0.01","One single ranged attack (?) capped at 99999, ignores DEF, grants [Buff Prismatic 10% (?s)] to all allies","N","【契】まさむね・攻","0.01","15.00","161000213",""
"Prismatic","","Gilgamesh (Ultra Attack) (Holy)","-","","6023","301","260","267","260","260","186","Swordsman Diversion","15","Swordsman Seal: Holy","15","[Swordsman Seal: Fire Slot]","-","[Swordsman Seal: Ice Slot]","-","[Swordsman Seal: Wind Slot]","-","[Swordsman Seal: Earth Slot]","-","[Swordsman Seal: Lightning Slot]","-","[Swordsman Seal: Water Slot]","-","[Swordsman Seal: Dark Slot]","-","[Swordsman Seal: Poison Slot]","-","[Inheritance Slot]","-","[Inheritance Slot]","-","","Ultra Masamune Physical","PHY","Lowest HP% enemy","Physical","","Fire, Ice, Lightning, Earth, Wind, Water, Holy, Dark, Poison","0.01","One single ranged attack (?) capped at 99999, ignores DEF, grants [Buff Prismatic 10% (?s)] to all allies","N","【契】まさむね・攻","0.01","15.00","161000214",""
"Prismatic","","Gilgamesh (Ultra Attack) (Dark)","-","","6023","301","260","267","260","260","186","Swordsman Diversion","15","Swordsman Seal: Dark","15","[Swordsman Seal: Fire Slot]","-","[Swordsman Seal: Ice Slot]","-","[Swordsman Seal: Wind Slot]","-","[Swordsman Seal: Earth Slot]","-","[Swordsman Seal: Lightning Slot]","-","[Swordsman Seal: Water Slot]","-","[Swordsman Seal: Holy Slot]","-","[Swordsman Seal: Poison Slot]","-","[Inheritance Slot]","-","[Inheritance Slot]","-","","Ultra Masamune Physical","PHY","Lowest HP% enemy","Physical","","Fire, Ice, Lightning, Earth, Wind, Water, Holy, Dark, Poison","0.01","One single ranged attack (?) capped at 99999, ignores DEF, grants [Buff Prismatic 10% (?s)] to all allies","N","【契】まさむね・攻","0.01","15.00","161000215",""
"Prismatic","","Gilgamesh (Ultra Attack) (Poison)","-","","6023","301","260","267","260","260","186","Swordsman Diversion","15","Swordsman Seal: Poison","15","[Swordsman Seal: Fire Slot]","-","[Swordsman Seal: Ice Slot]","-","[Swordsman Seal: Wind Slot]","-","[Swordsman Seal: Earth Slot]","-","[Swordsman Seal: Lightning Slot]","-","[Swordsman Seal: Water Slot]","-","[Swordsman Seal: Holy Slot]","-","[Swordsman Seal: Dark Slot]","-","[Inheritance Slot]","-","[Inheritance Slot]","-","","Ultra Masamune Physical","PHY","Lowest HP% enemy","Physical","","Fire, Ice, Lightning, Earth, Wind, Water, Holy, Dark, Poison","0.01","One single ranged attack (?) capped at 99999, ignores DEF, grants [Buff Prismatic 10% (?s)] to all allies","N","【契】まさむね・攻","0.01","15.00","161000216",""
"Prismatic","","Gilgamesh (Ultra Magic) (Fire)","-","","6023","267","260","305","260","260","186","Swordsman Diversion","15","Swordsman Seal: Fire","15","[Swordsman Seal: Ice Slot]","-","[Swordsman Seal: Wind Slot]","-","[Swordsman Seal: Earth Slot]","-","[Swordsman Seal: Lightning Slot]","-","[Swordsman Seal: Water Slot]","-","[Swordsman Seal: Holy Slot]","-","[Swordsman Seal: Dark Slot]","-","[Swordsman Seal: Poison Slot]","-","[Inheritance Slot]","-","[Inheritance Slot]","-","","Ultra Masamune Magic","BLK","Lowest HP% enemy","Magical","","Fire, Ice, Lightning, Earth, Wind, Water, Holy, Dark, Poison","0.01","One single attack (?) capped at 99999, ignores RES, grants [Buff Prismatic 10% (?s)] to all allies","N","【契】まさむね・魔","0.01","15.00","161000217",""
"Prismatic","","Gilgamesh (Ultra Magic) (Ice)","-","","6023","267","260","305","260","260","186","Swordsman Diversion","15","Swordsman Seal: Ice","15","[Swordsman Seal: Fire Slot]","-","[Swordsman Seal: Wind Slot]","-","[Swordsman Seal: Earth Slot]","-","[Swordsman Seal: Lightning Slot]","-","[Swordsman Seal: Water Slot]","-","[Swordsman Seal: Holy Slot]","-","[Swordsman Seal: Dark Slot]","-","[Swordsman Seal: Poison Slot]","-","[Inheritance Slot]","-","[Inheritance Slot]","-","","Ultra Masamune Magic","BLK","Lowest HP% enemy","Magical","","Fire, Ice, Lightning, Earth, Wind, Water, Holy, Dark, Poison","0.01","One single attack (?) capped at 99999, ignores RES, grants [Buff Prismatic 10% (?s)] to all allies","N","【契】まさむね・魔","0.01","15.00","161000218",""
"Prismatic","","Gilgamesh (Ultra Magic) (Lightning)","-","","6023","267","260","305","260","260","186","Swordsman Diversion","15","Swordsman Seal: Lightning","15","[Swordsman Seal: Fire Slot]","-","[Swordsman Seal: Ice Slot]","-","[Swordsman Seal: Wind Slot]","-","[Swordsman Seal: Earth Slot]","-","[Swordsman Seal: Water Slot]","-","[Swordsman Seal: Holy Slot]","-","[Swordsman Seal: Dark Slot]","-","[Swordsman Seal: Poison Slot]","-","[Inheritance Slot]","-","[Inheritance Slot]","-","","Ultra Masamune Magic","BLK","Lowest HP% enemy","Magical","","Fire, Ice, Lightning, Earth, Wind, Water, Holy, Dark, Poison","0.01","One single attack (?) capped at 99999, ignores RES, grants [Buff Prismatic 10% (?s)] to all allies","N","【契】まさむね・魔","0.01","15.00","161000219",""
"Prismatic","","Gilgamesh (Ultra Magic) (Earth)","-","","6023","267","260","305","260","260","186","Swordsman Diversion","15","Swordsman Seal: Earth","15","[Swordsman Seal: Fire Slot]","-","[Swordsman Seal: Ice Slot]","-","[Swordsman Seal: Wind Slot]","-","[Swordsman Seal: Lightning Slot]","-","[Swordsman Seal: Water Slot]","-","[Swordsman Seal: Holy Slot]","-","[Swordsman Seal: Dark Slot]","-","[Swordsman Seal: Poison Slot]","-","[Inheritance Slot]","-","[Inheritance Slot]","-","","Ultra Masamune Magic","BLK","Lowest HP% enemy","Magical","","Fire, Ice, Lightning, Earth, Wind, Water, Holy, Dark, Poison","0.01","One single attack (?) capped at 99999, ignores RES, grants [Buff Prismatic 10% (?s)] to all allies","N","【契】まさむね・魔","0.01","15.00","161000220",""
"Prismatic","","Gilgamesh (Ultra Magic) (Wind)","-","","6023","267","260","305","260","260","186","Swordsman Diversion","15","Swordsman Seal: Wind","15","[Swordsman Seal: Fire Slot]","-","[Swordsman Seal: Ice Slot]","-","[Swordsman Seal: Earth Slot]","-","[Swordsman Seal: Lightning Slot]","-","[Swordsman Seal: Water Slot]","-","[Swordsman Seal: Holy Slot]","-","[Swordsman Seal: Dark Slot]","-","[Swordsman Seal: Poison Slot]","-","[Inheritance Slot]","-","[Inheritance Slot]","-","","Ultra Masamune Magic","BLK","Lowest HP% enemy","Magical","","Fire, Ice, Lightning, Earth, Wind, Water, Holy, Dark, Poison","0.01","One single attack (?) capped at 99999, ignores RES, grants [Buff Prismatic 10% (?s)] to all allies","N","【契】まさむね・魔","0.01","15.00","161000221",""
"Prismatic","","Gilgamesh (Ultra Magic) (Water)","-","","6023","267","260","305","260","260","186","Swordsman Diversion","15","Swordsman Seal: Water","15","[Swordsman Seal: Fire Slot]","-","[Swordsman Seal: Ice Slot]","-","[Swordsman Seal: Wind Slot]","-","[Swordsman Seal: Earth Slot]","-","[Swordsman Seal: Lightning Slot]","-","[Swordsman Seal: Holy Slot]","-","[Swordsman Seal: Dark Slot]","-","[Swordsman Seal: Poison Slot]","-","[Inheritance Slot]","-","[Inheritance Slot]","-","","Ultra Masamune Magic","BLK","Lowest HP% enemy","Magical","","Fire, Ice, Lightning, Earth, Wind, Water, Holy, Dark, Poison","0.01","One single attack (?) capped at 99999, ignores RES, grants [Buff Prismatic 10% (?s)] to all allies","N","【契】まさむね・魔","0.01","15.00","161000222",""
"Prismatic","","Gilgamesh (Ultra Magic) (Holy)","-","","6023","267","260","305","260","260","186","Swordsman Diversion","15","Swordsman Seal: Holy","15","[Swordsman Seal: Fire Slot]","-","[Swordsman Seal: Ice Slot]","-","[Swordsman Seal: Wind Slot]","-","[Swordsman Seal: Earth Slot]","-","[Swordsman Seal: Lightning Slot]","-","[Swordsman Seal: Water Slot]","-","[Swordsman Seal: Dark Slot]","-","[Swordsman Seal: Poison Slot]","-","[Inheritance Slot]","-","[Inheritance Slot]","-","","Ultra Masamune Magic","BLK","Lowest HP% enemy","Magical","","Fire, Ice, Lightning, Earth, Wind, Water, Holy, Dark, Poison","0.01","One single attack (?) capped at 99999, ignores RES, grants [Buff Prismatic 10% (?s)] to all allies","N","【契】まさむね・魔","0.01","15.00","161000223",""
"Prismatic","","Gilgamesh (Ultra Magic) (Dark)","-","","6023","267","260","305","260","260","186","Swordsman Diversion","15","Swordsman Seal: Dark","15","[Swordsman Seal: Fire Slot]","-","[Swordsman Seal: Ice Slot]","-","[Swordsman Seal: Wind Slot]","-","[Swordsman Seal: Earth Slot]","-","[Swordsman Seal: Lightning Slot]","-","[Swordsman Seal: Water Slot]","-","[Swordsman Seal: Holy Slot]","-","[Swordsman Seal: Poison Slot]","-","[Inheritance Slot]","-","[Inheritance Slot]","-","","Ultra Masamune Magic","BLK","Lowest HP% enemy","Magical","","Fire, Ice, Lightning, Earth, Wind, Water, Holy, Dark, Poison","0.01","One single attack (?) capped at 99999, ignores RES, grants [Buff Prismatic 10% (?s)] to all allies","N","【契】まさむね・魔","0.01","15.00","161000224",""
"Prismatic","","Gilgamesh (Ultra Magic) (Poison)","-","","6023","267","260","305","260","260","186","Swordsman Diversion","15","Swordsman Seal: Poison","15","[Swordsman Seal: Fire Slot]","-","[Swordsman Seal: Ice Slot]","-","[Swordsman Seal: Wind Slot]","-","[Swordsman Seal: Earth Slot]","-","[Swordsman Seal: Lightning Slot]","-","[Swordsman Seal: Water Slot]","-","[Swordsman Seal: Holy Slot]","-","[Swordsman Seal: Dark Slot]","-","[Inheritance Slot]","-","[Inheritance Slot]","-","","Ultra Masamune Magic","BLK","Lowest HP% enemy","Magical","","Fire, Ice, Lightning, Earth, Wind, Water, Holy, Dark, Poison","0.01","One single attack (?) capped at 99999, ignores RES, grants [Buff Prismatic 10% (?s)] to all allies","N","【契】まさむね・魔","0.01","15.00","161000225",""
"Prismatic","","Eden (Ultra Attack) (Fire)","-","","6272","314","267","270","267","267","1100","Spectral Space Diversion","8","Spectral Space Seal: Fire","15","[Spectral Space Seal: Ice Slot]","-","[Spectral Space Seal: Wind Slot]","-","[Spectral Space Seal: Earth Slot]","-","[Spectral Space Seal: Lightning Slot]","-","[Spectral Space Seal: Water Slot]","-","[Spectral Space Seal: Holy Slot]","-","[Spectral Space Seal: Dark Slot]","-","[Spectral Space Seal: Poison Slot]","-","[Inheritance Slot]","-","[Inheritance Slot]","-","","Ultra Eternal Breath Physical","PHY","Lowest HP% enemy","Physical","","Fire, Ice, Lightning, Earth, Wind, Water, Holy, Dark, Poison","0.01","One single ranged attack (?) capped at 59999, ignores DEF, causes [Imperil Prismatic 10% (?s)], casts respectively Eden's Breath Physical and Eden's High Breath Physical on the next 2  turns","N","【契】エターナル・ブレス・攻","0.01","8.00","161000226",""
"Prismatic","","Eden (Ultra Attack) (Ice)","-","","6272","314","267","270","267","267","1100","Spectral Space Diversion","8","Spectral Space Seal: Ice","15","[Spectral Space Seal: Fire Slot]","-","[Spectral Space Seal: Wind Slot]","-","[Spectral Space Seal: Earth Slot]","-","[Spectral Space Seal: Lightning Slot]","-","[Spectral Space Seal: Water Slot]","-","[Spectral Space Seal: Holy Slot]","-","[Spectral Space Seal: Dark Slot]","-","[Spectral Space Seal: Poison Slot]","-","[Inheritance Slot]","-","[Inheritance Slot]","-","","Ultra Eternal Breath Physical","PHY","Lowest HP% enemy","Physical","","Fire, Ice, Lightning, Earth, Wind, Water, Holy, Dark, Poison","0.01","One single ranged attack (?) capped at 59999, ignores DEF, causes [Imperil Prismatic 10% (?s)], casts respectively Eden's Breath Physical and Eden's High Breath Physical on the next 2  turns","N","【契】エターナル・ブレス・攻","0.01","8.00","161000227",""
"Prismatic","","Eden (Ultra Attack) (Lightning)","-","","6272","314","267","270","267","267","1100","Spectral Space Diversion","8","Spectral Space Seal: Lightning","15","[Spectral Space Seal: Fire Slot]","-","[Spectral Space Seal: Ice Slot]","-","[Spectral Space Seal: Wind Slot]","-","[Spectral Space Seal: Earth Slot]","-","[Spectral Space Seal: Water Slot]","-","[Spectral Space Seal: Holy Slot]","-","[Spectral Space Seal: Dark Slot]","-","[Spectral Space Seal: Poison Slot]","-","[Inheritance Slot]","-","[Inheritance Slot]","-","","Ultra Eternal Breath Physical","PHY","Lowest HP% enemy","Physical","","Fire, Ice, Lightning, Earth, Wind, Water, Holy, Dark, Poison","0.01","One single ranged attack (?) capped at 59999, ignores DEF, causes [Imperil Prismatic 10% (?s)], casts respectively Eden's Breath Physical and Eden's High Breath Physical on the next 2  turns","N","【契】エターナル・ブレス・攻","0.01","8.00","161000228",""
"Prismatic","","Eden (Ultra Attack) (Earth)","-","","6272","314","267","270","267","267","1100","Spectral Space Diversion","8","Spectral Space Seal: Earth","15","[Spectral Space Seal: Fire Slot]","-","[Spectral Space Seal: Ice Slot]","-","[Spectral Space Seal: Wind Slot]","-","[Spectral Space Seal: Lightning Slot]","-","[Spectral Space Seal: Water Slot]","-","[Spectral Space Seal: Holy Slot]","-","[Spectral Space Seal: Dark Slot]","-","[Spectral Space Seal: Poison Slot]","-","[Inheritance Slot]","-","[Inheritance Slot]","-","","Ultra Eternal Breath Physical","PHY","Lowest HP% enemy","Physical","","Fire, Ice, Lightning, Earth, Wind, Water, Holy, Dark, Poison","0.01","One single ranged attack (?) capped at 59999, ignores DEF, causes [Imperil Prismatic 10% (?s)], casts respectively Eden's Breath Physical and Eden's High Breath Physical on the next 2  turns","N","【契】エターナル・ブレス・攻","0.01","8.00","161000229",""
"Prismatic","","Eden (Ultra Attack) (Wind)","-","","6272","314","267","270","267","267","1100","Spectral Space Diversion","8","Spectral Space Seal: Wind","15","[Spectral Space Seal: Fire Slot]","-","[Spectral Space Seal: Ice Slot]","-","[Spectral Space Seal: Earth Slot]","-","[Spectral Space Seal: Lightning Slot]","-","[Spectral Space Seal: Water Slot]","-","[Spectral Space Seal: Holy Slot]","-","[Spectral Space Seal: Dark Slot]","-","[Spectral Space Seal: Poison Slot]","-","[Inheritance Slot]","-","[Inheritance Slot]","-","","Ultra Eternal Breath Physical","PHY","Lowest HP% enemy","Physical","","Fire, Ice, Lightning, Earth, Wind, Water, Holy, Dark, Poison","0.01","One single ranged attack (?) capped at 59999, ignores DEF, causes [Imperil Prismatic 10% (?s)], casts respectively Eden's Breath Physical and Eden's High Breath Physical on the next 2  turns","N","【契】エターナル・ブレス・攻","0.01","8.00","161000230",""
"Prismatic","","Eden (Ultra Attack) (Water)","-","","6272","314","267","270","267","267","1100","Spectral Space Diversion","8","Spectral Space Seal: Water","15","[Spectral Space Seal: Fire Slot]","-","[Spectral Space Seal: Ice Slot]","-","[Spectral Space Seal: Wind Slot]","-","[Spectral Space Seal: Earth Slot]","-","[Spectral Space Seal: Lightning Slot]","-","[Spectral Space Seal: Holy Slot]","-","[Spectral Space Seal: Dark Slot]","-","[Spectral Space Seal: Poison Slot]","-","[Inheritance Slot]","-","[Inheritance Slot]","-","","Ultra Eternal Breath Physical","PHY","Lowest HP% enemy","Physical","","Fire, Ice, Lightning, Earth, Wind, Water, Holy, Dark, Poison","0.01","One single ranged attack (?) capped at 59999, ignores DEF, causes [Imperil Prismatic 10% (?s)], casts respectively Eden's Breath Physical and Eden's High Breath Physical on the next 2  turns","N","【契】エターナル・ブレス・攻","0.01","8.00","161000231",""
"Prismatic","","Eden (Ultra Attack) (Holy)","-","","6272","314","267","270","267","267","1100","Spectral Space Diversion","8","Spectral Space Seal: Holy","15","[Spectral Space Seal: Fire Slot]","-","[Spectral Space Seal: Ice Slot]","-","[Spectral Space Seal: Wind Slot]","-","[Spectral Space Seal: Earth Slot]","-","[Spectral Space Seal: Lightning Slot]","-","[Spectral Space Seal: Water Slot]","-","[Spectral Space Seal: Dark Slot]","-","[Spectral Space Seal: Poison Slot]","-","[Inheritance Slot]","-","[Inheritance Slot]","-","","Ultra Eternal Breath Physical","PHY","Lowest HP% enemy","Physical","","Fire, Ice, Lightning, Earth, Wind, Water, Holy, Dark, Poison","0.01","One single ranged attack (?) capped at 59999, ignores DEF, causes [Imperil Prismatic 10% (?s)], casts respectively Eden's Breath Physical and Eden's High Breath Physical on the next 2  turns","N","【契】エターナル・ブレス・攻","0.01","8.00","161000232",""
"Prismatic","","Eden (Ultra Attack) (Dark)","-","","6272","314","267","270","267","267","1100","Spectral Space Diversion","8","Spectral Space Seal: Dark","15","[Spectral Space Seal: Fire Slot]","-","[Spectral Space Seal: Ice Slot]","-","[Spectral Space Seal: Wind Slot]","-","[Spectral Space Seal: Earth Slot]","-","[Spectral Space Seal: Lightning Slot]","-","[Spectral Space Seal: Water Slot]","-","[Spectral Space Seal: Holy Slot]","-","[Spectral Space Seal: Poison Slot]","-","[Inheritance Slot]","-","[Inheritance Slot]","-","","Ultra Eternal Breath Physical","PHY","Lowest HP% enemy","Physical","","Fire, Ice, Lightning, Earth, Wind, Water, Holy, Dark, Poison","0.01","One single ranged attack (?) capped at 59999, ignores DEF, causes [Imperil Prismatic 10% (?s)], casts respectively Eden's Breath Physical and Eden's High Breath Physical on the next 2  turns","N","【契】エターナル・ブレス・攻","0.01","8.00","161000233",""
"Prismatic","","Eden (Ultra Attack) (Poison)","-","","6272","314","267","270","267","267","1100","Spectral Space Diversion","8","Spectral Space Seal: Poison","15","[Spectral Space Seal: Fire Slot]","-","[Spectral Space Seal: Ice Slot]","-","[Spectral Space Seal: Wind Slot]","-","[Spectral Space Seal: Earth Slot]","-","[Spectral Space Seal: Lightning Slot]","-","[Spectral Space Seal: Water Slot]","-","[Spectral Space Seal: Holy Slot]","-","[Spectral Space Seal: Dark Slot]","-","[Inheritance Slot]","-","[Inheritance Slot]","-","","Ultra Eternal Breath Physical","PHY","Lowest HP% enemy","Physical","","Fire, Ice, Lightning, Earth, Wind, Water, Holy, Dark, Poison","0.01","One single ranged attack (?) capped at 59999, ignores DEF, causes [Imperil Prismatic 10% (?s)], casts respectively Eden's Breath Physical and Eden's High Breath Physical on the next 2  turns","N","【契】エターナル・ブレス・攻","0.01","8.00","161000234",""
"Prismatic","","Eden (Ultra Magic) (Fire)","-","","6272","270","267","314","267","267","1100","Spectral Space Diversion","8","Spectral Space Seal: Fire","15","[Spectral Space Seal: Ice Slot]","-","[Spectral Space Seal: Wind Slot]","-","[Spectral Space Seal: Earth Slot]","-","[Spectral Space Seal: Lightning Slot]","-","[Spectral Space Seal: Water Slot]","-","[Spectral Space Seal: Holy Slot]","-","[Spectral Space Seal: Dark Slot]","-","[Spectral Space Seal: Poison Slot]","-","[Inheritance Slot]","-","[Inheritance Slot]","-","","Ultra Eternal Breath Magic","BLK","Lowest HP% enemy","Magical","","Fire, Ice, Lightning, Earth, Wind, Water, Holy, Dark, Poison","0.01","One single attack (?) capped at 59999, ignores RES, causes [Imperil Prismatic 10% (?s)], casts respectively Eden's Breath Magic and Eden's High Breath Magic on the next 2  turns","N","【契】エターナル・ブレス・魔","0.01","8.00","161000235",""
"Prismatic","","Eden (Ultra Magic) (Ice)","-","","6272","270","267","314","267","267","1100","Spectral Space Diversion","8","Spectral Space Seal: Ice","15","[Spectral Space Seal: Fire Slot]","-","[Spectral Space Seal: Wind Slot]","-","[Spectral Space Seal: Earth Slot]","-","[Spectral Space Seal: Lightning Slot]","-","[Spectral Space Seal: Water Slot]","-","[Spectral Space Seal: Holy Slot]","-","[Spectral Space Seal: Dark Slot]","-","[Spectral Space Seal: Poison Slot]","-","[Inheritance Slot]","-","[Inheritance Slot]","-","","Ultra Eternal Breath Magic","BLK","Lowest HP% enemy","Magical","","Fire, Ice, Lightning, Earth, Wind, Water, Holy, Dark, Poison","0.01","One single attack (?) capped at 59999, ignores RES, causes [Imperil Prismatic 10% (?s)], casts respectively Eden's Breath Magic and Eden's High Breath Magic on the next 2  turns","N","【契】エターナル・ブレス・魔","0.01","8.00","161000236",""
"Prismatic","","Eden (Ultra Magic) (Lightning)","-","","6272","270","267","314","267","267","1100","Spectral Space Diversion","8","Spectral Space Seal: Lightning","15","[Spectral Space Seal: Fire Slot]","-","[Spectral Space Seal: Ice Slot]","-","[Spectral Space Seal: Wind Slot]","-","[Spectral Space Seal: Earth Slot]","-","[Spectral Space Seal: Water Slot]","-","[Spectral Space Seal: Holy Slot]","-","[Spectral Space Seal: Dark Slot]","-","[Spectral Space Seal: Poison Slot]","-","[Inheritance Slot]","-","[Inheritance Slot]","-","","Ultra Eternal Breath Magic","BLK","Lowest HP% enemy","Magical","","Fire, Ice, Lightning, Earth, Wind, Water, Holy, Dark, Poison","0.01","One single attack (?) capped at 59999, ignores RES, causes [Imperil Prismatic 10% (?s)], casts respectively Eden's Breath Magic and Eden's High Breath Magic on the next 2  turns","N","【契】エターナル・ブレス・魔","0.01","8.00","161000237",""
"Prismatic","","Eden (Ultra Magic) (Earth)","-","","6272","270","267","314","267","267","1100","Spectral Space Diversion","8","Spectral Space Seal: Earth","15","[Spectral Space Seal: Fire Slot]","-","[Spectral Space Seal: Ice Slot]","-","[Spectral Space Seal: Wind Slot]","-","[Spectral Space Seal: Lightning Slot]","-","[Spectral Space Seal: Water Slot]","-","[Spectral Space Seal: Holy Slot]","-","[Spectral Space Seal: Dark Slot]","-","[Spectral Space Seal: Poison Slot]","-","[Inheritance Slot]","-","[Inheritance Slot]","-","","Ultra Eternal Breath Magic","BLK","Lowest HP% enemy","Magical","","Fire, Ice, Lightning, Earth, Wind, Water, Holy, Dark, Poison","0.01","One single attack (?) capped at 59999, ignores RES, causes [Imperil Prismatic 10% (?s)], casts respectively Eden's Breath Magic and Eden's High Breath Magic on the next 2  turns","N","【契】エターナル・ブレス・魔","0.01","8.00","161000238",""
"Prismatic","","Eden (Ultra Magic) (Wind)","-","","6272","270","267","314","267","267","1100","Spectral Space Diversion","8","Spectral Space Seal: Wind","15","[Spectral Space Seal: Fire Slot]","-","[Spectral Space Seal: Ice Slot]","-","[Spectral Space Seal: Earth Slot]","-","[Spectral Space Seal: Lightning Slot]","-","[Spectral Space Seal: Water Slot]","-","[Spectral Space Seal: Holy Slot]","-","[Spectral Space Seal: Dark Slot]","-","[Spectral Space Seal: Poison Slot]","-","[Inheritance Slot]","-","[Inheritance Slot]","-","","Ultra Eternal Breath Magic","BLK","Lowest HP% enemy","Magical","","Fire, Ice, Lightning, Earth, Wind, Water, Holy, Dark, Poison","0.01","One single attack (?) capped at 59999, ignores RES, causes [Imperil Prismatic 10% (?s)], casts respectively Eden's Breath Magic and Eden's High Breath Magic on the next 2  turns","N","【契】エターナル・ブレス・魔","0.01","8.00","161000239",""
"Prismatic","","Eden (Ultra Magic) (Water)","-","","6272","270","267","314","267","267","1100","Spectral Space Diversion","8","Spectral Space Seal: Water","15","[Spectral Space Seal: Fire Slot]","-","[Spectral Space Seal: Ice Slot]","-","[Spectral Space Seal: Wind Slot]","-","[Spectral Space Seal: Earth Slot]","-","[Spectral Space Seal: Lightning Slot]","-","[Spectral Space Seal: Holy Slot]","-","[Spectral Space Seal: Dark Slot]","-","[Spectral Space Seal: Poison Slot]","-","[Inheritance Slot]","-","[Inheritance Slot]","-","","Ultra Eternal Breath Magic","BLK","Lowest HP% enemy","Magical","","Fire, Ice, Lightning, Earth, Wind, Water, Holy, Dark, Poison","0.01","One single attack (?) capped at 59999, ignores RES, causes [Imperil Prismatic 10% (?s)], casts respectively Eden's Breath Magic and Eden's High Breath Magic on the next 2  turns","N","【契】エターナル・ブレス・魔","0.01","8.00","161000240",""
"Prismatic","","Eden (Ultra Magic) (Holy)","-","","6272","270","267","314","267","267","1100","Spectral Space Diversion","8","Spectral Space Seal: Holy","15","[Spectral Space Seal: Fire Slot]","-","[Spectral Space Seal: Ice Slot]","-","[Spectral Space Seal: Wind Slot]","-","[Spectral Space Seal: Earth Slot]","-","[Spectral Space Seal: Lightning Slot]","-","[Spectral Space Seal: Water Slot]","-","[Spectral Space Seal: Dark Slot]","-","[Spectral Space Seal: Poison Slot]","-","[Inheritance Slot]","-","[Inheritance Slot]","-","","Ultra Eternal Breath Magic","BLK","Lowest HP% enemy","Magical","","Fire, Ice, Lightning, Earth, Wind, Water, Holy, Dark, Poison","0.01","One single attack (?) capped at 59999, ignores RES, causes [Imperil Prismatic 10% (?s)], casts respectively Eden's Breath Magic and Eden's High Breath Magic on the next 2  turns","N","【契】エターナル・ブレス・魔","0.01","8.00","161000241",""
"Prismatic","","Eden (Ultra Magic) (Dark)","-","","6272","270","267","314","267","267","1100","Spectral Space Diversion","8","Spectral Space Seal: Dark","15","[Spectral Space Seal: Fire Slot]","-","[Spectral Space Seal: Ice Slot]","-","[Spectral Space Seal: Wind Slot]","-","[Spectral Space Seal: Earth Slot]","-","[Spectral Space Seal: Lightning Slot]","-","[Spectral Space Seal: Water Slot]","-","[Spectral Space Seal: Holy Slot]","-","[Spectral Space Seal: Poison Slot]","-","[Inheritance Slot]","-","[Inheritance Slot]","-","","Ultra Eternal Breath Magic","BLK","Lowest HP% enemy","Magical","","Fire, Ice, Lightning, Earth, Wind, Water, Holy, Dark, Poison","0.01","One single attack (?) capped at 59999, ignores RES, causes [Imperil Prismatic 10% (?s)], casts respectively Eden's Breath Magic and Eden's High Breath Magic on the next 2  turns","N","【契】エターナル・ブレス・魔","0.01","8.00","161000242",""
"Prismatic","","Eden (Ultra Magic) (Poison)","-","","6272","270","267","314","267","267","1100","Spectral Space Diversion","8","Spectral Space Seal: Poison","15","[Spectral Space Seal: Fire Slot]","-","[Spectral Space Seal: Ice Slot]","-","[Spectral Space Seal: Wind Slot]","-","[Spectral Space Seal: Earth Slot]","-","[Spectral Space Seal: Lightning Slot]","-","[Spectral Space Seal: Water Slot]","-","[Spectral Space Seal: Holy Slot]","-","[Spectral Space Seal: Dark Slot]","-","[Inheritance Slot]","-","[Inheritance Slot]","-","","Ultra Eternal Breath Magic","BLK","Lowest HP% enemy","Magical","","Fire, Ice, Lightning, Earth, Wind, Water, Holy, Dark, Poison","0.01","One single attack (?) capped at 59999, ignores RES, causes [Imperil Prismatic 10% (?s)], casts respectively Eden's Breath Magic and Eden's High Breath Magic on the next 2  turns","N","【契】エターナル・ブレス・魔","0.01","8.00","161000243",""
"Prismatic","","Raiden (Ultra Attack) (Fire)","-","","6212","308","268","269","268","268","202","True Knight Diversion","15","True Knight Seal: Fire","15","[True Knight Seal: Ice Slot]","-","[True Knight Seal: Wind Slot]","-","[True Knight Seal: Earth Slot]","-","[True Knight Seal: Lightning Slot]","-","[True Knight Seal: Water Slot]","-","[True Knight Seal: Holy Slot]","-","[True Knight Seal: Dark Slot]","-","[True Knight Seal: Poison Slot]","-","[Inheritance Slot]","-","[Inheritance Slot]","-","","Ultra Shin-Zantetsuken Physical","PHY","Lowest HP% enemy","Physical","","Fire, Ice, Lightning, Earth, Wind, Water, Holy, Dark, Poison","0.01","One single ranged attack (?) capped at 99999, ignores DEF, grants [Buff Prismatic 10% (?s)] to all allies","N","【契】真・斬鉄剣・攻","0.01","15.00","161000244",""
"Prismatic","","Raiden (Ultra Attack) (Ice)","-","","6212","308","268","269","268","268","202","True Knight Diversion","15","True Knight Seal: Ice","15","[True Knight Seal: Fire Slot]","-","[True Knight Seal: Wind Slot]","-","[True Knight Seal: Earth Slot]","-","[True Knight Seal: Lightning Slot]","-","[True Knight Seal: Water Slot]","-","[True Knight Seal: Holy Slot]","-","[True Knight Seal: Dark Slot]","-","[True Knight Seal: Poison Slot]","-","[Inheritance Slot]","-","[Inheritance Slot]","-","","Ultra Shin-Zantetsuken Physical","PHY","Lowest HP% enemy","Physical","","Fire, Ice, Lightning, Earth, Wind, Water, Holy, Dark, Poison","0.01","One single ranged attack (?) capped at 99999, ignores DEF, grants [Buff Prismatic 10% (?s)] to all allies","N","【契】真・斬鉄剣・攻","0.01","15.00","161000245",""
"Prismatic","","Raiden (Ultra Attack) (Lightning)","-","","6212","308","268","269","268","268","202","True Knight Diversion","15","True Knight Seal: Lightning","15","[True Knight Seal: Fire Slot]","-","[True Knight Seal: Ice Slot]","-","[True Knight Seal: Wind Slot]","-","[True Knight Seal: Earth Slot]","-","[True Knight Seal: Water Slot]","-","[True Knight Seal: Holy Slot]","-","[True Knight Seal: Dark Slot]","-","[True Knight Seal: Poison Slot]","-","[Inheritance Slot]","-","[Inheritance Slot]","-","","Ultra Shin-Zantetsuken Physical","PHY","Lowest HP% enemy","Physical","","Fire, Ice, Lightning, Earth, Wind, Water, Holy, Dark, Poison","0.01","One single ranged attack (?) capped at 99999, ignores DEF, grants [Buff Prismatic 10% (?s)] to all allies","N","【契】真・斬鉄剣・攻","0.01","15.00","161000246",""
"Prismatic","","Raiden (Ultra Attack) (Earth)","-","","6212","308","268","269","268","268","202","True Knight Diversion","15","True Knight Seal: Earth","15","[True Knight Seal: Fire Slot]","-","[True Knight Seal: Ice Slot]","-","[True Knight Seal: Wind Slot]","-","[True Knight Seal: Lightning Slot]","-","[True Knight Seal: Water Slot]","-","[True Knight Seal: Holy Slot]","-","[True Knight Seal: Dark Slot]","-","[True Knight Seal: Poison Slot]","-","[Inheritance Slot]","-","[Inheritance Slot]","-","","Ultra Shin-Zantetsuken Physical","PHY","Lowest HP% enemy","Physical","","Fire, Ice, Lightning, Earth, Wind, Water, Holy, Dark, Poison","0.01","One single ranged attack (?) capped at 99999, ignores DEF, grants [Buff Prismatic 10% (?s)] to all allies","N","【契】真・斬鉄剣・攻","0.01","15.00","161000247",""
"Prismatic","","Raiden (Ultra Attack) (Wind)","-","","6212","308","268","269","268","268","202","True Knight Diversion","15","True Knight Seal: Wind","15","[True Knight Seal: Fire Slot]","-","[True Knight Seal: Ice Slot]","-","[True Knight Seal: Earth Slot]","-","[True Knight Seal: Lightning Slot]","-","[True Knight Seal: Water Slot]","-","[True Knight Seal: Holy Slot]","-","[True Knight Seal: Dark Slot]","-","[True Knight Seal: Poison Slot]","-","[Inheritance Slot]","-","[Inheritance Slot]","-","","Ultra Shin-Zantetsuken Physical","PHY","Lowest HP% enemy","Physical","","Fire, Ice, Lightning, Earth, Wind, Water, Holy, Dark, Poison","0.01","One single ranged attack (?) capped at 99999, ignores DEF, grants [Buff Prismatic 10% (?s)] to all allies","N","【契】真・斬鉄剣・攻","0.01","15.00","161000248",""
"Prismatic","","Raiden (Ultra Attack) (Water)","-","","6212","308","268","269","268","268","202","True Knight Diversion","15","True Knight Seal: Water","15","[True Knight Seal: Fire Slot]","-","[True Knight Seal: Ice Slot]","-","[True Knight Seal: Wind Slot]","-","[True Knight Seal: Earth Slot]","-","[True Knight Seal: Lightning Slot]","-","[True Knight Seal: Holy Slot]","-","[True Knight Seal: Dark Slot]","-","[True Knight Seal: Poison Slot]","-","[Inheritance Slot]","-","[Inheritance Slot]","-","","Ultra Shin-Zantetsuken Physical","PHY","Lowest HP% enemy","Physical","","Fire, Ice, Lightning, Earth, Wind, Water, Holy, Dark, Poison","0.01","One single ranged attack (?) capped at 99999, ignores DEF, grants [Buff Prismatic 10% (?s)] to all allies","N","【契】真・斬鉄剣・攻","0.01","15.00","161000249",""
"Prismatic","","Raiden (Ultra Attack) (Holy)","-","","6212","308","268","269","268","268","202","True Knight Diversion","15","True Knight Seal: Holy","15","[True Knight Seal: Fire Slot]","-","[True Knight Seal: Ice Slot]","-","[True Knight Seal: Wind Slot]","-","[True Knight Seal: Earth Slot]","-","[True Knight Seal: Lightning Slot]","-","[True Knight Seal: Water Slot]","-","[True Knight Seal: Dark Slot]","-","[True Knight Seal: Poison Slot]","-","[Inheritance Slot]","-","[Inheritance Slot]","-","","Ultra Shin-Zantetsuken Physical","PHY","Lowest HP% enemy","Physical","","Fire, Ice, Lightning, Earth, Wind, Water, Holy, Dark, Poison","0.01","One single ranged attack (?) capped at 99999, ignores DEF, grants [Buff Prismatic 10% (?s)] to all allies","N","【契】真・斬鉄剣・攻","0.01","15.00","161000250",""
"Prismatic","","Raiden (Ultra Attack) (Dark)","-","","6212","308","268","269","268","268","202","True Knight Diversion","15","True Knight Seal: Dark","15","[True Knight Seal: Fire Slot]","-","[True Knight Seal: Ice Slot]","-","[True Knight Seal: Wind Slot]","-","[True Knight Seal: Earth Slot]","-","[True Knight Seal: Lightning Slot]","-","[True Knight Seal: Water Slot]","-","[True Knight Seal: Holy Slot]","-","[True Knight Seal: Poison Slot]","-","[Inheritance Slot]","-","[Inheritance Slot]","-","","Ultra Shin-Zantetsuken Physical","PHY","Lowest HP% enemy","Physical","","Fire, Ice, Lightning, Earth, Wind, Water, Holy, Dark, Poison","0.01","One single ranged attack (?) capped at 99999, ignores DEF, grants [Buff Prismatic 10% (?s)] to all allies","N","【契】真・斬鉄剣・攻","0.01","15.00","161000251",""
"Prismatic","","Raiden (Ultra Attack) (Poison)","-","","6212","308","268","269","268","268","202","True Knight Diversion","15","True Knight Seal: Poison","15","[True Knight Seal: Fire Slot]","-","[True Knight Seal: Ice Slot]","-","[True Knight Seal: Wind Slot]","-","[True Knight Seal: Earth Slot]","-","[True Knight Seal: Lightning Slot]","-","[True Knight Seal: Water Slot]","-","[True Knight Seal: Holy Slot]","-","[True Knight Seal: Dark Slot]","-","[Inheritance Slot]","-","[Inheritance Slot]","-","","Ultra Shin-Zantetsuken Physical","PHY","Lowest HP% enemy","Physical","","Fire, Ice, Lightning, Earth, Wind, Water, Holy, Dark, Poison","0.01","One single ranged attack (?) capped at 99999, ignores DEF, grants [Buff Prismatic 10% (?s)] to all allies","N","【契】真・斬鉄剣・攻","0.01","15.00","161000252",""
"Prismatic","","Raiden (Ultra Magic) (Fire)","-","","6212","269","268","308","268","268","202","True Knight Diversion","15","True Knight Seal: Fire","15","[True Knight Seal: Ice Slot]","-","[True Knight Seal: Wind Slot]","-","[True Knight Seal: Earth Slot]","-","[True Knight Seal: Lightning Slot]","-","[True Knight Seal: Water Slot]","-","[True Knight Seal: Holy Slot]","-","[True Knight Seal: Dark Slot]","-","[True Knight Seal: Poison Slot]","-","[Inheritance Slot]","-","[Inheritance Slot]","-","","Ultra Shin-Zantetsuken Magic","BLK","Lowest HP% enemy","Magical","","Fire, Ice, Lightning, Earth, Wind, Water, Holy, Dark, Poison","0.01","One single attack (?) capped at 99999, ignores RES, grants [Buff Prismatic 10% (?s)] to all allies","N","【契】真・斬鉄剣・魔","0.01","15.00","161000253",""
"Prismatic","","Raiden (Ultra Magic) (Ice)","-","","6212","269","268","308","268","268","202","True Knight Diversion","15","True Knight Seal: Ice","15","[True Knight Seal: Fire Slot]","-","[True Knight Seal: Wind Slot]","-","[True Knight Seal: Earth Slot]","-","[True Knight Seal: Lightning Slot]","-","[True Knight Seal: Water Slot]","-","[True Knight Seal: Holy Slot]","-","[True Knight Seal: Dark Slot]","-","[True Knight Seal: Poison Slot]","-","[Inheritance Slot]","-","[Inheritance Slot]","-","","Ultra Shin-Zantetsuken Magic","BLK","Lowest HP% enemy","Magical","","Fire, Ice, Lightning, Earth, Wind, Water, Holy, Dark, Poison","0.01","One single attack (?) capped at 99999, ignores RES, grants [Buff Prismatic 10% (?s)] to all allies","N","【契】真・斬鉄剣・魔","0.01","15.00","161000254",""
"Prismatic","","Raiden (Ultra Magic) (Lightning)","-","","6212","269","268","308","268","268","202","True Knight Diversion","15","True Knight Seal: Lightning","15","[True Knight Seal: Fire Slot]","-","[True Knight Seal: Ice Slot]","-","[True Knight Seal: Wind Slot]","-","[True Knight Seal: Earth Slot]","-","[True Knight Seal: Water Slot]","-","[True Knight Seal: Holy Slot]","-","[True Knight Seal: Dark Slot]","-","[True Knight Seal: Poison Slot]","-","[Inheritance Slot]","-","[Inheritance Slot]","-","","Ultra Shin-Zantetsuken Magic","BLK","Lowest HP% enemy","Magical","","Fire, Ice, Lightning, Earth, Wind, Water, Holy, Dark, Poison","0.01","One single attack (?) capped at 99999, ignores RES, grants [Buff Prismatic 10% (?s)] to all allies","N","【契】真・斬鉄剣・魔","0.01","15.00","161000255",""
"Prismatic","","Raiden (Ultra Magic) (Earth)","-","","6212","269","268","308","268","268","202","True Knight Diversion","15","True Knight Seal: Earth","15","[True Knight Seal: Fire Slot]","-","[True Knight Seal: Ice Slot]","-","[True Knight Seal: Wind Slot]","-","[True Knight Seal: Lightning Slot]","-","[True Knight Seal: Water Slot]","-","[True Knight Seal: Holy Slot]","-","[True Knight Seal: Dark Slot]","-","[True Knight Seal: Poison Slot]","-","[Inheritance Slot]","-","[Inheritance Slot]","-","","Ultra Shin-Zantetsuken Magic","BLK","Lowest HP% enemy","Magical","","Fire, Ice, Lightning, Earth, Wind, Water, Holy, Dark, Poison","0.01","One single attack (?) capped at 99999, ignores RES, grants [Buff Prismatic 10% (?s)] to all allies","N","【契】真・斬鉄剣・魔","0.01","15.00","161000256",""
"Prismatic","","Raiden (Ultra Magic) (Wind)","-","","6212","269","268","308","268","268","202","True Knight Diversion","15","True Knight Seal: Wind","15","[True Knight Seal: Fire Slot]","-","[True Knight Seal: Ice Slot]","-","[True Knight Seal: Earth Slot]","-","[True Knight Seal: Lightning Slot]","-","[True Knight Seal: Water Slot]","-","[True Knight Seal: Holy Slot]","-","[True Knight Seal: Dark Slot]","-","[True Knight Seal: Poison Slot]","-","[Inheritance Slot]","-","[Inheritance Slot]","-","","Ultra Shin-Zantetsuken Magic","BLK","Lowest HP% enemy","Magical","","Fire, Ice, Lightning, Earth, Wind, Water, Holy, Dark, Poison","0.01","One single attack (?) capped at 99999, ignores RES, grants [Buff Prismatic 10% (?s)] to all allies","N","【契】真・斬鉄剣・魔","0.01","15.00","161000257",""
"Prismatic","","Raiden (Ultra Magic) (Water)","-","","6212","269","268","308","268","268","202","True Knight Diversion","15","True Knight Seal: Water","15","[True Knight Seal: Fire Slot]","-","[True Knight Seal: Ice Slot]","-","[True Knight Seal: Wind Slot]","-","[True Knight Seal: Earth Slot]","-","[True Knight Seal: Lightning Slot]","-","[True Knight Seal: Holy Slot]","-","[True Knight Seal: Dark Slot]","-","[True Knight Seal: Poison Slot]","-","[Inheritance Slot]","-","[Inheritance Slot]","-","","Ultra Shin-Zantetsuken Magic","BLK","Lowest HP% enemy","Magical","","Fire, Ice, Lightning, Earth, Wind, Water, Holy, Dark, Poison","0.01","One single attack (?) capped at 99999, ignores RES, grants [Buff Prismatic 10% (?s)] to all allies","N","【契】真・斬鉄剣・魔","0.01","15.00","161000258",""
"Prismatic","","Raiden (Ultra Magic) (Holy)","-","","6212","269","268","308","268","268","202","True Knight Diversion","15","True Knight Seal: Holy","15","[True Knight Seal: Fire Slot]","-","[True Knight Seal: Ice Slot]","-","[True Knight Seal: Wind Slot]","-","[True Knight Seal: Earth Slot]","-","[True Knight Seal: Lightning Slot]","-","[True Knight Seal: Water Slot]","-","[True Knight Seal: Dark Slot]","-","[True Knight Seal: Poison Slot]","-","[Inheritance Slot]","-","[Inheritance Slot]","-","","Ultra Shin-Zantetsuken Magic","BLK","Lowest HP% enemy","Magical","","Fire, Ice, Lightning, Earth, Wind, Water, Holy, Dark, Poison","0.01","One single attack (?) capped at 99999, ignores RES, grants [Buff Prismatic 10% (?s)] to all allies","N","【契】真・斬鉄剣・魔","0.01","15.00","161000259",""
"Prismatic","","Raiden (Ultra Magic) (Dark)","-","","6212","269","268","308","268","268","202","True Knight Diversion","15","True Knight Seal: Dark","15","[True Knight Seal: Fire Slot]","-","[True Knight Seal: Ice Slot]","-","[True Knight Seal: Wind Slot]","-","[True Knight Seal: Earth Slot]","-","[True Knight Seal: Lightning Slot]","-","[True Knight Seal: Water Slot]","-","[True Knight Seal: Holy Slot]","-","[True Knight Seal: Poison Slot]","-","[Inheritance Slot]","-","[Inheritance Slot]","-","","Ultra Shin-Zantetsuken Magic","BLK","Lowest HP% enemy","Magical","","Fire, Ice, Lightning, Earth, Wind, Water, Holy, Dark, Poison","0.01","One single attack (?) capped at 99999, ignores RES, grants [Buff Prismatic 10% (?s)] to all allies","N","【契】真・斬鉄剣・魔","0.01","15.00","161000260",""
"Prismatic","","Raiden (Ultra Magic) (Poison)","-","","6212","269","268","308","268","268","202","True Knight Diversion","15","True Knight Seal: Poison","15","[True Knight Seal: Fire Slot]","-","[True Knight Seal: Ice Slot]","-","[True Knight Seal: Wind Slot]","-","[True Knight Seal: Earth Slot]","-","[True Knight Seal: Lightning Slot]","-","[True Knight Seal: Water Slot]","-","[True Knight Seal: Holy Slot]","-","[True Knight Seal: Dark Slot]","-","[Inheritance Slot]","-","[Inheritance Slot]","-","","Ultra Shin-Zantetsuken Magic","BLK","Lowest HP% enemy","Magical","","Fire, Ice, Lightning, Earth, Wind, Water, Holy, Dark, Poison","0.01","One single attack (?) capped at 99999, ignores RES, grants [Buff Prismatic 10% (?s)] to all allies","N","【契】真・斬鉄剣・魔","0.01","15.00","161000261",""
"Prismatic","","Crusader (Ultra Attack) (Fire)","-","","6390","321","275","271","275","275","336","World's End Diversion","15","World's End Seal: Fire","15","[World's End Seal: Ice Slot]","-","[World's End Seal: Wind Slot]","-","[World's End Seal: Earth Slot]","-","[World's End Seal: Lightning Slot]","-","[World's End Seal: Water Slot]","-","[World's End Seal: Holy Slot]","-","[World's End Seal: Dark Slot]","-","[World's End Seal: Poison Slot]","-","[Inheritance Slot]","-","[Inheritance Slot]","-","","Ultra Cleansing Physical","PHY","Lowest HP% enemy","Physical","","Fire, Ice, Lightning, Earth, Wind, Water, Holy, Dark, Poison","0.01","Three single ranged attacks (?) capped at 99999, ignores DEF, grants [Buff Prismatic 10% (?s)] to all allies","N","【契】天地崩壊・攻","0.01","8.00","161000262",""
"Prismatic","","Crusader (Ultra Attack) (Ice)","-","","6390","321","275","271","275","275","336","World's End Diversion","15","World's End Seal: Ice","15","[World's End Seal: Fire Slot]","-","[World's End Seal: Wind Slot]","-","[World's End Seal: Earth Slot]","-","[World's End Seal: Lightning Slot]","-","[World's End Seal: Water Slot]","-","[World's End Seal: Holy Slot]","-","[World's End Seal: Dark Slot]","-","[World's End Seal: Poison Slot]","-","[Inheritance Slot]","-","[Inheritance Slot]","-","","Ultra Cleansing Physical","PHY","Lowest HP% enemy","Physical","","Fire, Ice, Lightning, Earth, Wind, Water, Holy, Dark, Poison","0.01","Three single ranged attacks (?) capped at 99999, ignores DEF, grants [Buff Prismatic 10% (?s)] to all allies","N","【契】天地崩壊・攻","0.01","8.00","161000263",""
"Prismatic","","Crusader (Ultra Attack) (Lightning)","-","","6390","321","275","271","275","275","336","World's End Diversion","15","World's End Seal: Lightning","15","[World's End Seal: Fire Slot]","-","[World's End Seal: Ice Slot]","-","[World's End Seal: Wind Slot]","-","[World's End Seal: Earth Slot]","-","[World's End Seal: Water Slot]","-","[World's End Seal: Holy Slot]","-","[World's End Seal: Dark Slot]","-","[World's End Seal: Poison Slot]","-","[Inheritance Slot]","-","[Inheritance Slot]","-","","Ultra Cleansing Physical","PHY","Lowest HP% enemy","Physical","","Fire, Ice, Lightning, Earth, Wind, Water, Holy, Dark, Poison","0.01","Three single ranged attacks (?) capped at 99999, ignores DEF, grants [Buff Prismatic 10% (?s)] to all allies","N","【契】天地崩壊・攻","0.01","8.00","161000264",""
"Prismatic","","Crusader (Ultra Attack) (Earth)","-","","6390","321","275","271","275","275","336","World's End Diversion","15","World's End Seal: Earth","15","[World's End Seal: Fire Slot]","-","[World's End Seal: Ice Slot]","-","[World's End Seal: Wind Slot]","-","[World's End Seal: Lightning Slot]","-","[World's End Seal: Water Slot]","-","[World's End Seal: Holy Slot]","-","[World's End Seal: Dark Slot]","-","[World's End Seal: Poison Slot]","-","[Inheritance Slot]","-","[Inheritance Slot]","-","","Ultra Cleansing Physical","PHY","Lowest HP% enemy","Physical","","Fire, Ice, Lightning, Earth, Wind, Water, Holy, Dark, Poison","0.01","Three single ranged attacks (?) capped at 99999, ignores DEF, grants [Buff Prismatic 10% (?s)] to all allies","N","【契】天地崩壊・攻","0.01","8.00","161000265",""
"Prismatic","","Crusader (Ultra Attack) (Wind)","-","","6390","321","275","271","275","275","336","World's End Diversion","15","World's End Seal: Wind","15","[World's End Seal: Fire Slot]","-","[World's End Seal: Ice Slot]","-","[World's End Seal: Earth Slot]","-","[World's End Seal: Lightning Slot]","-","[World's End Seal: Water Slot]","-","[World's End Seal: Holy Slot]","-","[World's End Seal: Dark Slot]","-","[World's End Seal: Poison Slot]","-","[Inheritance Slot]","-","[Inheritance Slot]","-","","Ultra Cleansing Physical","PHY","Lowest HP% enemy","Physical","","Fire, Ice, Lightning, Earth, Wind, Water, Holy, Dark, Poison","0.01","Three single ranged attacks (?) capped at 99999, ignores DEF, grants [Buff Prismatic 10% (?s)] to all allies","N","【契】天地崩壊・攻","0.01","8.00","161000266",""
"Prismatic","","Crusader (Ultra Attack) (Water)","-","","6390","321","275","271","275","275","336","World's End Diversion","15","World's End Seal: Water","15","[World's End Seal: Fire Slot]","-","[World's End Seal: Ice Slot]","-","[World's End Seal: Wind Slot]","-","[World's End Seal: Earth Slot]","-","[World's End Seal: Lightning Slot]","-","[World's End Seal: Holy Slot]","-","[World's End Seal: Dark Slot]","-","[World's End Seal: Poison Slot]","-","[Inheritance Slot]","-","[Inheritance Slot]","-","","Ultra Cleansing Physical","PHY","Lowest HP% enemy","Physical","","Fire, Ice, Lightning, Earth, Wind, Water, Holy, Dark, Poison","0.01","Three single ranged attacks (?) capped at 99999, ignores DEF, grants [Buff Prismatic 10% (?s)] to all allies","N","【契】天地崩壊・攻","0.01","8.00","161000267",""
"Prismatic","","Crusader (Ultra Attack) (Holy)","-","","6390","321","275","271","275","275","336","World's End Diversion","15","World's End Seal: Holy","15","[World's End Seal: Fire Slot]","-","[World's End Seal: Ice Slot]","-","[World's End Seal: Wind Slot]","-","[World's End Seal: Earth Slot]","-","[World's End Seal: Lightning Slot]","-","[World's End Seal: Water Slot]","-","[World's End Seal: Dark Slot]","-","[World's End Seal: Poison Slot]","-","[Inheritance Slot]","-","[Inheritance Slot]","-","","Ultra Cleansing Physical","PHY","Lowest HP% enemy","Physical","","Fire, Ice, Lightning, Earth, Wind, Water, Holy, Dark, Poison","0.01","Three single ranged attacks (?) capped at 99999, ignores DEF, grants [Buff Prismatic 10% (?s)] to all allies","N","【契】天地崩壊・攻","0.01","8.00","161000268",""
"Prismatic","","Crusader (Ultra Attack) (Dark)","-","","6390","321","275","271","275","275","336","World's End Diversion","15","World's End Seal: Dark","15","[World's End Seal: Fire Slot]","-","[World's End Seal: Ice Slot]","-","[World's End Seal: Wind Slot]","-","[World's End Seal: Earth Slot]","-","[World's End Seal: Lightning Slot]","-","[World's End Seal: Water Slot]","-","[World's End Seal: Holy Slot]","-","[World's End Seal: Poison Slot]","-","[Inheritance Slot]","-","[Inheritance Slot]","-","","Ultra Cleansing Physical","PHY","Lowest HP% enemy","Physical","","Fire, Ice, Lightning, Earth, Wind, Water, Holy, Dark, Poison","0.01","Three single ranged attacks (?) capped at 99999, ignores DEF, grants [Buff Prismatic 10% (?s)] to all allies","N","【契】天地崩壊・攻","0.01","8.00","161000269",""
"Prismatic","","Crusader (Ultra Attack) (Poison)","-","","6390","321","275","271","275","275","336","World's End Diversion","15","World's End Seal: Poison","15","[World's End Seal: Fire Slot]","-","[World's End Seal: Ice Slot]","-","[World's End Seal: Wind Slot]","-","[World's End Seal: Earth Slot]","-","[World's End Seal: Lightning Slot]","-","[World's End Seal: Water Slot]","-","[World's End Seal: Holy Slot]","-","[World's End Seal: Dark Slot]","-","[Inheritance Slot]","-","[Inheritance Slot]","-","","Ultra Cleansing Physical","PHY","Lowest HP% enemy","Physical","","Fire, Ice, Lightning, Earth, Wind, Water, Holy, Dark, Poison","0.01","Three single ranged attacks (?) capped at 99999, ignores DEF, grants [Buff Prismatic 10% (?s)] to all allies","N","【契】天地崩壊・攻","0.01","8.00","161000270",""
"Prismatic","","Crusader (Ultra Magic) (Fire)","-","","6390","271","275","321","275","275","336","World's End Diversion","15","World's End Seal: Fire","15","[World's End Seal: Ice Slot]","-","[World's End Seal: Wind Slot]","-","[World's End Seal: Earth Slot]","-","[World's End Seal: Lightning Slot]","-","[World's End Seal: Water Slot]","-","[World's End Seal: Holy Slot]","-","[World's End Seal: Dark Slot]","-","[World's End Seal: Poison Slot]","-","[Inheritance Slot]","-","[Inheritance Slot]","-","","Ultra Cleansing Magic","BLK","Lowest HP% enemy","Magical","","Fire, Ice, Lightning, Earth, Wind, Water, Holy, Dark, Poison","0.01","Three single attacks (?) capped at 99999, ignores RES, grants [Buff Prismatic 10% (?s)] to all allies","N","【契】天地崩壊・魔","0.01","8.00","161000271",""
"Prismatic","","Crusader (Ultra Magic) (Ice)","-","","6390","271","275","321","275","275","336","World's End Diversion","15","World's End Seal: Ice","15","[World's End Seal: Fire Slot]","-","[World's End Seal: Wind Slot]","-","[World's End Seal: Earth Slot]","-","[World's End Seal: Lightning Slot]","-","[World's End Seal: Water Slot]","-","[World's End Seal: Holy Slot]","-","[World's End Seal: Dark Slot]","-","[World's End Seal: Poison Slot]","-","[Inheritance Slot]","-","[Inheritance Slot]","-","","Ultra Cleansing Magic","BLK","Lowest HP% enemy","Magical","","Fire, Ice, Lightning, Earth, Wind, Water, Holy, Dark, Poison","0.01","Three single attacks (?) capped at 99999, ignores RES, grants [Buff Prismatic 10% (?s)] to all allies","N","【契】天地崩壊・魔","0.01","8.00","161000272",""
"Prismatic","","Crusader (Ultra Magic) (Lightning)","-","","6390","271","275","321","275","275","336","World's End Diversion","15","World's End Seal: Lightning","15","[World's End Seal: Fire Slot]","-","[World's End Seal: Ice Slot]","-","[World's End Seal: Wind Slot]","-","[World's End Seal: Earth Slot]","-","[World's End Seal: Water Slot]","-","[World's End Seal: Holy Slot]","-","[World's End Seal: Dark Slot]","-","[World's End Seal: Poison Slot]","-","[Inheritance Slot]","-","[Inheritance Slot]","-","","Ultra Cleansing Magic","BLK","Lowest HP% enemy","Magical","","Fire, Ice, Lightning, Earth, Wind, Water, Holy, Dark, Poison","0.01","Three single attacks (?) capped at 99999, ignores RES, grants [Buff Prismatic 10% (?s)] to all allies","N","【契】天地崩壊・魔","0.01","8.00","161000273",""
"Prismatic","","Crusader (Ultra Magic) (Earth)","-","","6390","271","275","321","275","275","336","World's End Diversion","15","World's End Seal: Earth","15","[World's End Seal: Fire Slot]","-","[World's End Seal: Ice Slot]","-","[World's End Seal: Wind Slot]","-","[World's End Seal: Lightning Slot]","-","[World's End Seal: Water Slot]","-","[World's End Seal: Holy Slot]","-","[World's End Seal: Dark Slot]","-","[World's End Seal: Poison Slot]","-","[Inheritance Slot]","-","[Inheritance Slot]","-","","Ultra Cleansing Magic","BLK","Lowest HP% enemy","Magical","","Fire, Ice, Lightning, Earth, Wind, Water, Holy, Dark, Poison","0.01","Three single attacks (?) capped at 99999, ignores RES, grants [Buff Prismatic 10% (?s)] to all allies","N","【契】天地崩壊・魔","0.01","8.00","161000274",""
"Prismatic","","Crusader (Ultra Magic) (Wind)","-","","6390","271","275","321","275","275","336","World's End Diversion","15","World's End Seal: Wind","15","[World's End Seal: Fire Slot]","-","[World's End Seal: Ice Slot]","-","[World's End Seal: Earth Slot]","-","[World's End Seal: Lightning Slot]","-","[World's End Seal: Water Slot]","-","[World's End Seal: Holy Slot]","-","[World's End Seal: Dark Slot]","-","[World's End Seal: Poison Slot]","-","[Inheritance Slot]","-","[Inheritance Slot]","-","","Ultra Cleansing Magic","BLK","Lowest HP% enemy","Magical","","Fire, Ice, Lightning, Earth, Wind, Water, Holy, Dark, Poison","0.01","Three single attacks (?) capped at 99999, ignores RES, grants [Buff Prismatic 10% (?s)] to all allies","N","【契】天地崩壊・魔","0.01","8.00","161000275",""
"Prismatic","","Crusader (Ultra Magic) (Water)","-","","6390","271","275","321","275","275","336","World's End Diversion","15","World's End Seal: Water","15","[World's End Seal: Fire Slot]","-","[World's End Seal: Ice Slot]","-","[World's End Seal: Wind Slot]","-","[World's End Seal: Earth Slot]","-","[World's End Seal: Lightning Slot]","-","[World's End Seal: Holy Slot]","-","[World's End Seal: Dark Slot]","-","[World's End Seal: Poison Slot]","-","[Inheritance Slot]","-","[Inheritance Slot]","-","","Ultra Cleansing Magic","BLK","Lowest HP% enemy","Magical","","Fire, Ice, Lightning, Earth, Wind, Water, Holy, Dark, Poison","0.01","Three single attacks (?) capped at 99999, ignores RES, grants [Buff Prismatic 10% (?s)] to all allies","N","【契】天地崩壊・魔","0.01","8.00","161000276",""
"Prismatic","","Crusader (Ultra Magic) (Holy)","-","","6390","271","275","321","275","275","336","World's End Diversion","15","World's End Seal: Holy","15","[World's End Seal: Fire Slot]","-","[World's End Seal: Ice Slot]","-","[World's End Seal: Wind Slot]","-","[World's End Seal: Earth Slot]","-","[World's End Seal: Lightning Slot]","-","[World's End Seal: Water Slot]","-","[World's End Seal: Dark Slot]","-","[World's End Seal: Poison Slot]","-","[Inheritance Slot]","-","[Inheritance Slot]","-","","Ultra Cleansing Magic","BLK","Lowest HP% enemy","Magical","","Fire, Ice, Lightning, Earth, Wind, Water, Holy, Dark, Poison","0.01","Three single attacks (?) capped at 99999, ignores RES, grants [Buff Prismatic 10% (?s)] to all allies","N","【契】天地崩壊・魔","0.01","8.00","161000277",""
"Prismatic","","Crusader (Ultra Magic) (Dark)","-","","6390","271","275","321","275","275","336","World's End Diversion","15","World's End Seal: Dark","15","[World's End Seal: Fire Slot]","-","[World's End Seal: Ice Slot]","-","[World's End Seal: Wind Slot]","-","[World's End Seal: Earth Slot]","-","[World's End Seal: Lightning Slot]","-","[World's End Seal: Water Slot]","-","[World's End Seal: Holy Slot]","-","[World's End Seal: Poison Slot]","-","[Inheritance Slot]","-","[Inheritance Slot]","-","","Ultra Cleansing Magic","BLK","Lowest HP% enemy","Magical","","Fire, Ice, Lightning, Earth, Wind, Water, Holy, Dark, Poison","0.01","Three single attacks (?) capped at 99999, ignores RES, grants [Buff Prismatic 10% (?s)] to all allies","N","【契】天地崩壊・魔","0.01","8.00","161000278",""
"Prismatic","","Crusader (Ultra Magic) (Poison)","-","","6390","271","275","321","275","275","336","World's End Diversion","15","World's End Seal: Poison","15","[World's End Seal: Fire Slot]","-","[World's End Seal: Ice Slot]","-","[World's End Seal: Wind Slot]","-","[World's End Seal: Earth Slot]","-","[World's End Seal: Lightning Slot]","-","[World's End Seal: Water Slot]","-","[World's End Seal: Holy Slot]","-","[World's End Seal: Dark Slot]","-","[Inheritance Slot]","-","[Inheritance Slot]","-","","Ultra Cleansing Magic","BLK","Lowest HP% enemy","Magical","","Fire, Ice, Lightning, Earth, Wind, Water, Holy, Dark, Poison","0.01","Three single attacks (?) capped at 99999, ignores RES, grants [Buff Prismatic 10% (?s)] to all allies","N","【契】天地崩壊・魔","0.01","8.00","161000279",""
"Prismatic","","Atomos (Ultra Attack)","-","","6212","308","268","269","268","268","202","Suction Diversion","15","[Suction Seal: Fire Slot]","","[Suction Seal: Ice Slot]","-","[Suction Seal: Wind Slot]","-","[Suction Seal: Earth Slot]","-","[Suction Seal: Lightning Slot]","-","[Suction Seal: Water Slot]","-","[Suction Seal: Holy Slot]","-","[Suction Seal: Dark Slot]","-","[Suction Seal: Poison Slot]","-","[Inheritance Slot]","-","[Inheritance Slot]","-","","Ultra G-Force 199 Physical","PHY","Lowest HP% enemy","Physical","","Fire, Ice, Lightning, Earth, Wind, Water, Holy, Dark, Poison","0.01","One single ranged attack (?) capped at 99999, ignores DEF, grants [Limit Break Gauge +250] to the user","N","【契】重力物体199・攻","0.01","15.00","161000280",""
"Prismatic","","Atomos (Ultra Magic)","-","","6212","269","268","308","268","268","202","Suction Diversion","15","[Suction Seal: Fire Slot]","","[Suction Seal: Ice Slot]","-","[Suction Seal: Wind Slot]","-","[Suction Seal: Earth Slot]","-","[Suction Seal: Lightning Slot]","-","[Suction Seal: Water Slot]","-","[Suction Seal: Holy Slot]","-","[Suction Seal: Dark Slot]","-","[Suction Seal: Poison Slot]","-","[Inheritance Slot]","-","[Inheritance Slot]","-","","Ultra G-Force 199 Magic","BLK","Lowest HP% enemy","Magical","","Fire, Ice, Lightning, Earth, Wind, Water, Holy, Dark, Poison","0.01","One single attack (?) capped at 99999, ignores RES, grants [Limit Break Gauge +250] to the user","N","【契】重力物体199・魔","0.01","15.00","161000281",""
"Prismatic","","Ark (Ultra Attack)","-","","6390","321","275","271","275","275","336","Dark Fate Diversion","15","[Dark Fate Seal: Fire Slot]","","[Dark Fate Seal: Ice Slot]","-","[Dark Fate Seal: Wind Slot]","-","[Dark Fate Seal: Earth Slot]","-","[Dark Fate Seal: Lightning Slot]","-","[Dark Fate Seal: Water Slot]","-","[Dark Fate Seal: Holy Slot]","-","[Dark Fate Seal: Dark Slot]","-","[Dark Fate Seal: Poison Slot]","-","[Inheritance Slot]","-","[Inheritance Slot]","-","","Ultra Eternal Darkness+ Physical","PHY","Lowest HP% enemy","Physical","","Fire, Ice, Lightning, Earth, Wind, Water, Holy, Dark, Poison","0.01","Three single ranged attacks (?) capped at 99999, ignores DEF, grants [Soul Break Gauge +?] to all allies","N","【契】暗黒の運命改・攻","0.01","8.00","161000282",""
"Prismatic","","Ark (Ultra Magic)","-","","6390","271","275","321","275","275","336","Dark Fate Diversion","15","[Dark Fate Seal: Fire Slot]","","[Dark Fate Seal: Ice Slot]","-","[Dark Fate Seal: Wind Slot]","-","[Dark Fate Seal: Earth Slot]","-","[Dark Fate Seal: Lightning Slot]","-","[Dark Fate Seal: Water Slot]","-","[Dark Fate Seal: Holy Slot]","-","[Dark Fate Seal: Dark Slot]","-","[Dark Fate Seal: Poison Slot]","-","[Inheritance Slot]","-","[Inheritance Slot]","-","","Ultra Eternal Darkness+ Magic","BLK","Lowest HP% enemy","Magical","","Fire, Ice, Lightning, Earth, Wind, Water, Holy, Dark, Poison","0.01","Three single attacks (?) capped at 99999, ignores RES, grants [Soul Break Gauge +?] to all allies","N","【契】暗黒の運命改・魔","0.01","8.00","161000283",""
"Prismatic","","Shinryu Celestia (Ultra Attack)","-","","6212","308","268","269","268","268","202","Blue Dawn Wyrm Diversion: Physical","15","[Dawn Wyrm Seal: Fire Slot]","","[Dawn Wyrm Seal: Ice Slot]","-","[Dawn Wyrm Seal: Wind Slot]","-","[Dawn Wyrm Seal: Earth Slot]","-","[Dawn Wyrm Seal: Lightning Slot]","-","[Dawn Wyrm Seal: Water Slot]","-","[Dawn Wyrm Seal: Holy Slot]","-","[Dawn Wyrm Seal: Dark Slot]","-","[Dawn Wyrm Seal: Poison Slot]","-","[Inheritance Slot]","-","[Inheritance Slot]","-","","Ultra Fiery Lightning Physical","PHY","Lowest HP% enemy","Physical","","Fire, Ice, Lightning, Earth, Wind, Water, Holy, Dark, Poison","0.01","One single ranged attack (?) capped at 99999, ignores DEF, grants [Stoneskin: 100%] to all allies","N","【契】烈火迅雷・攻","0.01","15.00","161000332",""
"Prismatic","","Shinryu Celestia (Ultra Magic)","-","","6212","269","268","308","268","268","202","Blue Dawn Wyrm Diversion: Magic","15","[Dawn Wyrm Seal: Fire Slot]","","[Dawn Wyrm Seal: Ice Slot]","-","[Dawn Wyrm Seal: Wind Slot]","-","[Dawn Wyrm Seal: Earth Slot]","-","[Dawn Wyrm Seal: Lightning Slot]","-","[Dawn Wyrm Seal: Water Slot]","-","[Dawn Wyrm Seal: Holy Slot]","-","[Dawn Wyrm Seal: Dark Slot]","-","[Dawn Wyrm Seal: Poison Slot]","-","[Inheritance Slot]","-","[Inheritance Slot]","-","","Ultra Fiery Lightning Magic","BLK","Lowest HP% enemy","Magical","","Fire, Ice, Lightning, Earth, Wind, Water, Holy, Dark, Poison","0.01","One single attack (?) capped at 99999, ignores RES, grants [Stoneskin: 100%] to all allies","N","【契】烈火迅雷・魔","0.01","15.00","161000333",""
"Prismatic","","Warring Bahamut ZERO (Ultra Attack)","-","","6390","321","275","271","275","275","336","Conqueror Wyrm Diversion","15","[Dominion Wyrm Seal: Fire Slot]","","[Dominion Wyrm Seal: Ice Slot]","-","[Dominion Wyrm Seal: Wind Slot]","-","[Dominion Wyrm Seal: Earth Slot]","-","[Dominion Wyrm Seal: Lightning Slot]","-","[Dominion Wyrm Seal: Water Slot]","-","[Dominion Wyrm Seal: Holy Slot]","-","[Dominion Wyrm Seal: Dark Slot]","-","[Dominion Wyrm Seal: Poison Slot]","-","[Inheritance Slot]","-","[Inheritance Slot]","-","","Ultra Warring Tera Flare Physical","PHY","Lowest HP% enemy","Physical","","Fire, Ice, Lightning, Earth, Wind, Water, Holy, Dark, Poison","0.01","One single ranged attack (?) capped at 399999, ignores DEF, causes [Deprotect 20% (15s)]","N","【契】軍神テラフレア・攻","0.01","8.00","161000334",""
"Prismatic","","Warring Bahamut ZERO (Ultra Magic)","-","","6390","271","275","321","275","275","336","Conqueror Wyrm Diversion","15","[Dominion Wyrm Seal: Fire Slot]","","[Dominion Wyrm Seal: Ice Slot]","-","[Dominion Wyrm Seal: Wind Slot]","-","[Dominion Wyrm Seal: Earth Slot]","-","[Dominion Wyrm Seal: Lightning Slot]","-","[Dominion Wyrm Seal: Water Slot]","-","[Dominion Wyrm Seal: Holy Slot]","-","[Dominion Wyrm Seal: Dark Slot]","-","[Dominion Wyrm Seal: Poison Slot]","-","[Inheritance Slot]","-","[Inheritance Slot]","-","","Ultra Warring Tera Flare Magic","BLK","Lowest HP% enemy","Magical","","Fire, Ice, Lightning, Earth, Wind, Water, Holy, Dark, Poison","0.01","One single attack (?) capped at 399999, ignores RES, causes [Deshell 20% (15s)]","N","【契】軍神テラフレア・魔","0.01","8.00","161000335",""
"Prismatic","","Anima (Ultra Attack)","-","","6212","308","268","269","268","268","202","Atonement Chains Chaos Diversion","15","[Atonement Chains Aeon Seal: Fire Slot]","","[Atonement Chains Aeon Seal: Ice Slot]","-","[Atonement Chains Aeon Seal: Wind Slot]","-","[Atonement Chains Aeon Seal: Earth Slot]","-","[Atonement Chains Aeon Seal: Lightning Slot]","-","[Atonement Chains Aeon Seal: Water Slot]","-","[Atonement Chains Aeon Seal: Holy Slot]","-","[Atonement Chains Aeon Seal: Dark Slot]","-","[Atonement Chains Aeon Seal: Poison Slot]","-","[Inheritance Slot]","-","[Inheritance Slot]","-","","Ultra Oblivion Physical","PHY","Lowest HP% enemy","Physical","","Fire, Ice, Lightning, Earth, Wind, Water, Holy, Dark, Poison","0.01","One single ranged attack (?) capped at 99999, ignores DEF","N","【契】カオティック・D・攻","0.01","15.00","161000366",""
"Prismatic","","Anima (Ultra Magic)","-","","6212","269","268","308","268","268","202","Atonement Chains Chaos Diversion","15","[Atonement Chains Aeon Seal: Fire Slot]","","[Atonement Chains Aeon Seal: Ice Slot]","-","[Atonement Chains Aeon Seal: Wind Slot]","-","[Atonement Chains Aeon Seal: Earth Slot]","-","[Atonement Chains Aeon Seal: Lightning Slot]","-","[Atonement Chains Aeon Seal: Water Slot]","-","[Atonement Chains Aeon Seal: Holy Slot]","-","[Atonement Chains Aeon Seal: Dark Slot]","-","[Atonement Chains Aeon Seal: Poison Slot]","-","[Inheritance Slot]","-","[Inheritance Slot]","-","","Ultra Oblivion Magic","BLK","Lowest HP% enemy","Magical","","Fire, Ice, Lightning, Earth, Wind, Water, Holy, Dark, Poison","0.01","One single attack (?) capped at 99999, ignores RES","N","【契】カオティック・D・魔","0.01","15.00","161000367",""
"Prismatic","","Magus Sisters (Ultra Attack)","-","","6390","321","275","271","275","275","336","Radiant Flower Profusion Diversion","20","[Radiant Flower Aeon Seal: Fire Slot]","","[Radiant Flower Aeon Seal: Ice Slot]","-","[Radiant Flower Aeon Seal: Wind Slot]","-","[Radiant Flower Aeon Seal: Earth Slot]","-","[Radiant Flower Aeon Seal: Lightning Slot]","-","[Radiant Flower Aeon Seal: Water Slot]","-","[Radiant Flower Aeon Seal: Holy Slot]","-","[Radiant Flower Aeon Seal: Dark Slot]","-","[Radiant Flower Aeon Seal: Poison Slot]","-","[Inheritance Slot]","-","[Inheritance Slot]","-","","Ultra Delta Attack Physical","PHY","Lowest HP% enemy","Physical","","Fire, Ice, Lightning, Earth, Wind, Water, Holy, Dark, Poison","0.01","One single ranged attack (?) capped at 399999, ignores DEF, causes [Imperil Prismatic 10% (?s))]","N","【契】デルタアタック・攻","0.01","8.00","161000368",""
"Prismatic","","Magus Sisters (Ultra Magic)","-","","6390","271","275","321","275","275","336","Radiant Flower Profusion Diversion","20","[Radiant Flower Aeon Seal: Fire Slot]","","[Radiant Flower Aeon Seal: Ice Slot]","-","[Radiant Flower Aeon Seal: Wind Slot]","-","[Radiant Flower Aeon Seal: Earth Slot]","-","[Radiant Flower Aeon Seal: Lightning Slot]","-","[Radiant Flower Aeon Seal: Water Slot]","-","[Radiant Flower Aeon Seal: Holy Slot]","-","[Radiant Flower Aeon Seal: Dark Slot]","-","[Radiant Flower Aeon Seal: Poison Slot]","-","[Inheritance Slot]","-","[Inheritance Slot]","-","","Ultra Delta Attack Magic","BLK","Lowest HP% enemy","Magical","","Fire, Ice, Lightning, Earth, Wind, Water, Holy, Dark, Poison","0.01","One single attack (?) capped at 399999, ignores RES, causes [Imperil Prismatic 10% (?s)]","N","【契】デルタアタック・魔","0.01","8.00","161000369",""
"-","","Empower Fire (Lv 12)","-","5","2220","125","94","114","95","104","97","Empower Fire","12","[Inheritance Slot]","","[Inheritance Slot]","-","","","","","","","","","","","","","","","","","","","","-","-","-","","","","","","N","-","","20.00","161000121","✓"
"-","","Empower Fire (Lv 18)","-","5","2220","125","94","114","95","104","97","Empower Fire","18","[Inheritance Slot]","","[Inheritance Slot]","-","","","","","","","","","","","","","","","","","","","","-","-","-","","","","","","N","-","","20.00","161000154",""
"-","","Empower Fire (Lv 24)","-","5","2220","125","94","114","95","104","97","Empower Fire","24","[Inheritance Slot]","","[Inheritance Slot]","-","","","","","","","","","","","","","","","","","","","","-","-","-","","","","","","N","-","","20.00","161000302",""
"-","","Empower Ice (Lv 12)","-","5","2220","125","94","114","95","104","97","Empower Ice","12","[Inheritance Slot]","","[Inheritance Slot]","-","","","","","","","","","","","","","","","","","","","","-","-","-","","","","","","N","-","","20.00","161000122","✓"
"-","","Empower Ice (Lv 18)","-","5","2220","125","94","114","95","104","97","Empower Ice","18","[Inheritance Slot]","","[Inheritance Slot]","-","","","","","","","","","","","","","","","","","","","","-","-","-","","","","","","N","-","","20.00","161000155",""
"-","","Empower Ice (Lv 24)","-","5","2220","125","94","114","95","104","97","Empower Ice","24","[Inheritance Slot]","","[Inheritance Slot]","-","","","","","","","","","","","","","","","","","","","","-","-","-","","","","","","N","-","","20.00","161000303",""
"-","","Empower Wind (Lv 12)","-","5","2220","125","94","114","95","104","97","Empower Wind","12","[Inheritance Slot]","","[Inheritance Slot]","-","","","","","","","","","","","","","","","","","","","","-","-","-","","","","","","N","-","","20.00","161000123","✓"
"-","","Empower Wind (Lv 18)","-","5","2220","125","94","114","95","104","97","Empower Wind","18","[Inheritance Slot]","","[Inheritance Slot]","-","","","","","","","","","","","","","","","","","","","","-","-","-","","","","","","N","-","","20.00","161000156",""
"-","","Empower Wind (Lv 24)","-","5","2220","125","94","114","95","104","97","Empower Wind","24","[Inheritance Slot]","","[Inheritance Slot]","-","","","","","","","","","","","","","","","","","","","","-","-","-","","","","","","N","-","","20.00","161000306",""
"-","","Empower Earth (Lv 12)","-","5","2220","125","94","114","95","104","97","Empower Earth","12","[Inheritance Slot]","","[Inheritance Slot]","-","","","","","","","","","","","","","","","","","","","","-","-","-","","","","","","N","-","","20.00","161000124","✓"
"-","","Empower Earth (Lv 18)","-","5","2220","125","94","114","95","104","97","Empower Earth","18","[Inheritance Slot]","","[Inheritance Slot]","-","","","","","","","","","","","","","","","","","","","","-","-","-","","","","","","N","-","","20.00","161000157",""
"-","","Empower Earth (Lv 24)","-","5","2220","125","94","114","95","104","97","Empower Earth","24","[Inheritance Slot]","","[Inheritance Slot]","-","","","","","","","","","","","","","","","","","","","","-","-","-","","","","","","N","-","","20.00","161000305",""
"-","","Empower Lightning (Lv 12)","-","5","2220","125","94","114","95","104","97","Empower Lightning","12","[Inheritance Slot]","","[Inheritance Slot]","-","","","","","","","","","","","","","","","","","","","","-","-","-","","","","","","N","-","","20.00","161000125","✓"
"-","","Empower Lightning (Lv 18)","-","5","2220","125","94","114","95","104","97","Empower Lightning","18","[Inheritance Slot]","","[Inheritance Slot]","-","","","","","","","","","","","","","","","","","","","","-","-","-","","","","","","N","-","","20.00","161000158",""
"-","","Empower Lightning (Lv 24)","-","5","2220","125","94","114","95","104","97","Empower Lightning","24","[Inheritance Slot]","","[Inheritance Slot]","-","","","","","","","","","","","","","","","","","","","","-","-","-","","","","","","N","-","","20.00","161000304",""
"-","","Empower Water (Lv 12)","-","5","2220","125","94","114","95","104","97","Empower Water","12","[Inheritance Slot]","","[Inheritance Slot]","-","","","","","","","","","","","","","","","","","","","","-","-","-","","","","","","N","-","","20.00","161000126","✓"
"-","","Empower Water (Lv 18)","-","5","2220","125","94","114","95","104","97","Empower Water","18","[Inheritance Slot]","","[Inheritance Slot]","-","","","","","","","","","","","","","","","","","","","","-","-","-","","","","","","N","-","","20.00","161000159",""
"-","","Empower Water (Lv 24)","-","5","2220","125","94","114","95","104","97","Empower Water","24","[Inheritance Slot]","","[Inheritance Slot]","-","","","","","","","","","","","","","","","","","","","","-","-","-","","","","","","N","-","","20.00","161000307",""
"-","","Empower Holy (Lv 12)","-","5","2220","125","94","114","95","104","97","Empower Holy","12","[Inheritance Slot]","","[Inheritance Slot]","-","","","","","","","","","","","","","","","","","","","","-","-","-","","","","","","N","-","","20.00","161000127","✓"
"-","","Empower Holy (Lv 18)","-","5","2220","125","94","114","95","104","97","Empower Holy","18","[Inheritance Slot]","","[Inheritance Slot]","-","","","","","","","","","","","","","","","","","","","","-","-","-","","","","","","N","-","","20.00","161000160",""
"-","","Empower Holy (Lv 24)","-","5","2220","125","94","114","95","104","97","Empower Holy","24","[Inheritance Slot]","","[Inheritance Slot]","-","","","","","","","","","","","","","","","","","","","","-","-","-","","","","","","N","-","","20.00","161000308",""
"-","","Empower Dark (Lv 12)","-","5","2220","125","94","114","95","104","97","Empower Dark","12","[Inheritance Slot]","","[Inheritance Slot]","-","","","","","","","","","","","","","","","","","","","","-","-","-","","","","","","N","-","","20.00","161000128","✓"
"-","","Empower Dark (Lv 18)","-","5","2220","125","94","114","95","104","97","Empower Dark","18","[Inheritance Slot]","","[Inheritance Slot]","-","","","","","","","","","","","","","","","","","","","","-","-","-","","","","","","N","-","","20.00","161000161",""
"-","","Empower Dark (Lv 24)","-","5","2220","125","94","114","95","104","97","Empower Dark","24","[Inheritance Slot]","","[Inheritance Slot]","-","","","","","","","","","","","","","","","","","","","","-","-","-","","","","","","N","-","","20.00","161000309",""
"-","","Empower Poison (Lv 12)","-","5","2220","125","94","114","95","104","97","Empower Poison","12","[Inheritance Slot]","","[Inheritance Slot]","-","","","","","","","","","","","","","","","","","","","","-","-","-","","","","","","N","-","","20.00","161000150","✓"
"-","","Empower Poison (Lv 18)","-","5","2220","125","94","114","95","104","97","Empower Poison","18","[Inheritance Slot]","","[Inheritance Slot]","-","","","","","","","","","","","","","","","","","","","","-","-","-","","","","","","N","-","","20.00","161000170",""
"-","","Empower Poison (Lv 24)","-","5","2220","125","94","114","95","104","97","Empower Poison","24","[Inheritance Slot]","","[Inheritance Slot]","-","","","","","","","","","","","","","","","","","","","","-","-","-","","","","","","N","-","","20.00","161000310",""
"-","","Dampen Fire (Lv 8)","-","5","2220","125","94","114","95","104","97","Dampen Fire","8","[Inheritance Slot]","","[Inheritance Slot]","-","","","","","","","","","","","","","","","","","","","","-","-","-","","","","","","N","-","","20.00","161000129","✓"
"-","","Dampen Fire (Lv 18)","-","5","2220","125","94","114","95","104","97","Dampen Fire","18","[Inheritance Slot]","","[Inheritance Slot]","-","","","","","","","","","","","","","","","","","","","","-","-","-","","","","","","N","-","","20.00","161000162",""
"-","","Dampen Fire (Lv 24)","-","5","2220","125","94","114","95","104","97","Dampen Fire","24","[Inheritance Slot]","","[Inheritance Slot]","-","","","","","","","","","","","","","","","","","","","","-","-","-","","","","","","N","-","","20.00","161000311",""
"-","","Dampen Blizzard (Lv 8)","-","5","2220","125","94","114","95","104","97","Dampen Blizzard","8","[Inheritance Slot]","","[Inheritance Slot]","-","","","","","","","","","","","","","","","","","","","","-","-","-","","","","","","N","-","","20.00","161000130","✓"
"-","","Dampen Blizzard (Lv 18)","-","5","2220","125","94","114","95","104","97","Dampen Blizzard","18","[Inheritance Slot]","","[Inheritance Slot]","-","","","","","","","","","","","","","","","","","","","","-","-","-","","","","","","N","-","","20.00","161000163",""
"-","","Dampen Blizzard (Lv 24)","-","5","2220","125","94","114","95","104","97","Dampen Blizzard","24","[Inheritance Slot]","","[Inheritance Slot]","-","","","","","","","","","","","","","","","","","","","","-","-","-","","","","","","N","-","","20.00","161000312",""
"-","","Dampen Air (Lv 8)","-","5","2220","125","94","114","95","104","97","Dampen Air","8","[Inheritance Slot]","","[Inheritance Slot]","-","","","","","","","","","","","","","","","","","","","","-","-","-","","","","","","N","-","","20.00","161000131","✓"
"-","","Dampen Air (Lv 18)","-","5","2220","125","94","114","95","104","97","Dampen Air","18","[Inheritance Slot]","","[Inheritance Slot]","-","","","","","","","","","","","","","","","","","","","","-","-","-","","","","","","N","-","","20.00","161000164",""
"-","","Dampen Air (Lv 24)","-","5","2220","125","94","114","95","104","97","Dampen Air","24","[Inheritance Slot]","","[Inheritance Slot]","-","","","","","","","","","","","","","","","","","","","","-","-","-","","","","","","N","-","","20.00","161000315",""
"-","","Dampen Earth (Lv 8)","-","5","2220","125","94","114","95","104","97","Dampen Earth","8","[Inheritance Slot]","","[Inheritance Slot]","-","","","","","","","","","","","","","","","","","","","","-","-","-","","","","","","N","-","","20.00","161000132","✓"
"-","","Dampen Earth (Lv 18)","-","5","2220","125","94","114","95","104","97","Dampen Earth","18","[Inheritance Slot]","","[Inheritance Slot]","-","","","","","","","","","","","","","","","","","","","","-","-","-","","","","","","N","-","","20.00","161000165",""
"-","","Dampen Earth (Lv 24)","-","5","2220","125","94","114","95","104","97","Dampen Earth","24","[Inheritance Slot]","","[Inheritance Slot]","-","","","","","","","","","","","","","","","","","","","","-","-","-","","","","","","N","-","","20.00","161000314",""
"-","","Dampen Lightning (Lv 8)","-","5","2220","125","94","114","95","104","97","Dampen Lightning","8","[Inheritance Slot]","","[Inheritance Slot]","-","","","","","","","","","","","","","","","","","","","","-","-","-","","","","","","N","-","","20.00","161000133","✓"
"-","","Dampen Lightning (Lv 18)","-","5","2220","125","94","114","95","104","97","Dampen Lightning","18","[Inheritance Slot]","","[Inheritance Slot]","-","","","","","","","","","","","","","","","","","","","","-","-","-","","","","","","N","-","","20.00","161000166",""
"-","","Dampen Lightning (Lv 24)","-","5","2220","125","94","114","95","104","97","Dampen Lightning","24","[Inheritance Slot]","","[Inheritance Slot]","-","","","","","","","","","","","","","","","","","","","","-","-","-","","","","","","N","-","","20.00","161000313",""
"-","","Dampen Water (Lv 8)","-","5","2220","125","94","114","95","104","97","Dampen Water","8","[Inheritance Slot]","","[Inheritance Slot]","-","","","","","","","","","","","","","","","","","","","","-","-","-","","","","","","N","-","","20.00","161000134","✓"
"-","","Dampen Water (Lv 18)","-","5","2220","125","94","114","95","104","97","Dampen Water","18","[Inheritance Slot]","","[Inheritance Slot]","-","","","","","","","","","","","","","","","","","","","","-","-","-","","","","","","N","-","","20.00","161000167",""
"-","","Dampen Water (Lv 24)","-","5","2220","125","94","114","95","104","97","Dampen Water","24","[Inheritance Slot]","","[Inheritance Slot]","-","","","","","","","","","","","","","","","","","","","","-","-","-","","","","","","N","-","","20.00","161000316",""
"-","","Dampen Holy (Lv 8)","-","5","2220","125","94","114","95","104","97","Dampen Holy","8","[Inheritance Slot]","","[Inheritance Slot]","-","","","","","","","","","","","","","","","","","","","","-","-","-","","","","","","N","-","","20.00","161000135","✓"
"-","","Dampen Holy (Lv 18)","-","5","2220","125","94","114","95","104","97","Dampen Holy","18","[Inheritance Slot]","","[Inheritance Slot]","-","","","","","","","","","","","","","","","","","","","","-","-","-","","","","","","N","-","","20.00","161000168",""
"-","","Dampen Holy (Lv 24)","-","5","2220","125","94","114","95","104","97","Dampen Holy","24","[Inheritance Slot]","","[Inheritance Slot]","-","","","","","","","","","","","","","","","","","","","","-","-","-","","","","","","N","-","","20.00","161000317",""
"-","","Dampen Dark (Lv 8)","-","5","2220","125","94","114","95","104","97","Dampen Dark","8","[Inheritance Slot]","","[Inheritance Slot]","-","","","","","","","","","","","","","","","","","","","","-","-","-","","","","","","N","-","","20.00","161000136","✓"
"-","","Dampen Dark (Lv 18)","-","5","2220","125","94","114","95","104","97","Dampen Dark","18","[Inheritance Slot]","","[Inheritance Slot]","-","","","","","","","","","","","","","","","","","","","","-","-","-","","","","","","N","-","","20.00","161000169",""
"-","","Dampen Dark (Lv 24)","-","5","2220","125","94","114","95","104","97","Dampen Dark","24","[Inheritance Slot]","","[Inheritance Slot]","-","","","","","","","","","","","","","","","","","","","","-","-","-","","","","","","N","-","","20.00","161000318",""
"-","","Dampen Poison (Lv 8)","-","5","2220","125","94","114","95","104","97","Dampen Poison","8","[Inheritance Slot]","","[Inheritance Slot]","-","","","","","","","","","","","","","","","","","","","","-","-","-","","","","","","N","-","","20.00","161000151","✓"
"-","","Dampen Poison (Lv 18)","-","5","2220","125","94","114","95","104","97","Dampen Poison","18","[Inheritance Slot]","","[Inheritance Slot]","-","","","","","","","","","","","","","","","","","","","","-","-","-","","","","","","N","-","","20.00","161000171",""
"-","","Dampen Poison (Lv 24)","-","5","2220","125","94","114","95","104","97","Dampen Poison","24","[Inheritance Slot]","","[Inheritance Slot]","-","","","","","","","","","","","","","","","","","","","","-","-","-","","","","","","N","-","","20.00","161000319",""
"-","","Health Boon (Lv 6)","-","5","2220","125","94","114","95","104","97","Health Boon","6","[Inheritance Slot]","","[Inheritance Slot]","-","","","","","","","","","","","","","","","","","","","","-","-","-","","","","","","N","-","","20.00","161000137","✓"
"-","","Health Boon (Lv 8)","-","5","2220","125","94","114","95","104","97","Health Boon","8","[Inheritance Slot]","","[Inheritance Slot]","-","","","","","","","","","","","","","","","","","","","","-","-","-","","","","","","N","-","","20.00","161000320",""
"-","","Health Boon (Lv 12)","-","5","2220","125","94","114","95","104","97","Health Boon","12","[Inheritance Slot]","","[Inheritance Slot]","-","","","","","","","","","","","","","","","","","","","","-","-","-","","","","","","N","-","","20.00","161000354",""
"-","","Blade Ward (Lv 6)","-","5","2220","125","94","114","95","104","97","Blade Ward","6","[Inheritance Slot]","","[Inheritance Slot]","-","","","","","","","","","","","","","","","","","","","","-","-","-","","","","","","N","-","","20.00","161000138","✓"
"-","","Blade Ward (Lv 8)","-","5","2220","125","94","114","95","104","97","Blade Ward","8","[Inheritance Slot]","","[Inheritance Slot]","-","","","","","","","","","","","","","","","","","","","","-","-","-","","","","","","N","-","","20.00","161000321",""
"-","","Blade Ward (Lv 12)","-","5","2220","125","94","114","95","104","97","Blade Ward","12","[Inheritance Slot]","","[Inheritance Slot]","-","","","","","","","","","","","","","","","","","","","","-","-","-","","","","","","N","-","","20.00","161000355",""
"-","","Spell Ward (Lv 6)","-","5","2220","125","94","114","95","104","97","Spell Ward","6","[Inheritance Slot]","","[Inheritance Slot]","-","","","","","","","","","","","","","","","","","","","","-","-","-","","","","","","N","-","","20.00","161000139","✓"
"-","","Spell Ward (Lv 8)","-","5","2220","125","94","114","95","104","97","Spell Ward","8","[Inheritance Slot]","","[Inheritance Slot]","-","","","","","","","","","","","","","","","","","","","","-","-","-","","","","","","N","-","","20.00","161000322",""
"-","","Spell Ward (Lv 12)","-","5","2220","125","94","114","95","104","97","Spell Ward","12","[Inheritance Slot]","","[Inheritance Slot]","-","","","","","","","","","","","","","","","","","","","","-","-","-","","","","","","N","-","","20.00","161000356",""
"-","","Fast Act (Lv 8)","-","5","2220","125","94","114","95","104","97","Fast Act","8","[Inheritance Slot]","","[Inheritance Slot]","-","","","","","","","","","","","","","","","","","","","","-","-","-","","","","","","N","-","","20.00","161000140","✓"
"-","","Fast Act (Lv 10)","-","5","2220","125","94","114","95","104","97","Fast Act","10","[Inheritance Slot]","","[Inheritance Slot]","-","","","","","","","","","","","","","","","","","","","","-","-","-","","","","","","N","-","","20.00","161000323",""
"-","","Fast Act (Lv 14)","-","5","2220","125","94","114","95","104","97","Fast Act","14","[Inheritance Slot]","","[Inheritance Slot]","-","","","","","","","","","","","","","","","","","","","","-","-","-","","","","","","N","-","","20.00","161000357",""
"-","","Precise Strikes (Lv 8)","-","5","2220","125","94","114","95","104","97","Precise Strikes","8","[Inheritance Slot]","","[Inheritance Slot]","-","","","","","","","","","","","","","","","","","","","","-","-","-","","","","","","N","-","","20.00","161000141","✓"
"-","","Precise Strikes (Lv 10)","-","5","2220","125","94","114","95","104","97","Precise Strikes","10","[Inheritance Slot]","","[Inheritance Slot]","-","","","","","","","","","","","","","","","","","","","","-","-","-","","","","","","N","-","","20.00","161000324",""
"-","","Precise Strikes (Lv 14)","-","5","2220","125","94","114","95","104","97","Precise Strikes","14","[Inheritance Slot]","","[Inheritance Slot]","-","","","","","","","","","","","","","","","","","","","","-","-","-","","","","","","N","-","","20.00","161000358",""
"-","","Deadly Strikes (Lv 8)","-","5","2220","125","94","114","95","104","97","Deadly Strikes","8","[Inheritance Slot]","","[Inheritance Slot]","-","","","","","","","","","","","","","","","","","","","","-","-","-","","","","","","N","-","","20.00","161000142","✓"
"-","","Deadly Strikes (Lv 10)","-","5","2220","125","94","114","95","104","97","Deadly Strikes","10","[Inheritance Slot]","","[Inheritance Slot]","-","","","","","","","","","","","","","","","","","","","","-","-","-","","","","","","N","-","","20.00","161000325",""
"-","","Deadly Strikes (Lv 14)","-","5","2220","125","94","114","95","104","97","Deadly Strikes","14","[Inheritance Slot]","","[Inheritance Slot]","-","","","","","","","","","","","","","","","","","","","","-","-","-","","","","","","N","-","","20.00","161000359",""
"-","","Attack Boon (Lv 16)","-","5","2220","125","94","114","95","104","97","Attack Boon","16","[Inheritance Slot]","","[Inheritance Slot]","-","","","","","","","","","","","","","","","","","","","","-","-","-","","","","","","N","-","","20.00","161000143","✓"
"-","","Attack Boon (Lv 20)","-","5","2220","125","94","114","95","104","97","Attack Boon","20","[Inheritance Slot]","","[Inheritance Slot]","-","","","","","","","","","","","","","","","","","","","","-","-","-","","","","","","N","-","","20.00","161000326",""
"-","","Attack Boon (Lv 24)","-","5","2220","125","94","114","95","104","97","Attack Boon","24","[Inheritance Slot]","","[Inheritance Slot]","-","","","","","","","","","","","","","","","","","","","","-","-","-","","","","","","N","-","","20.00","161000360",""
"-","","Magic Boon (Lv 16)","-","5","2220","125","94","114","95","104","97","Magic Boon","16","[Inheritance Slot]","","[Inheritance Slot]","-","","","","","","","","","","","","","","","","","","","","-","-","-","","","","","","N","-","","20.00","161000144","✓"
"-","","Magic Boon (Lv 20)","-","5","2220","125","94","114","95","104","97","Magic Boon","20","[Inheritance Slot]","","[Inheritance Slot]","-","","","","","","","","","","","","","","","","","","","","-","-","-","","","","","","N","-","","20.00","161000327",""
"-","","Magic Boon (Lv 24)","-","5","2220","125","94","114","95","104","97","Magic Boon","24","[Inheritance Slot]","","[Inheritance Slot]","-","","","","","","","","","","","","","","","","","","","","-","-","-","","","","","","N","-","","20.00","161000361",""
"-","","Healing Boon (Lv 12)","-","5","2220","125","94","114","95","104","97","Healing Boon","12","[Inheritance Slot]","","[Inheritance Slot]","-","","","","","","","","","","","","","","","","","","","","-","-","-","","","","","","N","-","","20.00","161000145","✓"
"-","","Healing Boon (Lv 15)","-","5","2220","125","94","114","95","104","97","Healing Boon","15","[Inheritance Slot]","","[Inheritance Slot]","-","","","","","","","","","","","","","","","","","","","","-","-","-","","","","","","N","-","","20.00","161000328",""
"-","","Healing Boon (Lv 18)","-","5","2220","125","94","114","95","104","97","Healing Boon","18","[Inheritance Slot]","","[Inheritance Slot]","-","","","","","","","","","","","","","","","","","","","","-","-","-","","","","","","N","-","","20.00","161000362",""
"-","","Resistance Boon (Lv 16)","-","5","2220","125","94","114","95","104","97","Resistance Boon","16","[Inheritance Slot]","","[Inheritance Slot]","-","","","","","","","","","","","","","","","","","","","","-","-","-","","","","","","N","-","","20.00","161000146","✓"
"-","","Resistance Boon (Lv 20)","-","5","2220","125","94","114","95","104","97","Resistance Boon","20","[Inheritance Slot]","","[Inheritance Slot]","-","","","","","","","","","","","","","","","","","","","","-","-","-","","","","","","N","-","","20.00","161000329",""
"-","","Resistance Boon (Lv 24)","-","5","2220","125","94","114","95","104","97","Resistance Boon","24","[Inheritance Slot]","","[Inheritance Slot]","-","","","","","","","","","","","","","","","","","","","","-","-","-","","","","","","N","-","","20.00","161000363",""
"-","","Mind Boon (Lv 16)","-","5","2220","125","94","114","95","104","97","Mind Boon","16","[Inheritance Slot]","","[Inheritance Slot]","-","","","","","","","","","","","","","","","","","","","","-","-","-","","","","","","N","-","","20.00","161000147","✓"
"-","","Mind Boon (Lv 20)","-","5","2220","125","94","114","95","104","97","Mind Boon","20","[Inheritance Slot]","","[Inheritance Slot]","-","","","","","","","","","","","","","","","","","","","","-","-","-","","","","","","N","-","","20.00","161000330",""
"-","","Mind Boon (Lv 24)","-","5","2220","125","94","114","95","104","97","Mind Boon","24","[Inheritance Slot]","","[Inheritance Slot]","-","","","","","","","","","","","","","","","","","","","","-","-","-","","","","","","N","-","","20.00","161000364",""
"-","","Defense Boon (Lv 16)","-","5","2220","125","94","114","95","104","97","Defense Boon","16","[Inheritance Slot]","","[Inheritance Slot]","-","","","","","","","","","","","","","","","","","","","","-","-","-","","","","","","N","-","","20.00","161000148","✓"
"-","","Defense Boon (Lv 20)","-","5","2220","125","94","114","95","104","97","Defense Boon","20","[Inheritance Slot]","","[Inheritance Slot]","-","","","","","","","","","","","","","","","","","","","","-","-","-","","","","","","N","-","","20.00","161000331",""
"-","","Defense Boon (Lv 24)","-","5","2220","125","94","114","95","104","97","Defense Boon","24","[Inheritance Slot]","","[Inheritance Slot]","-","","","","","","","","","","","","","","","","","","","","-","-","-","","","","","","N","-","","20.00","161000365",""
"Fire","","Suction Seal: Fire","-","","2220","125","94","114","95","104","97","Suction Seal: Fire","15","[Inheritance Slot]","","[Inheritance Slot]","-","","","","","","","","","","","","","","","","","","","","-","-","-","","","","","","N","-","","20.00","161000284",""
"Ice","","Suction Seal: Ice","-","","2220","125","94","114","95","104","97","Suction Seal: Ice","15","[Inheritance Slot]","","[Inheritance Slot]","-","","","","","","","","","","","","","","","","","","","","-","-","-","","","","","","N","-","","20.00","161000285",""
"Lightning","","Suction Seal: Lightning","-","","2220","125","94","114","95","104","97","Suction Seal: Lightning","15","[Inheritance Slot]","","[Inheritance Slot]","-","","","","","","","","","","","","","","","","","","","","-","-","-","","","","","","N","-","","20.00","161000286",""
"Earth","","Suction Seal: Earth","-","","2220","125","94","114","95","104","97","Suction Seal: Earth","15","[Inheritance Slot]","","[Inheritance Slot]","-","","","","","","","","","","","","","","","","","","","","-","-","-","","","","","","N","-","","20.00","161000287",""
"Wind","","Suction Seal: Wind","-","","2220","125","94","114","95","104","97","Suction Seal: Wind","15","[Inheritance Slot]","","[Inheritance Slot]","-","","","","","","","","","","","","","","","","","","","","-","-","-","","","","","","N","-","","20.00","161000288",""
"Water","","Suction Seal: Water","-","","2220","125","94","114","95","104","97","Suction Seal: Water","15","[Inheritance Slot]","","[Inheritance Slot]","-","","","","","","","","","","","","","","","","","","","","-","-","-","","","","","","N","-","","20.00","161000289",""
"Holy","","Suction Seal: Holy","-","","2220","125","94","114","95","104","97","Suction Seal: Holy","15","[Inheritance Slot]","","[Inheritance Slot]","-","","","","","","","","","","","","","","","","","","","","-","-","-","","","","","","N","-","","20.00","161000290",""
"Dark","","Suction Seal: Dark","-","","2220","125","94","114","95","104","97","Suction Seal: Dark","15","[Inheritance Slot]","","[Inheritance Slot]","-","","","","","","","","","","","","","","","","","","","","-","-","-","","","","","","N","-","","20.00","161000291",""
"Poison","","Suction Seal: Poison","-","","2220","125","94","114","95","104","97","Suction Seal: Poison","15","[Inheritance Slot]","","[Inheritance Slot]","-","","","","","","","","","","","","","","","","","","","","-","-","-","","","","","","N","-","","20.00","161000292",""
"Fire","","Dark Fate Seal: Fire","-","","2220","125","94","114","95","104","97","Dark Fate Seal: Fire","15","[Inheritance Slot]","","[Inheritance Slot]","-","","","","","","","","","","","","","","","","","","","","-","-","-","","","","","","N","-","","20.00","161000293",""
"Ice","","Dark Fate Seal: Ice","-","","2220","125","94","114","95","104","97","Dark Fate Seal: Ice","15","[Inheritance Slot]","","[Inheritance Slot]","-","","","","","","","","","","","","","","","","","","","","-","-","-","","","","","","N","-","","20.00","161000294",""
"Lightning","","Dark Fate Seal: Lightning","-","","2220","125","94","114","95","104","97","Dark Fate Seal: Lightning","15","[Inheritance Slot]","","[Inheritance Slot]","-","","","","","","","","","","","","","","","","","","","","-","-","-","","","","","","N","-","","20.00","161000295",""
"Earth","","Dark Fate Seal: Earth","-","","2220","125","94","114","95","104","97","Dark Fate Seal: Earth","15","[Inheritance Slot]","","[Inheritance Slot]","-","","","","","","","","","","","","","","","","","","","","-","-","-","","","","","","N","-","","20.00","161000296",""
"Wind","","Dark Fate Seal: Wind","-","","2220","125","94","114","95","104","97","Dark Fate Seal: Wind","15","[Inheritance Slot]","","[Inheritance Slot]","-","","","","","","","","","","","","","","","","","","","","-","-","-","","","","","","N","-","","20.00","161000297",""
"Water","","Dark Fate Seal: Water","-","","2220","125","94","114","95","104","97","Dark Fate Seal: Water","15","[Inheritance Slot]","","[Inheritance Slot]","-","","","","","","","","","","","","","","","","","","","","-","-","-","","","","","","N","-","","20.00","161000298",""
"Holy","","Dark Fate Seal: Holy","-","","2220","125","94","114","95","104","97","Dark Fate Seal: Holy","15","[Inheritance Slot]","","[Inheritance Slot]","-","","","","","","","","","","","","","","","","","","","","-","-","-","","","","","","N","-","","20.00","161000299",""
"Dark","","Dark Fate Seal: Dark","-","","2220","125","94","114","95","104","97","Dark Fate Seal: Dark","15","[Inheritance Slot]","","[Inheritance Slot]","-","","","","","","","","","","","","","","","","","","","","-","-","-","","","","","","N","-","","20.00","161000300",""
"Poison","","Dark Fate Seal: Poison","-","","2220","125","94","114","95","104","97","Dark Fate Seal: Poison","15","[Inheritance Slot]","","[Inheritance Slot]","-","","","","","","","","","","","","","","","","","","","","-","-","-","","","","","","N","-","","20.00","161000301",""
"Fire","","Dawn Wyrm Seal: Fire","-","","2220","125","94","114","95","104","97","Dawn Wyrm Seal: Fire","15","[Inheritance Slot]","","[Inheritance Slot]","-","","","","","","","","","","","","","","","","","","","","-","-","-","","","","","","N","-","","20.00","161000336",""
"Ice","","Dawn Wyrm Seal: Ice","-","","2220","125","94","114","95","104","97","Dawn Wyrm Seal: Ice","15","[Inheritance Slot]","","[Inheritance Slot]","-","","","","","","","","","","","","","","","","","","","","-","-","-","","","","","","N","-","","20.00","161000337",""
"Lightning","","Dawn Wyrm Seal: Lightning","-","","2220","125","94","114","95","104","97","Dawn Wyrm Seal: Lightning","15","[Inheritance Slot]","","[Inheritance Slot]","-","","","","","","","","","","","","","","","","","","","","-","-","-","","","","","","N","-","","20.00","161000338",""
"Earth","","Dawn Wyrm Seal: Earth","-","","2220","125","94","114","95","104","97","Dawn Wyrm Seal: Earth","15","[Inheritance Slot]","","[Inheritance Slot]","-","","","","","","","","","","","","","","","","","","","","-","-","-","","","","","","N","-","","20.00","161000339",""
"Wind","","Dawn Wyrm Seal: Wind","-","","2220","125","94","114","95","104","97","Dawn Wyrm Seal: Wind","15","[Inheritance Slot]","","[Inheritance Slot]","-","","","","","","","","","","","","","","","","","","","","-","-","-","","","","","","N","-","","20.00","161000340",""
"Water","","Dawn Wyrm Seal: Water","-","","2220","125","94","114","95","104","97","Dawn Wyrm Seal: Water","15","[Inheritance Slot]","","[Inheritance Slot]","-","","","","","","","","","","","","","","","","","","","","-","-","-","","","","","","N","-","","20.00","161000341",""
"Holy","","Dawn Wyrm Seal: Holy","-","","2220","125","94","114","95","104","97","Dawn Wyrm Seal: Holy","15","[Inheritance Slot]","","[Inheritance Slot]","-","","","","","","","","","","","","","","","","","","","","-","-","-","","","","","","N","-","","20.00","161000342",""
"Dark","","Dawn Wyrm Seal: Dark","-","","2220","125","94","114","95","104","97","Dawn Wyrm Seal: Dark","15","[Inheritance Slot]","","[Inheritance Slot]","-","","","","","","","","","","","","","","","","","","","","-","-","-","","","","","","N","-","","20.00","161000343",""
"Poison","","Dawn Wyrm Seal: Poison","-","","2220","125","94","114","95","104","97","Dawn Wyrm Seal: Poison","15","[Inheritance Slot]","","[Inheritance Slot]","-","","","","","","","","","","","","","","","","","","","","-","-","-","","","","","","N","-","","20.00","161000344",""
"Fire","","Dominion Wyrm Seal: Fire","-","","2220","125","94","114","95","104","97","Dominion Wyrm Seal: Fire","15","[Inheritance Slot]","","[Inheritance Slot]","-","","","","","","","","","","","","","","","","","","","","-","-","-","","","","","","N","-","","20.00","161000345",""
"Ice","","Dominion Wyrm Seal: Ice","-","","2220","125","94","114","95","104","97","Dominion Wyrm Seal: Ice","15","[Inheritance Slot]","","[Inheritance Slot]","-","","","","","","","","","","","","","","","","","","","","-","-","-","","","","","","N","-","","20.00","161000346",""
"Lightning","","Dominion Wyrm Seal: Lightning","-","","2220","125","94","114","95","104","97","Dominion Wyrm Seal: Lightning","15","[Inheritance Slot]","","[Inheritance Slot]","-","","","","","","","","","","","","","","","","","","","","-","-","-","","","","","","N","-","","20.00","161000347",""
"Earth","","Dominion Wyrm Seal: Earth","-","","2220","125","94","114","95","104","97","Dominion Wyrm Seal: Earth","15","[Inheritance Slot]","","[Inheritance Slot]","-","","","","","","","","","","","","","","","","","","","","-","-","-","","","","","","N","-","","20.00","161000348",""
"Wind","","Dominion Wyrm Seal: Wind","-","","2220","125","94","114","95","104","97","Dominion Wyrm Seal: Wind","15","[Inheritance Slot]","","[Inheritance Slot]","-","","","","","","","","","","","","","","","","","","","","-","-","-","","","","","","N","-","","20.00","161000349",""
"Water","","Dominion Wyrm Seal: Water","-","","2220","125","94","114","95","104","97","Dominion Wyrm Seal: Water","15","[Inheritance Slot]","","[Inheritance Slot]","-","","","","","","","","","","","","","","","","","","","","-","-","-","","","","","","N","-","","20.00","161000350",""
"Holy","","Dominion Wyrm Seal: Holy","-","","2220","125","94","114","95","104","97","Dominion Wyrm Seal: Holy","15","[Inheritance Slot]","","[Inheritance Slot]","-","","","","","","","","","","","","","","","","","","","","-","-","-","","","","","","N","-","","20.00","161000351",""
"Dark","","Dominion Wyrm Seal: Dark","-","","2220","125","94","114","95","104","97","Dominion Wyrm Seal: Dark","15","[Inheritance Slot]","","[Inheritance Slot]","-","","","","","","","","","","","","","","","","","","","","-","-","-","","","","","","N","-","","20.00","161000352",""
"Poison","","Dominion Wyrm Seal: Poison","-","","2220","125","94","114","95","104","97","Dominion Wyrm Seal: Poison","15","[Inheritance Slot]","","[Inheritance Slot]","-","","","","","","","","","","","","","","","","","","","","-","-","-","","","","","","N","-","","20.00","161000353",""
"Fire","","Atonement Chains Aeon Seal: Fire","-","","2220","125","94","114","95","104","97","Atonement Chains Aeon Seal: Fire","15","[Inheritance Slot]","","[Inheritance Slot]","-","","","","","","","","","","","","","","","","","","","","-","-","-","","","","","","N","-","","20.00","161000370",""
"Ice","","Atonement Chains Beast Seal: Ice","-","","2220","125","94","114","95","104","97","Atonement Chains Beast Seal: Ice","15","[Inheritance Slot]","","[Inheritance Slot]","-","","","","","","","","","","","","","","","","","","","","-","-","-","","","","","","N","-","","20.00","161000371",""
"Lightning","","Atonement Chains Beast Seal: Lightning","-","","2220","125","94","114","95","104","97","Atonement Chains Beast Seal: Lightning","15","[Inheritance Slot]","","[Inheritance Slot]","-","","","","","","","","","","","","","","","","","","","","-","-","-","","","","","","N","-","","20.00","161000372",""
"Earth","","Atonement Chains Beast Seal: Earth","-","","2220","125","94","114","95","104","97","Atonement Chains Beast Seal: Earth","15","[Inheritance Slot]","","[Inheritance Slot]","-","","","","","","","","","","","","","","","","","","","","-","-","-","","","","","","N","-","","20.00","161000373",""
"Wind","","Atonement Chains Beast Seal: Wind","-","","2220","125","94","114","95","104","97","Atonement Chains Beast Seal: Wind","15","[Inheritance Slot]","","[Inheritance Slot]","-","","","","","","","","","","","","","","","","","","","","-","-","-","","","","","","N","-","","20.00","161000374",""
"Water","","Atonement Chains Beast Seal: Water","-","","2220","125","94","114","95","104","97","Atonement Chains Beast Seal: Water","15","[Inheritance Slot]","","[Inheritance Slot]","-","","","","","","","","","","","","","","","","","","","","-","-","-","","","","","","N","-","","20.00","161000375",""
"Holy","","Atonement Chains Beast Seal: Holy","-","","2220","125","94","114","95","104","97","Atonement Chains Beast Seal: Holy","15","[Inheritance Slot]","","[Inheritance Slot]","-","","","","","","","","","","","","","","","","","","","","-","-","-","","","","","","N","-","","20.00","161000376",""
"Dark","","Atonement Chains Beast Seal: Dark","-","","2220","125","94","114","95","104","97","Atonement Chains Beast Seal: Dark","15","[Inheritance Slot]","","[Inheritance Slot]","-","","","","","","","","","","","","","","","","","","","","-","-","-","","","","","","N","-","","20.00","161000377",""
"Poison","","Atonement Chains Beast Seal: Poison","-","","2220","125","94","114","95","104","97","Atonement Chains Beast Seal: Poison","15","[Inheritance Slot]","","[Inheritance Slot]","-","","","","","","","","","","","","","","","","","","","","-","-","-","","","","","","N","-","","20.00","161000378",""
"Fire","","Radiant Flower Aeon Seal: Fire","-","","2220","125","94","114","95","104","97","Radiant Flower Aeon Seal: Fire","15","[Inheritance Slot]","","[Inheritance Slot]","-","","","","","","","","","","","","","","","","","","","","-","-","-","","","","","","N","-","","20.00","161000379",""
"Ice","","Radiant Flower Aeon Seal: Ice","-","","2220","125","94","114","95","104","97","Radiant Flower Aeon Seal: Ice","15","[Inheritance Slot]","","[Inheritance Slot]","-","","","","","","","","","","","","","","","","","","","","-","-","-","","","","","","N","-","","20.00","161000380",""
"Lightning","","Radiant Flower Aeon Seal: Lightning","-","","2220","125","94","114","95","104","97","Radiant Flower Aeon Seal: Lightning","15","[Inheritance Slot]","","[Inheritance Slot]","-","","","","","","","","","","","","","","","","","","","","-","-","-","","","","","","N","-","","20.00","161000381",""
"Earth","","Radiant Flower Aeon Seal: Earth","-","","2220","125","94","114","95","104","97","Radiant Flower Aeon Seal: Earth","15","[Inheritance Slot]","","[Inheritance Slot]","-","","","","","","","","","","","","","","","","","","","","-","-","-","","","","","","N","-","","20.00","161000382",""
"Wind","","Radiant Flower Aeon Seal: Wind","-","","2220","125","94","114","95","104","97","Radiant Flower Aeon Seal: Wind","15","[Inheritance Slot]","","[Inheritance Slot]","-","","","","","","","","","","","","","","","","","","","","-","-","-","","","","","","N","-","","20.00","161000383",""
"Water","","Radiant Flower Aeon Seal: Water","-","","2220","125","94","114","95","104","97","Radiant Flower Aeon Seal: Water","15","[Inheritance Slot]","","[Inheritance Slot]","-","","","","","","","","","","","","","","","","","","","","-","-","-","","","","","","N","-","","20.00","161000384",""
"Holy","","Radiant Flower Aeon Seal: Holy","-","","2220","125","94","114","95","104","97","Radiant Flower Aeon Seal: Holy","15","[Inheritance Slot]","","[Inheritance Slot]","-","","","","","","","","","","","","","","","","","","","","-","-","-","","","","","","N","-","","20.00","161000385",""
"Dark","","Radiant Flower Aeon Seal: Dark","-","","2220","125","94","114","95","104","97","Radiant Flower Aeon Seal: Dark","15","[Inheritance Slot]","","[Inheritance Slot]","-","","","","","","","","","","","","","","","","","","","","-","-","-","","","","","","N","-","","20.00","161000386",""
"Poison","","Radiant Flower Aeon Seal: Poison","-","","2220","125","94","114","95","104","97","Radiant Flower Aeon Seal: Poison","15","[Inheritance Slot]","","[Inheritance Slot]","-","","","","","","","","","","","","","","","","","","","","-","-","-","","","","","","N","-","","20.00","161000387",""