Realm,Character,Img,Sphere,S. Lv 1,S. Lv 2,S. Lv 3,S. Lv 4,S. Lv 5,Requisites,Mote 1 Required,,,,,,Mote 2 Required,,,,,,Mote 3 Required,,,,,,Mote 4 Required,,,,,
Core,Tyro,,Warrior,ATK +1,HP +70,DEF +1,ATK +1,ATK +2,-,Vitality (3★),2,4,6,8,10,Bravery (3★),3,6,9,12,15,,,,,,,,,,,,
Core,Tyro,,Knight,DEF +1,ATK +1,HP +100,DEF +1,DEF +2,-,Vitality (3★),3,6,9,12,15,Bravery (3★),2,4,6,8,10,,,,,,,,,,,,
Core,Tyro,,Thief,MND +1,DEF +1,ATK +1,HP +55,MAG +2,-,Dexterity (3★),2,4,6,8,10,Vitality (3★),1,2,3,4,5,Wisdom (3★),2,4,6,8,10,,,,,,
Core,Tyro,,Black Mage,MAG +1,HP +40,RES +1,MAG +2,BLK dam. +3%,-,Spirit (3★),1,3,5,7,9,Wisdom (3★),4,7,10,13,16,,,,,,,,,,,,
Core,Tyro,,White Mage,MND +1,HP +40,RES +1,MND +2,WHT heals +3%,-,Spirit (3★),4,7,10,13,16,Wisdom (3★),1,3,5,7,9,,,,,,,,,,,,
Core,Tyro,,Ranger,MAG +1,DEF +1,ATK +1,HP +60,MND +2,-,Dexterity (3★),2,4,6,8,10,Vitality (3★),1,2,3,4,5,Bravery (3★),2,4,6,8,10,,,,,,
Core,Tyro,,Spellblade,ATK +3,DEF +3,HP +170,ATK +6,Spellblade dam. +6%,"Warrior, Black Mage",Dexterity (4★),2,4,6,8,10,Vitality (4★),1,2,3,4,5,Wisdom (4★),2,4,6,8,10,,,,,,
Core,Tyro,,Paladin,DEF +3,ATK +3,DEF +4,HP +250,DEF +6,"Knight, White Mage",Spirit (4★),1,2,3,4,5,Vitality (4★),2,4,6,8,10,Bravery (4★),2,4,6,8,10,,,,,,
Core,Tyro,,Ninja,RES +3,MAG +3,DEF +5,HP +160,ATK +6,"Thief, Ranger",Dexterity (4★),2,4,6,8,10,Vitality (4★),2,4,6,8,10,Wisdom (4★),1,2,3,4,5,,,,,,
Core,Tyro,,Magus,MAG +3,HP +100,RES +3,MAG +6,BLK dam. +6%,Black Mage,Spirit (4★),1,3,5,7,9,Wisdom (4★),4,7,10,13,16,,,,,,,,,,,,
Core,Tyro,,Devout,MND +3,HP +100,RES +3,MND +6,WHT heals +6%,White Mage,Spirit (4★),4,7,10,13,16,Wisdom (4★),1,3,5,7,9,,,,,,,,,,,,
Core,Tyro,,Sage,MND +6,MAG +6,Sleep Imm. (minor),Silence Imm. (minor),Weakness dam. +9%,"Magus, Devout",Spirit (4★),2,4,6,8,10,Vitality (4★),1,2,3,4,5,Wisdom (4★),2,4,6,8,10,,,,,,
Core,Tyro,,Lifebane,Monk 5★ -> 6★,Lifebane x1,Monk dam. +3%,-,-,Monk (5★) x1,Monk (5★),4,10,15,,,,,,,,,,,,,,,,,,,,
Core,Tyro,,Snowspell Strike,Spellblade 5★ -> 6★,Snowspell Strike x1,Spellblade dam. +3%,-,-,Spellblade (5★) x1,Spellblade (5★),4,10,15,,,,,,,,,,,,,,,,,,,,
Core,Tyro,,Demonsblood,Samurai 5★ -> 6★,Demonsblood x1,Samurai dam. +3%,-,-,Samurai (5★) x1,Samurai (5★),4,10,15,,,,,,,,,,,,,,,,,,,,
Core,Tyro,,Mug Bloodlust,Thief 5★ -> 6★,Mug Bloodlust x1,Thief dam. +3%,-,-,Thief (5★) x1,Thief (5★),4,10,15,,,,,,,,,,,,,,,,,,,,
Core,Tyro,,Stitch in Time,Ninja 5★ -> 6★,Stitch in Time x1,Ninja dam. +3%,-,-,Ninja (5★) x1,Ninja (5★),4,10,15,,,,,,,,,,,,,,,,,,,,
Core,Tyro,,Aegis Strike,Knight 5★ -> 6★,Aegis Strike x1,Knight dam. +3%,-,-,Knight (5★) x1,Knight (5★),4,10,15,,,,,,,,,,,,,,,,,,,,
Core,Tyro,,Penalty Snipe,Machinist 5★ -> 6★,Penalty Snipe x1,Machinist dam. +3%,-,-,Machinist (5★) x1,Machinist (5★),4,10,15,,,,,,,,,,,,,,,,,,,,
Core,Tyro,,Sky High,Dragoon 5★ -> 6★,Sky High x1,Dragoon dam. +3%,-,-,Dragoon (5★) x1,Dragoon (5★),4,10,15,,,,,,,,,,,,,,,,,,,,
Core,Tyro,,Allegro con Moto,Bard 5★ -> 6★,Allegro con Moto x1,Weakness dam. +3%,-,-,Bard (5★) x1,Bard (5★),4,10,15,,,,,,,,,,,,,,,,,,,,
Core,Monk,,Lifebane,Monk 5★ -> 6★,Lifebane x1,Monk dam. +3%,-,-,Monk (5★) x1,Monk (5★),4,10,15,,,,,,,,,,,,,,,,,,,,
Core,Knight,,Aegis Strike,Knight 5★ -> 6★,Aegis Strike x1,Knight dam. +3%,-,-,Knight (5★) x1,Knight (5★),4,10,15,,,,,,,,,,,,,,,,,,,,
Core,Samurai,,Demonsblood,Samurai 5★ -> 6★,Demonsblood x1,Samurai dam. +3%,-,-,Samurai (5★) x1,Samurai (5★),4,10,15,,,,,,,,,,,,,,,,,,,,
Core,Dragoon,,Sky High,Dragoon 5★ -> 6★,Sky High x1,Dragoon dam. +3%,-,-,Dragoon (5★) x1,Dragoon (5★),4,10,15,,,,,,,,,,,,,,,,,,,,
Core,Spellblade,,Snowspell Strike,Spellblade 5★ -> 6★,Snowspell Strike x1,Spellblade dam. +3%,-,-,Spellblade (5★) x1,Spellblade (5★),4,10,15,,,,,,,,,,,,,,,,,,,,
Core,Thief (Core),,Mug Bloodlust,Thief 5★ -> 6★,Mug Bloodlust x1,Thief dam. +3%,-,-,Thief (5★) x1,Thief (5★),4,10,15,,,,,,,,,,,,,,,,,,,,
Core,Bard,,Allegro con Moto,Bard 5★ -> 6★,Allegro con Moto x1,Weakness dam. +3%,-,-,Bard (5★) x1,Bard (5★),4,10,15,,,,,,,,,,,,,,,,,,,,
Core,Ninja,,Stitch in Time,Ninja 5★ -> 6★,Stitch in Time x1,Ninja dam. +3%,-,-,Ninja (5★) x1,Ninja (5★),4,10,15,,,,,,,,,,,,,,,,,,,,
Core,Elarra,,White Mage,MND +1,HP +40,RES +1,MND +2,WHT heals +3%,-,Spirit (3★),4,7,10,13,16,Wisdom (3★),1,3,5,7,9,,,,,,,,,,,,
Core,Elarra,,Dancer,MND +1,MAG +1,RES +1,HP +55,MAG +2,-,Spirit (3★),2,4,6,8,10,Dexterity (3★),2,4,6,8,10,Vitality (3★),1,2,3,4,5,,,,,,
Core,Elarra,,Black Mage,MAG +1,HP +40,RES +1,MAG +2,MAG +2,-,Spirit (3★),1,3,5,7,9,Wisdom (3★),4,7,10,13,16,,,,,,,,,,,,
Core,Elarra,,Devout,MND +3,HP +100,RES +3,MND +6,WHT heals +6%,White Mage,Spirit (4★),4,7,10,13,16,Wisdom (4★),1,3,5,7,9,,,,,,,,,,,,
Core,Elarra,,Illusionist,MND +3,RES +3,HP +150,MND +5,Silence Imm. (minor),"White Mage, Dancer",Spirit (4★),2,4,6,8,10,Dexterity (4★),1,2,3,4,5,Wisdom (4★),2,4,6,8,10,,,,,,
Core,Elarra,,Summoner,MND +3,MAG +3,HP +120,MAG +6,MND +6,"Dancer, Black Mage",Spirit (4★),2,4,6,8,10,Dexterity (4★),1,2,3,4,5,Wisdom (4★),2,4,6,8,10,,,,,,
Core,Elarra,,Allegro con Moto,Bard 5★ -> 6★,Allegro con Moto x1,WHT heals +3%,-,-,Bard (5★) x1,Bard (5★),4,10,15,,,,,,,,,,,,,,,,,,,,
Core,Biggs,,Warrior,ATK +1,HP +70,DEF +1,ATK +1,ATK +2,-,Vitality (3★),2,4,6,8,10,Bravery (3★),3,6,9,12,15,,,,,,,,,,,,
Core,Biggs,,Knight,DEF +1,ATK +1,HP +100,DEF +1,DEF +2,-,Vitality (3★),3,6,9,12,15,Bravery (3★),2,4,6,8,10,,,,,,,,,,,,
Core,Biggs,,Monk,DEF +1,HP +70,ATK +1,ATK +2,HP +80,-,Dexterity (3★),1,2,3,4,5,Vitality (3★),2,4,6,8,10,Bravery (3★),2,4,6,8,10,,,,,,
Core,Biggs,,Berserker,ATK +2,ATK +2,ATK +3,ATK +3,Heavy dam. +6%,Warrior,Vitality (4★),5,10,15,20,25,,,,,,,,,,,,,,,,,,
Core,Biggs,,Paladin,DEF +3,ATK +3,DEF +4,HP +250,Knight dam. +6%,"Warrior, Knight",Spirit (4★),1,2,3,4,5,Vitality (4★),2,4,6,8,10,Bravery (4★),2,4,6,8,10,,,,,,
Core,Biggs,,Spellblade,ATK +3,DEF +3,HP +170,ATK +6,Spellblade 3★ -> 5★,"Knight, Monk",Dexterity (4★),2,4,6,8,10,Vitality (4★),1,2,3,4,5,Wisdom (4★),2,4,6,8,10,,,,,,
Core,Biggs,,Aegis Strike,Knight 5★ -> 6★,Aegis Strike x1,Knight dam. +3%,-,-,Knight (5★) x1,Knight (5★),4,10,15,,,,,,,,,,,,,,,,,,,,
Core,Wedge,,Black Mage,MAG +1,HP +40,RES +1,MAG +2,BLK dam. +3%,-,Spirit (3★),1,3,5,7,9,Wisdom (3★),4,7,10,13,16,,,,,,,,,,,,
Core,Wedge,,Red Mage,MAG +1,DEF +1,MAG +1,HP +60,ATK +2,-,Spirit (3★),2,4,6,8,10,Vitality (3★),1,2,3,4,5,Wisdom (3★),2,4,6,8,10,,,,,,
Core,Wedge,,Thief,ATK +1,DEF +1,RES +1,HP +55,ATK +2,-,Dexterity (3★),2,4,6,8,10,Vitality (3★),1,2,3,4,5,Wisdom (3★),2,4,6,8,10,,,,,,
Core,Wedge,,Magus,MAG +3,HP +100,RES +3,MAG +6,BLK dam. +6%,Black Mage,Spirit (4★),1,3,5,7,9,Wisdom (4★),4,7,10,13,16,,,,,,,,,,,,
Core,Wedge,,Blue Mage,ATK +2,DEF +2,MAG +4,HP +120,MAG +6,"Black Mage, Red Mage",Spirit (4★),2,4,6,8,10,Vitality (4★),1,2,3,4,5,Wisdom (4★),2,4,6,8,10,,,,,,
Core,Wedge,,Time Mage,DEF +2,RES +2,HP +120,ATK +5,Black Magic 3★ -> 5★,"Red Mage, Thief",Spirit (4★),2,4,6,8,10,Dexterity (4★),1,2,3,4,5,Wisdom (4★),2,4,6,8,10,,,,,,
Core,Wedge,,Mug Bloodlust,Thief 5★ -> 6★,Mug Bloodlust x1,Thief dam. +3%,-,-,Thief (5★) x1,Thief (5★),4,10,15,,,,,,,,,,,,,,,,,,,,
Core,Dr. Mog,,Black Mage,MAG +1,HP +40,RES +1,MAG +2,BLK dam. +3%,-,Spirit (3★),1,3,5,7,9,Wisdom (3★),4,7,10,13,16,,,,,,,,,,,,
Core,Dr. Mog,,Red Mage,MAG +1,MND +1,MAG +1,HP +60,SUM dam. +3%,-,Spirit (3★),2,4,6,8,10,Vitality (3★),1,2,3,4,5,Wisdom (3★),2,4,6,8,10,,,,,,
Core,Dr. Mog,,White Mage,MND +1,HP +40,RES +1,MND +2,MAG +2,-,Spirit (3★),4,7,10,13,16,Wisdom (3★),1,3,5,7,9,,,,,,,,,,,,
Core,Dr. Mog,,Magus,MAG +3,HP +100,MAG +3,MAG +6,BLK dam. +6%,Black Mage,Spirit (4★),1,3,5,7,9,Wisdom (4★),4,7,10,13,16,,,,,,,,,,,,
Core,Dr. Mog,,Sage,MND +3,MAG +3,MND +6,MAG +6,Silence Imm. (minor),"Black Mage, Red Mage",Spirit (4★),2,4,6,8,10,Vitality (4★),1,2,3,4,5,Wisdom (4★),2,4,6,8,10,,,,,,
Core,Dr. Mog,,Devout,MND +3,HP +100,RES +3,MND +5,WHT heals +6%,"Red Mage, White Mage",Spirit (4★),4,7,10,13,16,Wisdom (4★),1,3,5,7,9,,,,,,,,,,,,
Core,Shadowsmith,,Black Mage,MAG +1,HP +40,RES +1,MAG +2,BLK dam. +3%,-,Spirit (3★),1,3,5,7,9,Wisdom (3★),4,7,10,13,16,,,,,,,,,,,,
Core,Shadowsmith,,Warrior,ATK +1,HP +70,DEF +1,ATK +1,ATK +2,-,Vitality (3★),2,4,6,8,10,Bravery (3★),3,6,9,12,15,,,,,,,,,,,,
Core,Shadowsmith,,Red Mage,MND +1,DEF +1,MAG +1,HP +60,ATK +2,-,Spirit (3★),2,4,6,8,10,Vitality (3★),1,2,3,4,5,Wisdom (3★),2,4,6,8,10,,,,,,
Core,Shadowsmith,,Magus,MAG +3,HP +100,RES +3,MAG +6,BLK dam. +6%,Black Mage,Spirit (4★),1,3,5,7,9,Wisdom (4★),4,7,10,13,16,,,,,,,,,,,,
Core,Shadowsmith,,Summoner,MND +3,MAG +3,HP +120,MAG +6,SUM dam. +6%,"Black Mage, Red Mage",Spirit (4★),2,4,6,8,10,Dexterity (4★),1,2,3,4,5,Wisdom (4★),2,4,6,8,10,,,,,,
Core,Shadowsmith,,Spellblade,ATK +3,DEF +3,HP +170,ATK +6,Spellblade dam. +6%,"Warrior, Red Mage",Dexterity (4★),2,4,6,8,10,Vitality (4★),1,2,3,4,5,Wisdom (4★),2,4,6,8,10,,,,,,
Core,Shadowsmith,,Snowspell Strike,Spellblade 5★ -> 6★,Snowspell Strike x1,Spellblade dam. +3%,-,-,Spellblade (5★) x1,Spellblade (5★),4,10,15,,,,,,,,,,,,,,,,,,,,
I,Warrior of Light,,Warrior,ATK +1,HP +70,DEF +1,ATK +1,ATK +2,-,Vitality (3★),2,4,6,8,10,Bravery (3★),3,6,9,12,15,,,,,,,,,,,,
I,Warrior of Light,,Monk,DEF +1,RES +1,ATK +1,ATK +2,HP +80,-,Dexterity (3★),1,2,3,4,5,Vitality (3★),2,4,6,8,10,Bravery (3★),2,4,6,8,10,,,,,,
I,Warrior of Light,,Thief,RES +1,DEF +1,ATK +1,HP +55,ATK +2,-,Dexterity (3★),2,4,6,8,10,Vitality (3★),1,2,3,4,5,Wisdom (3★),2,4,6,8,10,,,,,,
I,Warrior of Light,,Knight,DEF +3,ATK +3,DEF +5,HP +250,Knight dam. +6%,Warrior,Spirit (4★),1,2,3,4,5,Vitality (4★),2,4,6,8,10,Bravery (4★),2,4,6,8,10,,,,,,
I,Warrior of Light,,Master,ATK +3,HP +60,DEF +4,ATK +5,HP +180,Monk,Dexterity (4★),1,2,3,4,5,Vitality (4★),2,4,6,8,10,Bravery (4★),2,4,6,8,10,,,,,,
I,Warrior of Light,,Ninja,DEF +3,HP +160,ATK +6,Enable Thief 3★,Enable Ninja 3★,Thief,Dexterity (4★),2,4,6,8,10,Vitality (4★),2,4,6,8,10,Wisdom (4★),1,2,3,4,5,,,,,,
I,Warrior of Light,,Aegis Strike,Knight 5★ -> 6★,Aegis Strike x1,Knight dam. +3%,-,-,Knight (5★) x1,Knight (5★),4,10,15,,,,,,,,,,,,,,,,,,,,
I,Garland,,Warrior,ATK +1,HP +70,DEF +1,ATK +1,ATK +2,-,Vitality (3★),2,4,6,8,10,Bravery (3★),3,6,9,12,15,,,,,,,,,,,,
I,Garland,,Red Mage,ATK +1,DEF +1,RES +1,HP +60,ATK +2,-,Spirit (3★),2,4,6,8,10,Vitality (3★),1,2,3,4,5,Wisdom (3★),2,4,6,8,10,,,,,,
I,Garland,,Knight,DEF +1,ATK +1,HP +100,DEF +1,DEF +2,-,Vitality (3★),3,6,9,12,15,Bravery (3★),2,4,6,8,10,,,,,,,,,,,,
I,Garland,,Gladiator,DEF +3,HP +200,ATK +5,ATK +6,Sleep Imm. (minor),Warrior,Dexterity (4★),1,2,3,4,5,Vitality (4★),2,4,6,8,10,Bravery (4★),2,4,6,8,10,,,,,,
I,Garland,,Warmage,ATK +3,HP +180,ATK +5,Darkness dam. +6%,Blind Imm. (minor),"Warrior, Red Mage",Dexterity (4★),2,4,6,8,10,Vitality (4★),1,2,3,4,5,Wisdom (4★),2,4,6,8,10,,,,,,
I,Garland,,Dark Knight,ATK +2,HP +220,ATK +4,DEF +5,Knight dam. +6%,Knight,Dexterity (4★),2,3,5,7,9,Vitality (4★),3,7,10,13,16,,,,,,,,,,,,
I,Sarah,,Bard,RES +1,MND +1,RES +1,HP +55,MND +2,-,Spirit (3★),2,4,6,8,10,Dexterity (3★),2,4,6,8,10,Wisdom (3★),1,2,3,4,5,,,,,,
I,Sarah,,White Mage,MND +1,HP +40,RES +1,MND +2,WHT heals +3%,-,Spirit (3★),4,7,10,13,16,Wisdom (3★),1,3,5,7,9,,,,,,,,,,,,
I,Sarah,,Dancer,MND +1,RES +1,MND +1,HP +55,RES +2,-,Spirit (3★),2,4,6,8,10,Dexterity (3★),2,4,6,8,10,Vitality (3★),1,2,3,4,5,,,,,,
I,Sarah,,Geomancer,RES +3,MND +3,HP +130,MND +5,Silence Imm. (minor),"Bard, White Mage",Spirit (4★),1,2,3,4,5,Dexterity (4★),2,4,6,8,10,Wisdom (4★),2,4,6,8,10,,,,,,
I,Sarah,,Devout,WHT heals +3%,HP +100,RES +3,MND +5,WHT heals +6%,White Mage,Spirit (4★),4,7,10,13,16,Wisdom (4★),1,3,5,7,9,,,,,,,,,,,,
I,Sarah,,Illusionist,MND +3,RES +3,HP +130,MND +5,RES +6,"White Mage, Dancer",Spirit (4★),2,4,6,8,10,Dexterity (4★),1,2,3,4,5,Wisdom (4★),2,4,6,8,10,,,,,,
I,Sarah,,Allegro con Moto,Bard 5★ -> 6★,Allegro con Moto x1,WHT heals +3%,-,-,Bard (5★) x1,Bard (5★),4,10,15,,,,,,,,,,,,,,,,,,,,
I,Wol,,Warrior,ATK +1,HP +70,DEF +1,ATK +1,ATK +2,-,Vitality (3★),2,4,6,8,10,Bravery (3★),3,6,9,12,15,,,,,,,,,,,,
I,Wol,,Ranger,ATK +1,DEF +1,RES +1,HP +55,ATK +2,-,Dexterity (3★),2,4,6,8,10,Vitality (3★),1,2,3,4,5,Bravery (3★),2,4,6,8,10,,,,,,
I,Wol,,Thief,ATK +1,DEF +1,RES +1,HP +60,ATK +2,-,Dexterity (3★),2,4,6,8,10,Vitality (3★),1,2,3,4,5,Wisdom (3★),2,4,6,8,10,,,,,,
I,Wol,,Dragoon,ATK +3,DEF +4,HP +220,ATK +5,Dragoon 3★ -> 4★,Warrior,Dexterity (4★),2,4,6,8,10,Vitality (4★),2,4,6,8,10,Bravery (4★),1,2,3,4,5,,,,,,
I,Wol,,Cannoneer,ATK +3,DEF +3,HP +160,ATK +6,Sharpshooter dam. +3%,"Warrior, Ranger",Dexterity (4★),2,4,6,8,10,Vitality (4★),1,2,3,4,5,Bravery (4★),2,4,6,8,10,,,,,,
I,Wol,,Ninja,ATK +3,ATK +3,HP +160,Thief 4★ -> 5★,Thief dam. +3%,"Ranger, Thief",Dexterity (4★),2,4,6,8,10,Vitality (4★),2,4,6,8,10,Wisdom (4★),1,2,3,4,5,,,,,,
I,Wol,,Aegis Strike,Knight 5★ -> 6★,Aegis Strike x1,Knight dam. +3%,-,-,Knight (5★) x1,Knight (5★),4,10,15,,,,,,,,,,,,,,,,,,,,
I,Echo,,White Mage,MND +1,HP +40,RES +1,MND +2,WHT heals +3%,-,Spirit (3★),4,7,10,13,16,Wisdom (3★),1,3,5,7,9,,,,,,,,,,,,
I,Echo,,Dancer,MND +1,MAG +1,RES +1,HP +55,MAG +2,-,Spirit (3★),2,4,6,8,10,Dexterity (3★),2,4,6,8,10,Vitality (3★),1,2,3,4,5,,,,,,
I,Echo,,Black Mage,MAG +1,HP +40,RES +1,MAG +2,BLK dam. +3%,-,Spirit (3★),1,3,5,7,9,Wisdom (3★),4,7,10,13,16,,,,,,,,,,,,
I,Echo,,Devout,MND +3,HP +100,MND +3,MND +6,WHT heals +6%,White Mage,Spirit (4★),4,7,10,13,16,Wisdom (4★),1,3,5,7,9,,,,,,,,,,,,
I,Echo,,Time Mage,MND +3,RES +3,HP +120,MAG +5,MAG +6,"Black Mage, Dancer",Spirit (4★),2,4,6,8,10,Dexterity (4★),1,2,3,4,5,Wisdom (4★),2,4,6,8,10,,,,,,
I,Echo,,Magus,MAG +3,HP +100,MAG +4,MAG +6,BLK dam. +6%,Black Mage,Spirit (4★),1,3,5,7,9,Wisdom (4★),4,7,10,13,16,,,,,,,,,,,,
I,Master,,Monk,DEF +1,RES +1,ATK +1,ATK +2,Monk dam. +3%,-,Dexterity (3★),1,2,3,4,5,Vitality (3★),2,4,6,8,10,Bravery (3★),2,4,6,8,10,,,,,,
I,Master,,Warrior,ATK +1,HP +70,DEF +1,ATK +1,ATK +2,-,Vitality (3★),2,4,6,8,10,Bravery (3★),3,6,9,12,15,,,,,,,,,,,,
I,Master,,Ranger,RES +1,DEF +1,RES +1,HP +60,ATK +2,-,Dexterity (3★),2,4,6,8,10,Vitality (3★),1,2,3,4,5,Bravery (3★),2,4,6,8,10,,,,,,
I,Master,,Master,Monk dam. +3%,ATK +4,ATK +5,HP +200,Monk dam. +6%,Monk,Dexterity (4★),1,2,3,4,5,Vitality (4★),2,4,6,8,10,Bravery (4★),2,4,6,8,10,,,,,,
I,Master,,Berserker,ATK +2,ATK +2,ATK +3,ATK +3,ATK +5,Warrior,Vitality (4★),5,10,15,20,25,,,,,,,,,,,,,,,,,,
I,Master,,Gladiator,ATK +3,DEF +3,DEF +4,ATK +4,HP +230,"Warrior, Ranger",Dexterity (4★),1,2,3,4,5,Vitality (4★),2,4,6,8,10,Bravery (4★),2,4,6,8,10,,,,,,
I,Master,,Lifebane,Monk 5★ -> 6★,Lifebane x1,Monk dam. +3%,-,-,Monk (5★) x1,Monk (5★),4,10,15,,,,,,,,,,,,,,,,,,,,
I,Matoya,,White Mage,MND +1,HP +40,RES +1,MND +2,WHT heals +3%,-,Spirit (3★),4,7,10,13,16,Wisdom (3★),1,3,5,7,9,,,,,,,,,,,,
I,Matoya,,Red Mage,MND +1,RES +1,MAG +1,HP +60,MAG +2,-,Spirit (3★),2,4,6,8,10,Vitality (3★),1,2,3,4,5,Wisdom (3★),2,4,6,8,10,,,,,,
I,Matoya,,Black Mage,MAG +1,HP +40,RES +1,MAG +2,BLK dam. +3%,-,Spirit (3★),1,3,5,7,9,Wisdom (3★),4,7,10,13,16,,,,,,,,,,,,
I,Matoya,,Devout,MND +3,HP +100,RES +3,MND +6,WHT heals +6%,White Mage,Spirit (4★),4,7,10,13,16,Wisdom (4★),1,3,5,7,9,,,,,,,,,,,,
I,Matoya,,Sage,MND +3,MAG +3,MND +6,MAG +6,Silence Imm. (minor),"White Mage, Black Mage",Spirit (4★),2,4,6,8,10,Vitality (4★),1,2,3,4,5,Wisdom (4★),2,4,6,8,10,,,,,,
I,Matoya,,Magus,MAG +3,HP +100,RES +3,MAG +6,BLK dam. +6%,Black Mage,Spirit (4★),1,3,5,7,9,Wisdom (4★),4,7,10,13,16,,,,,,,,,,,,
I,Meia,,Red Mage,MAG +1,DEF +1,MAG +1,HP +60,DEF +2,-,Spirit (3★),2,4,6,8,10,Vitality (3★),1,2,3,4,5,Wisdom (3★),2,4,6,8,10,,,,,,
I,Meia,,Black Mage,RES +1,HP +40,RES +1,MAG +2,BLK dam. +3%,-,Spirit (3★),1,3,5,7,9,Wisdom (3★),4,7,10,13,16,,,,,,,,,,,,
I,Meia,,Dancer,RES +1,MAG +1,RES +1,HP +55,MAG +2,-,Spirit (3★),2,4,6,8,10,Dexterity (3★),2,4,6,8,10,Vitality (3★),1,2,3,4,5,,,,,,
I,Meia,,Summoner,RES +3,MAG +3,HP +120,MAG +6,SUM dam. +6%,Red Mage,Spirit (4★),2,4,6,8,10,Dexterity (4★),1,2,3,4,5,Wisdom (4★),2,4,6,8,10,,,,,,
I,Meia,,Magus,MAG +3,HP +100,RES +3,MAG +6,Witch dam. +6%,"Red Mage, Black Mage",Spirit (4★),1,3,5,7,9,Wisdom (4★),4,7,10,13,16,,,,,,,,,,,,
I,Meia,,Blue Mage,RES +2,MAG +2,MAG +3,HP +120,RES +6,"Black Mage, Dancer",Spirit (4★),2,4,6,8,10,Vitality (4★),1,2,3,4,5,Wisdom (4★),2,4,6,8,10,,,,,,
I,Thief (I),,Warrior,ATK +1,HP +70,DEF +1,ATK +1,ATK +2,-,Vitality (3★),2,4,6,8,10,Bravery (3★),3,6,9,12,15,,,,,,,,,,,,
I,Thief (I),,Thief,ATK +1,DEF +1,ATK +1,HP +55,ATK +2,-,Dexterity (3★),2,4,6,8,10,Vitality (3★),1,2,3,4,5,Wisdom (3★),2,4,6,8,10,,,,,,
I,Thief (I),,Ranger,ATK +1,DEF +1,ATK +1,HP +60,RES +2,-,Dexterity (3★),2,4,6,8,10,Vitality (3★),1,2,3,4,5,Bravery (3★),2,4,6,8,10,,,,,,
I,Thief (I),,Gladiator,ATK +3,DEF +3,HP +200,ATK +4,ATK +5,Warrior,Dexterity (4★),1,2,3,4,5,Vitality (4★),2,4,6,8,10,Bravery (4★),2,4,6,8,10,,,,,,
I,Thief (I),,Ninja,Thief dam. +3%,RES +3,HP +160,ATK +6,Thief dam. +6%,"Warrior, Thief",Dexterity (4★),2,4,6,8,10,Vitality (4★),2,4,6,8,10,Wisdom (4★),1,2,3,4,5,,,,,,
I,Thief (I),,Viking,Dagger dam. +3%,DEF +3,DEF +4,HP +230,DEF +6,"Thief, Ranger",Vitality (4★),3,7,10,13,16,Bravery (4★),2,3,5,7,9,,,,,,,,,,,,
I,Thief (I),,Mug Bloodlust,Thief 5★ -> 6★,Mug Bloodlust x1,Thief dam. +3%,-,-,Thief (5★) x1,Thief (5★),4,10,15,,,,,,,,,,,,,,,,,,,,
II,Firion,,Warrior,ATK +1,HP +70,DEF +1,ATK +1,ATK +2,-,Vitality (3★),2,4,6,8,10,Bravery (3★),3,6,9,12,15,,,,,,,,,,,,
II,Firion,,Red Mage,ATK +1,DEF +1,RES +1,HP +60,ATK +2,-,Spirit (3★),2,4,6,8,10,Vitality (3★),1,2,3,4,5,Wisdom (3★),2,4,6,8,10,,,,,,
II,Firion,,Monk,DEF +1,RES +1,ATK +1,ATK +2,HP +80,-,Dexterity (3★),1,2,3,4,5,Vitality (3★),2,4,6,8,10,Bravery (3★),2,4,6,8,10,,,,,,
II,Firion,,Gladiator,ATK +3,DEF +3,HP +200,ATK +5,Support 3★ -> 4★,Warrior,Dexterity (4★),1,2,3,4,5,Vitality (4★),2,4,6,8,10,Bravery (4★),2,4,6,8,10,,,,,,
II,Firion,,Spellblade,ATK +3,DEF +3,HP +170,ATK +6,Enable Spellblade 3★,"Warrior, Red Mage",Dexterity (4★),2,4,6,8,10,Vitality (4★),1,2,3,4,5,Wisdom (4★),2,4,6,8,10,,,,,,
II,Firion,,Master,RES +3,HP +60,DEF +4,ATK +5,HP +180,Monk,Dexterity (4★),1,2,3,4,5,Vitality (4★),2,4,6,8,10,Bravery (4★),2,4,6,8,10,,,,,,
II,Firion,,Aegis Strike,Knight 5★ -> 6★,Aegis Strike x1,Knight dam. +3%,-,-,Knight (5★) x1,Knight (5★),4,10,15,,,,,,,,,,,,,,,,,,,,
II,Firion,,Demonsblood,Samurai 5★ -> 6★,Demonsblood x1,Samurai dam. +3%,-,-,Samurai (5★) x1,Samurai (5★),4,10,15,,,,,,,,,,,,,,,,,,,,
II,Maria,,White Mage,MND +1,HP +40,RES +1,MND +1,RES +2,-,Spirit (3★),4,7,10,13,16,Wisdom (3★),1,3,5,7,9,,,,,,,,,,,,
II,Maria,,Black Mage,MAG +1,HP +40,MAG +1,MAG +2,BLK dam. +3%,-,Spirit (3★),1,3,5,7,9,Wisdom (3★),4,7,10,13,16,,,,,,,,,,,,
II,Maria,,Ranger,MAG +1,RES +1,MAG +1,HP +60,MAG +2,-,Dexterity (3★),2,4,6,8,10,Vitality (3★),1,2,3,4,5,Bravery (3★),2,4,6,8,10,,,,,,
II,Maria,,Devout,MND +3,HP +100,MND +3,RES +6,White Magic 3★ -> 4★,White Mage,Spirit (4★),4,7,10,13,16,Wisdom (4★),1,3,5,7,9,,,,,,,,,,,,
II,Maria,,Magus,BLK dam. +3%,HP +100,MAG +5,MAG +6,BLK dam. +6%,Black Mage,Spirit (4★),1,3,5,7,9,Wisdom (4★),4,7,10,13,16,,,,,,,,,,,,
II,Maria,,Ninja,RES +3,RES +3,HP +160,MAG +5,MAG +6,"Black Mage, Ranger",Dexterity (4★),2,4,6,8,10,Vitality (4★),2,4,6,8,10,Wisdom (4★),1,2,3,4,5,,,,,,
II,Guy,,Warrior,ATK +1,HP +70,DEF +1,ATK +1,ATK +2,-,Vitality (3★),2,4,6,8,10,Bravery (3★),3,6,9,12,15,,,,,,,,,,,,
II,Guy,,Knight,DEF +1,ATK +1,HP +100,DEF +1,DEF +2,-,Vitality (3★),3,6,9,12,15,Bravery (3★),2,4,6,8,10,,,,,,,,,,,,
II,Guy,,Monk,DEF +1,RES +1,ATK +1,HP +80,Monk dam. +3%,-,Dexterity (3★),1,2,3,4,5,Vitality (3★),2,4,6,8,10,Bravery (3★),2,4,6,8,10,,,,,,
II,Guy,,Berserker,ATK +2,ATK +2,ATK +3,ATK +3,ATK +5,Warrior,Vitality (4★),5,10,15,20,25,,,,,,,,,,,,,,,,,,
II,Guy,,Gladiator,ATK +3,DEF +3,HP +200,ATK +4,Axe dmg. +3%,"Warrior, Knight",Dexterity (4★),1,2,3,4,5,Vitality (4★),2,4,6,8,10,Bravery (4★),2,4,6,8,10,,,,,,
II,Guy,,Master,DEF +3,ATK +4,ATK +5,HP +180,Earth dam. +3%,Monk,Dexterity (4★),1,2,3,4,5,Vitality (4★),2,4,6,8,10,Bravery (4★),2,4,6,8,10,,,,,,
II,Guy,,Lifebane,Monk 5★ -> 6★,Lifebane x1,Monk dam. +3%,-,-,Monk (5★) x1,Monk (5★),4,10,15,,,,,,,,,,,,,,,,,,,,
II,Leon,,Warrior,ATK +1,HP +70,DEF +1,ATK +1,ATK +2,-,Vitality (3★),2,4,6,8,10,Bravery (3★),3,6,9,12,15,,,,,,,,,,,,
II,Leon,,Knight,DEF +1,ATK +1,HP +100,DEF +1,Knight dam. +3%,-,Vitality (3★),3,6,9,12,15,Bravery (3★),2,4,6,8,10,,,,,,,,,,,,
II,Leon,,Red Mage,DEF +1,ATK +1,DEF +1,HP +60,DEF +2,-,Spirit (3★),2,4,6,8,10,Vitality (3★),1,2,3,4,5,Wisdom (3★),2,4,6,8,10,,,,,,
II,Leon,,Warmage,DEF +3,ATK +3,HP +180,ATK +4,ATK +5,Warrior,Dexterity (4★),2,4,6,8,10,Vitality (4★),1,2,3,4,5,Wisdom (4★),2,4,6,8,10,,,,,,
II,Leon,,Dark Knight,Darkness dam. +3%,DEF +3,HP +220,ATK +5,Darkness dam. +6%,"Warrior, Knight",Dexterity (4★),2,3,5,7,9,Vitality (4★),3,7,10,13,16,,,,,,,,,,,,
II,Leon,,Berserker,ATK +2,ATK +2,ATK +3,ATK +3,ATK +5,"Knight, Red Mage",Vitality (4★),5,10,15,20,25,,,,,,,,,,,,,,,,,,
II,Leon,,Aegis Strike,Knight 5★ -> 6★,Aegis Strike x1,Knight dam. +3%,-,-,Knight (5★) x1,Knight (5★),4,10,15,,,,,,,,,,,,,,,,,,,,
II,Minwu,,White Mage,MND +1,HP +40,MND +1,MND +1,WHT heals +3%,-,Spirit (3★),4,7,10,13,16,Wisdom (3★),1,3,5,7,9,,,,,,,,,,,,
II,Minwu,,Red Mage,RES +1,MND +1,RES +1,HP +60,MND +2,-,Spirit (3★),2,4,6,8,10,Vitality (3★),1,2,3,4,5,Wisdom (3★),2,4,6,8,10,,,,,,
II,Minwu,,Bard,RES +1,MND +1,RES +1,HP +55,RES +2,-,Spirit (3★),2,4,6,8,10,Dexterity (3★),2,4,6,8,10,Wisdom (3★),1,2,3,4,5,,,,,,
II,Minwu,,Devout,WHT heals +3%,RES +3,HP +100,MND +5,WHT heals +6%,White Mage,Spirit (4★),4,7,10,13,16,Wisdom (4★),1,3,5,7,9,,,,,,,,,,,,
II,Minwu,,Sage,MND +3,RES +3,MND +4,RES +6,Holy dam. +3%,"White Mage, Red Mage",Spirit (4★),2,4,6,8,10,Vitality (4★),1,2,3,4,5,Wisdom (4★),2,4,6,8,10,,,,,,
II,Minwu,,Time Mage,RES +2,MND +2,HP +120,MND +5,Silence Imm. (minor),"Red Mage, Bard",Spirit (4★),2,4,6,8,10,Dexterity (4★),1,2,3,4,5,Wisdom (4★),2,4,6,8,10,,,,,,
II,Gordon,,Knight,DEF +1,ATK +1,HP +100,DEF +1,DEF +2,-,Vitality (3★),3,6,9,12,15,Bravery (3★),2,4,6,8,10,,,,,,,,,,,,
II,Gordon,,Warrior,ATK +1,HP +70,DEF +1,ATK +1,ATK +2,-,Vitality (3★),2,4,6,8,10,Bravery (3★),3,6,9,12,15,,,,,,,,,,,,
II,Gordon,,Red Mage,RES +1,DEF +1,RES +1,HP +60,ATK +2,-,Spirit (3★),2,4,6,8,10,Vitality (3★),1,2,3,4,5,Wisdom (3★),2,4,6,8,10,,,,,,
II,Gordon,,Gladiator,ATK +3,DEF +3,HP +200,ATK +4,Support dam. +3%,Knight,Dexterity (4★),1,2,3,4,5,Vitality (4★),2,4,6,8,10,Bravery (4★),2,4,6,8,10,,,,,,
II,Gordon,,Berserker,ATK +3,ATK +3,ATK +4,ATK +6,Spear dam. +3%,"Warrior, Knight",Vitality (4★),5,10,15,20,25,,,,,,,,,,,,,,,,,,
II,Gordon,,Spellblade,ATK +3,DEF +3,HP +170,ATK +5,Fire dam. +3%,"Knight, Red Mage",Dexterity (4★),2,4,6,8,10,Vitality (4★),1,2,3,4,5,Wisdom (4★),2,4,6,8,10,,,,,,
II,Leila,,Warrior,ATK +1,HP +70,DEF +1,ATK +1,ATK +2,-,Vitality (3★),2,4,6,8,10,Bravery (3★),3,6,9,12,15,,,,,,,,,,,,
II,Leila,,Thief,ATK +1,DEF +1,ATK +1,HP +55,ATK +2,-,Dexterity (3★),2,4,6,8,10,Vitality (3★),1,2,3,4,5,Wisdom (3★),2,4,6,8,10,,,,,,
II,Leila,,Ranger,ATK +1,DEF +1,ATK +1,HP +60,ATK +2,-,Dexterity (3★),2,4,6,8,10,Vitality (3★),1,2,3,4,5,Bravery (3★),2,4,6,8,10,,,,,,
II,Leila,,Viking,ATK +2,HP +150,DEF +4,ATK +5,Dagger dam. +3%,Warrior,Vitality (4★),3,7,10,13,16,Bravery (4★),2,3,5,7,9,,,,,,,,,,,,
II,Leila,,Ninja,Thief dam. +3%,DEF +3,HP +160,ATK +6,Thief dam. +6%,"Warrior, Thief",Dexterity (4★),2,4,6,8,10,Vitality (4★),2,4,6,8,10,Wisdom (4★),1,2,3,4,5,,,,,,
II,Leila,,Cannoneer,ATK +3,DEF +3,HP +150,ATK +6,PHY +3%,"Thief, Ranger",Dexterity (4★),2,4,6,8,10,Vitality (4★),1,2,3,4,5,Bravery (4★),2,4,6,8,10,,,,,,
II,Leila,,Mug Bloodlust,Thief 5★ -> 6★,Mug Bloodlust x1,Thief dam. +3%,-,-,Thief (5★) x1,Thief (5★),4,10,15,,,,,,,,,,,,,,,,,,,,
II,Ricard,,Warrior,ATK +1,HP +70,ATK +1,DEF +1,ATK +2,-,Vitality (3★),2,4,6,8,10,Bravery (3★),3,6,9,12,15,,,,,,,,,,,,
II,Ricard,,Knight,ATK +1,DEF +1,HP +100,ATK +1,DEF +2,-,Vitality (3★),3,6,9,12,15,Bravery (3★),2,4,6,8,10,,,,,,,,,,,,
II,Ricard,,Ranger,ATK +1,DEF +1,ATK +1,HP +60,ATK +2,-,Dexterity (3★),2,4,6,8,10,Vitality (3★),1,2,3,4,5,Bravery (3★),2,4,6,8,10,,,,,,
II,Ricard,,Gladiator,ATK +3,ATK +4,HP +200,ATK +5,Spear dam. +3%,Warrior,Dexterity (4★),1,2,3,4,5,Vitality (4★),2,4,6,8,10,Bravery (4★),2,4,6,8,10,,,,,,
II,Ricard,,Paladin,DEF +3,ATK +3,HP +200,ATK +6,Enable Knight 4★,"Warrior, Knight",Spirit (4★),1,2,3,4,5,Vitality (4★),2,4,6,8,10,Bravery (4★),2,4,6,8,10,,,,,,
II,Ricard,,Dragoon,Dragoon dam. +3%,ATK +4,HP +220,ATK +5,Dragoon dam. +6%,"Knight, Ranger",Dexterity (4★),2,4,6,8,10,Vitality (4★),2,4,6,8,10,Bravery (4★),1,2,3,4,5,,,,,,
II,Ricard,,Sky High,Dragoon 5★ -> 6★,Sky High x1,Dragoon dam. +3%,-,-,Dragoon (5★) x1,Dragoon (5★),4,10,15,,,,,,,,,,,,,,,,,,,,
II,Josef,,Monk,DEF +1,RES +1,ATK +1,ATK +2,HP +80,-,Dexterity (3★),1,2,3,4,5,Vitality (3★),2,4,6,8,10,Bravery (3★),2,4,6,8,10,,,,,,
II,Josef,,Thief,RES +1,DEF +1,ATK +1,HP +55,ATK +2,-,Dexterity (3★),2,4,6,8,10,Vitality (3★),1,2,3,4,5,Wisdom (3★),2,4,6,8,10,,,,,,
II,Josef,,Warrior,ATK +1,HP +70,DEF +1,ATK +1,ATK +2,-,Vitality (3★),2,4,6,8,10,Bravery (3★),3,6,9,12,15,,,,,,,,,,,,
II,Josef,,Master,RES +3,DEF +4,HP +200,ATK +6,Monk dam. +6%,Monk,Dexterity (4★),1,2,3,4,5,Vitality (4★),2,4,6,8,10,Bravery (4★),2,4,6,8,10,,,,,,
II,Josef,,Berserker,ATK +2,ATK +2,ATK +3,ATK +3,ATK +5,"Monk, Thief",Vitality (4★),5,10,15,20,25,,,,,,,,,,,,,,,,,,
II,Josef,,Gladiator,DEF +3,ATK +3,HP +200,DEF +4,ATK +5,Warrior,Dexterity (4★),1,2,3,4,5,Vitality (4★),2,4,6,8,10,Bravery (4★),2,4,6,8,10,,,,,,
II,Josef,,Lifebane,Monk 5★ -> 6★,Lifebane x1,Monk dam. +3%,-,-,Monk (5★) x1,Monk (5★),4,10,15,,,,,,,,,,,,,,,,,,,,
II,Emperor,,Black Mage,MAG +1,HP +40,RES +1,MAG +2,BLK dam. +3%,-,Spirit (3★),1,3,5,7,9,Wisdom (3★),4,7,10,13,16,,,,,,,,,,,,
II,Emperor,,White Mage,MND +1,MND +1,RES +1,HP +60,RES +2,-,Spirit (3★),4,7,10,13,16,Wisdom (3★),1,3,5,7,9,,,,,,,,,,,,
II,Emperor,,Red Mage,MAG +1,DEF +1,MAG +1,HP +60,DEF +2,-,Spirit (3★),2,4,6,8,10,Vitality (3★),1,2,3,4,5,Wisdom (3★),2,4,6,8,10,,,,,,
II,Emperor,,Magus,RES +3,MAG +4,HP +150,MAG +6,BLK dam. +6%,Black Mage,Spirit (4★),1,3,5,7,9,Wisdom (4★),4,7,10,13,16,,,,,,,,,,,,
II,Emperor,,Sage,MND +3,MAG +3,RES +6,MAG +6,Silence Imm. (minor),"Black Mage, White Mage",Spirit (4★),2,4,6,8,10,Vitality (4★),1,2,3,4,5,Wisdom (4★),2,4,6,8,10,,,,,,
II,Emperor,,Geomancer,DEF +3,MND +3,HP +150,MAG +6,Dark dam. +3%,"White Mage, Red Mage",Spirit (4★),1,2,3,4,5,Dexterity (4★),2,4,6,8,10,Wisdom (4★),2,4,6,8,10,,,,,,
II,Hilda,,White Mage,MND +1,HP +40,RES +1,MND +2,WHT heals +3%,-,Spirit (3★),4,7,10,13,16,Wisdom (3★),1,3,5,7,9,,,,,,,,,,,,
II,Hilda,,Bard,RES +1,MND +1,RES +1,HP +55,MND +2,-,Spirit (3★),2,4,6,8,10,Dexterity (3★),2,4,6,8,10,Wisdom (3★),1,2,3,4,5,,,,,,
II,Hilda,,Dancer,RES +1,MND +1,RES +1,HP +55,MND +2,-,Spirit (3★),2,4,6,8,10,Dexterity (3★),2,4,6,8,10,Vitality (3★),1,2,3,4,5,,,,,,
II,Hilda,,Devout,MND +2,HP +100,RES +3,MND +6,WHT heals +6%,White Mage,Spirit (4★),4,7,10,13,16,Wisdom (4★),1,3,5,7,9,,,,,,,,,,,,
II,Hilda,,Sage,MND +2,RES +3,HP +120,MND +5,Silence Imm. (minor),"White Mage, Bard",Spirit (4★),2,4,6,8,10,Vitality (4★),1,2,3,4,5,Wisdom (4★),2,4,6,8,10,,,,,,
II,Hilda,,Geomancer,RES +3,MND +3,HP +130,RES +6,Sleep Imm. (minor),"Bard, Dancer",Spirit (4★),1,2,3,4,5,Dexterity (4★),2,4,6,8,10,Wisdom (4★),2,4,6,8,10,,,,,,
II,Hilda,,Allegro con Moto,Bard 5★ -> 6★,Allegro con Moto x1,WHT heals +3%,-,-,Bard (5★) x1,Bard (5★),4,10,15,,,,,,,,,,,,,,,,,,,,
II,Scott,,Knight,DEF +1,ATK +1,HP +100,DEF +1,ATK +2,-,Vitality (3★),3,6,9,12,15,Bravery (3★),2,4,6,8,10,,,,,,,,,,,,
II,Scott,,White Mage,DEF +1,HP +40,DEF +1,DEF +2,DEF +2,-,Spirit (3★),4,7,10,13,16,Wisdom (3★),1,3,5,7,9,,,,,,,,,,,,
II,Scott,,Warrior,ATK +1,HP +70,DEF +1,ATK +1,ATK +2,-,Vitality (3★),2,4,6,8,10,Bravery (3★),3,6,9,12,15,,,,,,,,,,,,
II,Scott,,Spellblade,Spellblade dam. +3%,DEF +3,HP +170,ATK +6,Spellblade dam. +6%,Knight,Dexterity (4★),2,4,6,8,10,Vitality (4★),1,2,3,4,5,Wisdom (4★),2,4,6,8,10,,,,,,
II,Scott,,Paladin,DEF +3,ATK +3,DEF +4,HP +250,DEF +6,"Knight, White Mage, Warrior",Spirit (4★),1,2,3,4,5,Vitality (4★),2,4,6,8,10,Bravery (4★),2,4,6,8,10,,,,,,
II,Scott,,Gladiator,ATK +3,DEF +3,HP +200,ATK +4,ATK +5,Warrior,Dexterity (4★),1,2,3,4,5,Vitality (4★),2,4,6,8,10,Bravery (4★),2,4,6,8,10,,,,,,
II,Scott,,Snowspell Strike,Spellblade 5★ -> 6★,Snowspell Strike x1,Spellblade dam. +3%,-,-,Spellblade (5★) x1,Spellblade (5★),4,10,15,,,,,,,,,,,,,,,,,,,,
III,Luneth,,Red Mage,ATK +1,ATK +1,DEF +1,HP +60,ATK +2,-,Spirit (3★),2,4,6,8,10,Vitality (3★),1,2,3,4,5,Wisdom (3★),2,4,6,8,10,,,,,,
III,Luneth,,Knight,DEF +1,ATK +1,HP +100,ATK +1,DEF +2,-,Vitality (3★),3,6,9,12,15,Bravery (3★),2,4,6,8,10,,,,,,,,,,,,
III,Luneth,,Warrior,ATK +1,HP +70,DEF +1,ATK +1,ATK +2,-,Vitality (3★),2,4,6,8,10,Bravery (3★),3,6,9,12,15,,,,,,,,,,,,
III,Luneth,,Spellblade,ATK +4,HP +170,ATK +5,Spellblade 4★ -> 5★,Spellblade dam. +6%,Red Mage,Dexterity (4★),2,4,6,8,10,Vitality (4★),1,2,3,4,5,Wisdom (4★),2,4,6,8,10,,,,,,
III,Luneth,,Warmage,ATK +4,HP +180,ATK +5,Darkness 4★ -> 5★,Darkness dam. +6%,"Red Mage, Knight",Dexterity (4★),2,4,6,8,10,Vitality (4★),1,2,3,4,5,Wisdom (4★),2,4,6,8,10,,,,,,
III,Luneth,,Dragoon,ATK +4,HP +220,ATK +5,Support 3★ -> 4★,Dragoon dam. +6%,"Knight, Warrior",Dexterity (4★),2,4,6,8,10,Vitality (4★),2,4,6,8,10,Bravery (4★),1,2,3,4,5,,,,,,
III,Luneth,,Sky High,Dragoon 5★ -> 6★,Sky High x1,Dragoon dam. +3%,-,-,Dragoon (5★) x1,Dragoon (5★),4,10,15,,,,,,,,,,,,,,,,,,,,
III,Arc,,White Mage,MND +1,HP +40,RES +1,MND +2,WHT heals +3%,-,Spirit (3★),4,7,10,13,16,Wisdom (3★),1,3,5,7,9,,,,,,,,,,,,
III,Arc,,Black Mage,MAG +1,HP +40,RES +1,MAG +2,BLK dam. +3%,-,Spirit (3★),1,3,5,7,9,Wisdom (3★),4,7,10,13,16,,,,,,,,,,,,
III,Arc,,Bard,DEF +1,MND +1,RES +1,HP +55,MND +2,-,Spirit (3★),2,4,6,8,10,Dexterity (3★),2,4,6,8,10,Wisdom (3★),1,2,3,4,5,,,,,,
III,Arc,,Devout,MND +3,HP +100,RES +3,MND +6,WHT heals +6%,White Mage,Spirit (4★),4,7,10,13,16,Wisdom (4★),1,3,5,7,9,,,,,,,,,,,,
III,Arc,,Magus,MAG +3,HP +100,RES +3,MAG +6,Black Magic 3★ -> 4★,Black Mage,Spirit (4★),1,3,5,7,9,Wisdom (4★),4,7,10,13,16,,,,,,,,,,,,
III,Arc,,Summoner,MND +3,MAG +3,HP +120,MAG +6,Silence Imm. (minor),"Black Mage, Bard",Spirit (4★),2,4,6,8,10,Dexterity (4★),1,2,3,4,5,Wisdom (4★),2,4,6,8,10,,,,,,
III,Refia,,Monk,DEF +1,ATK +1,DEF +1,HP +60,Monk dam. +3%,-,Dexterity (3★),1,2,3,4,5,Vitality (3★),2,4,6,8,10,Bravery (3★),2,4,6,8,10,,,,,,
III,Refia,,Ranger,ATK +1,DEF +1,RES +1,HP +60,ATK +2,-,Dexterity (3★),2,4,6,8,10,Vitality (3★),1,2,3,4,5,Bravery (3★),2,4,6,8,10,,,,,,
III,Refia,,Thief,ATK +1,DEF +1,ATK +1,HP +55,DEF +2,-,Dexterity (3★),2,4,6,8,10,Vitality (3★),1,2,3,4,5,Wisdom (3★),2,4,6,8,10,,,,,,
III,Refia,,Master,DEF +3,ATK +3,HP +200,ATK +5,Monk dam. +6%,Monk,Dexterity (4★),1,2,3,4,5,Vitality (4★),2,4,6,8,10,Bravery (4★),2,4,6,8,10,,,,,,
III,Refia,,Gladiator,ATK +3,DEF +3,HP +200,ATK +4,ATK +5,"Monk, Ranger",Dexterity (4★),1,2,3,4,5,Vitality (4★),2,4,6,8,10,Bravery (4★),2,4,6,8,10,,,,,,
III,Refia,,Ninja,ATK +3,RES +3,HP +160,ATK +6,Enable Ninja 4★,"Ranger, Thief",Dexterity (4★),2,4,6,8,10,Vitality (4★),2,4,6,8,10,Wisdom (4★),1,2,3,4,5,,,,,,
III,Refia,,Lifebane,Monk 5★ -> 6★,Lifebane x1,Monk dam. +3%,-,-,Monk (5★) x1,Monk (5★),4,10,15,,,,,,,,,,,,,,,,,,,,
III,Ingus,,Knight,DEF +1,ATK +1,HP +100,DEF +2,Knight dam. +3%,-,Vitality (3★),3,6,9,12,15,Bravery (3★),2,4,6,8,10,,,,,,,,,,,,
III,Ingus,,Warrior,ATK +1,HP +70,DEF +1,ATK +1,ATK +2,-,Vitality (3★),2,4,6,8,10,Bravery (3★),3,6,9,12,15,,,,,,,,,,,,
III,Ingus,,Ranger,DEF +1,RES +1,DEF +1,HP +60,ATK +2,-,Dexterity (3★),2,4,6,8,10,Vitality (3★),1,2,3,4,5,Bravery (3★),2,4,6,8,10,,,,,,
III,Ingus,,Paladin,DEF +3,ATK +3,DEF +5,HP +250,Knight dam. +6%,Knight,Spirit (4★),1,2,3,4,5,Vitality (4★),2,4,6,8,10,Bravery (4★),2,4,6,8,10,,,,,,
III,Ingus,,Gladiator,ATK +3,DEF +3,HP +200,DEF +4,ATK +5,Warrior,Dexterity (4★),1,2,3,4,5,Vitality (4★),2,4,6,8,10,Bravery (4★),2,4,6,8,10,,,,,,
III,Ingus,,Samurai,RES +3,DEF +3,HP +170,ATK +6,Enable Samurai 3★,"Warrior, Ranger",Dexterity (4★),2,4,6,8,10,Vitality (4★),2,4,6,8,10,Bravery (4★),1,2,3,4,5,,,,,,
III,Ingus,,Aegis Strike,Knight 5★ -> 6★,Aegis Strike x1,Knight dam. +3%,-,-,Knight (5★) x1,Knight (5★),4,10,15,,,,,,,,,,,,,,,,,,,,
III,Desch,,Warrior,ATK +1,HP +70,ATK +1,ATK +1,ATK +2,-,Vitality (3★),2,4,6,8,10,Bravery (3★),3,6,9,12,15,,,,,,,,,,,,
III,Desch,,Red Mage,MAG +1,ATK +1,MAG +1,HP +60,MAG +2,-,Spirit (3★),2,4,6,8,10,Vitality (3★),1,2,3,4,5,Wisdom (3★),2,4,6,8,10,,,,,,
III,Desch,,Black Mage,MAG +1,HP +40,MAG +1,MAG +2,BLK dam. +3%,-,Spirit (3★),1,3,5,7,9,Wisdom (3★),4,7,10,13,16,,,,,,,,,,,,
III,Desch,,Gladiator,ATK +3,HP +120,ATK +3,ATK +5,Sword BLK dam. +3%,Warrior,Dexterity (4★),1,2,3,4,5,Vitality (4★),2,4,6,8,10,Bravery (4★),2,4,6,8,10,,,,,,
III,Desch,,Spellblade,ATK +3,HP +100,MAG +3,MAG +6,Lightning dam. +3%,"Warrior, Red Mage",Dexterity (4★),2,4,6,8,10,Vitality (4★),1,2,3,4,5,Wisdom (4★),2,4,6,8,10,,,,,,
III,Desch,,Magus,MAG +3,HP +100,MAG +4,MAG +6,BLK dam. +6%,"Red Mage, Black Mage",Spirit (4★),1,3,5,7,9,Wisdom (4★),4,7,10,13,16,,,,,,,,,,,,
III,Desch,,Penalty Snipe,Machinist 5★ -> 6★,Penalty Snipe x1,Machinist dam. +3%,-,-,Machinist (5★) x1,Machinist (5★),4,10,15,,,,,,,,,,,,,,,,,,,,
III,Onion Knight,,Knight,DEF +1,ATK +1,HP +80,ATK +1,DEF +2,-,Vitality (3★),2,3,4,6,7,Bravery (3★),1,2,3,4,5,Onion Knight (5★),1,0,0,0,0,,,,,,
III,Onion Knight,,Warrior,ATK +1,HP +60,DEF +1,ATK +1,ATK +2,-,Vitality (3★),1,2,3,4,5,Bravery (3★),2,3,4,6,7,Onion Knight (5★),1,0,0,0,0,,,,,,
III,Onion Knight,,Ranger,ATK +1,DEF +1,ATK +1,HP +50,ATK +2,-,Dexterity (3★),1,2,3,4,5,Vitality (3★),1,1,1,2,2,Bravery (3★),1,2,3,4,5,Onion Knight (5★),1,0,0,0,0
III,Onion Knight,,Viking,ATK +3,ATK +3,DEF +5,ATK +6,Support 3★ -> 5★,Knight,Vitality (4★),2,3,5,7,8,Bravery (4★),1,2,2,3,4,Onion Knight (5★),1,0,0,0,0,,,,,,
III,Onion Knight,,Gladiator,ATK +3,HP +150,ATK +6,Sword dam. +3%,Combat 3★ -> 5★,"Warrior, Knight",Dexterity (4★),1,1,1,2,2,Vitality (4★),1,2,3,4,5,Bravery (4★),1,2,3,4,5,Onion Knight (5★),1,0,0,0,0
III,Onion Knight,,Ninja,ATK +3,HP +120,ATK +6,ATK +6,Celerity 3★ -> 5★,"Warrior, Ranger",Dexterity (4★),1,2,3,4,5,Vitality (4★),1,2,3,4,5,Wisdom (4★),1,1,1,2,2,Onion Knight (5★),1,0,0,0,0
III,Onion Knight,,Black Mage,MAG +1,HP +35,RES +1,MAG +2,BLK dam. +3%,-,Spirit (3★),1,2,2,3,4,Wisdom (3★),2,3,5,7,8,Onion Knight (5★),1,0,0,0,0,,,,,,
III,Onion Knight,,Red Mage,RES +1,MAG +1,MND +1,HP +50,MAG +2,-,Spirit (3★),1,2,3,4,5,Vitality (3★),1,1,1,2,2,Wisdom (3★),1,2,3,4,5,Onion Knight (5★),1,0,0,0,0
III,Onion Knight,,White Mage,MND +1,HP +35,RES +1,MND +2,WHT heals +3%,-,Spirit (3★),2,3,5,7,8,Wisdom (3★),1,2,2,3,4,Onion Knight (5★),1,0,0,0,0,,,,,,
III,Onion Knight,,Magus,MAG +3,MAG +4,MAG +6,BLK dam. +6%,Black Magic 3★ -> 5★,Black Mage,Spirit (4★),1,2,2,3,4,Wisdom (4★),2,3,5,7,8,Onion Knight (5★),1,0,0,0,0,,,,,,
III,Onion Knight,,Sage,MAG +4,MND +4,MAG +4,MND +6,MAG +6,"Black Mage, Red Mage, White Mage",Spirit (4★),1,2,3,4,5,Vitality (4★),1,1,1,2,2,Wisdom (4★),1,2,3,4,5,Onion Knight (5★),1,0,0,0,0
III,Onion Knight,,Devout,MND +4,HP +80,MND +6,WHT heals +6%,White Magic 3★ -> 5★,White Mage,Spirit (4★),2,3,5,7,8,Wisdom (4★),1,2,2,3,4,Onion Knight (5★),1,0,0,0,0,,,,,,
III,Onion Knight,,Stitch in Time,Ninja 5★ -> 6★,Stitch in Time x1,Ninja dam. +3%,-,-,Ninja (5★) x1,Ninja (5★),4,10,15,,,,,,,,,,,,,,,,,,,,
III,Cloud of Darkness,,Black Mage,MAG +1,HP +40,RES +1,MAG +2,BLK dam. +3%,-,Spirit (3★),1,3,5,7,9,Wisdom (3★),4,7,10,13,16,,,,,,,,,,,,
III,Cloud of Darkness,,White Mage,MND +1,HP +40,RES +1,MND +2,MND +2,-,Spirit (3★),4,7,10,13,16,Wisdom (3★),1,3,5,7,9,,,,,,,,,,,,
III,Cloud of Darkness,,Red Mage,DEF +1,MAG +1,DEF +1,HP +60,MAG +2,-,Spirit (3★),2,4,6,8,10,Vitality (3★),1,2,3,4,5,Wisdom (3★),2,4,6,8,10,,,,,,
III,Cloud of Darkness,,Magus,MAG +3,HP +100,RES +4,MAG +6,Dark dam. +3%,Black Mage,Spirit (4★),1,3,5,7,9,Wisdom (4★),4,7,10,13,16,,,,,,,,,,,,
III,Cloud of Darkness,,Sage,MND +3,MAG +3,MND +6,MAG +6,BLK dam. +6%,"Black Mage, White Mage",Spirit (4★),2,4,6,8,10,Vitality (4★),1,2,3,4,5,Wisdom (4★),2,4,6,8,10,,,,,,
III,Cloud of Darkness,,Warmage,DEF +3,DEF +4,HP +180,MAG +6,Darkness dam. +6%,"White Mage, Red Mage",Dexterity (4★),2,4,6,8,10,Vitality (4★),1,2,3,4,5,Wisdom (4★),2,4,6,8,10,,,,,,
III,Aria,,White Mage,MND +1,HP +40,RES +1,MND +2,WHT heals +3%,-,Spirit (3★),4,7,10,13,16,Wisdom (3★),1,3,5,7,9,,,,,,,,,,,,
III,Aria,,Dancer,MND +1,RES +1,MND +1,HP +55,MND +2,-,Spirit (3★),2,4,6,8,10,Dexterity (3★),2,4,6,8,10,Vitality (3★),1,2,3,4,5,,,,,,
III,Aria,,Bard,RES +1,MND +1,RES +1,HP +55,MND +2,-,Spirit (3★),2,4,6,8,10,Dexterity (3★),2,4,6,8,10,Wisdom (3★),1,2,3,4,5,,,,,,
III,Aria,,Devout,MND +3,HP +100,MND +3,MND +6,WHT heals +6%,White Mage,Spirit (4★),4,7,10,13,16,Wisdom (4★),1,3,5,7,9,,,,,,,,,,,,
III,Aria,,Illusionist,RES +3,MND +3,HP +130,MND +4,RES +6,"White Mage, Dancer",Spirit (4★),2,4,6,8,10,Dexterity (4★),1,2,3,4,5,Wisdom (4★),2,4,6,8,10,,,,,,
III,Aria,,Time Mage,RES +2,RES +2,HP +120,RES +5,Silence Imm. (minor),"Dancer, Bard",Spirit (4★),2,4,6,8,10,Dexterity (4★),1,2,3,4,5,Wisdom (4★),2,4,6,8,10,,,,,,
III,Aria,,Allegro con Moto,Bard 5★ -> 6★,Allegro con Moto x1,WHT heals +3%,-,-,Bard (5★) x1,Bard (5★),4,10,15,,,,,,,,,,,,,,,,,,,,
IV,Cecil (Dark Knight),,Monk,DEF +1,RES +1,ATK +1,ATK +2,HP +80,-,Dexterity (3★),1,2,3,4,5,Vitality (3★),2,4,6,8,10,Bravery (3★),2,4,6,8,10,,,,,,
IV,Cecil (Dark Knight),,Warrior,ATK +1,HP +70,DEF +1,ATK +1,ATK +2,-,Vitality (3★),2,4,6,8,10,Bravery (3★),3,6,9,12,15,,,,,,,,,,,,
IV,Cecil (Dark Knight),,Knight,DEF +1,ATK +1,HP +100,DEF +1,DEF +2,-,Vitality (3★),3,6,9,12,15,Bravery (3★),2,4,6,8,10,,,,,,,,,,,,
IV,Cecil (Dark Knight),,Berserker,ATK +2,ATK +2,ATK +3,ATK +3,ATK +5,"Monk, Warrior",Vitality (4★),5,10,15,20,25,,,,,,,,,,,,,,,,,,
IV,Cecil (Dark Knight),,Warmage,ATK +3,RES +3,HP +180,ATK +6,Darkness dam. +6%,Warrior,Dexterity (4★),2,4,6,8,10,Vitality (4★),1,2,3,4,5,Wisdom (4★),2,4,6,8,10,,,,,,
IV,Cecil (Dark Knight),,Dark Knight,DEF +2,ATK +2,HP +220,DEF +5,ATK +6,"Warrior, Knight",Dexterity (4★),2,3,5,7,9,Vitality (4★),3,7,10,13,16,,,,,,,,,,,,
IV,Cecil (Paladin),,Warrior,ATK +1,HP +70,DEF +1,ATK +1,ATK +2,-,Vitality (3★),2,4,6,8,10,Bravery (3★),3,6,9,12,15,,,,,,,,,,,,
IV,Cecil (Paladin),,Knight,DEF +1,ATK +1,HP +100,DEF +1,ATK +2,-,Vitality (3★),3,6,9,12,15,Bravery (3★),2,4,6,8,10,,,,,,,,,,,,
IV,Cecil (Paladin),,Red Mage,DEF +1,ATK +1,DEF +1,HP +60,ATK +2,-,Spirit (3★),2,4,6,8,10,Vitality (3★),1,2,3,4,5,Wisdom (3★),2,4,6,8,10,,,,,,
IV,Cecil (Paladin),,Gladiator,ATK +3,DEF +3,HP +200,ATK +4,Sword dam. +3%,Warrior,Dexterity (4★),1,2,3,4,5,Vitality (4★),2,4,6,8,10,Bravery (4★),2,4,6,8,10,,,,,,
IV,Cecil (Paladin),,Paladin,DEF +3,ATK +3,DEF +4,HP +250,Knight dam. +6%,"Warrior, Knight",Spirit (4★),1,2,3,4,5,Vitality (4★),2,4,6,8,10,Bravery (4★),2,4,6,8,10,,,,,,
IV,Cecil (Paladin),,Spellblade,ATK +3,DEF +3,HP +170,ATK +3,Holy dam. +3%,"Knight, Red Mage",Dexterity (4★),2,4,6,8,10,Vitality (4★),1,2,3,4,5,Wisdom (4★),2,4,6,8,10,,,,,,
IV,Cecil (Paladin),,Aegis Strike,Knight 5★ -> 6★,Aegis Strike x1,Knight dam. +3%,-,-,Knight (5★) x1,Knight (5★),4,10,15,,,,,,,,,,,,,,,,,,,,
IV,Kain,,Knight,DEF +1,ATK +1,HP +100,DEF +1,DEF +2,-,Vitality (3★),3,6,9,12,15,Bravery (3★),2,4,6,8,10,,,,,,,,,,,,
IV,Kain,,Warrior,ATK +1,HP +70,DEF +1,ATK +1,ATK +2,-,Vitality (3★),2,4,6,8,10,Bravery (3★),3,6,9,12,15,,,,,,,,,,,,
IV,Kain,,Ranger,DEF +1,RES +1,ATK +1,HP +60,ATK +2,-,Dexterity (3★),2,4,6,8,10,Vitality (3★),1,2,3,4,5,Bravery (3★),2,4,6,8,10,,,,,,
IV,Kain,,Dark Knight,DEF +2,DEF +5,HP +220,ATK +6,Spear dam. +3%,Knight,Dexterity (4★),2,3,5,7,9,Vitality (4★),3,7,10,13,16,,,,,,,,,,,,
IV,Kain,,Dragoon,ATK +3,DEF +4,HP +220,ATK +5,Dragoon dam. +6%,"Knight, Warrior",Dexterity (4★),2,4,6,8,10,Vitality (4★),2,4,6,8,10,Bravery (4★),1,2,3,4,5,,,,,,
IV,Kain,,Gladiator,DEF +3,HP +200,ATK +5,ATK +6,Celerity 3★ -> 4★,"Warrior, Ranger",Dexterity (4★),1,2,3,4,5,Vitality (4★),2,4,6,8,10,Bravery (4★),2,4,6,8,10,,,,,,
IV,Kain,,Sky High,Dragoon 5★ -> 6★,Sky High x1,Dragoon dam. +3%,-,-,Dragoon (5★) x1,Dragoon (5★),4,10,15,,,,,,,,,,,,,,,,,,,,
IV,Rydia,,Black Mage,MAG +1,HP +40,RES +1,MAG +2,BLK dam. +3%,-,Spirit (3★),1,3,5,7,9,Wisdom (3★),4,7,10,13,16,,,,,,,,,,,,
IV,Rydia,,Dancer,MND +1,MAG +1,RES +1,HP +55,MAG +2,-,Spirit (3★),2,4,6,8,10,Dexterity (3★),2,4,6,8,10,Vitality (3★),1,2,3,4,5,,,,,,
IV,Rydia,,Red Mage,RES +1,DEF +1,MAG +1,HP +60,MAG +2,-,Spirit (3★),2,4,6,8,10,Vitality (3★),1,2,3,4,5,Wisdom (3★),2,4,6,8,10,,,,,,
IV,Rydia,,Magus,MAG +3,HP +100,RES +3,MAG +6,BLK dam. +6%,Black Mage,Spirit (4★),1,3,5,7,9,Wisdom (4★),4,7,10,13,16,,,,,,,,,,,,
IV,Rydia,,Summoner,MAG +3,SUM dam. +3%,HP +120,MAG +6,SUM dam. +6%,"Black Mage, Dancer",Spirit (4★),2,4,6,8,10,Dexterity (4★),1,2,3,4,5,Wisdom (4★),2,4,6,8,10,,,,,,
IV,Rydia,,Illusionist,MAG +3,RES +3,HP +130,MND +6,Silence Imm. (minor),Red Mage,Spirit (4★),2,4,6,8,10,Dexterity (4★),1,2,3,4,5,Wisdom (4★),2,4,6,8,10,,,,,,
IV,Rosa,,White Mage,MND +1,HP +40,RES +1,MND +1,WHT heals +3%,-,Spirit (3★),4,7,10,13,16,Wisdom (3★),1,3,5,7,9,,,,,,,,,,,,
IV,Rosa,,Red Mage,MND +1,DEF +1,MND +1,HP +60,MND +2,-,Spirit (3★),2,4,6,8,10,Vitality (3★),1,2,3,4,5,Wisdom (3★),2,4,6,8,10,,,,,,
IV,Rosa,,Ranger,RES +1,DEF +1,RES +1,HP +60,ATK +2,-,Dexterity (3★),2,4,6,8,10,Vitality (3★),1,2,3,4,5,Bravery (3★),2,4,6,8,10,,,,,,
IV,Rosa,,Devout,WHT heals +3%,HP +100,RES +3,MND +5,WHT heals +6%,White Mage,Spirit (4★),4,7,10,13,16,Wisdom (4★),1,3,5,7,9,,,,,,,,,,,,
IV,Rosa,,Illusionist,MND +3,RES +3,HP +130,RES +5,MND +6,"White Mage, Red Mage",Spirit (4★),2,4,6,8,10,Dexterity (4★),1,2,3,4,5,Wisdom (4★),2,4,6,8,10,,,,,,
IV,Rosa,,Time Mage,MND +2,RES +2,HP +120,MND +4,RES +6,"Red Mage, Ranger",Spirit (4★),2,4,6,8,10,Dexterity (4★),1,2,3,4,5,Wisdom (4★),2,4,6,8,10,,,,,,
IV,Edward,,Bard,DEF +1,MND +1,RES +1,HP +55,MAG +2,-,Spirit (3★),2,4,6,8,10,Dexterity (3★),2,4,6,8,10,Wisdom (3★),1,2,3,4,5,,,,,,
IV,Edward,,Ranger,DEF +1,RES +1,ATK +1,HP +60,ATK +2,-,Dexterity (3★),2,4,6,8,10,Vitality (3★),1,2,3,4,5,Bravery (3★),2,4,6,8,10,,,,,,
IV,Edward,,White Mage,MND +1,HP +40,RES +1,DEF +1,MND +2,-,Spirit (3★),4,7,10,13,16,Wisdom (3★),1,3,5,7,9,,,,,,,,,,,,
IV,Edward,,Illusionist,MAG +3,RES +3,HP +130,Instrument dam. +3%,Confuse Imm. (minor),"Bard, Ranger",Spirit (4★),2,4,6,8,10,Dexterity (4★),1,2,3,4,5,Wisdom (4★),2,4,6,8,10,,,,,,
IV,Edward,,Geomancer,ATK +3,DEF +3,HP +130,ATK +6,Sleep Imm. (minor),"Bard, Ranger",Spirit (4★),1,2,3,4,5,Dexterity (4★),2,4,6,8,10,Wisdom (4★),2,4,6,8,10,,,,,,
IV,Edward,,Devout,MND +3,HP +100,RES +3,MND +6,Enable White Magic 3★,White Mage,Spirit (4★),4,7,10,13,16,Wisdom (4★),1,3,5,7,9,,,,,,,,,,,,
IV,Edward,,Allegro con Moto,Bard 5★ -> 6★,Allegro con Moto x1,Instrument dam. +3%,-,-,Bard (5★) x1,Bard (5★),4,10,15,,,,,,,,,,,,,,,,,,,,
IV,Yang,,Monk,DEF +1,ATK +1,HP +40,ATK +1,Monk dam. +3%,-,Dexterity (3★),1,2,3,4,5,Vitality (3★),2,4,6,8,10,Bravery (3★),2,4,6,8,10,,,,,,
IV,Yang,,Warrior,ATK +1,HP +70,DEF +1,ATK +1,DEF +2,-,Vitality (3★),2,4,6,8,10,Bravery (3★),3,6,9,12,15,,,,,,,,,,,,
IV,Yang,,Ranger,DEF +1,ATK +1,DEF +1,HP +60,ATK +2,-,Dexterity (3★),2,4,6,8,10,Vitality (3★),1,2,3,4,5,Bravery (3★),2,4,6,8,10,,,,,,
IV,Yang,,Master,Monk dam. +3%,ATK +4,HP +200,ATK +5,Monk dam. +6%,Monk,Dexterity (4★),1,2,3,4,5,Vitality (4★),2,4,6,8,10,Bravery (4★),2,4,6,8,10,,,,,,
IV,Yang,,Berserker,ATK +2,ATK +2,ATK +3,ATK +3,ATK +6,"Monk, Warrior",Vitality (4★),5,10,15,20,25,,,,,,,,,,,,,,,,,,
IV,Yang,,Gladiator,ATK +3,DEF +3,HP +200,DEF +4,ATK +5,"Warrior, Ranger",Dexterity (4★),1,2,3,4,5,Vitality (4★),2,4,6,8,10,Bravery (4★),2,4,6,8,10,,,,,,
IV,Yang,,Lifebane,Monk 5★ -> 6★,Lifebane x1,Monk dam. +3%,-,-,Monk (5★) x1,Monk (5★),4,10,15,,,,,,,,,,,,,,,,,,,,
IV,Palom,,Black Mage,MAG +1,HP +40,RES +1,MAG +1,BLK dam. +3%,-,Spirit (3★),1,3,5,7,9,Wisdom (3★),4,7,10,13,16,,,,,,,,,,,,
IV,Palom,,Red Mage,RES +1,MAG +1,RES +1,HP +60,MAG +2,-,Spirit (3★),2,4,6,8,10,Vitality (3★),1,2,3,4,5,Wisdom (3★),2,4,6,8,10,,,,,,
IV,Palom,,Bard,RES +1,MAG +1,RES +1,HP +55,MAG +2,-,Spirit (3★),2,4,6,8,10,Dexterity (3★),2,4,6,8,10,Wisdom (3★),1,2,3,4,5,,,,,,
IV,Palom,,Magus,MAG +3,HP +100,Weakness dam. +3%,MAG +4,BLK dam. +6%,Black Mage,Spirit (4★),1,3,5,7,9,Wisdom (4★),4,7,10,13,16,,,,,,,,,,,,
IV,Palom,,Geomancer,MAG +3,RES +3,HP +130,MAG +4,Weakness dam. +3%,"Black Mage, Red Mage",Spirit (4★),1,2,3,4,5,Dexterity (4★),2,4,6,8,10,Wisdom (4★),2,4,6,8,10,,,,,,
IV,Palom,,Time Mage,MAG +2,RES +2,HP +120,RES +5,MAG +6,"Red Mage, Bard",Spirit (4★),2,4,6,8,10,Dexterity (4★),1,2,3,4,5,Wisdom (4★),2,4,6,8,10,,,,,,
IV,Porom,,White Mage,MND +1,HP +40,RES +1,MND +2,WHT heals +3%,-,Spirit (3★),4,7,10,13,16,Wisdom (3★),1,3,5,7,9,,,,,,,,,,,,
IV,Porom,,Red Mage,MND +1,RES +1,MND +1,HP +60,MND +2,-,Spirit (3★),2,4,6,8,10,Vitality (3★),1,2,3,4,5,Wisdom (3★),2,4,6,8,10,,,,,,
IV,Porom,,Dancer,RES +1,MND +1,MND +1,HP +55,RES +2,-,Spirit (3★),2,4,6,8,10,Dexterity (3★),2,4,6,8,10,Vitality (3★),1,2,3,4,5,,,,,,
IV,Porom,,Devout,WHT heals +3%,HP +100,MND +3,MND +5,WHT heals +6%,White Mage,Spirit (4★),4,7,10,13,16,Wisdom (4★),1,3,5,7,9,,,,,,,,,,,,
IV,Porom,,Illusionist,MND +3,RES +3,HP +130,MND +5,Sleep Imm. (minor),"White Mage, Red Mage",Spirit (4★),2,4,6,8,10,Dexterity (4★),1,2,3,4,5,Wisdom (4★),2,4,6,8,10,,,,,,
IV,Porom,,Time Mage,RES +2,MND +2,HP +120,RES +5,Silence Imm. (minor),"Red Mage, Dancer",Spirit (4★),2,4,6,8,10,Dexterity (4★),1,2,3,4,5,Wisdom (4★),2,4,6,8,10,,,,,,
IV,Tellah,,Black Mage,MAG +1,HP +40,RES +1,MAG +2,BLK dam. +3%,-,Spirit (3★),1,3,5,7,9,Wisdom (3★),4,7,10,13,16,,,,,,,,,,,,
IV,Tellah,,Red Mage,MND +1,DEF +1,MAG +1,HP +60,MAG +2,-,Spirit (3★),2,4,6,8,10,Vitality (3★),1,2,3,4,5,Wisdom (3★),2,4,6,8,10,,,,,,
IV,Tellah,,White Mage,MND +1,HP +40,RES +1,MND +2,WHT heals +3%,-,Spirit (3★),4,7,10,13,16,Wisdom (3★),1,3,5,7,9,,,,,,,,,,,,
IV,Tellah,,Magus,BLK dam. +3%,HP +100,MAG +3,MAG +6,BLK dam. +6%,Black Mage,Spirit (4★),1,3,5,7,9,Wisdom (4★),4,7,10,13,16,,,,,,,,,,,,
IV,Tellah,,Sage,MAG +3,MAG +3,MND +6,MAG +6,White Magic 4★ -> 5★,"Black Mage, Red Mage",Spirit (4★),2,4,6,8,10,Vitality (4★),1,2,3,4,5,Wisdom (4★),2,4,6,8,10,,,,,,
IV,Tellah,,Devout,MND +3,HP +100,RES +3,MND +5,WHT heals +6%,"Red Mage, White Mage",Spirit (4★),4,7,10,13,16,Wisdom (4★),1,3,5,7,9,,,,,,,,,,,,
IV,Edge,,Thief,ATK +1,ATK +1,ATK +1,HP +55,Thief dam. +3%,-,Dexterity (3★),2,4,6,8,10,Vitality (3★),1,2,3,4,5,Wisdom (3★),2,4,6,8,10,,,,,,
IV,Edge,,Monk,ATK +1,ATK +1,ATK +1,ATK +2,HP +80,-,Dexterity (3★),1,2,3,4,5,Vitality (3★),2,4,6,8,10,Bravery (3★),2,4,6,8,10,,,,,,
IV,Edge,,Ranger,MAG +1,ATK +1,MAG +1,HP +60,ATK +2,-,Dexterity (3★),2,4,6,8,10,Vitality (3★),1,2,3,4,5,Bravery (3★),2,4,6,8,10,,,,,,
IV,Edge,,Ninja,Ninja dam. +3%,ATK +3,Ninja dam. +3%,HP +160,Ninja dam. +6%,Thief,Dexterity (4★),2,4,6,8,10,Vitality (4★),2,4,6,8,10,Wisdom (4★),1,2,3,4,5,,,,,,
IV,Edge,,Berserker,ATK +3,ATK +3,ATK +4,ATK +4,ATK +6,"Thief, Monk",Vitality (4★),5,10,15,20,25,,,,,,,,,,,,,,,,,,
IV,Edge,,Geomancer,MAG +3,ATK +3,HP +130,MAG +6,Weakness dam. +3%,Ranger,Spirit (4★),1,2,3,4,5,Dexterity (4★),2,4,6,8,10,Wisdom (4★),2,4,6,8,10,,,,,,
IV,Edge,,Stitch in Time,Ninja 5★ -> 6★,Stitch in Time x1,Ninja dam. +3%,-,-,Ninja (5★) x1,Ninja (5★),4,10,15,,,,,,,,,,,,,,,,,,,,
IV,Fusoya,,White Mage,MND +1,HP +40,RES +1,MND +2,WHT heals +3%,-,Spirit (3★),4,7,10,13,16,Wisdom (3★),1,3,5,7,9,,,,,,,,,,,,
IV,Fusoya,,Red Mage,MND +1,DEF +1,MAG +1,HP +60,MND +2,-,Spirit (3★),2,4,6,8,10,Vitality (3★),1,2,3,4,5,Wisdom (3★),2,4,6,8,10,,,,,,
IV,Fusoya,,Black Mage,MAG +1,HP +40,RES +1,MAG +2,BLK dam. +3%,-,Spirit (3★),1,3,5,7,9,Wisdom (3★),4,7,10,13,16,,,,,,,,,,,,
IV,Fusoya,,Devout,WHT heals +3%,HP +100,MND +3,MND +6,WHT heals +6%,White Mage,Spirit (4★),4,7,10,13,16,Wisdom (4★),1,3,5,7,9,,,,,,,,,,,,
IV,Fusoya,,Sage,MND +3,MND +3,MND +6,MAG +6,Silence Imm. (minor),"White Mage, Red Mage",Spirit (4★),2,4,6,8,10,Vitality (4★),1,2,3,4,5,Wisdom (4★),2,4,6,8,10,,,,,,
IV,Fusoya,,Magus,MAG +3,HP +100,RES +3,MAG +5,BLK dam. +6%,"Red Mage, Black Mage",Spirit (4★),1,3,5,7,9,Wisdom (4★),4,7,10,13,16,,,,,,,,,,,,
IV,Golbez,,Knight,DEF +1,RES +1,HP +100,DEF +1,DEF +2,-,Vitality (3★),3,6,9,12,15,Bravery (3★),2,4,6,8,10,,,,,,,,,,,,
IV,Golbez,,Black Mage,RES +1,HP +40,RES +1,MAG +2,BLK dam. +3%,-,Spirit (3★),1,3,5,7,9,Wisdom (3★),4,7,10,13,16,,,,,,,,,,,,
IV,Golbez,,Red Mage,RES +1,DEF +1,MAG +1,HP +60,MAG +2,-,Spirit (3★),2,4,6,8,10,Vitality (3★),1,2,3,4,5,Wisdom (3★),2,4,6,8,10,,,,,,
IV,Golbez,,Warmage,RES +3,MAG +4,HP +180,MAG +6,Darkness dam. +6%,"Knight, Black Mage",Dexterity (4★),2,4,6,8,10,Vitality (4★),1,2,3,4,5,Wisdom (4★),2,4,6,8,10,,,,,,
IV,Golbez,,Magus,RES +1,HP +100,MAG +5,MAG +6,BLK dam. +6%,Black Mage,Spirit (4★),1,3,5,7,9,Wisdom (4★),4,7,10,13,16,,,,,,,,,,,,
IV,Golbez,,Summoner,MAG +3,RES +3,HP +120,MAG +6,Enable Summoning 4★,"Black Mage, Red Mage",Spirit (4★),2,4,6,8,10,Dexterity (4★),1,2,3,4,5,Wisdom (4★),2,4,6,8,10,,,,,,
IV,Golbez,,Aegis Strike,Knight 5★ -> 6★,Aegis Strike x1,Knight dam. +3%,-,-,Knight (5★) x1,Knight (5★),4,10,15,,,,,,,,,,,,,,,,,,,,
IV,Cid (IV),,Ranger,ATK +1,DEF +1,DEF +1,HP +60,ATK +2,-,Dexterity (3★),2,4,6,8,10,Vitality (3★),1,2,3,4,5,Bravery (3★),2,4,6,8,10,,,,,,
IV,Cid (IV),,Monk,DEF +1,RES +1,ATK +1,ATK +2,HP +80,-,Dexterity (3★),1,2,3,4,5,Vitality (3★),2,4,6,8,10,Bravery (3★),2,4,6,8,10,,,,,,
IV,Cid (IV),,Warrior,ATK +1,DEF +1,DEF +1,ATK +1,ATK +2,-,Vitality (3★),2,4,6,8,10,Bravery (3★),3,6,9,12,15,,,,,,,,,,,,
IV,Cid (IV),,Cannoneer,ATK +3,DEF +3,HP +150,ATK +6,Machinist dam. +6%,Ranger,Dexterity (4★),2,4,6,8,10,Vitality (4★),1,2,3,4,5,Bravery (4★),2,4,6,8,10,,,,,,
IV,Cid (IV),,Berserker,ATK +2,ATK +3,ATK +4,HP +230,ATK +6,"Monk, Warrior",Vitality (4★),5,10,15,20,25,,,,,,,,,,,,,,,,,,
IV,Cid (IV),,Viking,ATK +3,DEF +3,ATK +5,HP +230,Hammer dam. +3%,Warrior,Vitality (4★),3,7,10,13,16,Bravery (4★),2,3,5,7,9,,,,,,,,,,,,
IV,Cid (IV),,Penalty Snipe,Machinist 5★ -> 6★,Penalty Snipe x1,Machinist dam. +3%,-,-,Machinist (5★) x1,Machinist (5★),4,10,15,,,,,,,,,,,,,,,,,,,,
IV,Ceodore,,Warrior,ATK +1,HP +70,DEF +1,ATK +1,ATK +2,-,Vitality (3★),2,4,6,8,10,Bravery (3★),3,6,9,12,15,,,,,,,,,,,,
IV,Ceodore,,Knight,DEF +1,ATK +1,HP +100,ATK +2,Sword dam. +3%,-,Vitality (3★),3,6,9,12,15,Bravery (3★),2,4,6,8,10,,,,,,,,,,,,
IV,Ceodore,,White Mage,MND +1,HP +40,RES +1,DEF +1,MND +2,-,Spirit (3★),4,7,10,13,16,Wisdom (3★),1,3,5,7,9,,,,,,,,,,,,
IV,Ceodore,,Gladiator,ATK +3,DEF +3,HP +150,ATK +4,ATK +5,Warrior,Dexterity (4★),1,2,3,4,5,Vitality (4★),2,4,6,8,10,Bravery (4★),2,4,6,8,10,,,,,,
IV,Ceodore,,Dragoon,ATK +3,DEF +4,HP +170,ATK +5,ATK +6,"Warrior, Knight",Dexterity (4★),2,4,6,8,10,Vitality (4★),2,4,6,8,10,Bravery (4★),1,2,3,4,5,,,,,,
IV,Ceodore,,Paladin,DEF +3,ATK +3,RES +4,HP +250,Knight dam. +6%,"Knight, White Mage",Spirit (4★),1,2,3,4,5,Vitality (4★),2,4,6,8,10,Bravery (4★),2,4,6,8,10,,,,,,
IV,Ceodore,,Aegis Strike,Knight 5★ -> 6★,Aegis Strike x1,Knight dam. +3%,-,-,Knight (5★) x1,Knight (5★),4,10,15,,,,,,,,,,,,,,,,,,,,
IV,Rubicante,,Black Mage,MAG +1,HP +40,RES +1,MAG +2,BLK dam. +3%,-,Spirit (3★),1,3,5,7,9,Wisdom (3★),4,7,10,13,16,,,,,,,,,,,,
IV,Rubicante,,White Mage,MND +1,HP +40,RES +1,MND +2,HP +60,-,Spirit (3★),4,7,10,13,16,Wisdom (3★),1,3,5,7,9,,,,,,,,,,,,
IV,Rubicante,,Red Mage,MND +1,DEF +1,MAG +1,HP +60,MAG +2,-,Spirit (3★),2,4,6,8,10,Vitality (3★),1,2,3,4,5,Wisdom (3★),2,4,6,8,10,,,,,,
IV,Rubicante,,Magus,MAG +3,HP +100,RES +3,MAG +6,BLK dam. +6%,Black Mage,Spirit (4★),1,3,5,7,9,Wisdom (4★),4,7,10,13,16,,,,,,,,,,,,
IV,Rubicante,,Sage,MND +3,MAG +3,MAG +6,MAG +6,Silence Imm. (minor),"Black Mage, White Mage",Spirit (4★),2,4,6,8,10,Vitality (4★),1,2,3,4,5,Wisdom (4★),2,4,6,8,10,,,,,,
IV,Rubicante,,Devout,MND +3,HP +100,RES +3,DEF +6,RES +6,"White Mage, Red Mage",Spirit (4★),4,7,10,13,16,Wisdom (4★),1,3,5,7,9,,,,,,,,,,,,
IV,Ursula,,Monk,DEF +1,DEF +1,ATK +2,HP +80,Monk dam. +3%,-,Dexterity (3★),1,2,3,4,5,Vitality (3★),2,4,6,8,10,Bravery (3★),2,4,6,8,10,,,,,,
IV,Ursula,,Warrior,ATK +1,HP +70,DEF +1,ATK +1,ATK +2,-,Vitality (3★),2,4,6,8,10,Bravery (3★),3,6,9,12,15,,,,,,,,,,,,
IV,Ursula,,Ranger,ATK +1,DEF +1,DEF +1,HP +60,ATK +2,-,Dexterity (3★),2,4,6,8,10,Vitality (3★),1,2,3,4,5,Bravery (3★),2,4,6,8,10,,,,,,
IV,Ursula,,Master,DEF +3,HP +60,ATK +5,HP +180,Monk dam. +6%,Monk,Dexterity (4★),1,2,3,4,5,Vitality (4★),2,4,6,8,10,Bravery (4★),2,4,6,8,10,,,,,,
IV,Ursula,,Gladiator,ATK +3,DEF +3,HP +200,ATK +4,ATK +5,"Monk, Warrior",Dexterity (4★),1,2,3,4,5,Vitality (4★),2,4,6,8,10,Bravery (4★),2,4,6,8,10,,,,,,
IV,Ursula,,Ninja,ATK +3,ATK +3,DEF +4,DEF +5,ATK +6,"Warrior, Ranger",Dexterity (4★),2,4,6,8,10,Vitality (4★),2,4,6,8,10,Wisdom (4★),1,2,3,4,5,,,,,,
IV,Ursula,,Lifebane,Monk 5★ -> 6★,Lifebane x1,Monk dam. +3%,-,-,Monk (5★) x1,Monk (5★),4,10,15,,,,,,,,,,,,,,,,,,,,
IV,Barbariccia,,Red Mage,MAG +1,RES +1,DEF +1,HP +60,MAG +2,-,Spirit (3★),2,4,6,8,10,Vitality (3★),1,2,3,4,5,Wisdom (3★),2,4,6,8,10,,,,,,
IV,Barbariccia,,Black Mage,MAG +1,HP +40,RES +1,MAG +2,BLK dam. +3%,-,Spirit (3★),1,3,5,7,9,Wisdom (3★),4,7,10,13,16,,,,,,,,,,,,
IV,Barbariccia,,Ranger,MAG +1,DEF +1,RES +1,HP +60,MAG +2,-,Dexterity (3★),2,4,6,8,10,Vitality (3★),1,2,3,4,5,Bravery (3★),2,4,6,8,10,,,,,,
IV,Barbariccia,,Time Mage,MAG +2,RES +2,HP +120,RES +5,MAG +6,Red Mage,Spirit (4★),2,4,6,8,10,Dexterity (4★),1,2,3,4,5,Wisdom (4★),2,4,6,8,10,,,,,,
IV,Barbariccia,,Magus,MAG +3,HP +100,RES +3,MAG +6,BLK dam. +6%,"Red Mage, Black Mage, Ranger",Spirit (4★),1,3,5,7,9,Wisdom (4★),4,7,10,13,16,,,,,,,,,,,,
IV,Barbariccia,,Blue Mage,MAG +2,Wind dam. +3%,RES +3,HP +120,Wind dam. +6%,Ranger,Spirit (4★),2,4,6,8,10,Vitality (4★),1,2,3,4,5,Wisdom (4★),2,4,6,8,10,,,,,,
V,Lenna,,Bard,RES +1,MND +1,RES +1,HP +55,MND +2,-,Spirit (3★),2,4,6,8,10,Dexterity (3★),2,4,6,8,10,Wisdom (3★),1,2,3,4,5,,,,,,
V,Lenna,,White Mage,MND +1,HP +40,RES +1,MND +2,WHT heals +3%,-,Spirit (3★),4,7,10,13,16,Wisdom (3★),1,3,5,7,9,,,,,,,,,,,,
V,Lenna,,Dancer,MND +1,RES +1,MND +1,HP +55,RES +2,-,Spirit (3★),2,4,6,8,10,Dexterity (3★),2,4,6,8,10,Vitality (3★),1,2,3,4,5,,,,,,
V,Lenna,,Geomancer,MND +3,HP +100,RES +3,MND +6,Silence Imm. (minor),"Bard, White Mage",Spirit (4★),1,2,3,4,5,Dexterity (4★),2,4,6,8,10,Wisdom (4★),2,4,6,8,10,,,,,,
V,Lenna,,Devout,MND +3,HP +100,RES +3,MND +6,WHT heals +6%,White Mage,Spirit (4★),4,7,10,13,16,Wisdom (4★),1,3,5,7,9,,,,,,,,,,,,
V,Lenna,,Illusionist,MND +3,RES +3,HP +130,RES +6,Sleep Imm. (minor),"White Mage, Dancer",Spirit (4★),2,4,6,8,10,Dexterity (4★),1,2,3,4,5,Wisdom (4★),2,4,6,8,10,,,,,,
V,Galuf,,Monk,DEF +1,RES +1,ATK +1,ATK +2,HP +80,-,Dexterity (3★),1,2,3,4,5,Vitality (3★),2,4,6,8,10,Bravery (3★),2,4,6,8,10,,,,,,
V,Galuf,,Thief,RES +1,DEF +1,ATK +1,HP +55,ATK +2,-,Dexterity (3★),2,4,6,8,10,Vitality (3★),1,2,3,4,5,Wisdom (3★),2,4,6,8,10,,,,,,
V,Galuf,,Warrior,ATK +1,HP +70,DEF +1,ATK +1,ATK +2,-,Vitality (3★),2,4,6,8,10,Bravery (3★),3,6,9,12,15,,,,,,,,,,,,
V,Galuf,,Master,DEF +3,HP +200,ATK +5,Monk dam. +6%,Paralyze Imm. (minor),Monk,Dexterity (4★),1,2,3,4,5,Vitality (4★),2,4,6,8,10,Bravery (4★),2,4,6,8,10,,,,,,
V,Galuf,,Berserker,ATK +2,ATK +2,ATK +3,ATK +5,Enable Axe,"Monk, Thief",Vitality (4★),5,10,15,20,25,,,,,,,,,,,,,,,,,,
V,Galuf,,Gladiator,ATK +3,DEF +3,HP +200,ATK +6,Enable Sword,Warrior,Dexterity (4★),1,2,3,4,5,Vitality (4★),2,4,6,8,10,Bravery (4★),2,4,6,8,10,,,,,,
V,Galuf,,Lifebane,Monk 5★ -> 6★,Lifebane x1,Monk dam. +3%,-,-,Monk (5★) x1,Monk (5★),4,10,15,,,,,,,,,,,,,,,,,,,,
V,Gogo (V),,Black Mage,MAG +1,HP +40,RES +1,MAG +2,BLK dam. +3%,-,Spirit (3★),1,3,5,7,9,Wisdom (3★),4,7,10,13,16,,,,,,,,,,,,
V,Gogo (V),,White Mage,MND +1,HP +40,RES +1,MND +2,WHT heals +3%,-,Spirit (3★),4,7,10,13,16,Wisdom (3★),1,3,5,7,9,,,,,,,,,,,,
V,Gogo (V),,Bard,MAG +1,MND +1,MAG +1,MND +1,MAG +2,-,Spirit (3★),2,4,6,8,10,Dexterity (3★),2,4,6,8,10,Wisdom (3★),1,2,3,4,5,,,,,,
V,Gogo (V),,Magus,MAG +3,HP +100,RES +3,MAG +6,BLK dam. +6%,Black Mage,Spirit (4★),1,3,5,7,9,Wisdom (4★),4,7,10,13,16,,,,,,,,,,,,
V,Gogo (V),,Sage,MND +3,MAG +3,MND +6,MAG +6,Silence Imm. (minor),"Black Mage, White Mage",Spirit (4★),2,4,6,8,10,Vitality (4★),1,2,3,4,5,Wisdom (4★),2,4,6,8,10,,,,,,
V,Gogo (V),,Devout,MND +3,HP +100,RES +3,MND +6,WHT heals +6%,"White Mage, Bard",Spirit (4★),4,7,10,13,16,Wisdom (4★),1,3,5,7,9,,,,,,,,,,,,
V,Gogo (V),,Allegro con Moto,Bard 5★ -> 6★,Allegro con Moto x1,Rod BLK dam. +3%,-,-,Bard (5★) x1,Bard (5★),4,10,15,,,,,,,,,,,,,,,,,,,,
V,Gilgamesh,,Warrior,ATK +1,HP +70,DEF +1,ATK +1,ATK +2,-,Vitality (3★),2,4,6,8,10,Bravery (3★),3,6,9,12,15,,,,,,,,,,,,
V,Gilgamesh,,Knight,DEF +1,ATK +1,HP +100,DEF +1,ATK +2,-,Vitality (3★),3,6,9,12,15,Bravery (3★),2,4,6,8,10,,,,,,,,,,,,
V,Gilgamesh,,Red Mage,ATK +1,DEF +1,ATK +1,HP +60,ATK +2,-,Spirit (3★),2,4,6,8,10,Vitality (3★),1,2,3,4,5,Wisdom (3★),2,4,6,8,10,,,,,,
V,Gilgamesh,,Paladin,ATK +3,DEF +3,ATK +4,HP +250,Knight dam. +6%,Warrior,Spirit (4★),1,2,3,4,5,Vitality (4★),2,4,6,8,10,Bravery (4★),2,4,6,8,10,,,,,,
V,Gilgamesh,,Samurai,ATK +3,ATK +4,HP +170,ATK +6,Samurai dam. +6%,"Warrior, Knight",Dexterity (4★),2,4,6,8,10,Vitality (4★),2,4,6,8,10,Bravery (4★),1,2,3,4,5,,,,,,
V,Gilgamesh,,Dragoon,DEF +3,ATK +4,HP +220,DEF +5,Dragoon 4★ -> 5★,"Knight, Red Mage",Dexterity (4★),2,4,6,8,10,Vitality (4★),2,4,6,8,10,Bravery (4★),1,2,3,4,5,,,,,,
V,Gilgamesh,,Demonsblood,Samurai 5★ -> 6★,Demonsblood x1,Samurai dam. +3%,-,-,Samurai (5★) x1,Samurai (5★),4,10,15,,,,,,,,,,,,,,,,,,,,
V,Gilgamesh,,Aegis Strike,Knight 5★ -> 6★,Aegis Strike x1,Knight dam. +3%,-,-,Knight (5★) x1,Knight (5★),4,10,15,,,,,,,,,,,,,,,,,,,,
V,Bartz,,Warrior,ATK +1,HP +70,DEF +1,ATK +1,ATK +2,-,Vitality (3★),2,4,6,8,10,Bravery (3★),3,6,9,12,15,,,,,,,,,,,,
V,Bartz,,Red Mage,ATK +1,DEF +1,RES +1,HP +60,ATK +2,-,Spirit (3★),2,4,6,8,10,Vitality (3★),1,2,3,4,5,Wisdom (3★),2,4,6,8,10,,,,,,
V,Bartz,,Knight,DEF +1,ATK +1,HP +100,DEF +1,DEF +2,-,Vitality (3★),3,6,9,12,15,Bravery (3★),2,4,6,8,10,,,,,,,,,,,,
V,Bartz,,Gladiator,ATK +3,DEF +3,HP +200,ATK +4,ATK +5,Warrior,Dexterity (4★),1,2,3,4,5,Vitality (4★),2,4,6,8,10,Bravery (4★),2,4,6,8,10,,,,,,
V,Bartz,,Spellblade,ATK +3,ATK +3,HP +170,ATK +6,Spellblade dam. +6%,"Warrior, Red Mage",Dexterity (4★),2,4,6,8,10,Vitality (4★),1,2,3,4,5,Wisdom (4★),2,4,6,8,10,,,,,,
V,Bartz,,Paladin,DEF +3,ATK +3,DEF +4,HP +250,Enable Knight 3★,Knight,Spirit (4★),1,2,3,4,5,Vitality (4★),2,4,6,8,10,Bravery (4★),2,4,6,8,10,,,,,,
V,Bartz,,Snowspell Strike,Spellblade 5★ -> 6★,Snowspell Strike x1,Spellblade dam. +3%,-,-,Spellblade (5★) x1,Spellblade (5★),4,10,15,,,,,,,,,,,,,,,,,,,,
V,Faris,,Thief,ATK +1,DEF +1,ATK +1,HP +55,ATK +2,-,Dexterity (3★),2,4,6,8,10,Vitality (3★),1,2,3,4,5,Wisdom (3★),2,4,6,8,10,,,,,,
V,Faris,,Ranger,ATK +1,DEF +1,ATK +1,HP +60,ATK +2,-,Dexterity (3★),2,4,6,8,10,Vitality (3★),1,2,3,4,5,Bravery (3★),2,4,6,8,10,,,,,,
V,Faris,,Dancer,ATK +1,RES +1,ATK +1,HP +55,ATK +2,-,Spirit (3★),2,4,6,8,10,Dexterity (3★),2,4,6,8,10,Vitality (3★),1,2,3,4,5,,,,,,
V,Faris,,Gladiator,ATK +3,DEF +3,HP +200,ATK +5,Bow dam. +3%,"Thief, Ranger",Dexterity (4★),1,2,3,4,5,Vitality (4★),2,4,6,8,10,Bravery (4★),2,4,6,8,10,,,,,,
V,Faris,,Cannoneer,ATK +3,DEF +3,HP +150,ATK +6,Enable Machinist 4★,Ranger,Dexterity (4★),2,4,6,8,10,Vitality (4★),1,2,3,4,5,Bravery (4★),2,4,6,8,10,,,,,,
V,Faris,,Beastmaster,RES +3,ATK +3,HP +150,ATK +6,Dancer 4★ -> 5★,"Ranger, Dancer",Dexterity (4★),3,6,9,12,15,Vitality (4★),1,2,3,4,5,Wisdom (4★),1,2,3,4,5,,,,,,
V,Faris,,Mug Bloodlust,Thief 5★ -> 6★,Mug Bloodlust x1,Thief dam. +3%,-,-,Thief (5★) x1,Thief (5★),4,10,15,,,,,,,,,,,,,,,,,,,,
V,Dorgann,,Warrior,ATK +1,HP +70,DEF +1,ATK +1,ATK +2,-,Vitality (3★),2,4,6,8,10,Bravery (3★),3,6,9,12,15,,,,,,,,,,,,
V,Dorgann,,Knight,DEF +1,ATK +1,HP +100,DEF +1,Knight dam. +3%,-,Vitality (3★),3,6,9,12,15,Bravery (3★),2,4,6,8,10,,,,,,,,,,,,
V,Dorgann,,Red Mage,ATK +1,DEF +1,ATK +1,HP +60,DEF +2,-,Spirit (3★),2,4,6,8,10,Vitality (3★),1,2,3,4,5,Wisdom (3★),2,4,6,8,10,,,,,,
V,Dorgann,,Gladiator,ATK +3,DEF +3,HP +200,ATK +4,Sword dam. +3%,Warrior,Dexterity (4★),1,2,3,4,5,Vitality (4★),2,4,6,8,10,Bravery (4★),2,4,6,8,10,,,,,,
V,Dorgann,,Paladin,DEF +3,ATK +3,DEF +4,HP +250,Knight dam. +6%,"Warrior, Knight",Spirit (4★),1,2,3,4,5,Vitality (4★),2,4,6,8,10,Bravery (4★),2,4,6,8,10,,,,,,
V,Dorgann,,Spellblade,ATK +3,DEF +3,HP +170,ATK +5,ATK +6,"Knight, Red Mage",Dexterity (4★),2,4,6,8,10,Vitality (4★),1,2,3,4,5,Wisdom (4★),2,4,6,8,10,,,,,,
V,Dorgann,,Aegis Strike,Knight 5★ -> 6★,Aegis Strike x1,Knight dam. +3%,-,-,Knight (5★) x1,Knight (5★),4,10,15,,,,,,,,,,,,,,,,,,,,
V,Exdeath,,Black Mage,MAG +1,HP +40,MAG +1,MAG +2,BLK dam. +3%,-,Spirit (3★),1,3,5,7,9,Wisdom (3★),4,7,10,13,16,,,,,,,,,,,,
V,Exdeath,,Red Mage,MAG +1,RES +1,MAG +1,HP +60,MAG +2,-,Spirit (3★),2,4,6,8,10,Vitality (3★),1,2,3,4,5,Wisdom (3★),2,4,6,8,10,,,,,,
V,Exdeath,,White Mage,RES +1,HP +40,MND +1,RES +1,MND +2,-,Spirit (3★),4,7,10,13,16,Wisdom (3★),1,3,5,7,9,,,,,,,,,,,,
V,Exdeath,,Magus,MAG +3,HP +100,MAG +3,MAG +6,BLK dam. +6%,"Black Mage, Red Mage",Spirit (4★),1,3,5,7,9,Wisdom (4★),4,7,10,13,16,,,,,,,,,,,,
V,Exdeath,,Warmage,MND +3,HP +140,MAG +3,MAG +6,Darkness dam. +6%,"Red Mage, White Mage",Dexterity (4★),2,4,6,8,10,Vitality (4★),1,2,3,4,5,Wisdom (4★),2,4,6,8,10,,,,,,
V,Exdeath,,Spellblade,MND +3,HP +120,MAG +3,MND +6,Dark dam. +3%,White Mage,Dexterity (4★),2,4,6,8,10,Vitality (4★),1,2,3,4,5,Wisdom (4★),2,4,6,8,10,,,,,,
V,Krile,,Black Mage,MAG +1,HP +40,RES +1,MAG +2,BLK dam. +3%,-,Spirit (3★),1,3,5,7,9,Wisdom (3★),4,7,10,13,16,,,,,,,,,,,,
V,Krile,,Red Mage,RES +1,MAG +1,RES +1,HP +60,MAG +2,-,Spirit (3★),2,4,6,8,10,Vitality (3★),1,2,3,4,5,Wisdom (3★),2,4,6,8,10,,,,,,
V,Krile,,Ranger,MAG +1,RES +1,MAG +1,HP +60,MAG +2,-,Dexterity (3★),2,4,6,8,10,Vitality (3★),1,2,3,4,5,Bravery (3★),2,4,6,8,10,,,,,,
V,Krile,,Magus,MAG +3,HP +100,RES +3,MAG +6,BLK dam. +6%,Black Mage,Spirit (4★),1,3,5,7,9,Wisdom (4★),4,7,10,13,16,,,,,,,,,,,,
V,Krile,,Summoner,SUM dam. +3%,MAG +3,HP +120,MAG +5,SUM dam. +6%,"Black Mage, Red Mage",Spirit (4★),2,4,6,8,10,Dexterity (4★),1,2,3,4,5,Wisdom (4★),2,4,6,8,10,,,,,,
V,Krile,,Bard,MAG +3,RES +3,HP +120,Enable Instrument,Enable Bard 4★,"Red Mage, Ranger",Spirit (3★),2,4,6,8,10,Dexterity (3★),2,4,6,8,10,Wisdom (3★),1,2,3,4,5,,,,,,
V,Xezat,,Knight,ATK +1,ATK +1,DEF +1,ATK +2,DEF +2,-,Vitality (3★),3,6,9,12,15,Bravery (3★),2,4,6,8,10,,,,,,,,,,,,
V,Xezat,,Warrior,ATK +1,HP +70,DEF +1,ATK +1,ATK +2,-,Vitality (3★),2,4,6,8,10,Bravery (3★),3,6,9,12,15,,,,,,,,,,,,
V,Xezat,,Black Mage,DEF +1,HP +40,DEF +1,ATK +1,ATK +2,-,Spirit (3★),1,3,5,7,9,Wisdom (3★),4,7,10,13,16,,,,,,,,,,,,
V,Xezat,,Gladiator,ATK +3,DEF +3,HP +200,ATK +4,Sword dam. +3%,Knight,Dexterity (4★),1,2,3,4,5,Vitality (4★),2,4,6,8,10,Bravery (4★),2,4,6,8,10,,,,,,
V,Xezat,,Paladin,DEF +3,ATK +3,DEF +4,HP +250,ATK +5,"Knight, Warrior",Spirit (4★),1,2,3,4,5,Vitality (4★),2,4,6,8,10,Bravery (4★),2,4,6,8,10,,,,,,
V,Xezat,,Spellblade,Spellblade dam. +3%,DEF +3,HP +200,ATK +6,Spellblade dam. +6%,"Warrior, Black Mage",Dexterity (4★),2,4,6,8,10,Vitality (4★),1,2,3,4,5,Wisdom (4★),2,4,6,8,10,,,,,,
V,Xezat,,Snowspell Strike,Spellblade 5★ -> 6★,Snowspell Strike x1,Spellblade dam. +3%,-,-,Spellblade (5★) x1,Spellblade (5★),4,10,15,,,,,,,,,,,,,,,,,,,,
V,Kelger,,Ranger,ATK +1,ATK +1,DEF +1,HP +60,MAG +2,-,Dexterity (3★),2,4,6,8,10,Vitality (3★),1,2,3,4,5,Bravery (3★),2,4,6,8,10,,,,,,
V,Kelger,,Thief,ATK +1,DEF +1,ATK +1,HP +55,DEF +2,-,Dexterity (3★),2,4,6,8,10,Vitality (3★),1,2,3,4,5,Wisdom (3★),2,4,6,8,10,,,,,,
V,Kelger,,Warrior,ATK +1,HP +70,DEF +1,ATK +1,ATK +2,-,Vitality (3★),2,4,6,8,10,Bravery (3★),3,6,9,12,15,,,,,,,,,,,,
V,Kelger,,Ninja,Ninja dam. +3%,ATK +4,HP +160,MAG +5,Ninja dam. +6%,"Ranger, Thief",Dexterity (4★),2,4,6,8,10,Vitality (4★),2,4,6,8,10,Wisdom (4★),1,2,3,4,5,,,,,,
V,Kelger,,Samurai,ATK +3,ATK +4,HP +170,ATK +6,Sword dam. +3%,"Thief, Warrior",Dexterity (4★),2,4,6,8,10,Vitality (4★),2,4,6,8,10,Bravery (4★),1,2,3,4,5,,,,,,
V,Kelger,,Gladiator,ATK +3,ATK +3,HP +200,ATK +4,ATK +5,Warrior,Dexterity (4★),1,2,3,4,5,Vitality (4★),2,4,6,8,10,Bravery (4★),2,4,6,8,10,,,,,,
V,Kelger,,Stitch in Time,Ninja 5★ -> 6★,Stitch in Time x1,Ninja dam. +3%,-,-,Ninja (5★) x1,Ninja (5★),4,10,15,,,,,,,,,,,,,,,,,,,,
VI,Terra,,Warrior,ATK +1,HP +70,DEF +1,DEF +1,ATK +2,-,Vitality (3★),2,4,6,8,10,Bravery (3★),3,6,9,12,15,,,,,,,,,,,,
VI,Terra,,Black Mage,MAG +1,HP +40,RES +1,MAG +2,BLK dam. +3%,-,Spirit (3★),1,3,5,7,9,Wisdom (3★),4,7,10,13,16,,,,,,,,,,,,
VI,Terra,,Red Mage,MAG +1,RES +1,MAG +1,HP +60,MAG +2,-,Spirit (3★),2,4,6,8,10,Vitality (3★),1,2,3,4,5,Wisdom (3★),2,4,6,8,10,,,,,,
VI,Terra,,Spellblade,RES +3,MAG +3,HP +170,MAG +4,Fire dam. +3%,"Warrior, Black Mage",Dexterity (4★),2,4,6,8,10,Vitality (4★),1,2,3,4,5,Wisdom (4★),2,4,6,8,10,,,,,,
VI,Terra,,Magus,MAG +3,HP +100,RES +3,MAG +6,BLK dam. +6%,"Warrior, Black Mage",Spirit (4★),1,3,5,7,9,Wisdom (4★),4,7,10,13,16,,,,,,,,,,,,
VI,Terra,,Summoner,SUM dam. +3%,MAG +3,HP +120,MAG +6,SUM dam. +6%,"Black Mage, Red Mage",Spirit (4★),2,4,6,8,10,Dexterity (4★),1,2,3,4,5,Wisdom (4★),2,4,6,8,10,,,,,,
VI,Locke,,Warrior,ATK +1,HP +70,DEF +1,ATK +1,ATK +2,-,Vitality (3★),2,4,6,8,10,Bravery (3★),3,6,9,12,15,,,,,,,,,,,,
VI,Locke,,Knight,DEF +1,ATK +1,HP +100,DEF +1,DEF +2,-,Vitality (3★),3,6,9,12,15,Bravery (3★),2,4,6,8,10,,,,,,,,,,,,
VI,Locke,,Thief,RES +1,DEF +1,ATK +1,HP +55,Thief dam. +3%,-,Dexterity (3★),2,4,6,8,10,Vitality (3★),1,2,3,4,5,Wisdom (3★),2,4,6,8,10,,,,,,
VI,Locke,,Gladiator,ATK +3,DEF +3,HP +200,ATK +6,Blind Imm. (minor),Warrior,Dexterity (4★),1,2,3,4,5,Vitality (4★),2,4,6,8,10,Bravery (4★),2,4,6,8,10,,,,,,
VI,Locke,,Paladin,DEF +3,ATK +3,DEF +5,HP +250,Slow Imm. (minor),"Warrior, Knight",Spirit (4★),1,2,3,4,5,Vitality (4★),2,4,6,8,10,Bravery (4★),2,4,6,8,10,,,,,,
VI,Locke,,Ninja,ATK +3,RES +3,HP +160,ATK +6,Thief dam. +6%,Thief,Dexterity (4★),2,4,6,8,10,Vitality (4★),2,4,6,8,10,Wisdom (4★),1,2,3,4,5,,,,,,
VI,Locke,,Mug Bloodlust,Thief 5★ -> 6★,Mug Bloodlust x1,Thief dam. +3%,-,-,Thief (5★) x1,Thief (5★),4,10,15,,,,,,,,,,,,,,,,,,,,
VI,Celes,,Warrior,ATK +1,HP +70,DEF +1,ATK +1,RES +2,-,Vitality (3★),2,4,6,8,10,Bravery (3★),3,6,9,12,15,,,,,,,,,,,,
VI,Celes,,Knight,DEF +1,ATK +1,HP +100,RES +1,ATK +1,-,Vitality (3★),3,6,9,12,15,Bravery (3★),2,4,6,8,10,,,,,,,,,,,,
VI,Celes,,Red Mage,RES +1,ATK +1,RES +1,HP +60,ATK +2,-,Spirit (3★),2,4,6,8,10,Vitality (3★),1,2,3,4,5,Wisdom (3★),2,4,6,8,10,,,,,,
VI,Celes,,Gladiator,ATK +3,DEF +3,HP +200,ATK +6,Sword dam. +3%,Warrior,Dexterity (4★),1,2,3,4,5,Vitality (4★),2,4,6,8,10,Bravery (4★),2,4,6,8,10,,,,,,
VI,Celes,,Paladin,RES +3,ATK +3,RES +4,HP +250,White Magic 3★ -> 4★,"Warrior, Knight",Spirit (4★),1,2,3,4,5,Vitality (4★),2,4,6,8,10,Bravery (4★),2,4,6,8,10,,,,,,
VI,Celes,,Spellblade,Spellblade dam. +3%,ATK +3,HP +170,ATK +6,Spellblade dam. +6%,"Knight, Red Mage",Dexterity (4★),2,4,6,8,10,Vitality (4★),1,2,3,4,5,Wisdom (4★),2,4,6,8,10,,,,,,
VI,Celes,,Snowspell Strike,Spellblade 5★ -> 6★,Snowspell Strike x1,Spellblade dam. +3%,-,-,Spellblade (5★) x1,Spellblade (5★),4,10,15,,,,,,,,,,,,,,,,,,,,
VI,Celes,,Aegis Strike,Knight 5★ -> 6★,Aegis Strike x1,Knight dam. +3%,-,-,Knight (5★) x1,Knight (5★),4,10,15,,,,,,,,,,,,,,,,,,,,
VI,Mog,,Warrior,ATK +1,HP +70,ATK +1,ATK +1,ATK +2,-,Vitality (3★),2,4,6,8,10,Bravery (3★),3,6,9,12,15,,,,,,,,,,,,
VI,Mog,,Red Mage,MND +1,MND +1,MND +1,HP +60,MND +2,-,Spirit (3★),2,4,6,8,10,Vitality (3★),1,2,3,4,5,Wisdom (3★),2,4,6,8,10,,,,,,
VI,Mog,,Dancer,MND +1,MND +1,MND +1,HP +55,MND +2,-,Spirit (3★),2,4,6,8,10,Dexterity (3★),2,4,6,8,10,Vitality (3★),1,2,3,4,5,,,,,,
VI,Mog,,Dragoon,Dragoon dam. +3%,ATK +5,Spear dam. +3%,ATK +6,Dragoon dam. +6%,Warrior,Dexterity (4★),2,4,6,8,10,Vitality (4★),2,4,6,8,10,Bravery (4★),1,2,3,4,5,,,,,,
VI,Mog,,Gladiator,ATK +3,ATK +3,HP +200,ATK +5,ATK +6,"Warrior, Red Mage",Dexterity (4★),1,2,3,4,5,Vitality (4★),2,4,6,8,10,Bravery (4★),2,4,6,8,10,,,,,,
VI,Mog,,Geomancer,ATK +3,MND +3,HP +130,MND +5,MND +6,"Red Mage, Dancer",Spirit (4★),1,2,3,4,5,Dexterity (4★),2,4,6,8,10,Wisdom (4★),2,4,6,8,10,,,,,,
VI,Mog,,Sky High,Dragoon 5★ -> 6★,Sky High x1,Dragoon dam. +3%,-,-,Dragoon (5★) x1,Dragoon (5★),4,10,15,,,,,,,,,,,,,,,,,,,,
VI,Edgar,,Warrior,ATK +1,HP +70,DEF +1,ATK +1,ATK +2,-,Vitality (3★),2,4,6,8,10,Bravery (3★),3,6,9,12,15,,,,,,,,,,,,
VI,Edgar,,Knight,DEF +1,ATK +1,HP +100,DEF +1,DEF +2,-,Vitality (3★),3,6,9,12,15,Bravery (3★),2,4,6,8,10,,,,,,,,,,,,
VI,Edgar,,Ranger,DEF +1,RES +1,DEF +1,HP +60,ATK +2,-,Dexterity (3★),2,4,6,8,10,Vitality (3★),1,2,3,4,5,Bravery (3★),2,4,6,8,10,,,,,,
VI,Edgar,,Dragoon,DEF +3,ATK +4,HP +220,DEF +6,Spear dam. +3%,"Warrior, Knight",Dexterity (4★),2,4,6,8,10,Vitality (4★),2,4,6,8,10,Bravery (4★),1,2,3,4,5,,,,,,
VI,Edgar,,Paladin,DEF +3,ATK +3,DEF +5,HP +250,Knight dam. +6%,Knight,Spirit (4★),1,2,3,4,5,Vitality (4★),2,4,6,8,10,Bravery (4★),2,4,6,8,10,,,,,,
VI,Edgar,,Cannoneer,ATK +3,DEF +3,HP +150,ATK +6,Machinist dam. +6%,"Knight, Ranger",Dexterity (4★),2,4,6,8,10,Vitality (4★),1,2,3,4,5,Bravery (4★),2,4,6,8,10,,,,,,
VI,Edgar,,Aegis Strike,Knight 5★ -> 6★,Aegis Strike x1,Knight dam. +3%,-,-,Knight (5★) x1,Knight (5★),4,10,15,,,,,,,,,,,,,,,,,,,,
VI,Edgar,,Penalty Snipe,Machinist 5★ -> 6★,Penalty Snipe x1,Machinist dam. +3%,-,-,Machinist (5★) x1,Machinist (5★),4,10,15,,,,,,,,,,,,,,,,,,,,
VI,Sabin,,Monk,DEF +1,RES +1,ATK +1,ATK +2,HP +80,-,Dexterity (3★),1,2,3,4,5,Vitality (3★),2,4,6,8,10,Bravery (3★),2,4,6,8,10,,,,,,
VI,Sabin,,Thief,RES +1,DEF +1,ATK +1,HP +55,ATK +2,-,Dexterity (3★),2,4,6,8,10,Vitality (3★),1,2,3,4,5,Wisdom (3★),2,4,6,8,10,,,,,,
VI,Sabin,,Warrior,ATK +1,HP +70,DEF +1,ATK +1,ATK +2,-,Vitality (3★),2,4,6,8,10,Bravery (3★),3,6,9,12,15,,,,,,,,,,,,
VI,Sabin,,Master,RES +3,DEF +4,HP +200,ATK +5,Monk dam. +6%,Monk,Dexterity (4★),1,2,3,4,5,Vitality (4★),2,4,6,8,10,Bravery (4★),2,4,6,8,10,,,,,,
VI,Sabin,,Berserker,ATK +2,ATK +2,ATK +3,ATK +5,Fist dam. +3%,"Monk, Thief",Vitality (4★),5,10,15,20,25,,,,,,,,,,,,,,,,,,
VI,Sabin,,Gladiator,ATK +3,DEF +3,HP +200,ATK +4,ATK +5,Warrior,Dexterity (4★),1,2,3,4,5,Vitality (4★),2,4,6,8,10,Bravery (4★),2,4,6,8,10,,,,,,
VI,Sabin,,Lifebane,Monk 5★ -> 6★,Lifebane x1,Monk dam. +3%,-,-,Monk (5★) x1,Monk (5★),4,10,15,,,,,,,,,,,,,,,,,,,,
VI,Shadow,,Ranger,MAG +1,ATK +1,MAG +1,HP +60,MAG +2,-,Dexterity (3★),2,4,6,8,10,Vitality (3★),1,2,3,4,5,Bravery (3★),2,4,6,8,10,,,,,,
VI,Shadow,,Thief,ATK +1,MAG +1,DEF +1,HP +55,ATK +2,-,Dexterity (3★),2,4,6,8,10,Vitality (3★),1,2,3,4,5,Wisdom (3★),2,4,6,8,10,,,,,,
VI,Shadow,,Warrior,ATK +1,HP +70,DEF +1,ATK +1,ATK +2,-,Vitality (3★),2,4,6,8,10,Bravery (3★),3,6,9,12,15,,,,,,,,,,,,
VI,Shadow,,Ninja,Ninja dam. +3%,MAG +4,HP +160,ATK +5,Ninja dam. +6%,"Ranger, Thief",Dexterity (4★),2,4,6,8,10,Vitality (4★),2,4,6,8,10,Wisdom (4★),1,2,3,4,5,,,,,,
VI,Shadow,,Samurai,ATK +3,ATK +4,HP +170,ATK +6,PHY/NIN +3%,"Thief, Warrior",Dexterity (4★),2,4,6,8,10,Vitality (4★),2,4,6,8,10,Bravery (4★),1,2,3,4,5,,,,,,
VI,Shadow,,Gladiator,ATK +3,DEF +3,HP +200,ATK +4,ATK +5,Warrior,Dexterity (4★),1,2,3,4,5,Vitality (4★),2,4,6,8,10,Bravery (4★),2,4,6,8,10,,,,,,
VI,Shadow,,Stitch in Time,Ninja 5★ -> 6★,Stitch in Time x1,Ninja dam. +3%,-,-,Ninja (5★) x1,Ninja (5★),4,10,15,,,,,,,,,,,,,,,,,,,,
VI,Cyan,,Warrior,ATK +1,HP +70,DEF +1,ATK +1,DEF +2,-,Vitality (3★),2,4,6,8,10,Bravery (3★),3,6,9,12,15,,,,,,,,,,,,
VI,Cyan,,Knight,DEF +1,ATK +1,HP +100,DEF +1,DEF +2,-,Vitality (3★),3,6,9,12,15,Bravery (3★),2,4,6,8,10,,,,,,,,,,,,
VI,Cyan,,Ranger,DEF +1,ATK +1,DEF +1,HP +60,ATK +2,-,Dexterity (3★),2,4,6,8,10,Vitality (3★),1,2,3,4,5,Bravery (3★),2,4,6,8,10,,,,,,
VI,Cyan,,Samurai,Samurai dam. +3%,HP +170,ATK +4,Katana dam. +3%,Samurai dam. +6%,Warrior,Dexterity (4★),2,4,6,8,10,Vitality (4★),2,4,6,8,10,Bravery (4★),1,2,3,4,5,,,,,,
VI,Cyan,,Gladiator,ATK +3,DEF +3,HP +200,ATK +4,ATK +5,"Warrior, Knight",Dexterity (4★),1,2,3,4,5,Vitality (4★),2,4,6,8,10,Bravery (4★),2,4,6,8,10,,,,,,
VI,Cyan,,Berserker,ATK +2,ATK +2,ATK +3,ATK +3,ATK +5,"Knight, Ranger",Vitality (4★),5,10,15,20,25,,,,,,,,,,,,,,,,,,
VI,Cyan,,Demonsblood,Samurai 5★ -> 6★,Demonsblood x1,Samurai dam. +3%,-,-,Samurai (5★) x1,Samurai (5★),4,10,15,,,,,,,,,,,,,,,,,,,,
VI,Gau,,Warrior,ATK +1,HP +70,DEF +1,ATK +1,ATK +2,-,Vitality (3★),2,4,6,8,10,Bravery (3★),3,6,9,12,15,,,,,,,,,,,,
VI,Gau,,Ranger,ATK +1,DEF +1,RES +1,HP +60,ATK +2,-,Dexterity (3★),2,4,6,8,10,Vitality (3★),1,2,3,4,5,Bravery (3★),2,4,6,8,10,,,,,,
VI,Gau,,Monk,DEF +1,RES +1,ATK +1,ATK +2,HP +80,-,Dexterity (3★),1,2,3,4,5,Vitality (3★),2,4,6,8,10,Bravery (3★),2,4,6,8,10,,,,,,
VI,Gau,,Berserker,ATK +3,ATK +3,ATK +4,ATK +5,Combat dam. +3%,Warrior,Vitality (4★),5,10,15,20,25,,,,,,,,,,,,,,,,,,
VI,Gau,,Beastmaster,RES +3,DEF +3,HP +150,ATK +6,Celerity dam. +3%,"Warrior, Ranger",Dexterity (4★),3,6,9,12,15,Vitality (4★),1,2,3,4,5,Wisdom (4★),1,2,3,4,5,,,,,,
VI,Gau,,Master,DEF +3,HP +60,ATK +4,ATK +5,HP +180,Monk,Dexterity (4★),1,2,3,4,5,Vitality (4★),2,4,6,8,10,Bravery (4★),2,4,6,8,10,,,,,,
VI,Setzer,,Thief,ATK +1,DEF +1,RES +1,HP +55,ATK +2,-,Dexterity (3★),2,4,6,8,10,Vitality (3★),1,2,3,4,5,Wisdom (3★),2,4,6,8,10,,,,,,
VI,Setzer,,Red Mage,ATK +1,DEF +1,RES +1,HP +60,ATK +2,-,Spirit (3★),2,4,6,8,10,Vitality (3★),1,2,3,4,5,Wisdom (3★),2,4,6,8,10,,,,,,
VI,Setzer,,Bard,RES +1,ATK +1,RES +1,HP +55,RES +2,-,Spirit (3★),2,4,6,8,10,Dexterity (3★),2,4,6,8,10,Wisdom (3★),1,2,3,4,5,,,,,,
VI,Setzer,,Cannoneer,Machinist dam. +3%,DEF +3,HP +150,ATK +6,Machinist dam. +6%,Thief,Dexterity (4★),2,4,6,8,10,Vitality (4★),1,2,3,4,5,Bravery (4★),2,4,6,8,10,,,,,,
VI,Setzer,,Ninja,ATK +3,RES +3,HP +160,ATK +6,Throwing dam. +3%,"Thief, Red Mage",Dexterity (4★),2,4,6,8,10,Vitality (4★),2,4,6,8,10,Wisdom (4★),1,2,3,4,5,,,,,,
VI,Setzer,,Viking,ATK +2,DEF +3,ATK +4,HP +230,ATK +6,"Red Mage, Bard",Vitality (4★),3,7,10,13,16,Bravery (4★),2,3,5,7,9,,,,,,,,,,,,
VI,Setzer,,Penalty Snipe,Machinist 5★ -> 6★,Penalty Snipe x1,Machinist dam. +3%,-,-,Machinist (5★) x1,Machinist (5★),4,10,15,,,,,,,,,,,,,,,,,,,,
VI,Strago,,Black Mage,MAG +1,HP +40,RES +1,MAG +2,BLK dam. +3%,-,Spirit (3★),1,3,5,7,9,Wisdom (3★),4,7,10,13,16,,,,,,,,,,,,
VI,Strago,,Red Mage,MND +1,RES +1,HP +60,RES +1,MAG +2,-,Spirit (3★),2,4,6,8,10,Vitality (3★),1,2,3,4,5,Wisdom (3★),2,4,6,8,10,,,,,,
VI,Strago,,White Mage,MND +1,HP +40,RES +1,MND +2,WHT heals +3%,-,Spirit (3★),4,7,10,13,16,Wisdom (3★),1,3,5,7,9,,,,,,,,,,,,
VI,Strago,,Magus,MAG +4,HP +100,MAG +5,MAG +6,BLK dam. +6%,Black Mage,Spirit (4★),1,3,5,7,9,Wisdom (4★),4,7,10,13,16,,,,,,,,,,,,
VI,Strago,,Summoner,SUM dam. +3%,MND +4,MAG +4,MAG +6,Summoning 4★ -> 5★,"Black Mage, Red Mage",Spirit (4★),2,4,6,8,10,Dexterity (4★),1,2,3,4,5,Wisdom (4★),2,4,6,8,10,,,,,,
VI,Strago,,Devout,MND +3,HP +100,RES +3,MND +6,White Magic 3★ -> 4★,White Mage,Spirit (4★),4,7,10,13,16,Wisdom (4★),1,3,5,7,9,,,,,,,,,,,,
VI,Relm,,White Mage,MND +1,HP +40,RES +1,MND +2,WHT heals +3%,-,Spirit (3★),4,7,10,13,16,Wisdom (3★),1,3,5,7,9,,,,,,,,,,,,
VI,Relm,,Black Mage,MAG +1,HP +40,MAG +1,RES +1,MAG +2,-,Spirit (3★),1,3,5,7,9,Wisdom (3★),4,7,10,13,16,,,,,,,,,,,,
VI,Relm,,Red Mage,RES +1,MAG +1,RES +1,HP +60,MND +2,-,Spirit (3★),2,4,6,8,10,Vitality (3★),1,2,3,4,5,Wisdom (3★),2,4,6,8,10,,,,,,
VI,Relm,,Devout,MND +3,HP +100,MND +3,MND +6,WHT heals +6%,White Mage,Spirit (4★),4,7,10,13,16,Wisdom (4★),1,3,5,7,9,,,,,,,,,,,,
VI,Relm,,Geomancer,MAG +3,MND +3,HP +130,MAG +6,MND +6,"White Mage, Black Mage",Spirit (4★),1,2,3,4,5,Dexterity (4★),2,4,6,8,10,Wisdom (4★),2,4,6,8,10,,,,,,
VI,Relm,,Summoner,MND +3,MAG +3,HP +120,MAG +6,SUM dam. +6%,"Black Mage, Red Mage",Spirit (4★),2,4,6,8,10,Dexterity (4★),1,2,3,4,5,Wisdom (4★),2,4,6,8,10,,,,,,
VI,Gogo (VI),,Warrior,ATK +1,ATK +1,ATK +1,HP +50,ATK +2,-,Vitality (3★),2,4,6,8,10,Bravery (3★),3,6,9,12,15,,,,,,,,,,,,
VI,Gogo (VI),,Black Mage,MAG +1,MAG +1,MAG +1,HP +50,MAG +2,-,Spirit (3★),1,3,5,7,9,Wisdom (3★),4,7,10,13,16,,,,,,,,,,,,
VI,Gogo (VI),,White Mage,MND +1,MND +1,MND +1,MND +2,HP +60,-,Spirit (3★),4,7,10,13,16,Wisdom (3★),1,3,5,7,9,,,,,,,,,,,,
VI,Gogo (VI),,Gladiator,ATK +3,ATK +3,HP +150,ATK +5,PHY dam. +6%,Warrior,Dexterity (4★),1,2,3,4,5,Vitality (4★),2,4,6,8,10,Bravery (4★),2,4,6,8,10,,,,,,
VI,Gogo (VI),,Magus,MAG +2,HP +150,MAG +4,MAG +5,BLK dam. +6%,"Warrior, Black Mage",Spirit (4★),1,3,5,7,9,Wisdom (4★),4,7,10,13,16,,,,,,,,,,,,
VI,Gogo (VI),,Devout,MND +3,HP +100,HP +150,MND +6,WHT heals +6%,"Black Mage, White Mage",Spirit (4★),4,7,10,13,16,Wisdom (4★),1,3,5,7,9,,,,,,,,,,,,
VI,Umaro,,Monk,DEF +1,DEF +1,ATK +1,DEF +2,HP +80,-,Dexterity (3★),1,2,3,4,5,Vitality (3★),2,4,6,8,10,Bravery (3★),2,4,6,8,10,,,,,,
VI,Umaro,,Warrior,ATK +1,HP +70,DEF +1,ATK +1,PHY dam. +3%,-,Vitality (3★),2,4,6,8,10,Bravery (3★),3,6,9,12,15,,,,,,,,,,,,
VI,Umaro,,Knight,DEF +1,ATK +1,HP +100,DEF +1,DEF +2,-,Vitality (3★),3,6,9,12,15,Bravery (3★),2,4,6,8,10,,,,,,,,,,,,
VI,Umaro,,Master,DEF +3,HP +60,ATK +4,ATK +5,ATK +5,Monk,Dexterity (4★),1,2,3,4,5,Vitality (4★),2,4,6,8,10,Bravery (4★),2,4,6,8,10,,,,,,
VI,Umaro,,Berserker,ATK +2,ATK +2,ATK +3,ATK +3,PHY dam. +6%,"Monk, Warrior",Vitality (4★),5,10,15,20,25,,,,,,,,,,,,,,,,,,
VI,Umaro,,Gladiator,ATK +3,DEF +3,HP +200,ATK +4,ATK +5,Knight,Dexterity (4★),1,2,3,4,5,Vitality (4★),2,4,6,8,10,Bravery (4★),2,4,6,8,10,,,,,,
VI,Umaro,,Lifebane,Monk 5★ -> 6★,Lifebane x1,Monk dam. +3%,-,-,Monk (5★) x1,Monk (5★),4,10,15,,,,,,,,,,,,,,,,,,,,
VI,Kefka,,Black Mage,MAG +1,HP +40,RES +1,MAG +2,BLK dam. +3%,-,Spirit (3★),1,3,5,7,9,Wisdom (3★),4,7,10,13,16,,,,,,,,,,,,
VI,Kefka,,Bard,RES +1,MAG +1,RES +1,HP +55,RES +2,-,Spirit (3★),2,4,6,8,10,Dexterity (3★),2,4,6,8,10,Wisdom (3★),1,2,3,4,5,,,,,,
VI,Kefka,,Dancer,MAG +1,MAG +1,RES +1,HP +55,MAG +2,-,Spirit (3★),2,4,6,8,10,Dexterity (3★),2,4,6,8,10,Vitality (3★),1,2,3,4,5,,,,,,
VI,Kefka,,Magus,MAG +3,HP +100,MAG +6,Darkness dam. +6%,BLK dam. +6%,Black Mage,Spirit (4★),1,3,5,7,9,Wisdom (4★),4,7,10,13,16,,,,,,,,,,,,
VI,Kefka,,Time Mage,RES +3,MAG +3,HP +120,RES +5,MAG +6,"Black Mage, Bard",Spirit (4★),2,4,6,8,10,Dexterity (4★),1,2,3,4,5,Wisdom (4★),2,4,6,8,10,,,,,,
VI,Kefka,,Geomancer,RES +3,RES +3,HP +130,MAG +6,Dark dam. +3%,"Bard, Dancer",Spirit (4★),1,2,3,4,5,Dexterity (4★),2,4,6,8,10,Wisdom (4★),2,4,6,8,10,,,,,,
VI,Kefka,,Allegro con Moto,Bard 5★ -> 6★,Allegro con Moto x1,Instrum. BLK dam. +3%,-,-,Bard (5★) x1,Bard (5★),4,10,15,,,,,,,,,,,,,,,,,,,,
VI,Leo,,Knight,DEF +1,ATK +1,HP +100,DEF +1,Knight dam. +3%,-,Vitality (3★),3,6,9,12,15,Bravery (3★),2,4,6,8,10,,,,,,,,,,,,
VI,Leo,,Warrior,ATK +1,HP +70,DEF +1,ATK +1,ATK +2,-,Vitality (3★),2,4,6,8,10,Bravery (3★),3,6,9,12,15,,,,,,,,,,,,
VI,Leo,,Ranger,ATK +1,DEF +1,DEF +1,HP +60,ATK +2,-,Dexterity (3★),2,4,6,8,10,Vitality (3★),1,2,3,4,5,Bravery (3★),2,4,6,8,10,,,,,,
VI,Leo,,Paladin,DEF +3,ATK +3,ATK +5,HP +250,Knight dam. +6%,Knight,Spirit (4★),1,2,3,4,5,Vitality (4★),2,4,6,8,10,Bravery (4★),2,4,6,8,10,,,,,,
VI,Leo,,Gladiator,ATK +3,DEF +4,HP +200,ATK +5,Sword dam. +3%,Warrior,Dexterity (4★),1,2,3,4,5,Vitality (4★),2,4,6,8,10,Bravery (4★),2,4,6,8,10,,,,,,
VI,Leo,,Samurai,ATK +3,ATK +4,HP +170,DEF +5,ATK +6,"Warrior, Ranger",Dexterity (4★),2,4,6,8,10,Vitality (4★),2,4,6,8,10,Bravery (4★),1,2,3,4,5,,,,,,
VI,Leo,,Aegis Strike,Knight 5★ -> 6★,Aegis Strike x1,Knight dam. +3%,-,-,Knight (5★) x1,Knight (5★),4,10,15,,,,,,,,,,,,,,,,,,,,
VI,Ultros,,Warrior,ATK +1,HP +70,DEF +1,ATK +2,ATK +3,-,Vitality (3★),2,4,6,8,10,Bravery (3★),3,6,9,12,15,,,,,,,,,,,,
VI,Ultros,,Black Mage,MAG +1,HP +40,RES +1,MAG +3,BLK dam. +3%,-,Spirit (3★),1,3,5,7,9,Wisdom (3★),4,7,10,13,16,,,,,,,,,,,,
VI,Ultros,,Red Mage,MAG +1,DEF +1,MAG +2,HP +60,ATK +3,-,Spirit (3★),2,4,6,8,10,Vitality (3★),1,2,3,4,5,Wisdom (3★),2,4,6,8,10,,,,,,
VI,Ultros,,Gladiator,ATK +3,DEF +3,HP +200,ATK +6,Rod dam. +3%,Warrior,Dexterity (4★),1,2,3,4,5,Vitality (4★),2,4,6,8,10,Bravery (4★),2,4,6,8,10,,,,,,
VI,Ultros,,Magus,MAG +3,HP +100,RES +3,MAG +6,BLK dam. +6%,"Warrior, Black Mage",Spirit (4★),1,3,5,7,9,Wisdom (4★),4,7,10,13,16,,,,,,,,,,,,
VI,Ultros,,Blue Mage,ATK +3,DEF +2,MAG +5,HP +120,Poison dam. +3%,"Black Mage, Red Mage",Spirit (4★),2,4,6,8,10,Vitality (4★),1,2,3,4,5,Wisdom (4★),2,4,6,8,10,,,,,,
VII,Cloud,,Red Mage,ATK +1,DEF +1,RES +1,HP +60,ATK +2,-,Spirit (3★),2,4,6,8,10,Vitality (3★),1,2,3,4,5,Wisdom (3★),2,4,6,8,10,,,,,,
VII,Cloud,,Warrior,ATK +1,HP +70,DEF +1,ATK +1,ATK +2,-,Vitality (3★),2,4,6,8,10,Bravery (3★),3,6,9,12,15,,,,,,,,,,,,
VII,Cloud,,Knight,DEF +1,ATK +1,HP +100,DEF +1,DEF +2,-,Vitality (3★),3,6,9,12,15,Bravery (3★),2,4,6,8,10,,,,,,,,,,,,
VII,Cloud,,Spellblade,ATK +3,HP +170,ATK +5,Spellblade dam. +6%,Spellblade 4★ -> 5★,"Red Mage, Warrior",Dexterity (4★),2,4,6,8,10,Vitality (4★),1,2,3,4,5,Wisdom (4★),2,4,6,8,10,,,,,,
VII,Cloud,,Samurai,ATK +3,ATK +4,HP +170,ATK +6,Paralyze Imm. (minor),Warrior,Dexterity (4★),2,4,6,8,10,Vitality (4★),2,4,6,8,10,Bravery (4★),1,2,3,4,5,,,,,,
VII,Cloud,,Paladin,DEF +3,ATK +3,ATK +5,HP +250,Enable Knight 3★,Knight,Spirit (4★),1,2,3,4,5,Vitality (4★),2,4,6,8,10,Bravery (4★),2,4,6,8,10,,,,,,
VII,Cloud,,Demonsblood,Samurai 5★ -> 6★,Demonsblood x1,Samurai dam. +3%,-,-,Samurai (5★) x1,Samurai (5★),4,10,15,,,,,,,,,,,,,,,,,,,,
VII,Barret,,Monk,DEF +1,RES +1,ATK +1,ATK +2,HP +80,-,Dexterity (3★),1,2,3,4,5,Vitality (3★),2,4,6,8,10,Bravery (3★),2,4,6,8,10,,,,,,
VII,Barret,,Warrior,ATK +1,HP +70,DEF +1,ATK +1,ATK +2,-,Vitality (3★),2,4,6,8,10,Bravery (3★),3,6,9,12,15,,,,,,,,,,,,
VII,Barret,,Ranger,DEF +1,RES +1,ATK +1,HP +60,ATK +2,-,Dexterity (3★),2,4,6,8,10,Vitality (3★),1,2,3,4,5,Bravery (3★),2,4,6,8,10,,,,,,
VII,Barret,,Master,DEF +3,HP +60,ATK +4,HP +180,Combat 3★ -> 4★,Monk,Dexterity (4★),1,2,3,4,5,Vitality (4★),2,4,6,8,10,Bravery (4★),2,4,6,8,10,,,,,,
VII,Barret,,Berserker,ATK +2,ATK +2,ATK +3,ATK +3,ATK +5,"Monk, Warrior",Vitality (4★),5,10,15,20,25,,,,,,,,,,,,,,,,,,
VII,Barret,,Cannoneer,ATK +3,DEF +3,HP +150,ATK +6,Machinist dam. +6%,"Warrior, Ranger",Dexterity (4★),2,4,6,8,10,Vitality (4★),1,2,3,4,5,Bravery (4★),2,4,6,8,10,,,,,,
VII,Barret,,Penalty Snipe,Machinist 5★ -> 6★,Penalty Snipe x1,Machinist dam. +3%,-,-,Machinist (5★) x1,Machinist (5★),4,10,15,,,,,,,,,,,,,,,,,,,,
VII,Tifa,,Monk,DEF +1,ATK +1,HP +40,ATK +1,Monk dam. +3%,-,Dexterity (3★),1,2,3,4,5,Vitality (3★),2,4,6,8,10,Bravery (3★),2,4,6,8,10,,,,,,
VII,Tifa,,Warrior,DEF +1,HP +70,DEF +1,ATK +1,ATK +2,-,Vitality (3★),2,4,6,8,10,Bravery (3★),3,6,9,12,15,,,,,,,,,,,,
VII,Tifa,,Thief,ATK +1,DEF +1,ATK +1,HP +55,ATK +2,-,Dexterity (3★),2,4,6,8,10,Vitality (3★),1,2,3,4,5,Wisdom (3★),2,4,6,8,10,,,,,,
VII,Tifa,,Master,DEF +3,ATK +4,HP +200,ATK +5,Monk dam. +6%,Monk,Dexterity (4★),1,2,3,4,5,Vitality (4★),2,4,6,8,10,Bravery (4★),2,4,6,8,10,,,,,,
VII,Tifa,,Berserker,ATK +2,ATK +2,ATK +3,ATK +3,Fist dam. +3%,"Monk, Warrior",Vitality (4★),5,10,15,20,25,,,,,,,,,,,,,,,,,,
VII,Tifa,,Ninja,DEF +3,ATK +3,HP +160,ATK +6,Celerity 3★ -> 4★,"Warrior, Thief",Dexterity (4★),2,4,6,8,10,Vitality (4★),2,4,6,8,10,Wisdom (4★),1,2,3,4,5,,,,,,
VII,Tifa,,Lifebane,Monk 5★ -> 6★,Lifebane x1,Monk dam. +3%,-,-,Monk (5★) x1,Monk (5★),4,10,15,,,,,,,,,,,,,,,,,,,,
VII,Aerith,,White Mage,MND +1,HP +40,RES +1,MND +2,WHT heals +3%,-,Spirit (3★),4,7,10,13,16,Wisdom (3★),1,3,5,7,9,,,,,,,,,,,,
VII,Aerith,,Black Mage,MAG +1,HP +40,MAG +1,RES +1,MAG +2,-,Spirit (3★),1,3,5,7,9,Wisdom (3★),4,7,10,13,16,,,,,,,,,,,,
VII,Aerith,,Red Mage,MND +1,RES +1,MAG +1,HP +60,MND +2,-,Spirit (3★),2,4,6,8,10,Vitality (3★),1,2,3,4,5,Wisdom (3★),2,4,6,8,10,,,,,,
VII,Aerith,,Devout,WHT heals +3%,HP +100,MND +5,MND +6,WHT heals +6%,White Mage,Spirit (4★),4,7,10,13,16,Wisdom (4★),1,3,5,7,9,,,,,,,,,,,,
VII,Aerith,,Summoner,MAG +3,MAG +3,HP +120,MAG +6,SUM dam. +6%,"White Mage, Black Mage",Spirit (4★),2,4,6,8,10,Dexterity (4★),1,2,3,4,5,Wisdom (4★),2,4,6,8,10,,,,,,
VII,Aerith,,Illusionist,RES +3,HP +120,MND +5,MND +6,Holy dam. +3%,"Black Mage, Red Mage",Spirit (4★),2,4,6,8,10,Dexterity (4★),1,2,3,4,5,Wisdom (4★),2,4,6,8,10,,,,,,
VII,Red XIII,,Warrior,ATK +1,HP +70,DEF +1,ATK +1,ATK +2,-,Vitality (3★),2,4,6,8,10,Bravery (3★),3,6,9,12,15,,,,,,,,,,,,
VII,Red XIII,,Black Mage,MAG +1,HP +40,RES +1,MAG +2,BLK dam. +3%,-,Spirit (3★),1,3,5,7,9,Wisdom (3★),4,7,10,13,16,,,,,,,,,,,,
VII,Red XIII,,Red Mage,MAG +1,DEF +1,MAG +1,HP +60,ATK +2,-,Spirit (3★),2,4,6,8,10,Vitality (3★),1,2,3,4,5,Wisdom (3★),2,4,6,8,10,,,,,,
VII,Red XIII,,Berserker,ATK +3,ATK +3,ATK +5,ATK +5,ATK +6,Warrior,Vitality (4★),5,10,15,20,25,,,,,,,,,,,,,,,,,,
VII,Red XIII,,Magus,BLK dam. +3%,MAG +5,MAG +6,BLK dam. +6%,Black Magic 4★ -> 5★,Black Mage,Spirit (4★),1,3,5,7,9,Wisdom (4★),4,7,10,13,16,,,,,,,,,,,,
VII,Red XIII,,Geomancer,MAG +3,MAG +3,HP +130,ATK +5,MAG +6,"Black Mage, Red Mage",Spirit (4★),1,2,3,4,5,Dexterity (4★),2,4,6,8,10,Wisdom (4★),2,4,6,8,10,,,,,,
VII,Yuffie,,Ranger,MAG +1,DEF +1,RES +1,HP +60,ATK +2,-,Dexterity (3★),2,4,6,8,10,Vitality (3★),1,2,3,4,5,Bravery (3★),2,4,6,8,10,,,,,,
VII,Yuffie,,Thief,MAG +1,RES +1,ATK +1,HP +55,Thief dam. +3%,-,Dexterity (3★),2,4,6,8,10,Vitality (3★),1,2,3,4,5,Wisdom (3★),2,4,6,8,10,,,,,,
VII,Yuffie,,Dancer,DEF +1,MAG +1,RES +1,HP +55,MAG +2,-,Spirit (3★),2,4,6,8,10,Dexterity (3★),2,4,6,8,10,Vitality (3★),1,2,3,4,5,,,,,,
VII,Yuffie,,Ninja,ATK +3,MAG +3,HP +160,Thief dam. +6%,Ninja dam. +6%,"Ranger, Thief",Dexterity (4★),2,4,6,8,10,Vitality (4★),2,4,6,8,10,Wisdom (4★),1,2,3,4,5,,,,,,
VII,Yuffie,,Warmage,ATK +3,ATK +4,HP +180,ATK +6,Paralyze Imm. (minor),"Ranger, Thief",Dexterity (4★),2,4,6,8,10,Vitality (4★),1,2,3,4,5,Wisdom (4★),2,4,6,8,10,,,,,,
VII,Yuffie,,Geomancer,MAG +3,RES +3,HP +130,MAG +6,Weakness dam. +3%,"Thief, Dancer",Spirit (4★),1,2,3,4,5,Dexterity (4★),2,4,6,8,10,Wisdom (4★),2,4,6,8,10,,,,,,
VII,Yuffie,,Mug Bloodlust,Thief 5★ -> 6★,Mug Bloodlust x1,Thief dam. +3%,-,-,Thief (5★) x1,Thief (5★),4,10,15,,,,,,,,,,,,,,,,,,,,
VII,Yuffie,,Stitch in Time,Ninja 5★ -> 6★,Stitch in Time x1,Ninja dam. +3%,-,-,Ninja (5★) x1,Ninja (5★),4,10,15,,,,,,,,,,,,,,,,,,,,
VII,Cait Sith,,White Mage,MND +1,HP +40,RES +1,MND +2,WHT heals +3%,-,Spirit (3★),4,7,10,13,16,Wisdom (3★),1,3,5,7,9,,,,,,,,,,,,
VII,Cait Sith,,Dancer,MAG +1,RES +1,MAG +1,HP +55,MAG +2,-,Spirit (3★),2,4,6,8,10,Dexterity (3★),2,4,6,8,10,Vitality (3★),1,2,3,4,5,,,,,,
VII,Cait Sith,,Bard,MAG +1,MND +1,RES +1,HP +55,MAG +2,-,Spirit (3★),2,4,6,8,10,Dexterity (3★),2,4,6,8,10,Wisdom (3★),1,2,3,4,5,,,,,,
VII,Cait Sith,,Devout,RES +3,HP +100,MND +5,MND +6,WHT heals +6%,White Mage,Spirit (4★),4,7,10,13,16,Wisdom (4★),1,3,5,7,9,,,,,,,,,,,,
VII,Cait Sith,,Summoner,SUM dam. +3%,MAG +5,MAG +6,SUM dam. +6%,Summoning 4★ -> 5★,"White Mage, Dancer",Spirit (4★),2,4,6,8,10,Dexterity (4★),1,2,3,4,5,Wisdom (4★),2,4,6,8,10,,,,,,
VII,Cait Sith,,Time Mage,HP +100,MND +3,HP +120,MND +6,MAG +6,"Dancer, Bard",Spirit (4★),2,4,6,8,10,Dexterity (4★),1,2,3,4,5,Wisdom (4★),2,4,6,8,10,,,,,,
VII,Cait Sith,,Allegro con Moto,Bard 5★ -> 6★,Allegro con Moto x1,WHT heals +3%,-,-,Bard (5★) x1,Bard (5★),4,10,15,,,,,,,,,,,,,,,,,,,,
VII,Vincent,,Black Mage,MAG +1,HP +40,MAG +1,MAG +2,BLK dam. +3%,-,Spirit (3★),1,3,5,7,9,Wisdom (3★),4,7,10,13,16,,,,,,,,,,,,
VII,Vincent,,Ranger,MAG +1,ATK +1,RES +1,HP +60,ATK +2,-,Dexterity (3★),2,4,6,8,10,Vitality (3★),1,2,3,4,5,Bravery (3★),2,4,6,8,10,,,,,,
VII,Vincent,,Red Mage,MAG +1,ATK +1,HP +50,ATK +1,MAG +2,-,Spirit (3★),2,4,6,8,10,Vitality (3★),1,2,3,4,5,Wisdom (3★),2,4,6,8,10,,,,,,
VII,Vincent,,Magus,MAG +3,MAG +3,HP +130,MAG +6,BLK dam. +6%,Black Mage,Spirit (4★),1,3,5,7,9,Wisdom (4★),4,7,10,13,16,,,,,,,,,,,,
VII,Vincent,,Geomancer,MAG +3,RES +3,HP +130,MAG +6,Fire dam. +3%,"Black Mage, Ranger",Spirit (4★),1,2,3,4,5,Dexterity (4★),2,4,6,8,10,Wisdom (4★),2,4,6,8,10,,,,,,
VII,Vincent,,Warmage,ATK +3,ATK +3,ATK +5,ATK +6,Darkness dam. +6%,"Ranger, Red Mage",Dexterity (4★),2,4,6,8,10,Vitality (4★),1,2,3,4,5,Wisdom (4★),2,4,6,8,10,,,,,,
VII,Vincent,,Penalty Snipe,Machinist 5★ -> 6★,Penalty Snipe x1,Machinist dam. +3%,-,-,Machinist (5★) x1,Machinist (5★),4,10,15,,,,,,,,,,,,,,,,,,,,
VII,Zack,,Warrior,ATK +1,HP +70,ATK +1,ATK +1,ATK +2,-,Vitality (3★),2,4,6,8,10,Bravery (3★),3,6,9,12,15,,,,,,,,,,,,
VII,Zack,,Knight,DEF +1,ATK +1,HP +100,DEF +1,ATK +2,-,Vitality (3★),3,6,9,12,15,Bravery (3★),2,4,6,8,10,,,,,,,,,,,,
VII,Zack,,Red Mage,ATK +1,DEF +1,ATK +1,HP +60,ATK +2,-,Spirit (3★),2,4,6,8,10,Vitality (3★),1,2,3,4,5,Wisdom (3★),2,4,6,8,10,,,,,,
VII,Zack,,Gladiator,ATK +3,DEF +3,HP +200,ATK +4,Sword dam. +3%,Warrior,Dexterity (4★),1,2,3,4,5,Vitality (4★),2,4,6,8,10,Bravery (4★),2,4,6,8,10,,,,,,
VII,Zack,,Paladin,DEF +3,ATK +3,DEF +4,HP +250,ATK +6,"Warrior, Knight",Spirit (4★),1,2,3,4,5,Vitality (4★),2,4,6,8,10,Bravery (4★),2,4,6,8,10,,,,,,
VII,Zack,,Spellblade,ATK +3,DEF +3,HP +170,ATK +6,Sword dam. +3%,"Knight, Red Mage",Dexterity (4★),2,4,6,8,10,Vitality (4★),1,2,3,4,5,Wisdom (4★),2,4,6,8,10,,,,,,
VII,Sephiroth,,Warrior,ATK +1,HP +70,DEF +1,ATK +1,ATK +2,-,Vitality (3★),2,4,6,8,10,Bravery (3★),3,6,9,12,15,,,,,,,,,,,,
VII,Sephiroth,,Knight,DEF +1,ATK +1,HP +100,DEF +1,DEF +2,-,Vitality (3★),3,6,9,12,15,Bravery (3★),2,4,6,8,10,,,,,,,,,,,,
VII,Sephiroth,,Red Mage,ATK +1,DEF +1,RES +1,HP +60,ATK +2,-,Spirit (3★),2,4,6,8,10,Vitality (3★),1,2,3,4,5,Wisdom (3★),2,4,6,8,10,,,,,,
VII,Sephiroth,,Samurai,ATK +3,HP +170,ATK +5,ATK +6,Samurai dam. +6%,Warrior,Dexterity (4★),2,4,6,8,10,Vitality (4★),2,4,6,8,10,Bravery (4★),1,2,3,4,5,,,,,,
VII,Sephiroth,,Dark Knight,ATK +2,ATK +2,HP +220,ATK +5,DEF +6,"Warrior, Knight",Dexterity (4★),2,3,5,7,9,Vitality (4★),3,7,10,13,16,,,,,,,,,,,,
VII,Sephiroth,,Warmage,ATK +3,HP +180,ATK +6,Darkness dam. +6%,Blind Imm. (minor),"Knight, Red Mage",Dexterity (4★),2,4,6,8,10,Vitality (4★),1,2,3,4,5,Wisdom (4★),2,4,6,8,10,,,,,,
VII,Sephiroth,,Demonsblood,Samurai 5★ -> 6★,Demonsblood x1,Samurai dam. +3%,-,-,Samurai (5★) x1,Samurai (5★),4,10,15,,,,,,,,,,,,,,,,,,,,
VII,Cid (VII),,Warrior,ATK +1,HP +70,DEF +1,ATK +1,ATK +2,-,Vitality (3★),2,4,6,8,10,Bravery (3★),3,6,9,12,15,,,,,,,,,,,,
VII,Cid (VII),,Knight,DEF +1,ATK +1,HP +100,DEF +1,DEF +2,-,Vitality (3★),3,6,9,12,15,Bravery (3★),2,4,6,8,10,,,,,,,,,,,,
VII,Cid (VII),,Ranger,DEF +1,ATK +1,DEF +1,HP +60,ATK +2,-,Dexterity (3★),2,4,6,8,10,Vitality (3★),1,2,3,4,5,Bravery (3★),2,4,6,8,10,,,,,,
VII,Cid (VII),,Gladiator,ATK +3,DEF +3,HP +200,ATK +5,Spear dam. +3%,Warrior,Dexterity (4★),1,2,3,4,5,Vitality (4★),2,4,6,8,10,Bravery (4★),2,4,6,8,10,,,,,,
VII,Cid (VII),,Dragoon,ATK +3,ATK +4,HP +220,ATK +5,Dragoon dam. +6%,"Warrior, Knight",Dexterity (4★),2,4,6,8,10,Vitality (4★),2,4,6,8,10,Bravery (4★),1,2,3,4,5,,,,,,
VII,Cid (VII),,Cannoneer,ATK +3,ATK +3,HP +150,ATK +6,Machinist dam. +6%,"Knight, Ranger",Dexterity (4★),2,4,6,8,10,Vitality (4★),1,2,3,4,5,Bravery (4★),2,4,6,8,10,,,,,,
VII,Cid (VII),,Penalty Snipe,Machinist 5★ -> 6★,Penalty Snipe x1,Machinist dam. +3%,-,-,Machinist (5★) x1,Machinist (5★),4,10,15,,,,,,,,,,,,,,,,,,,,
VII,Cid (VII),,Sky High,Dragoon 5★ -> 6★,Sky High x1,Dragoon dam. +3%,-,-,Dragoon (5★) x1,Dragoon (5★),4,10,15,,,,,,,,,,,,,,,,,,,,
VII,Reno,,Black Mage,MAG +1,HP +40,MAG +1,MAG +2,BLK dam. +3%,-,Spirit (3★),1,3,5,7,9,Wisdom (3★),4,7,10,13,16,,,,,,,,,,,,
VII,Reno,,Warrior,ATK +1,HP +70,ATK +1,ATK +1,ATK +2,-,Vitality (3★),2,4,6,8,10,Bravery (3★),3,6,9,12,15,,,,,,,,,,,,
VII,Reno,,Red Mage,MAG +1,ATK +1,MAG +1,HP +60,ATK +2,-,Spirit (3★),2,4,6,8,10,Vitality (3★),1,2,3,4,5,Wisdom (3★),2,4,6,8,10,,,,,,
VII,Reno,,Magus,MAG +3,MAG +3,HP +160,MAG +6,BLK dam. +6%,Black Mage,Spirit (4★),1,3,5,7,9,Wisdom (4★),4,7,10,13,16,,,,,,,,,,,,
VII,Reno,,Geomancer,MAG +3,ATK +3,Lightning dam. +3%,MAG +6,Lightning dam. +3%,"Black Mage, Warrior",Spirit (4★),1,2,3,4,5,Dexterity (4★),2,4,6,8,10,Wisdom (4★),2,4,6,8,10,,,,,,
VII,Reno,,Ninja,ATK +3,MAG +3,HP +160,ATK +6,Paralyze Imm. (minor),"Warrior, Red Mage",Dexterity (4★),2,4,6,8,10,Vitality (4★),2,4,6,8,10,Wisdom (4★),1,2,3,4,5,,,,,,
VII,Reno,,Penalty Snipe,Machinist 5★ -> 6★,Penalty Snipe x1,Machinist dam. +3%,-,-,Machinist (5★) x1,Machinist (5★),4,10,15,,,,,,,,,,,,,,,,,,,,
VII,Angeal,,Warrior,ATK +1,HP +70,DEF +1,ATK +1,ATK +2,-,Vitality (3★),2,4,6,8,10,Bravery (3★),3,6,9,12,15,,,,,,,,,,,,
VII,Angeal,,Knight,DEF +1,ATK +1,HP +100,DEF +1,Knight dam. +3%,-,Vitality (3★),3,6,9,12,15,Bravery (3★),2,4,6,8,10,,,,,,,,,,,,
VII,Angeal,,Red Mage,RES +1,ATK +1,RES +1,HP +60,ATK +2,-,Spirit (3★),2,4,6,8,10,Vitality (3★),1,2,3,4,5,Wisdom (3★),2,4,6,8,10,,,,,,
VII,Angeal,,Gladiator,ATK +3,DEF +3,HP +200,DEF +4,Sword dam. +3%,Warrior,Dexterity (4★),1,2,3,4,5,Vitality (4★),2,4,6,8,10,Bravery (4★),2,4,6,8,10,,,,,,
VII,Angeal,,Paladin,ATK +3,DEF +3,ATK +4,HP +250,Knight dam. +6%,"Warrior, Knight",Spirit (4★),1,2,3,4,5,Vitality (4★),2,4,6,8,10,Bravery (4★),2,4,6,8,10,,,,,,
VII,Angeal,,Spellblade,ATK +3,DEF +3,HP +170,ATK +5,ATK +6,"Knight, Red Mage",Dexterity (4★),2,4,6,8,10,Vitality (4★),1,2,3,4,5,Wisdom (4★),2,4,6,8,10,,,,,,
VII,Angeal,,Aegis Strike,Knight 5★ -> 6★,Aegis Strike x1,Knight dam. +3%,-,-,Knight (5★) x1,Knight (5★),4,10,15,,,,,,,,,,,,,,,,,,,,
VII,Angeal,,Snowspell Strike,Spellblade 5★ -> 6★,Snowspell Strike x1,Spellblade dam. +3%,-,-,Spellblade (5★) x1,Spellblade (5★),4,10,15,,,,,,,,,,,,,,,,,,,,
VII,Rufus,,Warrior,ATK +1,HP +70,DEF +1,ATK +1,ATK +2,-,Vitality (3★),2,4,6,8,10,Bravery (3★),3,6,9,12,15,,,,,,,,,,,,
VII,Rufus,,Thief,ATK +1,DEF +1,RES +1,HP +55,ATK +2,-,Dexterity (3★),2,4,6,8,10,Vitality (3★),1,2,3,4,5,Wisdom (3★),2,4,6,8,10,,,,,,
VII,Rufus,,Ranger,ATK +1,DEF +1,RES +1,HP +60,ATK +2,-,Dexterity (3★),2,4,6,8,10,Vitality (3★),1,2,3,4,5,Bravery (3★),2,4,6,8,10,,,,,,
VII,Rufus,,Dark Knight,DEF +2,ATK +2,HP +220,DEF +5,ATK +6,Warrior,Dexterity (4★),2,3,5,7,9,Vitality (4★),3,7,10,13,16,,,,,,,,,,,,
VII,Rufus,,Beastmaster,RES +3,ATK +3,HP +150,ATK +5,ATK +6,"Warrior, Thief",Dexterity (4★),3,6,9,12,15,Vitality (4★),1,2,3,4,5,Wisdom (4★),1,2,3,4,5,,,,,,
VII,Rufus,,Cannoneer,ATK +3,DEF +3,HP +150,Gun dam. +3%,Sharpshooter dam. +6%,"Thief, Ranger",Dexterity (4★),2,4,6,8,10,Vitality (4★),1,2,3,4,5,Bravery (4★),2,4,6,8,10,,,,,,
VII,Shelke,,Warrior,ATK +1,HP +70,DEF +1,RES +1,ATK +2,-,Vitality (3★),2,4,6,8,10,Bravery (3★),3,6,9,12,15,,,,,,,,,,,,
VII,Shelke,,Thief,DEF +1,DEF +1,RES +1,HP +55,ATK +2,-,Dexterity (3★),2,4,6,8,10,Vitality (3★),1,2,3,4,5,Wisdom (3★),2,4,6,8,10,,,,,,
VII,Shelke,,Ranger,ATK +1,DEF +1,RES +1,HP +60,ATK +2,-,Dexterity (3★),2,4,6,8,10,Vitality (3★),1,2,3,4,5,Bravery (3★),2,4,6,8,10,,,,,,
VII,Shelke,,Gladiator,ATK +3,DEF +3,HP +200,ATK +4,ATK +5,Warrior,Dexterity (4★),1,2,3,4,5,Vitality (4★),2,4,6,8,10,Bravery (4★),2,4,6,8,10,,,,,,
VII,Shelke,,Berserker,DEF +2,HP +160,ATK +3,ATK +3,DEF +5,"Warrior, Thief",Vitality (4★),5,10,15,20,25,,,,,,,,,,,,,,,,,,
VII,Shelke,,Ninja,ATK +3,Support dam. +3%,HP +160,ATK +6,Support dam. +6%,"Thief, Ninja",Dexterity (4★),2,4,6,8,10,Vitality (4★),2,4,6,8,10,Wisdom (4★),1,2,3,4,5,,,,,,
VII,Rude,,Monk,ATK +1,ATK +1,ATK +1,ATK +2,HP +80,-,Dexterity (3★),1,2,3,4,5,Vitality (3★),2,4,6,8,10,Bravery (3★),2,4,6,8,10,,,,,,
VII,Rude,,Red Mage,MND +1,MND +1,MAG +1,HP +60,MAG +2,-,Spirit (3★),2,4,6,8,10,Vitality (3★),1,2,3,4,5,Wisdom (3★),2,4,6,8,10,,,,,,
VII,Rude,,Black Mage,MAG +1,HP +40,MAG +1,MAG +1,MAG +2,-,Spirit (3★),1,3,5,7,9,Wisdom (3★),4,7,10,13,16,,,,,,,,,,,,
VII,Rude,,Master,ATK +3,HP +60,ATK +4,ATK +5,Monk dam. +6%,Monk,Dexterity (4★),1,2,3,4,5,Vitality (4★),2,4,6,8,10,Bravery (4★),2,4,6,8,10,,,,,,
VII,Rude,,Spellblade,MND +3,MAG +4,HP +180,ATK +5,Earth dam. +3%,Red Mage,Dexterity (4★),2,4,6,8,10,Vitality (4★),1,2,3,4,5,Wisdom (4★),2,4,6,8,10,,,,,,
VII,Rude,,Magus,MAG +3,HP +100,MAG +3,MAG +6,BLK dam. +6%,"Red Mage, Black Mage",Spirit (4★),1,3,5,7,9,Wisdom (4★),4,7,10,13,16,,,,,,,,,,,,
VII,Rude,,Lifebane,Monk 5★ -> 6★,Lifebane x1,Monk dam. +3%,-,-,Monk (5★) x1,Monk (5★),4,10,15,,,,,,,,,,,,,,,,,,,,
VII,Elena,,Monk,DEF +1,RES +1,ATK +1,ATK +2,HP +80,-,Dexterity (3★),1,2,3,4,5,Vitality (3★),2,4,6,8,10,Bravery (3★),2,4,6,8,10,,,,,,
VII,Elena,,Thief,ATK +1,DEF +1,RES +1,HP +60,ATK +2,-,Dexterity (3★),2,4,6,8,10,Vitality (3★),1,2,3,4,5,Wisdom (3★),2,4,6,8,10,,,,,,
VII,Elena,,Ranger,ATK +1,DEF +1,RES +1,HP +60,ATK +2,-,Dexterity (3★),2,4,6,8,10,Vitality (3★),1,2,3,4,5,Bravery (3★),2,4,6,8,10,,,,,,
VII,Elena,,Master,DEF +3,HP +60,ATK +4,ATK +5,HP +180,Monk,Dexterity (4★),1,2,3,4,5,Vitality (4★),2,4,6,8,10,Bravery (4★),2,4,6,8,10,,,,,,
VII,Elena,,Ninja,ATK +3,DEF +3,HP +160,ATK +6,ATK +6,Thief,Dexterity (4★),2,4,6,8,10,Vitality (4★),2,4,6,8,10,Wisdom (4★),1,2,3,4,5,,,,,,
VII,Elena,,Cannoneer,ATK +3,RES +3,HP +150,ATK +6,Sharpshooter dam. +6%,"Thief, Ranger",Dexterity (4★),2,4,6,8,10,Vitality (4★),1,2,3,4,5,Bravery (4★),2,4,6,8,10,,,,,,
VII,Elena,,Penalty Snipe,Machinist 5★ -> 6★,Penalty Snipe x1,Machinist dam. +3%,-,-,Machinist (5★) x1,Machinist (5★),4,10,15,,,,,,,,,,,,,,,,,,,,
VII,Genesis,,Warrior,ATK +1,HP +70,DEF +1,ATK +1,PHY dam. +3%,-,Vitality (3★),2,4,6,8,10,Bravery (3★),3,6,9,12,15,,,,,,,,,,,,
VII,Genesis,,Red Mage,ATK +1,DEF +1,ATK +1,HP +60,ATK +2,-,Spirit (3★),2,4,6,8,10,Vitality (3★),1,2,3,4,5,,,,,,,,,,,,
VII,Genesis,,Knight,DEF +1,DEF +1,HP +120,ATK +1,DEF +2,-,Vitality (3★),3,6,9,12,15,Bravery (3★),2,4,6,8,10,,,,,,,,,,,,
VII,Genesis,,Gladiator,ATK +2,DEF +2,HP +200,ATK +4,ATK +5,Warrior,Dexterity (4★),1,2,3,4,5,Vitality (4★),2,4,6,8,10,Bravery (4★),2,4,6,8,10,,,,,,
VII,Genesis,,Spellblade,ATK +2,Spellblade dam. +3%,HP +170,ATK +6,Spellblade dam. +6%,"Warrior, Red Mage",Dexterity (4★),2,4,6,8,10,Vitality (4★),1,2,3,4,5,Wisdom (4★),2,4,6,8,10,,,,,,
VII,Genesis,,Dark Knight,DEF +2,ATK +2,HP +220,ATK +4,DEF +5,"Red Mage, Knight",Dexterity (4★),2,3,5,7,9,Vitality (4★),3,7,10,13,16,,,,,,,,,,,,
VII,Genesis,,Snowspell Strike,Spellblade 5★ -> 6★,Snowspell Strike x1,Spellblade dam. +3%,-,-,Spellblade (5★) x1,Spellblade (5★),4,10,15,,,,,,,,,,,,,,,,,,,,
VIII,Squall,,Knight,DEF +1,ATK +1,HP +100,DEF +1,DEF +2,-,Vitality (3★),3,6,9,12,15,Bravery (3★),2,4,6,8,10,,,,,,,,,,,,
VIII,Squall,,Warrior,ATK +1,HP +70,DEF +1,ATK +1,ATK +2,-,Vitality (3★),2,4,6,8,10,Bravery (3★),3,6,9,12,15,,,,,,,,,,,,
VIII,Squall,,Red Mage,ATK +1,DEF +1,ATK +1,HP +60,ATK +2,-,Spirit (3★),2,4,6,8,10,Vitality (3★),1,2,3,4,5,Wisdom (3★),2,4,6,8,10,,,,,,
VIII,Squall,,Paladin,DEF +3,ATK +3,DEF +4,HP +250,Enable Knight 3★,"Knight, Warrior",Spirit (4★),1,2,3,4,5,Vitality (4★),2,4,6,8,10,Bravery (4★),2,4,6,8,10,,,,,,
VIII,Squall,,Gladiator,ATK +3,DEF +3,HP +200,ATK +4,ATK +5,Warrior,Dexterity (4★),1,2,3,4,5,Vitality (4★),2,4,6,8,10,Bravery (4★),2,4,6,8,10,,,,,,
VIII,Squall,,Spellblade,ATK +3,DEF +3,HP +170,ATK +6,Spellblade dam. +6%,"Warrior, Red Mage",Dexterity (4★),2,4,6,8,10,Vitality (4★),1,2,3,4,5,Wisdom (4★),2,4,6,8,10,,,,,,
VIII,Squall,,Snowspell Strike,Spellblade 5★ -> 6★,Snowspell Strike x1,Spellblade dam. +3%,-,-,Spellblade (5★) x1,Spellblade (5★),4,10,15,,,,,,,,,,,,,,,,,,,,
VIII,Rinoa,,Dancer,MAG +1,RES +1,MAG +1,HP +55,RES +2,-,Spirit (3★),2,4,6,8,10,Dexterity (3★),2,4,6,8,10,Vitality (3★),1,2,3,4,5,,,,,,
VIII,Rinoa,,Black Mage,MAG +1,HP +40,RES +1,MAG +2,BLK dam. +3%,-,Spirit (3★),1,3,5,7,9,Wisdom (3★),4,7,10,13,16,,,,,,,,,,,,
VIII,Rinoa,,Red Mage,RES +1,MAG +1,RES +1,HP +60,MAG +2,-,Spirit (3★),2,4,6,8,10,Vitality (3★),1,2,3,4,5,Wisdom (3★),2,4,6,8,10,,,,,,
VIII,Rinoa,,Summoner,SUM dam. +3%,RES +3,HP +120,MAG +6,SUM dam. +6%,"Dancer, Black Mage",Spirit (4★),2,4,6,8,10,Dexterity (4★),1,2,3,4,5,Wisdom (4★),2,4,6,8,10,,,,,,
VIII,Rinoa,,Magus,MAG +3,HP +100,RES +3,MAG +6,BLK dam. +6%,Black Mage,Spirit (4★),1,3,5,7,9,Wisdom (4★),4,7,10,13,16,,,,,,,,,,,,
VIII,Rinoa,,Time Mage,MAG +2,RES +2,HP +120,MAG +5,Enable Staff,"Black Mage, Red Mage",Spirit (4★),2,4,6,8,10,Dexterity (4★),1,2,3,4,5,Wisdom (4★),2,4,6,8,10,,,,,,
VIII,Quistis,,Black Mage,MAG +1,HP +40,RES +1,MAG +2,BLK dam. +3%,-,Spirit (3★),1,3,5,7,9,Wisdom (3★),4,7,10,13,16,,,,,,,,,,,,
VIII,Quistis,,Ranger,MAG +1,DEF +1,RES +1,HP +60,ATK +2,-,Dexterity (3★),2,4,6,8,10,Vitality (3★),1,2,3,4,5,Bravery (3★),2,4,6,8,10,,,,,,
VIII,Quistis,,White Mage,MND +1,HP +40,RES +1,MND +2,WHT heals +3%,-,Spirit (3★),4,7,10,13,16,Wisdom (3★),1,3,5,7,9,,,,,,,,,,,,
VIII,Quistis,,Magus,MAG +3,HP +100,MAG +5,BLK dam. +6%,Black Magic 4★ -> 5★,Black Mage,Spirit (4★),1,3,5,7,9,Wisdom (4★),4,7,10,13,16,,,,,,,,,,,,
VIII,Quistis,,Beastmaster,RES +3,DEF +3,HP +150,ATK +5,MAG +6,"Black Mage, Ranger",Dexterity (4★),3,6,9,12,15,Vitality (4★),1,2,3,4,5,Wisdom (4★),1,2,3,4,5,,,,,,
VIII,Quistis,,Devout,MND +3,HP +100,RES +3,MND +6,White Magic 2★ -> 5★,White Mage,Spirit (4★),4,7,10,13,16,Wisdom (4★),1,3,5,7,9,,,,,,,,,,,,
VIII,Zell,,Monk,DEF +1,ATK +1,HP +40,ATK +1,Monk dam. +3%,-,Dexterity (3★),1,2,3,4,5,Vitality (3★),2,4,6,8,10,Bravery (3★),2,4,6,8,10,,,,,,
VIII,Zell,,Warrior,ATK +1,HP +70,DEF +1,ATK +1,DEF +2,-,Vitality (3★),2,4,6,8,10,Bravery (3★),3,6,9,12,15,,,,,,,,,,,,
VIII,Zell,,Thief,DEF +1,ATK +1,DEF +1,HP +55,ATK +2,-,Dexterity (3★),2,4,6,8,10,Vitality (3★),1,2,3,4,5,Wisdom (3★),2,4,6,8,10,,,,,,
VIII,Zell,,Master,ATK +3,ATK +4,HP +200,ATK +5,Monk dam. +6%,Monk,Dexterity (4★),1,2,3,4,5,Vitality (4★),2,4,6,8,10,Bravery (4★),2,4,6,8,10,,,,,,
VIII,Zell,,Berserker,ATK +2,ATK +2,ATK +3,ATK +5,Fist dam. +3%,"Monk, Warrior",Vitality (4★),5,10,15,20,25,,,,,,,,,,,,,,,,,,
VIII,Zell,,Ninja,ATK +3,DEF +3,HP +160,ATK +6,Celerity 4★ -> 5★,"Warrior, Thief",Dexterity (4★),2,4,6,8,10,Vitality (4★),2,4,6,8,10,Wisdom (4★),1,2,3,4,5,,,,,,
VIII,Zell,,Lifebane,Monk 5★ -> 6★,Lifebane x1,Monk dam. +3%,-,-,Monk (5★) x1,Monk (5★),4,10,15,,,,,,,,,,,,,,,,,,,,
VIII,Selphie,,White Mage,MND +1,HP +40,RES +1,MND +2,WHT heals +3%,-,Spirit (3★),4,7,10,13,16,Wisdom (3★),1,3,5,7,9,,,,,,,,,,,,
VIII,Selphie,,Black Mage,MAG +1,HP +40,RES +1,MAG +2,BLK dam. +3%,-,Spirit (3★),1,3,5,7,9,Wisdom (3★),4,7,10,13,16,,,,,,,,,,,,
VIII,Selphie,,Bard,DEF +1,MND +1,RES +1,HP +55,MND +2,-,Spirit (3★),2,4,6,8,10,Dexterity (3★),2,4,6,8,10,Wisdom (3★),1,2,3,4,5,,,,,,
VIII,Selphie,,Devout,MND +3,HP +100,RES +3,MND +6,WHT heals +6%,White Mage,Spirit (4★),4,7,10,13,16,Wisdom (4★),1,3,5,7,9,,,,,,,,,,,,
VIII,Selphie,,Magus,MAG +3,HP +100,RES +3,MAG +6,Black Magic 3★ -> 4★,Black Mage,Spirit (4★),1,3,5,7,9,Wisdom (4★),4,7,10,13,16,,,,,,,,,,,,
VIII,Selphie,,Illusionist,MND +3,RES +3,HP +130,MAG +5,MND +5,"Black Mage, Bard",Spirit (4★),2,4,6,8,10,Dexterity (4★),1,2,3,4,5,Wisdom (4★),2,4,6,8,10,,,,,,
VIII,Irvine,,Ranger,ATK +1,RES +1,DEF +1,HP +60,ATK +2,-,Dexterity (3★),2,4,6,8,10,Vitality (3★),1,2,3,4,5,Bravery (3★),2,4,6,8,10,,,,,,
VIII,Irvine,,Bard,DEF +1,ATK +1,RES +1,HP +55,ATK +2,-,Spirit (3★),2,4,6,8,10,Dexterity (3★),2,4,6,8,10,Wisdom (3★),1,2,3,4,5,,,,,,
VIII,Irvine,,Thief,ATK +1,DEF +1,RES +1,HP +55,ATK +2,-,Dexterity (3★),2,4,6,8,10,Vitality (3★),1,2,3,4,5,Wisdom (3★),2,4,6,8,10,,,,,,
VIII,Irvine,,Gladiator,ATK +3,DEF +3,HP +200,ATK +4,ATK +6,Ranger,Dexterity (4★),1,2,3,4,5,Vitality (4★),2,4,6,8,10,Bravery (4★),2,4,6,8,10,,,,,,
VIII,Irvine,,Cannoneer,ATK +3,DEF +3,Gun dam. +3%,Gun dam. +3%,ATK +5,"Ranger, Bard",Dexterity (4★),2,4,6,8,10,Vitality (4★),1,2,3,4,5,Bravery (4★),2,4,6,8,10,,,,,,
VIII,Irvine,,Ninja,ATK +3,RES +3,HP +160,ATK +5,ATK +6,"Bard, Thief",Dexterity (4★),2,4,6,8,10,Vitality (4★),2,4,6,8,10,Wisdom (4★),1,2,3,4,5,,,,,,
VIII,Irvine,,Penalty Snipe,Machinist 5★ -> 6★,Penalty Snipe x1,Machinist dam. +3%,-,-,Machinist (5★) x1,Machinist (5★),4,10,15,,,,,,,,,,,,,,,,,,,,
VIII,Seifer,,Warrior,ATK +1,HP +70,DEF +1,ATK +1,ATK +2,-,Vitality (3★),2,4,6,8,10,Bravery (3★),3,6,9,12,15,,,,,,,,,,,,
VIII,Seifer,,Knight,DEF +1,ATK +1,HP +100,DEF +1,DEF +2,-,Vitality (3★),3,6,9,12,15,Bravery (3★),2,4,6,8,10,,,,,,,,,,,,
VIII,Seifer,,Red Mage,DEF +1,ATK +1,DEF +1,HP +60,ATK +2,-,Spirit (3★),2,4,6,8,10,Vitality (3★),1,2,3,4,5,Wisdom (3★),2,4,6,8,10,,,,,,
VIII,Seifer,,Viking,ATK +2,DEF +3,ATK +4,HP +230,DEF +6,Warrior,Vitality (4★),3,7,10,13,16,Bravery (4★),2,3,5,7,9,,,,,,,,,,,,
VIII,Seifer,,Gladiator,ATK +3,DEF +3,HP +200,ATK +4,ATK +5,"Warrior, Knight",Dexterity (4★),1,2,3,4,5,Vitality (4★),2,4,6,8,10,Bravery (4★),2,4,6,8,10,,,,,,
VIII,Seifer,,Dark Knight,DEF +2,ATK +2,HP +220,ATK +5,DEF +6,"Knight, Red Mage",Dexterity (4★),2,3,5,7,9,Vitality (4★),3,7,10,13,16,,,,,,,,,,,,
VIII,Seifer,,Aegis Strike,Knight 5★ -> 6★,Aegis Strike x1,Knight dam. +3%,-,-,Knight (5★) x1,Knight (5★),4,10,15,,,,,,,,,,,,,,,,,,,,
VIII,Seifer,,Demonsblood,Samurai 5★ -> 6★,Demonsblood x1,Samurai dam. +3%,-,-,Samurai (5★) x1,Samurai (5★),4,10,15,,,,,,,,,,,,,,,,,,,,
VIII,Laguna,,Knight,DEF +1,ATK +1,HP +100,DEF +1,DEF +2,-,Vitality (3★),3,6,9,12,15,Bravery (3★),2,4,6,8,10,,,,,,,,,,,,
VIII,Laguna,,Warrior,ATK +1,HP +70,DEF +1,ATK +1,ATK +2,-,Vitality (3★),2,4,6,8,10,Bravery (3★),3,6,9,12,15,,,,,,,,,,,,
VIII,Laguna,,Ranger,ATK +1,DEF +1,ATK +1,HP +60,ATK +2,-,Dexterity (3★),2,4,6,8,10,Vitality (3★),1,2,3,4,5,Bravery (3★),2,4,6,8,10,,,,,,
VIII,Laguna,,Gladiator,ATK +3,DEF +3,HP +200,ATK +4,PHY +3%,Knight,Dexterity (4★),1,2,3,4,5,Vitality (4★),2,4,6,8,10,Bravery (4★),2,4,6,8,10,,,,,,
VIII,Laguna,,Cannoneer,Machinist dam. +3%,ATK +3,HP +150,Gun dam. +3%,Machinist dam. +6%,"Knight, Warrior",Dexterity (4★),2,4,6,8,10,Vitality (4★),1,2,3,4,5,Bravery (4★),2,4,6,8,10,,,,,,
VIII,Laguna,,Ninja,ATK +3,RES +3,HP +160,ATK +5,ATK +6,"Warrior, Ranger",Dexterity (4★),2,4,6,8,10,Vitality (4★),2,4,6,8,10,Wisdom (4★),1,2,3,4,5,,,,,,
VIII,Laguna,,Penalty Snipe,Machinist 5★ -> 6★,Penalty Snipe x1,Machinist dam. +3%,-,-,Machinist (5★) x1,Machinist (5★),4,10,15,,,,,,,,,,,,,,,,,,,,
VIII,Edea,,Black Mage,MAG +1,HP +40,RES +1,MAG +2,BLK dam. +3%,-,Spirit (3★),1,3,5,7,9,Wisdom (3★),4,7,10,13,16,,,,,,,,,,,,
VIII,Edea,,Red Mage,MAG +1,RES +1,MAG +1,HP +60,MAG +2,-,Spirit (3★),2,4,6,8,10,Vitality (3★),1,2,3,4,5,Wisdom (3★),2,4,6,8,10,,,,,,
VIII,Edea,,Dancer,MAG +1,RES +1,MAG +1,HP +55,MAG +2,-,Spirit (3★),2,4,6,8,10,Dexterity (3★),2,4,6,8,10,Vitality (3★),1,2,3,4,5,,,,,,
VIII,Edea,,Magus,MAG +3,HP +100,RES +3,MAG +6,BLK dam. +6%,Black Mage,Spirit (4★),1,3,5,7,9,Wisdom (4★),4,7,10,13,16,,,,,,,,,,,,
VIII,Edea,,Geomancer,MAG +3,RES +3,HP +130,RES +6,Dark dam. +3%,"Black Mage, Red Mage",Spirit (4★),1,2,3,4,5,Dexterity (4★),2,4,6,8,10,Wisdom (4★),2,4,6,8,10,,,,,,
VIII,Edea,,Time Mage,MAG +2,RES +2,HP +120,MAG +5,Darkness dam. +6%,"Red Mage, Dancer",Spirit (4★),2,4,6,8,10,Dexterity (4★),1,2,3,4,5,Wisdom (4★),2,4,6,8,10,,,,,,
VIII,Raijin,,Monk,DEF +1,ATK +1,DEF +1,ATK +2,Monk dam. +3%,-,Dexterity (3★),1,2,3,4,5,Vitality (3★),2,4,6,8,10,Bravery (3★),2,4,6,8,10,,,,,,
VIII,Raijin,,Warrior,ATK +1,HP +70,DEF +1,ATK +2,ATK +2,-,Vitality (3★),2,4,6,8,10,Bravery (3★),3,6,9,12,15,,,,,,,,,,,,
VIII,Raijin,,Ranger,DEF +1,ATK +1,HP +100,DEF +1,ATK +2,-,Dexterity (3★),2,4,6,8,10,Vitality (3★),1,2,3,4,5,Bravery (3★),2,4,6,8,10,,,,,,
VIII,Raijin,,Master,DEF +3,ATK +4,HP +200,ATK +5,Monk dam. +6%,Monk,Dexterity (4★),1,2,3,4,5,Vitality (4★),2,4,6,8,10,Bravery (4★),2,4,6,8,10,,,,,,
VIII,Raijin,,Berserker,ATK +3,ATK +3,ATK +4,ATK +6,Hammer dam. +3%,"Monk, Warrior",Vitality (4★),5,10,15,20,25,,,,,,,,,,,,,,,,,,
VIII,Raijin,,Viking,DEF +2,DEF +3,ATK +4,HP +200,Celerity 3★ -> 4★,"Warrior, Ranger",Vitality (4★),3,7,10,13,16,Bravery (4★),2,3,5,7,9,,,,,,,,,,,,
VIII,Raijin,,Lifebane,Monk 5★ -> 6★,Lifebane x1,Monk dam. +3%,-,-,Monk (5★) x1,Monk (5★),4,10,15,,,,,,,,,,,,,,,,,,,,
VIII,Fujin,,Black Mage,MAG +1,HP +40,RES +1,MAG +2,BLK dam. +3%,-,Spirit (3★),1,3,5,7,9,Wisdom (3★),4,7,10,13,16,,,,,,,,,,,,
VIII,Fujin,,Red Mage,RES +1,DEF +1,RES +1,HP +60,MAG +2,-,Spirit (3★),2,4,6,8,10,Vitality (3★),1,2,3,4,5,Wisdom (3★),2,4,6,8,10,,,,,,
VIII,Fujin,,Ranger,DEF +1,RES +1,HP +50,DEF +1,HP +60,-,Dexterity (3★),2,4,6,8,10,Vitality (3★),1,2,3,4,5,Bravery (3★),2,4,6,8,10,,,,,,
VIII,Fujin,,Magus,MAG +3,HP +100,MAG +3,MAG +5,BLK dam. +6%,Black Mage,Spirit (4★),1,3,5,7,9,Wisdom (4★),4,7,10,13,16,,,,,,,,,,,,
VIII,Fujin,,Time Mage,MAG +3,HP +130,DEF +3,MAG +3,RES +6,"Black Mage, Red Mage",Spirit (4★),2,4,6,8,10,Dexterity (4★),1,2,3,4,5,Wisdom (4★),2,4,6,8,10,,,,,,
VIII,Fujin,,Ninja,MAG +3,RES +3,HP +160,MAG +5,Ninja dam. +6%,"Red Mage, Ranger",Dexterity (4★),2,4,6,8,10,Vitality (4★),2,4,6,8,10,Wisdom (4★),1,2,3,4,5,,,,,,
VIII,Fujin,,Stitch in Time,Ninja 5★ -> 6★,Stitch in Time x1,Ninja dam. +3%,-,-,Ninja (5★) x1,Ninja (5★),4,10,15,,,,,,,,,,,,,,,,,,,,
VIII,Kiros,,Thief,ATK +1,MAG +1,DEF +1,HP +55,ATK +2,-,Dexterity (3★),2,4,6,8,10,Vitality (3★),1,2,3,4,5,Wisdom (3★),2,4,6,8,10,,,,,,
VIII,Kiros,,Monk,ATK +1,ATK +1,DEF +1,ATK +2,HP +80,-,Dexterity (3★),1,2,3,4,5,Vitality (3★),2,4,6,8,10,Bravery (3★),2,4,6,8,10,,,,,,
VIII,Kiros,,Ranger,MAG +1,ATK +1,MAG +1,HP +60,ATK +2,-,Dexterity (3★),2,4,6,8,10,Vitality (3★),1,2,3,4,5,Bravery (3★),2,4,6,8,10,,,,,,
VIII,Kiros,,Ninja,Ninja dam. +3%,MAG +4,Ninja dam. +3%,HP +160,Ninja dam. +6%,Thief,Dexterity (4★),2,4,6,8,10,Vitality (4★),2,4,6,8,10,Wisdom (4★),1,2,3,4,5,,,,,,
VIII,Kiros,,Berserker,ATK +3,ATK +3,ATK +3,ATK +4,ATK +6,"Thief, Monk",Vitality (4★),5,10,15,20,25,,,,,,,,,,,,,,,,,,
VIII,Kiros,,Gladiator,ATK +3,DEF +3,HP +200,MAG +4,ATK +5,"Monk, Ranger",Dexterity (4★),1,2,3,4,5,Vitality (4★),2,4,6,8,10,Bravery (4★),2,4,6,8,10,,,,,,
VIII,Kiros,,Stitch in Time,Ninja 5★ -> 6★,Stitch in Time x1,Ninja dam. +3%,-,-,Ninja (5★) x1,Ninja (5★),4,10,15,,,,,,,,,,,,,,,,,,,,
VIII,Kiros,,Lifebane,Monk 5★ -> 6★,Lifebane x1,Monk dam. +3%,-,-,Monk (5★) x1,Monk (5★),4,10,15,,,,,,,,,,,,,,,,,,,,
VIII,Ward,,Warrior,ATK +1,DEF +1,HP +100,ATK +1,DEF +2,-,Vitality (3★),2,4,6,8,10,Bravery (3★),3,6,9,12,15,,,,,,,,,,,,
VIII,Ward,,Knight,ATK +1,HP +70,ATK +1,DEF +1,ATK +2,-,Vitality (3★),3,6,9,12,15,Bravery (3★),2,4,6,8,10,,,,,,,,,,,,
VIII,Ward,,Ranger,ATK +1,DEF +1,ATK +1,HP +60,ATK +2,-,Dexterity (3★),2,4,6,8,10,Vitality (3★),1,2,3,4,5,Bravery (3★),2,4,6,8,10,,,,,,
VIII,Ward,,Viking,DEF +3,ATK +3,HP +200,ATK +6,Spear dam. +3%,Warrior,Vitality (4★),3,7,10,13,16,Bravery (4★),2,3,5,7,9,,,,,,,,,,,,
VIII,Ward,,Gladiator,ATK +3,ATK +4,HP +200,ATK +5,Knight 3★ -> 4★,"Warrior, Knight",Dexterity (4★),1,2,3,4,5,Vitality (4★),2,4,6,8,10,Bravery (4★),2,4,6,8,10,,,,,,
VIII,Ward,,Dragoon,Dragoon dam. +3%,ATK +4,HP +220,ATK +5,Dragoon dam. +6%,"Knight, Ranger",Dexterity (4★),2,4,6,8,10,Vitality (4★),2,4,6,8,10,Bravery (4★),1,2,3,4,5,,,,,,
VIII,Ward,,Sky High,Dragoon 5★ -> 6★,Sky High x1,Dragoon dam. +3%,-,-,Dragoon (5★) x1,Dragoon (5★),4,10,15,,,,,,,,,,,,,,,,,,,,
VIII,Ultimecia,,Red Mage,RES +1,RES +1,MAG +1,HP +70,MAG +2,-,Spirit (3★),2,4,6,8,10,Vitality (3★),1,2,3,4,5,Wisdom (3★),2,4,6,8,10,,,,,,
VIII,Ultimecia,,Black Mage,MAG +1,HP +40,RES +1,MAG +2,BLK dam. +3%,-,Spirit (3★),1,3,5,7,9,Wisdom (3★),4,7,10,13,16,,,,,,,,,,,,
VIII,Ultimecia,,Dancer,RES +1,MAG +1,RES +1,HP +55,MAG +2,-,Spirit (3★),2,4,6,8,10,Dexterity (3★),2,4,6,8,10,Vitality (3★),1,2,3,4,5,,,,,,
VIII,Ultimecia,,Magus,MAG +3,HP +100,RES +3,MAG +6,BLK dam. +6%,Red Mage,Spirit (4★),1,3,5,7,9,Wisdom (4★),4,7,10,13,16,,,,,,,,,,,,
VIII,Ultimecia,,Time Mage,RES +2,RES +2,HP +120,MAG +5,MAG +5,"Red Mage, Black Mage",Spirit (4★),2,4,6,8,10,Dexterity (4★),1,2,3,4,5,Wisdom (4★),2,4,6,8,10,,,,,,
VIII,Ultimecia,,Summoner,MND +3,RES +3,HP +140,RES +6,SUM dam. +6%,"Black Mage, Dancer",Spirit (4★),2,4,6,8,10,Dexterity (4★),1,2,3,4,5,Wisdom (4★),2,4,6,8,10,,,,,,
IX,Zidane,,Warrior,ATK +1,HP +70,DEF +1,ATK +1,ATK +2,-,Vitality (3★),2,4,6,8,10,Bravery (3★),3,6,9,12,15,,,,,,,,,,,,
IX,Zidane,,Thief,ATK +1,DEF +1,ATK +1,HP +55,Thief dam. +3%,-,Dexterity (3★),2,4,6,8,10,Vitality (3★),1,2,3,4,5,Wisdom (3★),2,4,6,8,10,,,,,,
IX,Zidane,,Ranger,ATK +1,DEF +1,ATK +1,HP +60,DEF +2,-,Dexterity (3★),2,4,6,8,10,Vitality (3★),1,2,3,4,5,Bravery (3★),2,4,6,8,10,,,,,,
IX,Zidane,,Gladiator,ATK +3,DEF +3,HP +200,ATK +4,Sword dam. +3%,Warrior,Dexterity (4★),1,2,3,4,5,Vitality (4★),2,4,6,8,10,Bravery (4★),2,4,6,8,10,,,,,,
IX,Zidane,,Ninja,ATK +3,DEF +3,HP +160,ATK +6,Thief dam. +6%,"Warrior, Thief",Dexterity (4★),2,4,6,8,10,Vitality (4★),2,4,6,8,10,Wisdom (4★),1,2,3,4,5,,,,,,
IX,Zidane,,Cannoneer,ATK +3,DEF +3,HP +150,ATK +4,ATK +6,"Thief, Ranger",Dexterity (4★),2,4,6,8,10,Vitality (4★),1,2,3,4,5,Bravery (4★),2,4,6,8,10,,,,,,
IX,Zidane,,Mug Bloodlust,Thief 5★ -> 6★,Mug Bloodlust x1,Thief dam. +3%,-,-,Thief (5★) x1,Thief (5★),4,10,15,,,,,,,,,,,,,,,,,,,,
IX,Garnet,,White Mage,MND +1,HP +40,RES +1,MND +2,WHT heals +3%,-,Spirit (3★),4,7,10,13,16,Wisdom (3★),1,3,5,7,9,,,,,,,,,,,,
IX,Garnet,,Red Mage,MAG +1,RES +1,MND +1,HP +60,MAG +2,-,Spirit (3★),2,4,6,8,10,Vitality (3★),1,2,3,4,5,Wisdom (3★),2,4,6,8,10,,,,,,
IX,Garnet,,Bard,RES +1,MAG +1,RES +1,HP +55,MAG +2,-,Spirit (3★),2,4,6,8,10,Dexterity (3★),2,4,6,8,10,Wisdom (3★),1,2,3,4,5,,,,,,
IX,Garnet,,Devout,MND +3,HP +100,RES +3,MND +6,WHT heals +6%,White Mage,Spirit (4★),4,7,10,13,16,Wisdom (4★),1,3,5,7,9,,,,,,,,,,,,
IX,Garnet,,Illusionist,MAG +3,RES +3,HP +130,MAG +6,MND +6,"White Mage, Red Mage",Spirit (4★),2,4,6,8,10,Dexterity (4★),1,2,3,4,5,Wisdom (4★),2,4,6,8,10,,,,,,
IX,Garnet,,Summoner,SUM dam. +3%,MAG +3,HP +120,MAG +6,SUM dam. +6%,"Red Mage, Bard",Spirit (4★),2,4,6,8,10,Dexterity (4★),1,2,3,4,5,Wisdom (4★),2,4,6,8,10,,,,,,
IX,Garnet,,Allegro con Moto,Bard 5★ -> 6★,Allegro con Moto x1,WHT heals +3%,-,-,Bard (5★) x1,Bard (5★),4,10,15,,,,,,,,,,,,,,,,,,,,
IX,Vivi,,Red Mage,RES +1,DEF +1,MAG +1,HP +60,MAG +2,-,Spirit (3★),2,4,6,8,10,Vitality (3★),1,2,3,4,5,Wisdom (3★),2,4,6,8,10,,,,,,
IX,Vivi,,Black Mage,MAG +1,HP +40,RES +1,MAG +2,BLK dam. +3%,-,Spirit (3★),1,3,5,7,9,Wisdom (3★),4,7,10,13,16,,,,,,,,,,,,
IX,Vivi,,Bard,DEF +1,MAG +1,RES +1,HP +55,MAG +2,-,Spirit (3★),2,4,6,8,10,Dexterity (3★),2,4,6,8,10,Wisdom (3★),1,2,3,4,5,,,,,,
IX,Vivi,,Time Mage,DEF +3,RES +3,HP +120,MAG +6,Silence Imm. (minor),"Red Mage, Black Mage",Spirit (4★),2,4,6,8,10,Dexterity (4★),1,2,3,4,5,Wisdom (4★),2,4,6,8,10,,,,,,
IX,Vivi,,Magus,MAG +3,HP +100,RES +3,MAG +6,BLK dam. +6%,Black Mage,Spirit (4★),1,3,5,7,9,Wisdom (4★),4,7,10,13,16,,,,,,,,,,,,
IX,Vivi,,Illusionist,DEF +3,RES +3,HP +130,MAG +6,Confuse Imm. (minor),"Black Mage, Bard",Spirit (4★),2,4,6,8,10,Dexterity (4★),1,2,3,4,5,Wisdom (4★),2,4,6,8,10,,,,,,
IX,Steiner,,Knight,DEF +1,ATK +1,HP +100,DEF +1,DEF +2,-,Vitality (3★),3,6,9,12,15,Bravery (3★),2,4,6,8,10,,,,,,,,,,,,
IX,Steiner,,Warrior,ATK +1,HP +70,DEF +1,ATK +1,ATK +2,-,Vitality (3★),2,4,6,8,10,Bravery (3★),3,6,9,12,15,,,,,,,,,,,,
IX,Steiner,,Red Mage,ATK +1,DEF +1,RES +1,HP +60,ATK +2,-,Spirit (3★),2,4,6,8,10,Vitality (3★),1,2,3,4,5,Wisdom (3★),2,4,6,8,10,,,,,,
IX,Steiner,,Paladin,DEF +3,DEF +4,HP +250,DEF +6,Knight dam. +6%,Knight,Spirit (4★),1,2,3,4,5,Vitality (4★),2,4,6,8,10,Bravery (4★),2,4,6,8,10,,,,,,
IX,Steiner,,Gladiator,ATK +3,DEF +3,HP +200,ATK +4,ATK +5,Warrior,Dexterity (4★),1,2,3,4,5,Vitality (4★),2,4,6,8,10,Bravery (4★),2,4,6,8,10,,,,,,
IX,Steiner,,Spellblade,ATK +3,DEF +3,HP +170,ATK +6,Spellblade dam. +6%,"Warrior, Red Mage",Dexterity (4★),2,4,6,8,10,Vitality (4★),1,2,3,4,5,Wisdom (4★),2,4,6,8,10,,,,,,
IX,Steiner,,Snowspell Strike,Spellblade 5★ -> 6★,Snowspell Strike x1,Spellblade dam. +3%,-,-,Spellblade (5★) x1,Spellblade (5★),4,10,15,,,,,,,,,,,,,,,,,,,,
IX,Steiner,,Aegis Strike,Knight 5★ -> 6★,Aegis Strike x1,Knight dam. +3%,-,-,Knight (5★) x1,Knight (5★),4,10,15,,,,,,,,,,,,,,,,,,,,
IX,Freya,,Warrior,ATK +1,HP +70,DEF +1,ATK +1,ATK +2,-,Vitality (3★),2,4,6,8,10,Bravery (3★),3,6,9,12,15,,,,,,,,,,,,
IX,Freya,,Ranger,ATK +1,ATK +1,RES +1,HP +60,ATK +2,-,Dexterity (3★),2,4,6,8,10,Vitality (3★),1,2,3,4,5,Bravery (3★),2,4,6,8,10,,,,,,
IX,Freya,,Bard,ATK +1,RES +1,ATK +1,HP +60,ATK +2,-,Spirit (3★),2,4,6,8,10,Dexterity (3★),2,4,6,8,10,Wisdom (3★),1,2,3,4,5,,,,,,
IX,Freya,,Gladiator,ATK +3,ATK +4,HP +200,ATK +6,Spear dam. +3%,Warrior,Dexterity (4★),1,2,3,4,5,Vitality (4★),2,4,6,8,10,Bravery (4★),2,4,6,8,10,,,,,,
IX,Freya,,Dragoon,Dragoon dam. +3%,ATK +4,HP +220,ATK +5,Dragoon dam. +6%,"Warrior, Ranger",Dexterity (4★),2,4,6,8,10,Vitality (4★),2,4,6,8,10,Bravery (4★),1,2,3,4,5,,,,,,
IX,Freya,,Geomancer,ATK +3,RES +3,HP +130,RES +6,Wind dam. +3%,"Ranger, Bard",Spirit (4★),1,2,3,4,5,Dexterity (4★),2,4,6,8,10,Wisdom (4★),2,4,6,8,10,,,,,,
IX,Freya,,Sky High,Dragoon 5★ -> 6★,Sky High x1,Dragoon dam. +3%,-,-,Dragoon (5★) x1,Dragoon (5★),4,10,15,,,,,,,,,,,,,,,,,,,,
IX,Quina,,Dancer,ATK +1,RES +1,ATK +1,HP +55,RES +2,-,Spirit (3★),2,4,6,8,10,Dexterity (3★),2,4,6,8,10,Vitality (3★),1,2,3,4,5,,,,,,
IX,Quina,,Ranger,ATK +1,DEF +1,ATK +1,HP +60,ATK +2,-,Dexterity (3★),2,4,6,8,10,Vitality (3★),1,2,3,4,5,Bravery (3★),2,4,6,8,10,,,,,,
IX,Quina,,Red Mage,DEF +1,RES +1,ATK +1,HP +60,ATK +2,-,Spirit (3★),2,4,6,8,10,Vitality (3★),1,2,3,4,5,Wisdom (3★),2,4,6,8,10,,,,,,
IX,Quina,,Beastmaster,ATK +3,DEF +3,HP +150,DEF +6,Support dam. +6%,Dancer,Dexterity (4★),3,6,9,12,15,Vitality (4★),1,2,3,4,5,Wisdom (4★),1,2,3,4,5,,,,,,
IX,Quina,,Berserker,ATK +2,ATK +2,ATK +3,ATK +3,ATK +5,"Dancer, Ranger",Vitality (4★),5,10,15,20,25,,,,,,,,,,,,,,,,,,
IX,Quina,,Gladiator,ATK +3,DEF +3,HP +200,ATK +5,Spear dam. +3%,"Ranger, Red Mage",Dexterity (4★),1,2,3,4,5,Vitality (4★),2,4,6,8,10,Bravery (4★),2,4,6,8,10,,,,,,
IX,Eiko,,White Mage,MND +1,HP +40,RES +1,MND +2,WHT heals +3%,-,Spirit (3★),4,7,10,13,16,Wisdom (3★),1,3,5,7,9,,,,,,,,,,,,
IX,Eiko,,Red Mage,MND +1,RES +1,MAG +1,HP +60,MAG +2,-,Spirit (3★),2,4,6,8,10,Vitality (3★),1,2,3,4,5,Wisdom (3★),2,4,6,8,10,,,,,,
IX,Eiko,,Dancer,MND +1,MAG +1,RES +1,HP +55,MND +2,-,Spirit (3★),2,4,6,8,10,Dexterity (3★),2,4,6,8,10,Vitality (3★),1,2,3,4,5,,,,,,
IX,Eiko,,Devout,RES +3,HP +100,MND +5,MND +6,WHT heals +6%,White Mage,Spirit (4★),4,7,10,13,16,Wisdom (4★),1,3,5,7,9,,,,,,,,,,,,
IX,Eiko,,Summoner,SUM dam. +3%,HP +100,MAG +4,MAG +6,SUM dam. +6%,"White Mage, Red Mage",Spirit (4★),2,4,6,8,10,Dexterity (4★),1,2,3,4,5,Wisdom (4★),2,4,6,8,10,,,,,,
IX,Eiko,,Bard,MAG +3,HP +120,MND +4,MND +6,Bard 4★ -> 5★,"Red Mage, Dancer",Spirit (4★),2,4,6,8,10,Dexterity (4★),2,4,6,8,10,Wisdom (4★),1,2,3,4,5,,,,,,
IX,Eiko,,Record Link,DEF +3,HP +150,WHT heals +3%,-,-,Eiko (5★) x1,Eiko (5★),4,10,15,,,,,,,,,,,,,,,,,,,,
IX,Amarant,,Monk,DEF +1,RES +1,ATK +1,ATK +2,Monk dam. +3%,-,Dexterity (3★),1,2,3,4,5,Vitality (3★),2,4,6,8,10,Bravery (3★),2,4,6,8,10,,,,,,
IX,Amarant,,Warrior,ATK +1,HP +70,DEF +1,ATK +1,ATK +2,-,Vitality (3★),2,4,6,8,10,Bravery (3★),3,6,9,12,15,,,,,,,,,,,,
IX,Amarant,,Ranger,DEF +1,RES +1,DEF +1,HP +60,ATK +2,-,Dexterity (3★),2,4,6,8,10,Vitality (3★),1,2,3,4,5,Bravery (3★),2,4,6,8,10,,,,,,
IX,Amarant,,Master,DEF +3,HP +60,ATK +4,ATK +5,Monk dam. +6%,Monk,Dexterity (4★),1,2,3,4,5,Vitality (4★),2,4,6,8,10,Bravery (4★),2,4,6,8,10,,,,,,
IX,Amarant,,Berserker,ATK +2,ATK +2,ATK +3,ATK +3,Fist dam. +3%,"Monk, Warrior",Vitality (4★),5,10,15,20,25,,,,,,,,,,,,,,,,,,
IX,Amarant,,Gladiator,ATK +3,DEF +3,HP +200,ATK +4,ATK +5,"Warrior, Ranger",Dexterity (4★),1,2,3,4,5,Vitality (4★),2,4,6,8,10,Bravery (4★),2,4,6,8,10,,,,,,
IX,Amarant,,Lifebane,Monk 5★ -> 6★,Lifebane x1,Monk dam. +3%,-,-,Monk (5★) x1,Monk (5★),4,10,15,,,,,,,,,,,,,,,,,,,,
IX,Beatrix,,Warrior,ATK +1,HP +70,DEF +1,ATK +1,ATK +2,-,Vitality (3★),2,4,6,8,10,Bravery (3★),3,6,9,12,15,,,,,,,,,,,,
IX,Beatrix,,Knight,DEF +1,ATK +1,HP +100,DEF +1,Knight dam. +3%,-,Vitality (3★),3,6,9,12,15,Bravery (3★),2,4,6,8,10,,,,,,,,,,,,
IX,Beatrix,,Red Mage,DEF +1,ATK +1,DEF +1,HP +60,ATK +2,-,Spirit (3★),2,4,6,8,10,Vitality (3★),1,2,3,4,5,Wisdom (3★),2,4,6,8,10,,,,,,
IX,Beatrix,,Gladiator,ATK +3,DEF +3,HP +200,ATK +4,Sword dam. +3%,Warrior,Dexterity (4★),1,2,3,4,5,Vitality (4★),2,4,6,8,10,Bravery (4★),2,4,6,8,10,,,,,,
IX,Beatrix,,Paladin,ATK +3,ATK +3,DEF +4,ATK +5,Knight dam. +6%,"Warrior, Knight",Spirit (4★),1,2,3,4,5,Vitality (4★),2,4,6,8,10,Bravery (4★),2,4,6,8,10,,,,,,
IX,Beatrix,,Spellblade,ATK +3,DEF +3,HP +170,ATK +3,ATK +6,"Knight, Red Mage",Dexterity (4★),2,4,6,8,10,Vitality (4★),1,2,3,4,5,Wisdom (4★),2,4,6,8,10,,,,,,
IX,Beatrix,,Aegis Strike,Knight 5★ -> 6★,Aegis Strike x1,Knight dam. +3%,-,-,Knight (5★) x1,Knight (5★),4,10,15,,,,,,,,,,,,,,,,,,,,
IX,Kuja,,Black Mage,MAG +1,HP +40,RES +1,MAG +2,BLK dam. +3%,-,Spirit (3★),1,3,5,7,9,Wisdom (3★),4,7,10,13,16,,,,,,,,,,,,
IX,Kuja,,White Mage,MND +1,HP +40,RES +1,RES +2,MND +2,-,Spirit (3★),4,7,10,13,16,Wisdom (3★),1,3,5,7,9,,,,,,,,,,,,
IX,Kuja,,Red Mage,RES +1,MND +1,RES +1,HP +60,MAG +2,-,Spirit (3★),2,4,6,8,10,Vitality (3★),1,2,3,4,5,Wisdom (3★),2,4,6,8,10,,,,,,
IX,Kuja,,Magus,RES +3,HP +100,MAG +4,MAG +6,BLK dam. +6%,Black Mage,Spirit (4★),1,3,5,7,9,Wisdom (4★),4,7,10,13,16,,,,,,,,,,,,
IX,Kuja,,Sage,MND +3,MAG +3,MND +6,MAG +6,Dark dam. +3%,"Black Mage, White Mage",Spirit (4★),2,4,6,8,10,Vitality (4★),1,2,3,4,5,Wisdom (4★),2,4,6,8,10,,,,,,
IX,Kuja,,Warmage,RES +3,RES +4,HP +180,MAG +6,Darkness dam. +6%,"White Mage, Red Mage",Dexterity (4★),2,4,6,8,10,Vitality (4★),1,2,3,4,5,Wisdom (4★),2,4,6,8,10,,,,,,
IX,Marcus,,Thief,ATK +1,DEF +1,Eiko (5★) x5,HP +55,Thief dam. +3%,-,Dexterity (3★),2,4,6,8,10,Vitality (3★),1,2,3,4,5,Wisdom (3★),2,4,6,8,10,,,,,,
IX,Marcus,,Warrior,ATK +1,HP +70,DEF +1,ATK +1,ATK +3,-,Vitality (3★),2,4,6,8,10,Bravery (3★),3,6,9,12,15,,,,,,,,,,,,
IX,Marcus,,Ranger,ATK +2,DEF +1,DEF +2,HP +60,Eiko (5★) x10,-,Dexterity (3★),2,4,6,8,10,Vitality (3★),1,2,3,4,5,Bravery (3★),2,4,6,8,10,,,,,,
IX,Marcus,,Ninja,ATK +3,DEF +3,HP +160,ATK +6,Thief dam. +6%,Thief,Dexterity (4★),2,4,6,8,10,Vitality (4★),2,4,6,8,10,Wisdom (4★),1,2,3,4,5,,,,,,
IX,Marcus,,Viking,Eiko (5★) x15,DEF +3,HP +200,ATK +5,PHY +3%,"Thief, Warrior",Vitality (4★),3,7,10,13,16,Bravery (4★),2,3,5,7,9,,,,,,,,,,,,
IX,Marcus,,Cannoneer,ATK +3,DEF +3,HP +150,ATK +5,ATK +6,"Warrior, Ranger",Dexterity (4★),2,4,6,8,10,Vitality (4★),1,2,3,4,5,Bravery (4★),2,4,6,8,10,,,,,,
IX,Marcus,,Mug Bloodlust,Thief 5★ -> 6★,Mug Bloodlust x1,Thief dam. +3%,-,-,Thief (5★) x1,Thief (5★),4,10,15,,,,,,,,,,,,,,,,,,,,
X,Tidus,,Warrior,ATK +1,HP +70,DEF +1,ATK +1,ATK +2,-,Vitality (3★),2,4,6,8,10,Bravery (3★),3,6,9,12,15,,,,,,,,,,,,
X,Tidus,,Ranger,DEF +1,RES +1,ATK +1,HP +60,ATK +2,-,Dexterity (3★),2,4,6,8,10,Vitality (3★),1,2,3,4,5,Bravery (3★),2,4,6,8,10,,,,,,
X,Tidus,,Knight,DEF +1,ATK +1,HP +100,DEF +1,DEF +2,-,Vitality (3★),3,6,9,12,15,Bravery (3★),2,4,6,8,10,,,,,,,,,,,,
X,Tidus,,Viking,ATK +2,DEF +3,ATK +4,HP +230,Water dam. +3%,Warrior,Vitality (4★),3,7,10,13,16,Bravery (4★),2,3,5,7,9,,,,,,,,,,,,
X,Tidus,,Spellblade,ATK +3,ATK +3,HP +170,ATK +6,Enable Spellblade 3★,"Warrior, Ranger",Dexterity (4★),2,4,6,8,10,Vitality (4★),1,2,3,4,5,Wisdom (4★),2,4,6,8,10,,,,,,
X,Tidus,,Paladin,DEF +3,ATK +3,DEF +4,HP +250,ATK +6,Knight,Spirit (4★),1,2,3,4,5,Vitality (4★),2,4,6,8,10,Bravery (4★),2,4,6,8,10,,,,,,
X,Yuna,,White Mage,MND +1,HP +40,MND +1,MND +2,WHT heals +3%,-,Spirit (3★),4,7,10,13,16,Wisdom (3★),1,3,5,7,9,,,,,,,,,,,,
X,Yuna,,Dancer,MAG +1,MND +1,MAG +1,HP +55,MAG +2,-,Spirit (3★),2,4,6,8,10,Dexterity (3★),2,4,6,8,10,Vitality (3★),1,2,3,4,5,,,,,,
X,Yuna,,Red Mage,MND +1,MAG +1,MND +1,HP +60,MAG +2,-,Spirit (3★),2,4,6,8,10,Vitality (3★),1,2,3,4,5,Wisdom (3★),2,4,6,8,10,,,,,,
X,Yuna,,Devout,MND +3,HP +100,MND +6,Holy dam. +3%,WHT heals +6%,White Mage,Spirit (4★),4,7,10,13,16,Wisdom (4★),1,3,5,7,9,,,,,,,,,,,,
X,Yuna,,Illusionist,MND +3,MAG +3,HP +130,MAG +6,MND +6,"White Mage, Dancer",Spirit (4★),2,4,6,8,10,Dexterity (4★),1,2,3,4,5,Wisdom (4★),2,4,6,8,10,,,,,,
X,Yuna,,Summoner,SUM dam. +3%,MAG +3,HP +120,MAG +6,SUM dam. +6%,"Dancer, Red Mage",Spirit (4★),2,4,6,8,10,Dexterity (4★),1,2,3,4,5,Wisdom (4★),2,4,6,8,10,,,,,,
X,Wakka,,Warrior,ATK +1,HP +70,DEF +1,ATK +1,ATK +2,-,Vitality (3★),2,4,6,8,10,Bravery (3★),3,6,9,12,15,,,,,,,,,,,,
X,Wakka,,Ranger,DEF +1,RES +1,ATK +1,HP +60,ATK +2,-,Dexterity (3★),2,4,6,8,10,Vitality (3★),1,2,3,4,5,Bravery (3★),2,4,6,8,10,,,,,,
X,Wakka,,Monk,DEF +1,RES +1,ATK +1,ATK +2,HP +80,-,Dexterity (3★),1,2,3,4,5,Vitality (3★),2,4,6,8,10,Bravery (3★),2,4,6,8,10,,,,,,
X,Wakka,,Viking,ATK +2,DEF +3,ATK +4,HP +230,Blitzball dam. +3%,Warrior,Vitality (4★),3,7,10,13,16,Bravery (4★),2,3,5,7,9,,,,,,,,,,,,
X,Wakka,,Ninja,ATK +3,DEF +3,HP +160,ATK +6,Blind Imm. (minor),"Warrior, Ranger",Dexterity (4★),2,4,6,8,10,Vitality (4★),2,4,6,8,10,Wisdom (4★),1,2,3,4,5,,,,,,
X,Wakka,,Master,DEF +3,HP +60,ATK +4,ATK +5,HP +180,Monk,Dexterity (4★),1,2,3,4,5,Vitality (4★),2,4,6,8,10,Bravery (4★),2,4,6,8,10,,,,,,
X,Lulu,,Black Mage,MAG +1,HP +40,RES +1,MAG +2,BLK dam. +3%,-,Spirit (3★),1,3,5,7,9,Wisdom (3★),4,7,10,13,16,,,,,,,,,,,,
X,Lulu,,Red Mage,MAG +1,RES +1,MAG +1,HP +60,MAG +2,-,Spirit (3★),2,4,6,8,10,Vitality (3★),1,2,3,4,5,Wisdom (3★),2,4,6,8,10,,,,,,
X,Lulu,,Dancer,RES +1,MAG +1,RES +1,HP +55,MAG +2,-,Spirit (3★),2,4,6,8,10,Dexterity (3★),2,4,6,8,10,Vitality (3★),1,2,3,4,5,,,,,,
X,Lulu,,Magus,MAG +3,HP +100,RES +3,MAG +6,BLK dam. +6%,Black Mage,Spirit (4★),1,3,5,7,9,Wisdom (4★),4,7,10,13,16,,,,,,,,,,,,
X,Lulu,,Geomancer,MAG +3,RES +3,HP +130,MAG +6,Ice dam. +3%,"Black Mage, Red Mage",Spirit (4★),1,2,3,4,5,Dexterity (4★),2,4,6,8,10,Wisdom (4★),2,4,6,8,10,,,,,,
X,Lulu,,Time Mage,RES +2,MAG +2,HP +120,RES +5,Silence Imm. (minor),"Red Mage, Dancer",Spirit (4★),2,4,6,8,10,Dexterity (4★),1,2,3,4,5,Wisdom (4★),2,4,6,8,10,,,,,,
X,Kimahri,,Warrior,ATK +1,HP +70,DEF +1,ATK +1,ATK +2,-,Vitality (3★),2,4,6,8,10,Bravery (3★),3,6,9,12,15,,,,,,,,,,,,
X,Kimahri,,Knight,DEF +1,ATK +1,HP +100,ATK +1,DEF +2,-,Vitality (3★),3,6,9,12,15,Bravery (3★),2,4,6,8,10,,,,,,,,,,,,
X,Kimahri,,Red Mage,ATK +1,DEF +1,ATK +1,HP +60,ATK +2,-,Spirit (3★),2,4,6,8,10,Vitality (3★),1,2,3,4,5,Wisdom (3★),2,4,6,8,10,,,,,,
X,Kimahri,,Gladiator,ATK +3,DEF +3,HP +200,ATK +6,Spear dam. +3%,Warrior,Dexterity (4★),1,2,3,4,5,Vitality (4★),2,4,6,8,10,Bravery (4★),2,4,6,8,10,,,,,,
X,Kimahri,,Beastmaster,RES +3,DEF +3,HP +150,ATK +6,Support 3★ -> 4★,"Warrior, Knight",Dexterity (4★),3,6,9,12,15,Vitality (4★),1,2,3,4,5,Wisdom (4★),1,2,3,4,5,,,,,,
X,Kimahri,,Dragoon,DEF +3,ATK +4,HP +220,ATK +5,Dragoon dam. +6%,"Knight, Red Mage",Dexterity (4★),2,4,6,8,10,Vitality (4★),2,4,6,8,10,Bravery (4★),1,2,3,4,5,,,,,,
X,Kimahri,,Sky High,Dragoon 5★ -> 6★,Sky High x1,Dragoon dam. +3%,-,-,Dragoon (5★) x1,Dragoon (5★),4,10,15,,,,,,,,,,,,,,,,,,,,
X,Rikku,,Thief,ATK +1,DEF +1,RES +1,HP +55,ATK +2,-,Dexterity (3★),2,4,6,8,10,Vitality (3★),1,2,3,4,5,Wisdom (3★),2,4,6,8,10,,,,,,
X,Rikku,,Dancer,DEF +1,ATK +1,RES +1,HP +55,RES +2,-,Spirit (3★),2,4,6,8,10,Dexterity (3★),2,4,6,8,10,Vitality (3★),1,2,3,4,5,,,,,,
X,Rikku,,Bard,DEF +1,ATK +1,RES +1,HP +55,ATK +2,-,Spirit (3★),2,4,6,8,10,Dexterity (3★),2,4,6,8,10,Wisdom (3★),1,2,3,4,5,,,,,,
X,Rikku,,Ninja,ATK +3,DEF +3,HP +160,ATK +6,Thief dam. +6%,Thief,Dexterity (4★),2,4,6,8,10,Vitality (4★),2,4,6,8,10,Wisdom (4★),1,2,3,4,5,,,,,,
X,Rikku,,Cannoneer,ATK +3,DEF +3,HP +150,Machinist dam. +6%,Enable Gun,"Thief, Dancer",Dexterity (4★),2,4,6,8,10,Vitality (4★),1,2,3,4,5,Bravery (4★),2,4,6,8,10,,,,,,
X,Rikku,,Berserker,ATK +2,ATK +2,ATK +3,ATK +3,ATK +5,"Dancer, Bard",Vitality (4★),5,10,15,20,25,,,,,,,,,,,,,,,,,,
X,Rikku,,Mug Bloodlust,Thief 5★ -> 6★,Mug Bloodlust x1,Thief dam. +3%,-,-,Thief (5★) x1,Thief (5★),4,10,15,,,,,,,,,,,,,,,,,,,,
X,Rikku,,Penalty Snipe,Machinist 5★ -> 6★,Penalty Snipe x1,Machinist dam. +3%,-,-,Machinist (5★) x1,Machinist (5★),4,10,15,,,,,,,,,,,,,,,,,,,,
X,Auron,,Warrior,ATK +1,HP +70,DEF +1,DEF +1,ATK +2,-,Vitality (3★),2,4,6,8,10,Bravery (3★),3,6,9,12,15,,,,,,,,,,,,
X,Auron,,Knight,DEF +1,ATK +1,HP +100,DEF +1,DEF +2,-,Vitality (3★),3,6,9,12,15,Bravery (3★),2,4,6,8,10,,,,,,,,,,,,
X,Auron,,Ranger,ATK +1,ATK +1,DEF +1,HP +60,ATK +2,-,Dexterity (3★),2,4,6,8,10,Vitality (3★),1,2,3,4,5,Bravery (3★),2,4,6,8,10,,,,,,
X,Auron,,Samurai,Samurai dam. +3%,ATK +3,HP +170,Katana dam. +3%,Samurai dam. +6%,Warrior,Dexterity (4★),2,4,6,8,10,Vitality (4★),2,4,6,8,10,Bravery (4★),1,2,3,4,5,,,,,,
X,Auron,,Gladiator,ATK +3,ATK +3,HP +200,ATK +5,Katana dam. +3%,"Warrior, Knight",Dexterity (4★),1,2,3,4,5,Vitality (4★),2,4,6,8,10,Bravery (4★),2,4,6,8,10,,,,,,
X,Auron,,Berserker,ATK +2,ATK +2,ATK +3,ATK +3,ATK +5,"Knight, Ranger",Vitality (4★),5,10,15,20,25,,,,,,,,,,,,,,,,,,
X,Auron,,Demonsblood,Samurai 5★ -> 6★,Demonsblood x1,Samurai dam. +3%,-,-,Samurai (5★) x1,Samurai (5★),4,10,15,,,,,,,,,,,,,,,,,,,,
X,Jecht,,Monk,DEF +1,ATK +1,HP +40,ATK +1,ATK +2,-,Dexterity (3★),1,2,3,4,5,Vitality (3★),2,4,6,8,10,Bravery (3★),2,4,6,8,10,,,,,,
X,Jecht,,Warrior,ATK +1,HP +70,ATK +1,ATK +1,ATK +2,-,Vitality (3★),2,4,6,8,10,Bravery (3★),3,6,9,12,15,,,,,,,,,,,,
X,Jecht,,Knight,ATK +1,DEF +1,ATK +1,HP +55,ATK +2,-,Vitality (3★),3,6,9,12,15,Bravery (3★),2,4,6,8,10,,,,,,,,,,,,
X,Jecht,,Master,ATK +3,ATK +4,HP +200,ATK +5,Monk dam. +6%,Monk,Dexterity (4★),1,2,3,4,5,Vitality (4★),2,4,6,8,10,Bravery (4★),2,4,6,8,10,,,,,,
X,Jecht,,Dark Knight,ATK +3,DEF +3,ATK +4,HP +250,Knight 3★ -> 4★,Warrior,Dexterity (4★),2,3,5,7,9,Vitality (4★),3,7,10,13,16,,,,,,,,,,,,
X,Jecht,,Warmage,DEF +2,ATK +3,HP +220,ATK +5,Darkness dam. +6%,"Warrior, Knight",Dexterity (4★),2,4,6,8,10,Vitality (4★),1,2,3,4,5,Wisdom (4★),2,4,6,8,10,,,,,,
X,Jecht,,Lifebane,Monk 5★ -> 6★,Lifebane x1,Monk dam. +3%,-,-,Monk (5★) x1,Monk (5★),4,10,15,,,,,,,,,,,,,,,,,,,,
X,Braska,,White Mage,MND +1,HP +40,RES +1,MND +1,MND +2,-,Spirit (3★),4,7,10,13,16,Wisdom (3★),1,3,5,7,9,,,,,,,,,,,,
X,Braska,,Black Mage,RES +1,HP +40,MAG +1,RES +1,MAG +2,-,Spirit (3★),1,3,5,7,9,Wisdom (3★),4,7,10,13,16,,,,,,,,,,,,
X,Braska,,Red Mage,MND +1,RES +1,MAG +1,HP +60,MAG +2,-,Spirit (3★),2,4,6,8,10,Vitality (3★),1,2,3,4,5,Wisdom (3★),2,4,6,8,10,,,,,,
X,Braska,,Illusionist,MND +3,MAG +3,HP +130,MND +4,MAG +6,"White Mage, Black Mage",Spirit (4★),0,4,6,8,10,Dexterity (4★),1,2,3,4,5,Wisdom (4★),2,4,6,8,10,,,,,,
X,Braska,,Magus,MAG +3,HP +100,RES +3,MAG +6,BLK dam. +6%,Black Mage,Spirit (4★),1,3,5,7,9,Wisdom (4★),4,7,10,13,16,,,,,,,,,,,,
X,Braska,,Summoner,SUM dam. +3%,RES +3,SUM dam. +3%,MAG +6,SUM dam. +6%,"Black Mage, Red Mage",Spirit (4★),2,4,6,8,10,Dexterity (4★),1,2,3,4,5,Wisdom (4★),2,4,6,8,10,,,,,,
X,Paine,,Warrior,ATK +1,HP +70,DEF +1,ATK +1,ATK +2,-,Vitality (3★),2,4,6,8,10,Bravery (3★),3,6,9,12,15,,,,,,,,,,,,
X,Paine,,Knight,DEF +1,ATK +1,HP +100,ATK +1,DEF +2,-,Vitality (3★),3,6,9,12,15,Bravery (3★),2,4,6,8,10,,,,,,,,,,,,
X,Paine,,Red Mage,ATK +1,DEF +1,ATK +1,HP +60,ATK +2,-,Spirit (3★),2,4,6,8,10,Vitality (3★),1,2,3,4,5,Wisdom (3★),2,4,6,8,10,,,,,,
X,Paine,,Gladiator,ATK +3,DEF +3,HP +200,ATK +6,Sword dam. +3%,Warrior,Dexterity (4★),1,2,3,4,5,Vitality (4★),2,4,6,8,10,Bravery (4★),2,4,6,8,10,,,,,,
X,Paine,,Dark Knight,ATK +3,DEF +3,HP +220,ATK +6,Weakness dam. +3%,"Warrior, Knight",Dexterity (4★),2,3,5,7,9,Vitality (4★),3,7,10,13,16,,,,,,,,,,,,
X,Paine,,Spellblade,Spellblade dam. +3%,ATK +3,HP +170,ATK +6,Spellblade dam. +6%,"Knight, Red Mage",Dexterity (4★),2,4,6,8,10,Vitality (4★),1,2,3,4,5,Wisdom (4★),2,4,6,8,10,,,,,,
X,Paine,,Snowspell Strike,Spellblade 5★ -> 6★,Snowspell Strike x1,Spellblade dam. +3%,-,-,Spellblade (5★) x1,Spellblade (5★),4,10,15,,,,,,,,,,,,,,,,,,,,
X,Paine,,Aegis Strike,Knight 5★ -> 6★,Aegis Strike x1,Knight dam. +3%,-,-,Knight (5★) x1,Knight (5★),4,10,15,,,,,,,,,,,,,,,,,,,,
X,Seymour,,Red Mage,MAG +1,RES +1,MAG +1,HP +60,DEF +2,-,Spirit (3★),2,4,6,8,10,Vitality (3★),1,2,3,4,5,Wisdom (3★),2,4,6,8,10,,,,,,
X,Seymour,,Black Mage,MAG +1,HP +40,RES +1,MAG +1,MAG +2,-,Spirit (3★),1,3,5,7,9,Wisdom (3★),4,7,10,13,16,,,,,,,,,,,,
X,Seymour,,Bard,DEF +1,MAG +1,RES +1,MAG +1,RES +2,-,Spirit (3★),2,4,6,8,10,Dexterity (3★),2,4,6,8,10,Wisdom (3★),1,2,3,4,5,,,,,,
X,Seymour,,Summoner,MAG +3,MAG +3,HP +120,MAG +5,SUM dam. +6%,"Red Mage, Black Mage",Spirit (4★),2,4,6,8,10,Dexterity (4★),1,2,3,4,5,Wisdom (4★),2,4,6,8,10,,,,,,
X,Seymour,,Magus,MAG +3,HP +100,DEF +3,MAG +5,BLK dam. +6%,Black Mage,Spirit (4★),1,3,5,7,9,Wisdom (4★),4,7,10,13,16,,,,,,,,,,,,
X,Seymour,,Illusionist,MAG +3,RES +3,HP +130,Darkness dam. +6%,Dark dam. +3%,"Black Mage, Bard",Spirit (4★),2,4,6,8,10,Dexterity (4★),1,2,3,4,5,Wisdom (4★),2,4,6,8,10,,,,,,
XI,Shantotto,,Red Mage,MAG +1,RES +1,MAG +1,HP +60,MAG +2,-,Spirit (3★),2,4,6,8,10,Vitality (3★),1,2,3,4,5,Wisdom (3★),2,4,6,8,10,,,,,,
XI,Shantotto,,Black Mage,MAG +1,HP +40,RES +1,MAG +2,BLK dam. +3%,-,Spirit (3★),1,3,5,7,9,Wisdom (3★),4,7,10,13,16,,,,,,,,,,,,
XI,Shantotto,,Bard,DEF +1,MAG +1,RES +1,HP +55,MAG +2,-,Spirit (3★),2,4,6,8,10,Dexterity (3★),2,4,6,8,10,Wisdom (3★),1,2,3,4,5,,,,,,
XI,Shantotto,,Sage,RES +3,MAG +3,RES +6,MAG +6,Enable Darkness 4★,"Red Mage, Black Mage",Spirit (4★),2,4,6,8,10,Vitality (4★),1,2,3,4,5,Wisdom (4★),2,4,6,8,10,,,,,,
XI,Shantotto,,Magus,MAG +3,HP +100,RES +3,MAG +6,BLK dam. +6%,Black Mage,Spirit (4★),1,3,5,7,9,Wisdom (4★),4,7,10,13,16,,,,,,,,,,,,
XI,Shantotto,,Time Mage,RES +2,MAG +2,HP +120,RES +5,Silence Imm. (minor),"Black Mage, Bard",Spirit (4★),2,4,6,8,10,Dexterity (4★),1,2,3,4,5,Wisdom (4★),2,4,6,8,10,,,,,,
XI,Ayame,,Warrior,DEF +1,HP +70,DEF +1,ATK +1,ATK +2,-,Vitality (3★),2,4,6,8,10,Bravery (3★),3,6,9,12,15,,,,,,,,,,,,
XI,Ayame,,Knight,DEF +1,ATK +1,HP +100,DEF +1,DEF +2,-,Vitality (3★),3,6,9,12,15,Bravery (3★),2,4,6,8,10,,,,,,,,,,,,
XI,Ayame,,Ranger,RES +1,DEF +1,RES +1,HP +60,ATK +2,-,Dexterity (3★),2,4,6,8,10,Vitality (3★),1,2,3,4,5,Bravery (3★),2,4,6,8,10,,,,,,
XI,Ayame,,Gladiator,ATK +3,ATK +3,HP +150,ATK +4,ATK +5,Warrior,Dexterity (4★),1,2,3,4,5,Vitality (4★),2,4,6,8,10,Bravery (4★),2,4,6,8,10,,,,,,
XI,Ayame,,Samurai,Samurai dam. +3%,ATK +4,DEF +4,ATK +6,Samurai dam. +6%,"Warrior, Knight",Dexterity (4★),2,4,6,8,10,Vitality (4★),2,4,6,8,10,Bravery (4★),1,2,3,4,5,,,,,,
XI,Ayame,,Spellblade,ATK +3,HP +150,Weakness dam. +3%,ATK +6,Spellblade dam. +6%,"Knight, Ranger",Dexterity (4★),2,4,6,8,10,Vitality (4★),1,2,3,4,5,Wisdom (4★),2,4,6,8,10,,,,,,
XI,Ayame,,Snowspell Strike,Spellblade 5★ -> 6★,Snowspell Strike x1,Spellblade dam. +3%,-,-,Spellblade (5★) x1,Spellblade (5★),4,10,15,,,,,,,,,,,,,,,,,,,,
XI,Ayame,,Demonsblood,Samurai 5★ -> 6★,Demonsblood x1,Samurai dam. +3%,-,-,Samurai (5★) x1,Samurai (5★),4,10,15,,,,,,,,,,,,,,,,,,,,
XI,Curilla,,Warrior,DEF +1,HP +70,DEF +1,ATK +1,ATK +2,-,Vitality (3★),2,4,6,8,10,Bravery (3★),3,6,9,12,15,,,,,,,,,,,,
XI,Curilla,,Knight,DEF +1,ATK +1,HP +100,DEF +2,Knight dam. +3%,-,Vitality (3★),3,6,9,12,15,Bravery (3★),2,4,6,8,10,,,,,,,,,,,,
XI,Curilla,,Red Mage,ATK +1,DEF +1,ATK +1,HP +60,ATK +2,-,Spirit (3★),2,4,6,8,10,Vitality (3★),1,2,3,4,5,Wisdom (3★),2,4,6,8,10,,,,,,
XI,Curilla,,Gladiator,ATK +4,ATK +4,HP +200,ATK +4,Sword dam. +3%,Warrior,Dexterity (4★),1,2,3,4,5,Vitality (4★),2,4,6,8,10,Bravery (4★),2,4,6,8,10,,,,,,
XI,Curilla,,Paladin,ATK +4,ATK +4,HP +250,White Magic 3★ -> 4★,Knight dam. +6%,"Warrior, Knight",Spirit (4★),1,2,3,4,5,Vitality (4★),2,4,6,8,10,Bravery (4★),2,4,6,8,10,,,,,,
XI,Curilla,,Viking,ATK +4,DEF +4,DEF +5,HP +230,DEF +6,"Knight, Red Mage",Vitality (4★),3,7,10,13,16,Bravery (4★),2,3,5,7,9,,,,,,,,,,,,
XI,Curilla,,Aegis Strike,Knight 5★ -> 6★,Aegis Strike x1,Knight dam. +3%,-,-,Knight (5★) x1,Knight (5★),4,10,15,,,,,,,,,,,,,,,,,,,,
XI,Prishe,,Monk,DEF +1,ATK +1,HP +40,ATK +1,Monk dam. +3%,-,Dexterity (3★),1,2,3,4,5,Vitality (3★),2,4,6,8,10,Bravery (3★),2,4,6,8,10,,,,,,
XI,Prishe,,Warrior,ATK +1,HP +70,DEF +1,ATK +1,DEF +2,-,Vitality (3★),2,4,6,8,10,Bravery (3★),3,6,9,12,15,,,,,,,,,,,,
XI,Prishe,,Ranger,DEF +1,ATK +1,DEF +1,HP +60,ATK +2,-,Dexterity (3★),2,4,6,8,10,Vitality (3★),1,2,3,4,5,Bravery (3★),2,4,6,8,10,,,,,,
XI,Prishe,,Master,DEF +3,ATK +4,HP +200,ATK +5,Monk dam. +6%,Monk,Dexterity (4★),1,2,3,4,5,Vitality (4★),2,4,6,8,10,Bravery (4★),2,4,6,8,10,,,,,,
XI,Prishe,,Berserker,ATK +2,ATK +2,ATK +3,ATK +5,Fist dam. +3%,"Monk, Warrior",Vitality (4★),5,10,15,20,25,,,,,,,,,,,,,,,,,,
XI,Prishe,,Gladiator,ATK +3,DEF +3,HP +200,ATK +4,ATK +5,"Warrior, Ranger",Dexterity (4★),1,2,3,4,5,Vitality (4★),2,4,6,8,10,Bravery (4★),2,4,6,8,10,,,,,,
XI,Prishe,,Lifebane,Monk 5★ -> 6★,Lifebane x1,Monk dam. +3%,-,-,Monk (5★) x1,Monk (5★),4,10,15,,,,,,,,,,,,,,,,,,,,
XI,Lion,,Ranger,MAG +1,DEF +1,RES +1,HP +60,ATK +2,-,Dexterity (3★),2,4,6,8,10,Vitality (3★),1,2,3,4,5,Bravery (3★),2,4,6,8,10,,,,,,
XI,Lion,,Thief,ATK +1,RES +1,ATK +2,HP +55,Thief dam. +3%,-,Dexterity (3★),2,4,6,8,10,Vitality (3★),1,2,3,4,5,Wisdom (3★),2,4,6,8,10,,,,,,
XI,Lion,,Dancer,DEF +1,MAG +1,RES +1,HP +55,ATK +2,-,Spirit (3★),2,4,6,8,10,Dexterity (3★),2,4,6,8,10,Vitality (3★),1,2,3,4,5,,,,,,
XI,Lion,,Ninja,ATK +3,ATK +3,HP +160,Thief dam. +6%,Ninja dam. +6%,"Ranger, Thief",Dexterity (4★),2,4,6,8,10,Vitality (4★),2,4,6,8,10,Wisdom (4★),1,2,3,4,5,,,,,,
XI,Lion,,Warmage,ATK +3,ATK +4,HP +180,ATK +5,ATK +6,"Ranger, Thief",Dexterity (4★),2,4,6,8,10,Vitality (4★),1,2,3,4,5,Wisdom (4★),2,4,6,8,10,,,,,,
XI,Lion,,Geomancer,MAG +3,RES +3,HP +130,MAG +4,MAG +6,"Thief, Dancer",Spirit (4★),1,2,3,4,5,Dexterity (4★),2,4,6,8,10,Wisdom (4★),2,4,6,8,10,,,,,,
XI,Lion,,Mug Bloodlust,Thief 5★ -> 6★,Mug Bloodlust x1,Thief dam. +3%,-,-,Thief (5★) x1,Thief (5★),4,10,15,,,,,,,,,,,,,,,,,,,,
XI,Lion,,Stitch in Time,Ninja 5★ -> 6★,Stitch in Time x1,Ninja dam. +3%,-,-,Ninja (5★) x1,Ninja (5★),4,10,15,,,,,,,,,,,,,,,,,,,,
XI,Aphmau,,White Mage,RES +1,HP +40,MND +1,RES +1,WHT heals +3%,-,Spirit (3★),4,7,10,13,16,Wisdom (3★),1,3,5,7,9,,,,,,,,,,,,
XI,Aphmau,,Red Mage,MND +1,RES +1,MND +1,HP +60,MAG +2,-,Spirit (3★),2,4,6,8,10,Vitality (3★),1,2,3,4,5,Wisdom (3★),2,4,6,8,10,,,,,,
XI,Aphmau,,Monk,RES +1,MND +1,RES +1,HP +55,RES +2,-,Dexterity (3★),1,2,3,4,5,Vitality (3★),2,4,6,8,10,Bravery (3★),2,4,6,8,10,,,,,,
XI,Aphmau,,Devout,MND +3,HP +100,MND +6,MND +6,WHT heals +6%,White Mage,Spirit (4★),4,7,10,13,16,Wisdom (4★),1,3,5,7,9,,,,,,,,,,,,
XI,Aphmau,,Summoner,MAG +3,RES +3,HP +120,MAG +6,MAG +6,"White Mage, Red Mage",Spirit (4★),2,4,6,8,10,Dexterity (4★),1,2,3,4,5,Wisdom (4★),2,4,6,8,10,,,,,,
XI,Aphmau,,Illusionist,MND +3,MAG +3,HP +130,MAG +6,MND +6,"Red Mage, Monk",Spirit (4★),2,4,6,8,10,Dexterity (4★),1,2,3,4,5,Wisdom (4★),2,4,6,8,10,,,,,,
XI,Aphmau,,Lifebane,Monk 5★ -> 6★,Lifebane x1,Monk dam. +3%,-,-,Monk (5★) x1,Monk (5★),4,10,15,,,,,,,,,,,,,,,,,,,,
XI,Zeid,,Warrior,ATK +1,HP +70,RES +1,ATK +1,ATK +2,-,Vitality (3★),2,4,6,8,10,Bravery (3★),3,6,9,12,15,,,,,,,,,,,,
XI,Zeid,,Red Mage,RES +1,ATK +1,ATK +1,HP +60,ATK +2,-,Spirit (3★),2,4,6,8,10,Vitality (3★),1,2,3,4,5,Wisdom (3★),2,4,6,8,10,,,,,,
XI,Zeid,,Knight,DEF +1,ATK +1,HP +100,ATK +1,RES +2,-,Vitality (3★),3,6,9,12,15,Bravery (3★),2,4,6,8,10,,,,,,,,,,,,
XI,Zeid,,Spellblade,ATK +3,ATK +3,ATK +4,ATK +5,Sword dam. +3%,Warrior,Dexterity (4★),2,4,6,8,10,Vitality (4★),1,2,3,4,5,Wisdom (4★),2,4,6,8,10,,,,,,
XI,Zeid,,Warmage,ATK +3,ATK +3,HP +250,Dark dam. +3%,Darkness dam. +6%,"Warrior, Red Mage",Dexterity (4★),2,4,6,8,10,Vitality (4★),1,2,3,4,5,Wisdom (4★),2,4,6,8,10,,,,,,
XI,Zeid,,Dark Knight,RES +3,ATK +3,HP +300,ATK +6,DEF +6,"Red Mage, Knight",Dexterity (4★),2,3,5,7,9,Vitality (4★),3,7,10,13,16,,,,,,,,,,,,
XI,Lilisette,,Warrior,ATK +1,HP +70,ATK +1,ATK +1,ATK +1,-,Vitality (3★),2,4,6,8,10,Bravery (3★),3,6,9,12,15,,,,,,,,,,,,
XI,Lilisette,,Dancer,MND +1,MND +1,ATK +1,HP +55,Dagger dam. +3%,-,Spirit (3★),2,4,6,8,10,Dexterity (3★),2,4,6,8,10,Vitality (3★),1,2,3,4,5,,,,,,
XI,Lilisette,,Bard,MND +1,MND +1,MND +1,HP +55,MND +2,-,Spirit (3★),2,4,6,8,10,Dexterity (3★),2,4,6,8,10,Wisdom (3★),1,2,3,4,5,,,,,,
XI,Lilisette,,Gladiator,ATK +3,ATK +3,ATK +3,ATK +5,Celerity dam. +6%,"Warrior, Dancer",Dexterity (4★),1,2,3,4,5,Vitality (4★),2,4,6,8,10,Bravery (4★),2,4,6,8,10,,,,,,
XI,Lilisette,,Master,ATK +3,HP +60,ATK +3,ATK +5,Blind Imm. (minor),"Warrior, Dancer, Bard",Dexterity (4★),1,2,3,4,5,Vitality (4★),2,4,6,8,10,Bravery (4★),2,4,6,8,10,,,,,,
XI,Lilisette,,Illusionist,MND +3,MND +3,HP +200,MND +5,MND +5,Bard,Spirit (4★),2,4,6,8,10,Dexterity (4★),1,2,3,4,5,Wisdom (4★),2,4,6,8,10,,,,,,
XI,Naja,,Monk,DEF +1,ATK +1,ATK +1,ATK +1,Monk dam. +3%,-,Dexterity (3★),1,2,3,4,5,Vitality (3★),2,4,6,8,10,Bravery (3★),2,4,6,8,10,,,,,,
XI,Naja,,Warrior,ATK +1,HP +70,DEF +1,ATK +1,HP +140,-,Vitality (3★),2,4,6,8,10,Bravery (3★),3,6,9,12,15,,,,,,,,,,,,
XI,Naja,,Ranger,DEF +1,DEF +1,DEF +1,HP +60,ATK +2,-,Dexterity (3★),2,4,6,8,10,Vitality (3★),1,2,3,4,5,Bravery (3★),2,4,6,8,10,,,,,,
XI,Naja,,Master,DEF +2,HP +300,ATK +4,ATK +4,Monk dam. +6%,Monk,Dexterity (4★),1,2,3,4,5,Vitality (4★),2,4,6,8,10,Bravery (4★),2,4,6,8,10,,,,,,
XI,Naja,,Viking,ATK +2,DEF +3,ATK +4,HP +230,DEF +5,"Monk, Warrior",Vitality (4★),3,7,10,13,16,Bravery (4★),2,3,5,7,9,,,,,,,,,,,,
XI,Naja,,Berserker,ATK +2,ATK +2,ATK +3,ATK +3,Hammer dam. +3%,"Warrior, Ranger",Vitality (4★),5,10,15,20,25,,,,,,,,,,,,,,,,,,
XI,Naja,,Lifebane,Monk 5★ -> 6★,Lifebane x1,Monk dam. +3%,-,-,Monk (5★) x1,Monk (5★),4,10,15,,,,,,,,,,,,,,,,,,,,
XI,Arciela,,Black Mage,MAG +1,HP +40,RES +1,MAG +2,BLK dam. +3%,,Spirit (3★),1,3,5,7,9,Wisdom (3★),4,7,10,13,16,,,,,,,,,,,,
XI,Arciela,,Red Mage,MAG +1,DEF +1,RES +1,HP +60,DEF +2,,Spirit (3★),2,4,6,8,10,Vitality (3★),1,2,3,4,5,Wisdom (3★),2,4,6,8,10,,,,,,
XI,Arciela,,White Mage,MND +1,HP +40,RES +1,MND +1,HP +60,,Spirit (3★),4,7,10,13,16,Wisdom (3★),1,3,5,7,9,,,,,,,,,,,,
XI,Arciela,,Magus,MAG +3,HP +100,RES +3,MAG +6,BLK dam. +6%,"Black Mage, Red Mage",Spirit (4★),1,3,5,7,9,Wisdom (4★),4,7,10,13,16,,,,,,,,,,,,
XI,Arciela,,Spellblade,MAG +3,DEF +4,HP +170,MAG +6,Weakness dam. +3%,Red Mage,Dexterity (4★),2,4,6,8,10,Vitality (4★),1,2,3,4,5,Wisdom (4★),2,4,6,8,10,,,,,,
XI,Arciela,,Time Mage,DEF +2,RES +2,HP +120,MAG +5,Weakness dam. +3%,"Red Mage, White Mage",Spirit (4★),2,4,6,8,10,Dexterity (4★),1,2,3,4,5,Wisdom (4★),2,4,6,8,10,,,,,,
XI,Arciela,,Snowspell Strike,Spellblade 5★ -> 6★,Snowspell Strike x1,Spellblade dam. +3%,-,-,Spellblade (5★) x1,Spellblade (5★),4,10,15,,,,,,,,,,,,,,,,,,,,
XII,Vaan,,Warrior,ATK +1,HP +70,DEF +1,ATK +1,ATK +2,-,Vitality (3★),2,4,6,8,10,Bravery (3★),3,6,9,12,15,,,,,,,,,,,,
XII,Vaan,,Ranger,DEF +1,RES +1,ATK +1,HP +60,ATK +2,-,Dexterity (3★),2,4,6,8,10,Vitality (3★),1,2,3,4,5,Bravery (3★),2,4,6,8,10,,,,,,
XII,Vaan,,Thief,RES +1,DEF +1,ATK +1,HP +55,Thief dam. +3%,-,Dexterity (3★),2,4,6,8,10,Vitality (3★),1,2,3,4,5,Wisdom (3★),2,4,6,8,10,,,,,,
XII,Vaan,,Gladiator,ATK +3,DEF +3,HP +200,ATK +4,ATK +5,Warrior,Dexterity (4★),1,2,3,4,5,Vitality (4★),2,4,6,8,10,Bravery (4★),2,4,6,8,10,,,,,,
XII,Vaan,,Cannoneer,ATK +3,DEF +3,HP +150,ATK +6,Enable Gun,"Warrior, Ranger",Dexterity (4★),2,4,6,8,10,Vitality (4★),1,2,3,4,5,Bravery (4★),2,4,6,8,10,,,,,,
XII,Vaan,,Ninja,ATK +3,RES +3,HP +160,ATK +6,Thief dam. +6%,"Ranger, Thief",Dexterity (4★),2,4,6,8,10,Vitality (4★),2,4,6,8,10,Wisdom (4★),1,2,3,4,5,,,,,,
XII,Vaan,,Mug Bloodlust,Thief 5★ -> 6★,Mug Bloodlust x1,Thief dam. +3%,-,-,Thief (5★) x1,Thief (5★),4,10,15,,,,,,,,,,,,,,,,,,,,
XII,Balthier,,Red Mage,ATK +1,DEF +1,RES +1,HP +60,ATK +2,-,Spirit (3★),2,4,6,8,10,Vitality (3★),1,2,3,4,5,Wisdom (3★),2,4,6,8,10,,,,,,
XII,Balthier,,Ranger,RES +1,DEF +1,RES +1,HP +60,ATK +2,-,Dexterity (3★),2,4,6,8,10,Vitality (3★),1,2,3,4,5,Bravery (3★),2,4,6,8,10,,,,,,
XII,Balthier,,Warrior,ATK +1,HP +70,DEF +1,ATK +1,ATK +2,-,Vitality (3★),2,4,6,8,10,Bravery (3★),3,6,9,12,15,,,,,,,,,,,,
XII,Balthier,,Spellblade,ATK +3,RES +3,HP +170,ATK +6,Spellblade 4★ -> 5★,Red Mage,Dexterity (4★),2,4,6,8,10,Vitality (4★),1,2,3,4,5,Wisdom (4★),2,4,6,8,10,,,,,,
XII,Balthier,,Cannoneer,ATK +3,DEF +3,HP +150,ATK +6,Gun dam. +3%,"Red Mage, Ranger",Dexterity (4★),2,4,6,8,10,Vitality (4★),1,2,3,4,5,Bravery (4★),2,4,6,8,10,,,,,,
XII,Balthier,,Viking,DEF +2,ATK +3,DEF +4,HP +230,ATK +6,Warrior,Vitality (4★),3,7,10,13,16,Bravery (4★),2,3,5,7,9,,,,,,,,,,,,
XII,Balthier,,Penalty Snipe,Machinist 5★ -> 6★,Penalty Snipe x1,Machinist dam. +3%,-,-,Machinist (5★) x1,Machinist (5★),4,10,15,,,,,,,,,,,,,,,,,,,,
XII,Fran,,Ranger,ATK +1,DEF +1,RES +1,HP +60,ATK +2,-,Dexterity (3★),2,4,6,8,10,Vitality (3★),1,2,3,4,5,Bravery (3★),2,4,6,8,10,,,,,,
XII,Fran,,Thief,ATK +1,DEF +1,RES +1,HP +55,ATK +2,-,Dexterity (3★),2,4,6,8,10,Vitality (3★),1,2,3,4,5,Wisdom (3★),2,4,6,8,10,,,,,,
XII,Fran,,Red Mage,ATK +1,DEF +1,RES +1,HP +60,ATK +2,-,Spirit (3★),2,4,6,8,10,Vitality (3★),1,2,3,4,5,Wisdom (3★),2,4,6,8,10,,,,,,
XII,Fran,,Gladiator,ATK +3,DEF +3,HP +200,ATK +5,Bow dam. +3%,Ranger,Dexterity (4★),1,2,3,4,5,Vitality (4★),2,4,6,8,10,Bravery (4★),2,4,6,8,10,,,,,,
XII,Fran,,Cannoneer,ATK +3,DEF +3,HP +150,ATK +6,Enable Gun,"Ranger, Thief",Dexterity (4★),2,4,6,8,10,Vitality (4★),1,2,3,4,5,Bravery (4★),2,4,6,8,10,,,,,,
XII,Fran,,Ninja,ATK +3,RES +3,HP +160,ATK +5,ATK +6,"Thief, Red Mage",Dexterity (4★),2,4,6,8,10,Vitality (4★),2,4,6,8,10,Wisdom (4★),1,2,3,4,5,,,,,,
XII,Fran,,Penalty Snipe,Machinist 5★ -> 6★,Penalty Snipe x1,Machinist dam. +3%,-,-,Machinist (5★) x1,Machinist (5★),4,10,15,,,,,,,,,,,,,,,,,,,,
XII,Basch,,Warrior,ATK +1,HP +70,DEF +1,DEF +1,ATK +2,-,Vitality (3★),2,4,6,8,10,Bravery (3★),3,6,9,12,15,,,,,,,,,,,,
XII,Basch,,Knight,DEF +1,ATK +1,HP +100,DEF +1,Knight dam. +3%,-,Vitality (3★),3,6,9,12,15,Bravery (3★),2,4,6,8,10,,,,,,,,,,,,
XII,Basch,,Red Mage,RES +1,ATK +1,RES +1,HP +60,ATK +2,-,Spirit (3★),2,4,6,8,10,Vitality (3★),1,2,3,4,5,Wisdom (3★),2,4,6,8,10,,,,,,
XII,Basch,,Gladiator,ATK +3,DEF +3,HP +200,DEF +4,ATK +5,Warrior,Dexterity (4★),1,2,3,4,5,Vitality (4★),2,4,6,8,10,Bravery (4★),2,4,6,8,10,,,,,,
XII,Basch,,Paladin,ATK +3,DEF +3,ATK +4,HP +250,Knight dam. +6%,"Warrior, Knight",Spirit (4★),1,2,3,4,5,Vitality (4★),2,4,6,8,10,Bravery (4★),2,4,6,8,10,,,,,,
XII,Basch,,Dark Knight,DEF +2,ATK +2,HP +220,ATK +5,Enable Darkness 4★,"Knight, Red Mage",Dexterity (4★),2,3,5,7,9,Vitality (4★),3,7,10,13,16,,,,,,,,,,,,
XII,Basch,,Aegis Strike,Knight 5★ -> 6★,Aegis Strike x1,Knight dam. +3%,-,-,Knight (5★) x1,Knight (5★),4,10,15,,,,,,,,,,,,,,,,,,,,
XII,Basch,,Demonsblood,Samurai 5★ -> 6★,Demonsblood x1,Samurai dam. +3%,-,-,Samurai (5★) x1,Samurai (5★),4,10,15,,,,,,,,,,,,,,,,,,,,
XII,Ashe,,Black Mage,MAG +1,HP +40,RES +1,MAG +2,BLK dam. +3%,-,Spirit (3★),1,3,5,7,9,Wisdom (3★),4,7,10,13,16,,,,,,,,,,,,
XII,Ashe,,Red Mage,RES +1,MAG +1,RES +1,HP +60,MAG +2,-,Spirit (3★),2,4,6,8,10,Vitality (3★),1,2,3,4,5,Wisdom (3★),2,4,6,8,10,,,,,,
XII,Ashe,,Warrior,ATK +1,HP +70,DEF +1,ATK +1,DEF +2,-,Vitality (3★),2,4,6,8,10,Bravery (3★),3,6,9,12,15,,,,,,,,,,,,
XII,Ashe,,Magus,MAG +3,HP +100,RES +3,MAG +6,BLK dam. +6%,Black Mage,Spirit (4★),1,3,5,7,9,Wisdom (4★),4,7,10,13,16,,,,,,,,,,,,
XII,Ashe,,Summoner,SUM dam. +3%,RES +3,HP +120,MAG +6,SUM dam. +6%,Red Mage,Spirit (4★),2,4,6,8,10,Dexterity (4★),1,2,3,4,5,Wisdom (4★),2,4,6,8,10,,,,,,
XII,Ashe,,Spellblade,RES +3,MAG +3,HP +170,MAG +6,Lightning dam. +3%,"Red Mage, Warrior",Dexterity (4★),2,4,6,8,10,Vitality (4★),1,2,3,4,5,Wisdom (4★),2,4,6,8,10,,,,,,
XII,Penelo,,White Mage,MND +1,HP +40,RES +1,MND +2,WHT heals +3%,-,Spirit (3★),4,7,10,13,16,Wisdom (3★),1,3,5,7,9,,,,,,,,,,,,
XII,Penelo,,Dancer,MND +1,DEF +1,RES +1,HP +55,MND +2,-,Spirit (3★),2,4,6,8,10,Dexterity (3★),2,4,6,8,10,Vitality (3★),1,2,3,4,5,,,,,,
XII,Penelo,,Bard,DEF +1,MND +1,RES +1,HP +55,MND +2,-,Spirit (3★),2,4,6,8,10,Dexterity (3★),2,4,6,8,10,Wisdom (3★),1,2,3,4,5,,,,,,
XII,Penelo,,Devout,MND +3,HP +100,RES +3,MND +6,Holy dam. +3%,White Mage,Spirit (4★),4,7,10,13,16,Wisdom (4★),1,3,5,7,9,,,,,,,,,,,,
XII,Penelo,,Illusionist,MND +3,RES +3,HP +150,MND +5,Silence Imm. (minor),"Dancer, Bard",Spirit (4★),2,4,6,8,10,Dexterity (4★),1,2,3,4,5,Wisdom (4★),2,4,6,8,10,,,,,,
XII,Penelo,,Geomancer,MND +3,RES +3,HP +130,DEF +6,Sleep Imm. (minor),"Dancer, Bard",Spirit (4★),1,2,3,4,5,Dexterity (4★),2,4,6,8,10,Wisdom (4★),2,4,6,8,10,,,,,,
XII,Gabranth,,Warrior,ATK +1,HP +70,DEF +1,ATK +1,ATK +2,-,Vitality (3★),2,4,6,8,10,Bravery (3★),3,6,9,12,15,,,,,,,,,,,,
XII,Gabranth,,Knight,DEF +1,ATK +1,HP +100,ATK +1,DEF +2,-,Vitality (3★),3,6,9,12,15,Bravery (3★),2,4,6,8,10,,,,,,,,,,,,
XII,Gabranth,,Red Mage,ATK +1,RES +1,ATK +1,HP +60,RES +2,-,Spirit (3★),2,4,6,8,10,Vitality (3★),1,2,3,4,5,Wisdom (3★),2,4,6,8,10,,,,,,
XII,Gabranth,,Gladiator,ATK +3,DEF +3,HP +200,ATK +4,ATK +5,Warrior,Dexterity (4★),1,2,3,4,5,Vitality (4★),2,4,6,8,10,Bravery (4★),2,4,6,8,10,,,,,,
XII,Gabranth,,Paladin,RES +3,ATK +3,DEF +4,HP +250,DEF +6,"Warrior, Knight",Spirit (4★),1,2,3,4,5,Vitality (4★),2,4,6,8,10,Bravery (4★),2,4,6,8,10,,,,,,
XII,Gabranth,,Dark Knight,DEF +2,ATK +2,HP +220,ATK +5,Dark dam. +3%,"Knight, Red Mage",Dexterity (4★),2,3,5,7,9,Vitality (4★),3,7,10,13,16,,,,,,,,,,,,
XII,Larsa,,White Mage,MND +1,HP +40,RES +1,MND +2,WHT heals +3%,-,Spirit (3★),4,7,10,13,16,Wisdom (3★),1,3,5,7,9,,,,,,,,,,,,
XII,Larsa,,Bard,DEF +1,MND +1,RES +1,HP +55,MND +2,-,Spirit (3★),2,4,6,8,10,Dexterity (3★),2,4,6,8,10,Wisdom (3★),1,2,3,4,5,,,,,,
XII,Larsa,,Red Mage,MND +1,DEF +1,RES +1,HP +60,MND +2,-,Spirit (3★),2,4,6,8,10,Vitality (3★),1,2,3,4,5,Wisdom (3★),2,4,6,8,10,,,,,,
XII,Larsa,,Devout,MND +3,HP +100,WHT heals +3%,MND +6,WHT heals +6%,White Mage,Spirit (4★),4,7,10,13,16,Wisdom (4★),1,3,5,7,9,,,,,,,,,,,,
XII,Larsa,,Illusionist,RES +3,MND +3,HP +130,MND +4,RES +6,"White Mage, Bard",Spirit (4★),2,4,6,8,10,Dexterity (4★),1,2,3,4,5,Wisdom (4★),2,4,6,8,10,,,,,,
XII,Larsa,,Time Mage,DEF +2,RES +2,HP +120,RES +5,MND +6,"Bard, Red Mage",Spirit (4★),2,4,6,8,10,Dexterity (4★),1,2,3,4,5,Wisdom (4★),2,4,6,8,10,,,,,,
XII,Vayne,,Monk,ATK +1,HP +40,ATK +1,ATK +2,HP +80,-,Dexterity (3★),1,2,3,4,5,Vitality (3★),2,4,6,8,10,Bravery (3★),2,4,6,8,10,,,,,,
XII,Vayne,,Red Mage,MAG +1,MAG +1,MAG +1,HP +80,ATK +2,-,Spirit (3★),2,4,6,8,10,Vitality (3★),1,2,3,4,5,Wisdom (3★),2,4,6,8,10,,,,,,
XII,Vayne,,Black Mage,MAG +1,MAG +1,MAG +1,MAG +2,MAG +2,-,Spirit (3★),1,3,5,7,9,Wisdom (3★),4,7,10,13,16,,,,,,,,,,,,
XII,Vayne,,Master,ATK +3,HP +60,ATK +5,ATK +6,Monk dam. +6%,Monk,Dexterity (4★),1,2,3,4,5,Vitality (4★),2,4,6,8,10,Bravery (4★),2,4,6,8,10,,,,,,
XII,Vayne,,Warmage,MAG +3,MAG +4,ATK +6,Darkness dam. +6%,Dark dam. +3%,"Red Mage, Black Mage",Dexterity (4★),2,4,6,8,10,Vitality (4★),1,2,3,4,5,Wisdom (4★),2,4,6,8,10,,,,,,
XII,Vayne,,Magus,MAG +3,HP +100,MAG +5,ATK +6,BLK dam. +6%,Black Mage,Spirit (4★),1,3,5,7,9,Wisdom (4★),4,7,10,13,16,,,,,,,,,,,,
XII,Vayne,,Lifebane,Monk 5★ -> 6★,Lifebane x1,Monk dam. +3%,-,-,Monk (5★) x1,Monk (5★),4,10,15,,,,,,,,,,,,,,,,,,,,
XII,Reks,,Warrior,ATK +1,HP +70,DEF +1,ATK +1,ATK +2,-,Vitality (3★),2,4,6,8,10,Bravery (3★),3,6,9,12,15,,,,,,,,,,,,
XII,Reks,,Red Mage,ATK +1,DEF +1,MND +1,HP +60,ATK +2,-,Spirit (3★),2,4,6,8,10,Vitality (3★),1,2,3,4,5,Wisdom (3★),2,4,6,8,10,,,,,,
XII,Reks,,Knight,DEF +1,ATK +1,HP +100,DEF +1,DEF +2,-,Vitality (3★),3,6,9,12,15,Bravery (3★),2,4,6,8,10,,,,,,,,,,,,
XII,Reks,,Gladiator,ATK +3,DEF +3,HP +200,ATK +4,ATK +5,Warrior,Dexterity (4★),1,2,3,4,5,Vitality (4★),2,4,6,8,10,Bravery (4★),2,4,6,8,10,,,,,,
XII,Reks,,Spellblade,Spellblade dam. +3%,ATK +3,HP +170,ATK +6,Spellblade dam. +6%,"Warrior, Red Mage",Dexterity (4★),2,4,6,8,10,Vitality (4★),1,2,3,4,5,Wisdom (4★),2,4,6,8,10,,,,,,
XII,Reks,,Paladin,MND +3,ATK +3,DEF +4,HP +250,ATK +6,"Red Mage, Knight",Spirit (4★),1,2,3,4,5,Vitality (4★),2,4,6,8,10,Bravery (4★),2,4,6,8,10,,,,,,
XII,Reks,,Snowspell Strike,Spellblade 5★ -> 6★,Snowspell Strike x1,Spellblade dam. +3%,-,-,Spellblade (5★) x1,Spellblade (5★),4,10,15,,,,,,,,,,,,,,,,,,,,
XIII,Lightning,,Ranger,DEF +1,ATK +1,DEF +1,HP +60,ATK +2,-,Dexterity (3★),2,4,6,8,10,Vitality (3★),1,2,3,4,5,Bravery (3★),2,4,6,8,10,,,,,,
XIII,Lightning,,Warrior,ATK +1,HP +70,DEF +1,ATK +1,ATK +2,-,Vitality (3★),2,4,6,8,10,Bravery (3★),3,6,9,12,15,,,,,,,,,,,,
XIII,Lightning,,Red Mage,ATK +1,DEF +1,ATK +1,HP +60,DEF +2,-,Spirit (3★),2,4,6,8,10,Vitality (3★),1,2,3,4,5,Wisdom (3★),2,4,6,8,10,,,,,,
XIII,Lightning,,Cannoneer,ATK +3,DEF +3,HP +150,ATK +6,PHY +3%,Ranger,Dexterity (4★),2,4,6,8,10,Vitality (4★),1,2,3,4,5,Bravery (4★),2,4,6,8,10,,,,,,
XIII,Lightning,,Gladiator,ATK +3,DEF +3,HP +200,ATK +4,Sword dam. +3%,"Ranger, Warrior",Dexterity (4★),1,2,3,4,5,Vitality (4★),2,4,6,8,10,Bravery (4★),2,4,6,8,10,,,,,,
XIII,Lightning,,Spellblade,ATK +3,HP +170,DEF +4,ATK +5,Spellblade 4★ -> 5★,"Warrior, Red Mage",Dexterity (4★),2,4,6,8,10,Vitality (4★),1,2,3,4,5,Wisdom (4★),2,4,6,8,10,,,,,,
XIII,Lightning,,Aegis Strike,Knight 5★ -> 6★,Aegis Strike x1,Knight dam. +3%,-,-,Knight (5★) x1,Knight (5★),4,10,15,,,,,,,,,,,,,,,,,,,,
XIII,Snow,,Knight,DEF +1,ATK +1,HP +100,DEF +1,DEF +2,-,Vitality (3★),3,6,9,12,15,Bravery (3★),2,4,6,8,10,,,,,,,,,,,,
XIII,Snow,,Monk,DEF +1,RES +1,ATK +1,ATK +2,HP +80,-,Dexterity (3★),1,2,3,4,5,Vitality (3★),2,4,6,8,10,Bravery (3★),2,4,6,8,10,,,,,,
XIII,Snow,,Thief,RES +1,DEF +1,ATK +1,HP +55,ATK +2,-,Dexterity (3★),2,4,6,8,10,Vitality (3★),1,2,3,4,5,Wisdom (3★),2,4,6,8,10,,,,,,
XIII,Snow,,Paladin,DEF +3,ATK +3,DEF +5,HP +250,Knight dam. +6%,Knight,Spirit (4★),1,2,3,4,5,Vitality (4★),2,4,6,8,10,Bravery (4★),2,4,6,8,10,,,,,,
XIII,Snow,,Master,ATK +3,ATK +3,HP +230,ATK +6,Monk dam. +6%,Monk,Dexterity (4★),1,2,3,4,5,Vitality (4★),2,4,6,8,10,Bravery (4★),2,4,6,8,10,,,,,,
XIII,Snow,,Berserker,ATK +2,ATK +2,ATK +3,ATK +3,ATK +5,"Monk, Thief",Vitality (4★),5,10,15,20,25,,,,,,,,,,,,,,,,,,
XIII,Snow,,Lifebane,Monk 5★ -> 6★,Lifebane x1,Monk dam. +3%,-,-,Monk (5★) x1,Monk (5★),4,10,15,,,,,,,,,,,,,,,,,,,,
XIII,Snow,,Aegis Strike,Knight 5★ -> 6★,Aegis Strike x1,Knight dam. +3%,-,-,Knight (5★) x1,Knight (5★),4,10,15,,,,,,,,,,,,,,,,,,,,
XIII,Vanille,,White Mage,MND +1,HP +40,RES +1,MND +2,WHT heals +3%,-,Spirit (3★),4,7,10,13,16,Wisdom (3★),1,3,5,7,9,,,,,,,,,,,,
XIII,Vanille,,Dancer,MND +1,MAG +1,RES +1,HP +55,MND +2,-,Spirit (3★),2,4,6,8,10,Dexterity (3★),2,4,6,8,10,Vitality (3★),1,2,3,4,5,,,,,,
XIII,Vanille,,Black Mage,MAG +1,HP +40,RES +1,MAG +2,BLK dam. +3%,-,Spirit (3★),1,3,5,7,9,Wisdom (3★),4,7,10,13,16,,,,,,,,,,,,
XIII,Vanille,,Devout,MND +3,HP +100,RES +3,MND +6,WHT heals +6%,White Mage,Spirit (4★),4,7,10,13,16,Wisdom (4★),1,3,5,7,9,,,,,,,,,,,,
XIII,Vanille,,Summoner,MND +3,HP +120,MAG +3,MND +6,Silence Imm. (minor),"White Mage, Dancer",Spirit (4★),2,4,6,8,10,Dexterity (4★),1,2,3,4,5,Wisdom (4★),2,4,6,8,10,,,,,,
XIII,Vanille,,Magus,MAG +3,HP +100,RES +3,MAG +6,BLK dam. +6%,Black Mage,Spirit (4★),1,3,5,7,9,Wisdom (4★),4,7,10,13,16,,,,,,,,,,,,
XIII,Sazh,,Ranger,ATK +1,DEF +1,ATK +1,HP +60,ATK +2,-,Dexterity (3★),2,4,6,8,10,Vitality (3★),1,2,3,4,5,Bravery (3★),2,4,6,8,10,,,,,,
XIII,Sazh,,Thief,ATK +1,DEF +1,ATK +1,HP +55,ATK +2,-,Dexterity (3★),2,4,6,8,10,Vitality (3★),1,2,3,4,5,Wisdom (3★),2,4,6,8,10,,,,,,
XIII,Sazh,,Red Mage,ATK +1,DEF +1,ATK +1,HP +60,ATK +2,-,Spirit (3★),2,4,6,8,10,Vitality (3★),1,2,3,4,5,Wisdom (3★),2,4,6,8,10,,,,,,
XIII,Sazh,,Cannoneer,Machinist dam. +3%,DEF +3,HP +150,Machinist dam. +6%,Gun dam. +3%,Ranger,Dexterity (4★),2,4,6,8,10,Vitality (4★),1,2,3,4,5,Bravery (4★),2,4,6,8,10,,,,,,
XIII,Sazh,,Ninja,ATK +3,RES +3,HP +160,ATK +4,ATK +5,"Ranger, Thief",Dexterity (4★),2,4,6,8,10,Vitality (4★),2,4,6,8,10,Wisdom (4★),1,2,3,4,5,,,,,,
XIII,Sazh,,Beastmaster,ATK +3,DEF +3,HP +150,RES +4,ATK +6,"Thief, Red Mage",Dexterity (4★),3,6,9,12,15,Vitality (4★),1,2,3,4,5,Wisdom (4★),1,2,3,4,5,,,,,,
XIII,Sazh,,Penalty Snipe,Machinist 5★ -> 6★,Penalty Snipe x1,Machinist dam. +3%,-,-,Machinist (5★) x1,Machinist (5★),4,10,15,,,,,,,,,,,,,,,,,,,,
XIII,Hope,,Black Mage,MAG +1,HP +40,RES +1,MAG +2,BLK dam. +3%,-,Spirit (3★),1,3,5,7,9,Wisdom (3★),4,7,10,13,16,,,,,,,,,,,,
XIII,Hope,,Red Mage,MND +1,MAG +1,MND +1,HP +60,RES +2,-,Spirit (3★),2,4,6,8,10,Vitality (3★),1,2,3,4,5,Wisdom (3★),2,4,6,8,10,,,,,,
XIII,Hope,,White Mage,MND +1,HP +40,RES +1,MND +1,MND +2,-,Spirit (3★),4,7,10,13,16,Wisdom (3★),1,3,5,7,9,,,,,,,,,,,,
XIII,Hope,,Magus,MAG +3,HP +100,RES +3,MAG +6,BLK dam. +6%,Black Mage,Spirit (4★),1,3,5,7,9,Wisdom (4★),4,7,10,13,16,,,,,,,,,,,,
XIII,Hope,,Summoner,SUM dam. +3%,MAG +3,HP +120,MAG +6,SUM dam. +6%,"Black Mage, Red Mage",Spirit (4★),2,4,6,8,10,Dexterity (4★),1,2,3,4,5,Wisdom (4★),2,4,6,8,10,,,,,,
XIII,Hope,,Time Mage,MAG +2,RES +2,HP +120,MND +5,MAG +6,"Red Mage, White Mage",Spirit (4★),2,4,6,8,10,Dexterity (4★),1,2,3,4,5,Wisdom (4★),2,4,6,8,10,,,,,,
XIII,Fang,,Knight,ATK +1,DEF +1,HP +100,DEF +1,ATK +2,-,Vitality (3★),3,6,9,12,15,Bravery (3★),2,4,6,8,10,,,,,,,,,,,,
XIII,Fang,,Ranger,ATK +1,DEF +1,ATK +1,HP +60,ATK +2,-,Dexterity (3★),2,4,6,8,10,Vitality (3★),1,2,3,4,5,Bravery (3★),2,4,6,8,10,,,,,,
XIII,Fang,,Warrior,DEF +1,HP +70,ATK +1,DEF +1,ATK +2,-,Vitality (3★),2,4,6,8,10,Bravery (3★),3,6,9,12,15,,,,,,,,,,,,
XIII,Fang,,Gladiator,ATK +3,DEF +3,HP +200,ATK +4,Spear dam. +3%,Knight,Dexterity (4★),1,2,3,4,5,Vitality (4★),2,4,6,8,10,Bravery (4★),2,4,6,8,10,,,,,,
XIII,Fang,,Berserker,ATK +2,ATK +2,ATK +3,ATK +3,ATK +5,Ranger,Vitality (4★),5,10,15,20,25,,,,,,,,,,,,,,,,,,
XIII,Fang,,Dragoon,ATK +3,DEF +4,HP +220,ATK +5,Dragoon dam. +6%,"Ranger, Warrior",Dexterity (4★),2,4,6,8,10,Vitality (4★),2,4,6,8,10,Bravery (4★),1,2,3,4,5,,,,,,
XIII,Fang,,Sky High,Dragoon 5★ -> 6★,Sky High x1,Dragoon dam. +3%,-,-,Dragoon (5★) x1,Dragoon (5★),4,10,15,,,,,,,,,,,,,,,,,,,,
XIII,Serah,,Black Mage,MAG +1,HP +40,RES +1,MAG +2,BLK dam. +3%,-,Spirit (3★),1,3,5,7,9,Wisdom (3★),4,7,10,13,16,,,,,,,,,,,,
XIII,Serah,,Red Mage,RES +1,MAG +1,MAG +1,HP +60,MAG +2,-,Spirit (3★),2,4,6,8,10,Vitality (3★),1,2,3,4,5,Wisdom (3★),2,4,6,8,10,,,,,,
XIII,Serah,,Ranger,MAG +1,DEF +1,RES +1,HP +60,DEF +2,-,Dexterity (3★),2,4,6,8,10,Vitality (3★),1,2,3,4,5,Bravery (3★),2,4,6,8,10,,,,,,
XIII,Serah,,Magus,MAG +3,HP +100,RES +4,MAG +5,BLK dam. +6%,Black Mage,Spirit (4★),1,3,5,7,9,Wisdom (4★),4,7,10,13,16,,,,,,,,,,,,
XIII,Serah,,Spellblade,RES +3,MAG +3,HP +170,MAG +6,Ice dam. +3%,"Black Mage, Red Mage",Dexterity (4★),2,4,6,8,10,Vitality (4★),1,2,3,4,5,Wisdom (4★),2,4,6,8,10,,,,,,
XIII,Serah,,Beastmaster,RES +3,DEF +3,HP +150,MAG +5,Bow BLK dam. +3%,Ranger,Dexterity (4★),3,6,9,12,15,Vitality (4★),1,2,3,4,5,Wisdom (4★),1,2,3,4,5,,,,,,
XIII,Cid Raines,,Black Mage,RES +1,HP +40,RES +1,MAG +2,BLK dam. +3%,-,Spirit (3★),1,3,5,7,9,Wisdom (3★),4,7,10,13,16,,,,,,,,,,,,
XIII,Cid Raines,,Red Mage,MAG +1,DEF +1,RES +1,HP +60,MAG +2,-,Spirit (3★),2,4,6,8,10,Vitality (3★),1,2,3,4,5,Wisdom (3★),2,4,6,8,10,,,,,,
XIII,Cid Raines,,Monk,DEF +1,RES +1,ATK +1,ATK +2,HP +80,-,Dexterity (3★),1,2,3,4,5,Vitality (3★),2,4,6,8,10,Bravery (3★),2,4,6,8,10,,,,,,
XIII,Cid Raines,,Magus,MAG +3,HP +100,MAG +3,MAG +6,BLK dam. +6%,Black Mage,Spirit (4★),1,3,5,7,9,Wisdom (4★),4,7,10,13,16,,,,,,,,,,,,
XIII,Cid Raines,,Warmage,MAG +2,MAG +2,HP +180,MAG +6,Darkness dam. +6%,"Black Mage, Red Mage",Dexterity (4★),2,4,6,8,10,Vitality (4★),1,2,3,4,5,Wisdom (4★),2,4,6,8,10,,,,,,
XIII,Cid Raines,,Master,DEF +3,HP +60,ATK +4,ATK +5,HP +180,Monk,Dexterity (4★),1,2,3,4,5,Vitality (4★),2,4,6,8,10,Bravery (4★),2,4,6,8,10,,,,,,
XIII,Noel,,Warrior,ATK +1,HP +70,DEF +1,ATK +1,ATK +2,-,Vitality (3★),2,4,6,8,10,Bravery (3★),3,6,9,12,15,,,,,,,,,,,,
XIII,Noel,,Ranger,ATK +1,DEF +1,DEF +1,HP +60,ATK +2,-,Dexterity (3★),2,4,6,8,10,Vitality (3★),1,2,3,4,5,Bravery (3★),2,4,6,8,10,,,,,,
XIII,Noel,,Red Mage,ATK +1,DEF +1,ATK +1,HP +60,ATK +2,-,Spirit (3★),2,4,6,8,10,Vitality (3★),1,2,3,4,5,Wisdom (3★),2,4,6,8,10,,,,,,
XIII,Noel,,Gladiator,ATK +3,DEF +3,HP +200,ATK +5,Sword dam. +3%,Warrior,Dexterity (4★),1,2,3,4,5,Vitality (4★),2,4,6,8,10,Bravery (4★),2,4,6,8,10,,,,,,
XIII,Noel,,Thief,ATK +3,ATK +3,HP +160,Thief dam. +6%,Thief 4★ -> 5★,Ranger,Dexterity (4★),2,4,6,8,10,Vitality (4★),1,2,3,4,5,Wisdom (4★),2,4,6,8,10,,,,,,
XIII,Noel,,Ninja,ATK +3,DEF +3,HP +160,ATK +5,ATK +6,"Ranger, Red Mage",Dexterity (4★),2,4,6,8,10,Vitality (4★),2,4,6,8,10,Wisdom (4★),1,2,3,4,5,,,,,,
XIII,Noel,,Sky High,Dragoon 5★ -> 6★,Sky High x1,Dragoon dam. +3%,-,-,Dragoon (5★) x1,Dragoon (5★),4,10,15,,,,,,,,,,,,,,,,,,,,
XIII,Nabaat,,Black Mage,MAG +1,HP +60,RES +1,MAG +2,BLK dam. +3%,-,Spirit (3★),1,3,5,7,9,Wisdom (3★),4,7,10,13,16,,,,,,,,,,,,
XIII,Nabaat,,Red Mage,RES +1,DEF +1,MND +1,HP +60,MAG +2,-,Spirit (3★),2,4,6,8,10,Vitality (3★),1,2,3,4,5,Wisdom (3★),2,4,6,8,10,,,,,,
XIII,Nabaat,,Ranger,MAG +1,DEF +1,MND +1,HP +60,MAG +2,-,Dexterity (3★),2,4,6,8,10,Vitality (3★),1,2,3,4,5,Bravery (3★),2,4,6,8,10,,,,,,
XIII,Nabaat,,Magus,MAG +3,HP +120,HP +150,MAG +6,BLK dam. +6%,Black Mage,Spirit (4★),1,3,5,7,9,Wisdom (4★),4,7,10,13,16,,,,,,,,,,,,
XIII,Nabaat,,Warmage,MAG +3,MAG +4,HP +180,MAG +6,Darkness dam. +6%,"Black Mage, Red Mage",Dexterity (4★),2,4,6,8,10,Vitality (4★),1,2,3,4,5,Wisdom (4★),2,4,6,8,10,,,,,,
XIII,Nabaat,,Beastmaster,RES +3,DEF +3,HP +150,MND +6,Witch 4★ -> 5★,"Red Mage, Ranger",Dexterity (4★),3,6,9,12,15,Vitality (4★),1,2,3,4,5,Wisdom (4★),1,2,3,4,5,,,,,,
XIV,Y'shtola,,White Mage,RES +1,HP +40,RES +1,MND +2,WHT heals +3%,-,Spirit (3★),4,7,10,13,16,Wisdom (3★),1,3,5,7,9,,,,,,,,,,,,
XIV,Y'shtola,,Ranger,RES +1,MND +1,RES +1,HP +60,RES +2,-,Dexterity (3★),2,4,6,8,10,Vitality (3★),1,2,3,4,5,Bravery (3★),2,4,6,8,10,,,,,,
XIV,Y'shtola,,Red Mage,RES +1,DEF +1,MND +1,HP +60,RES +2,-,Spirit (3★),2,4,6,8,10,Vitality (3★),1,2,3,4,5,Wisdom (3★),2,4,6,8,10,,,,,,
XIV,Y'shtola,,Devout,WHT heals +3%,HP +100,MND +4,MND +5,WHT heals +6%,White Mage,Spirit (4★),4,7,10,13,16,Wisdom (4★),1,3,5,7,9,,,,,,,,,,,,
XIV,Y'shtola,,Illusionist,MND +3,RES +4,HP +130,MND +5,Silence Imm. (minor),"White Mage, Ranger",Spirit (4★),2,4,6,8,10,Dexterity (4★),1,2,3,4,5,Wisdom (4★),2,4,6,8,10,,,,,,
XIV,Y'shtola,,Geomancer,RES +3,MND +3,HP +130,MND +5,RES +6,"Ranger, Red Mage",Spirit (4★),1,2,3,4,5,Dexterity (4★),2,4,6,8,10,Wisdom (4★),2,4,6,8,10,,,,,,
XIV,Thancred,,Knight,ATK +1,HP +70,DEF +1,ATK +1,ATK +2,-,Vitality (3★),3,6,9,12,15,Bravery (3★),2,4,6,8,10,,,,,,,,,,,,
XIV,Thancred,,Bard,DEF +1,ATK +1,RES +1,HP +55,ATK +2,-,Spirit (3★),2,4,6,8,10,Dexterity (3★),2,4,6,8,10,Wisdom (3★),1,2,3,4,5,,,,,,
XIV,Thancred,,Thief,RES +1,DEF +1,ATK +1,HP +55,ATK +2,-,Dexterity (3★),2,4,6,8,10,Vitality (3★),1,2,3,4,5,Wisdom (3★),2,4,6,8,10,,,,,,
XIV,Thancred,,Gladiator,ATK +3,DEF +3,HP +200,ATK +4,ATK +5,Knight,Dexterity (4★),1,2,3,4,5,Vitality (4★),2,4,6,8,10,Bravery (4★),2,4,6,8,10,,,,,,
XIV,Thancred,,Warmage,ATK +3,ATK +4,HP +180,DEF +5,ATK +6,"Knight, Bard",Dexterity (4★),2,4,6,8,10,Vitality (4★),1,2,3,4,5,Wisdom (4★),2,4,6,8,10,,,,,,
XIV,Thancred,,Ninja,ATK +3,RES +3,HP +160,Thief dam. +6%,Ninja dam. +6%,"Bard, Ranger",Dexterity (4★),2,4,6,8,10,Vitality (4★),2,4,6,8,10,Wisdom (4★),1,2,3,4,5,,,,,,
XIV,Thancred,,Snowspell Strike,Spellblade 5★ -> 6★,Snowspell Strike x1,Spellblade dam. +3%,-,-,Spellblade (5★) x1,Spellblade (5★),4,10,15,,,,,,,,,,,,,,,,,,,,
XIV,Thancred,,Mug Bloodlust,Thief 5★ -> 6★,Mug Bloodlust x1,Thief dam. +3%,-,-,Thief (5★) x1,Thief (5★),4,10,15,,,,,,,,,,,,,,,,,,,,
XIV,Thancred,,Stitch in Time,Ninja 5★ -> 6★,Stitch in Time x1,Ninja dam. +3%,-,-,Ninja (5★) x1,Ninja (5★),4,10,15,,,,,,,,,,,,,,,,,,,,
XIV,Yda,,Monk,DEF +1,ATK +1,ATK +1,HP +120,Monk dam. +3%,-,Dexterity (3★),1,2,3,4,5,Vitality (3★),2,4,6,8,10,Bravery (3★),2,4,6,8,10,,,,,,
XIV,Yda,,Warrior,ATK +1,DEF +1,ATK +1,HP +100,ATK +2,-,Vitality (3★),2,4,6,8,10,Bravery (3★),3,6,9,12,15,,,,,,,,,,,,
XIV,Yda,,Dancer,RES +1,DEF +1,RES +1,HP +80,ATK +2,-,Spirit (3★),2,4,6,8,10,Dexterity (3★),2,4,6,8,10,Vitality (3★),1,2,3,4,5,,,,,,
XIV,Yda,,Master,DEF +3,ATK +4,HP +240,ATK +5,Monk dam. +6%,Monk,Dexterity (4★),1,2,3,4,5,Vitality (4★),2,4,6,8,10,Bravery (4★),2,4,6,8,10,,,,,,
XIV,Yda,,Berserker,ATK +3,ATK +4,HP +200,ATK +4,Fist dam. +3%,Warrior,Vitality (4★),5,10,15,20,25,,,,,,,,,,,,,,,,,,
XIV,Yda,,Ninja,ATK +3,ATK +3,HP +160,ATK +5,Enable Celerity 4★,"Warrior, Dancer",Dexterity (4★),2,4,6,8,10,Vitality (4★),2,4,6,8,10,Wisdom (4★),1,2,3,4,5,,,,,,
XIV,Yda,,Lifebane,Monk 5★ -> 6★,Lifebane x1,Monk dam. +3%,-,-,Monk (5★) x1,Monk (5★),4,10,15,,,,,,,,,,,,,,,,,,,,
XIV,Papalymo,,Red Mage,RES +1,DEF +1,MAG +1,HP +60,MAG +2,-,Spirit (3★),2,4,6,8,10,Vitality (3★),1,2,3,4,5,Wisdom (3★),2,4,6,8,10,,,,,,
XIV,Papalymo,,Black Mage,MAG +1,HP +40,RES +1,MAG +2,BLK dam. +3%,-,Spirit (3★),1,3,5,7,9,Wisdom (3★),4,7,10,13,16,,,,,,,,,,,,
XIV,Papalymo,,White Mage,RES +1,HP +40,RES +1,MND +1,RES +2,-,Spirit (3★),4,7,10,13,16,Wisdom (3★),1,3,5,7,9,,,,,,,,,,,,
XIV,Papalymo,,Time Mage,DEF +3,RES +3,HP +120,MAG +6,BLK +3%,"Red Mage, Black Mage",Spirit (4★),2,4,6,8,10,Dexterity (4★),1,2,3,4,5,Wisdom (4★),2,4,6,8,10,,,,,,
XIV,Papalymo,,Magus,MAG +3,HP +100,RES +4,MAG +6,BLK dam. +6%,Black Mage,Spirit (4★),1,3,5,7,9,Wisdom (4★),4,7,10,13,16,,,,,,,,,,,,
XIV,Papalymo,,Sage,MAG +3,RES +3,HP +130,MAG +6,Weakness dam. +3%,"Black Mage, White Mage",Spirit (4★),2,4,6,8,10,Vitality (4★),1,2,3,4,5,Wisdom (4★),2,4,6,8,10,,,,,,
XIV,Alphinaud,,Black Mage,MAG +1,HP +40,RES +1,MAG +2,BLK dam. +3%,-,Spirit (3★),1,3,5,7,9,Wisdom (3★),4,7,10,13,16,,,,,,,,,,,,
XIV,Alphinaud,,Red Mage,MND +1,MND +1,MAG +1,HP +60,MAG +2,-,Spirit (3★),2,4,6,8,10,Vitality (3★),1,2,3,4,5,Wisdom (3★),2,4,6,8,10,,,,,,
XIV,Alphinaud,,White Mage,MND +1,HP +40,MND +1,MND +2,WHT heals +3%,-,Spirit (3★),4,7,10,13,16,Wisdom (3★),1,3,5,7,9,,,,,,,,,,,,
XIV,Alphinaud,,Magus,MAG +4,HP +100,MAG +4,MAG +6,Black Magic 4★ -> 5★,Black Mage,Spirit (4★),1,3,5,7,9,Wisdom (4★),4,7,10,13,16,,,,,,,,,,,,
XIV,Alphinaud,,Summoner,SUM dam. +3%,MAG +4,SUM dam. +3%,MAG +6,SUM dam. +6%,"Black Mage, Red Mage",Spirit (4★),2,4,6,8,10,Dexterity (4★),1,2,3,4,5,Wisdom (4★),2,4,6,8,10,,,,,,
XIV,Alphinaud,,Illusionist,MND +4,MND +4,HP +130,MND +6,White Magic 4★ -> 5★,"Red Mage, White Mage",Spirit (4★),2,4,6,8,10,Dexterity (4★),1,2,3,4,5,Wisdom (4★),2,4,6,8,10,,,,,,
XIV,Minfilia,,Knight,ATK +1,DEF +1,HP +100,ATK +2,Knight dam. +3%,-,Vitality (3★),3,6,9,12,15,Bravery (3★),2,4,6,8,10,,,,,,,,,,,,
XIV,Minfilia,,White Mage,MND +1,MND +1,HP +55,MND +2,WHT heals +3%,-,Spirit (3★),4,7,10,13,16,Wisdom (3★),1,3,5,7,9,,,,,,,,,,,,
XIV,Minfilia,,Warrior,ATK +1,HP +70,RES +1,DEF +1,ATK +2,-,Vitality (3★),2,4,6,8,10,Bravery (3★),3,6,9,12,15,,,,,,,,,,,,
XIV,Minfilia,,Paladin,ATK +4,DEF +4,HP +250,ATK +6,Holy dam. +3%,Knight,Spirit (4★),1,2,3,4,5,Vitality (4★),2,4,6,8,10,Bravery (4★),2,4,6,8,10,,,,,,
XIV,Minfilia,,Spellblade,ATK +4,ATK +4,HP +200,MND +6,Sword dam. +3%,"Knight, White Mage",Dexterity (4★),2,4,6,8,10,Vitality (4★),1,2,3,4,5,Wisdom (4★),2,4,6,8,10,,,,,,
XIV,Minfilia,,Beastmaster,ATK +4,MND +4,RES +5,ATK +6,Support dam. +3%,"White Mage, Warrior",Dexterity (4★),3,6,9,12,15,Vitality (4★),1,2,3,4,5,Wisdom (4★),1,2,3,4,5,,,,,,
XIV,Minfilia,,Aegis Strike,Knight 5★ -> 6★,Aegis Strike x1,Knight dam. +3%,-,-,Knight (5★) x1,Knight (5★),4,10,15,,,,,,,,,,,,,,,,,,,,
XIV,Cid (XIV),,Ranger,ATK +1,DEF +1,RES +1,HP +60,ATK +2,-,Dexterity (3★),2,4,6,8,10,Vitality (3★),1,2,3,4,5,Bravery (3★),2,4,6,8,10,,,,,,
XIV,Cid (XIV),,Bard,DEF +1,MND +1,RES +1,HP +55,MND +2,-,Spirit (3★),2,4,6,8,10,Dexterity (3★),2,4,6,8,10,Wisdom (3★),1,2,3,4,5,,,,,,
XIV,Cid (XIV),,Knight,DEF +1,ATK +1,HP +100,DEF +1,DEF +2,-,Vitality (3★),3,6,9,12,15,Bravery (3★),2,4,6,8,10,,,,,,,,,,,,
XIV,Cid (XIV),,Viking,ATK +2,DEF +3,ATK +4,HP +230,Gun dam. +3%,Ranger,Vitality (4★),3,7,10,13,16,Bravery (4★),2,3,5,7,9,,,,,,,,,,,,
XIV,Cid (XIV),,Cannoneer,Machinist dam. +3%,DEF +3,HP +170,ATK +6,Machinist dam. +6%,"Ranger, Bard",Dexterity (4★),2,4,6,8,10,Vitality (4★),1,2,3,4,5,Bravery (4★),2,4,6,8,10,,,,,,
XIV,Cid (XIV),,Gladiator,ATK +3,DEF +3,HP +160,ATK +4,ATK +5,"Bard, Knight",Dexterity (4★),1,2,3,4,5,Vitality (4★),2,4,6,8,10,Bravery (4★),2,4,6,8,10,,,,,,
XIV,Cid (XIV),,Penalty Snipe,Machinist 5★ -> 6★,Penalty Snipe x1,Machinist dam. +3%,-,-,Machinist (5★) x1,Machinist (5★),4,10,15,,,,,,,,,,,,,,,,,,,,
XIV,Ysayle,,Black Mage,MAG +1,HP +40,DEF +1,MAG +2,BLK dam. +3%,-,Spirit (3★),1,3,5,7,9,Wisdom (3★),4,7,10,13,16,,,,,,,,,,,,
XIV,Ysayle,,Red Mage,DEF +1,RES +1,DEF +1,HP +60,MAG +2,-,Spirit (3★),2,4,6,8,10,Vitality (3★),1,2,3,4,5,Wisdom (3★),2,4,6,8,10,,,,,,
XIV,Ysayle,,Dancer,RES +1,MAG +1,RES +1,HP +60,DEF +2,-,Spirit (3★),2,4,6,8,10,Dexterity (3★),2,4,6,8,10,Vitality (3★),1,2,3,4,5,,,,,,
XIV,Ysayle,,Magus,MAG +3,RES +3,RES +4,MAG +5,BLK dam. +6%,Black Mage,Spirit (4★),1,3,5,7,9,Wisdom (4★),4,7,10,13,16,,,,,,,,,,,,
XIV,Ysayle,,Summoner,DEF +3,RES +3,HP +170,MAG +6,Ice dam. +3%,"Black Mage, Red Mage",Spirit (4★),2,4,6,8,10,Dexterity (4★),1,2,3,4,5,Wisdom (4★),2,4,6,8,10,,,,,,
XIV,Ysayle,,Time Mage,RES +3,RES +3,HP +150,MAG +5,MAG +5,"Red Mage, Dancer",Spirit (4★),2,4,6,8,10,Dexterity (4★),1,2,3,4,5,Wisdom (4★),2,4,6,8,10,,,,,,
XIV,Haurchefant,,Warrior,DEF +1,HP +70,DEF +1,DEF +1,ATK +2,-,Vitality (3★),2,4,6,8,10,Bravery (3★),3,6,9,12,15,,,,,,,,,,,,
XIV,Haurchefant,,Knight,ATK +1,DEF +1,HP +100,DEF +2,Knight dam. +3%,-,Vitality (3★),3,6,9,12,15,Bravery (3★),2,4,6,8,10,,,,,,,,,,,,
XIV,Haurchefant,,White Mage,DEF +1,DEF +1,DEF +1,HP +60,ATK +2,-,Spirit (3★),4,7,10,13,16,Wisdom (3★),1,3,5,7,9,,,,,,,,,,,,
XIV,Haurchefant,,Gladiator,DEF +4,ATK +4,HP +200,ATK +4,Sword dam. +3%,Warrior,Dexterity (4★),1,2,3,4,5,Vitality (4★),2,4,6,8,10,Bravery (4★),2,4,6,8,10,,,,,,
XIV,Haurchefant,,Spellblade,ATK +4,DEF +4,DEF +5,HP +230,ATK +6,"Warrior, Knight",Dexterity (4★),2,4,6,8,10,Vitality (4★),1,2,3,4,5,Wisdom (4★),2,4,6,8,10,,,,,,
XIV,Haurchefant,,Paladin,DEF +4,ATK +4,HP +250,DEF +4,Knight dam. +6%,"Knight, White Mage",Spirit (4★),1,2,3,4,5,Vitality (4★),2,4,6,8,10,Bravery (4★),2,4,6,8,10,,,,,,
XIV,Haurchefant,,Aegis Strike,Knight 5★ -> 6★,Aegis Strike x1,Knight dam. +3%,-,-,Knight (5★) x1,Knight (5★),4,10,15,,,,,,,,,,,,,,,,,,,,
XIV,Estinien,,Warrior,ATK +1,HP +70,DEF +1,ATK +1,ATK +2,-,Vitality (3★),2,4,6,8,10,Bravery (3★),3,6,9,12,15,,,,,,,,,,,,
XIV,Estinien,,Knight,DEF +1,RES +1,HP +100,DEF +1,DEF +2,-,Vitality (3★),3,6,9,12,15,Bravery (3★),2,4,6,8,10,,,,,,,,,,,,
XIV,Estinien,,Ranger,DEF +1,RES +1,ATK +1,HP +60,ATK +2,-,Dexterity (3★),2,4,6,8,10,Vitality (3★),1,2,3,4,5,Bravery (3★),2,4,6,8,10,,,,,,
XIV,Estinien,,Samurai,RES +3,HP +200,ATK +5,ATK +5,ATK +6,Warrior,Dexterity (4★),2,4,6,8,10,Vitality (4★),2,4,6,8,10,Bravery (4★),1,2,3,4,5,,,,,,
XIV,Estinien,,Dark Knight,ATK +2,DEF +5,HP +220,ATK +6,Spear dam. +3%,"Warrior, Knight",Dexterity (4★),2,3,5,7,9,Vitality (4★),3,7,10,13,16,,,,,,,,,,,,
XIV,Estinien,,Dragoon,Dragoon dam. +3%,DEF +4,HP +220,ATK +5,Dragoon dam. +6%,"Knight, Ranger",Dexterity (4★),2,4,6,8,10,Vitality (4★),2,4,6,8,10,Bravery (4★),1,2,3,4,5,,,,,,
XIV,Estinien,,Sky High,Dragoon 5★ -> 6★,Sky High x1,Dragoon dam. +3%,-,-,Dragoon (5★) x1,Dragoon (5★),4,10,15,,,,,,,,,,,,,,,,,,,,
XIV,Alisaie,,Black Mage,MAG +1,HP +40,RES +1,MAG +2,BLK dam. +3%,,Spirit (3★),1,3,5,7,9,Wisdom (3★),4,7,10,13,16,,,,,,,,,,,,
XIV,Alisaie,,Red Mage,MND +1,MAG +1,MAG +1,HP +60,ATK +2,,Spirit (3★),2,4,6,8,10,Vitality (3★),1,2,3,4,5,Wisdom (3★),2,4,6,8,10,,,,,,
XIV,Alisaie,,White Mage,MND +1,HP +40,RES +1,MND +2,HP +60,,Spirit (3★),4,7,10,13,16,Wisdom (3★),1,3,5,7,9,,,,,,,,,,,,
XIV,Alisaie,,Magus,MAG +3,HP +100,RES +3,MAG +6,BLK dam. +6%,Black Mage,Spirit (4★),1,3,5,7,9,Wisdom (4★),4,7,10,13,16,,,,,,,,,,,,
XIV,Alisaie,,Spellblade,ATK +3,MAG +3,HP +170,MAG +6,Weakness dam. +3%,"Black Mage, Red Mage",Dexterity (4★),2,4,6,8,10,Vitality (4★),1,2,3,4,5,Wisdom (4★),2,4,6,8,10,,,,,,
XIV,Alisaie,,Devout,MND +3,MND +3,RES +3,MND +5,WHT heals +6%,"Red Mage, White Mage",Spirit (4★),4,7,10,13,16,Wisdom (4★),1,3,5,7,9,,,,,,,,,,,,
XIV,Alisaie,,Snowspell Strike,Spellblade 5★ -> 6★,Snowspell Strike x1,Spellblade dam. +3%,-,-,Spellblade (5★) x1,Spellblade (5★),4,10,15,,,,,,,,,,,,,,,,,,,,
XV,Noctis,,Red Mage,HP +60,DEF +1,MAG +1,HP +60,ATK +2,-,Spirit (3★),2,4,6,8,10,Vitality (3★),1,2,3,4,5,Wisdom (3★),2,4,6,8,10,,,,,,
XV,Noctis,,Warrior,ATK +1,ATK +1,DEF +1,ATK +1,ATK +2,-,Vitality (3★),2,4,6,8,10,Bravery (3★),3,6,9,12,15,,,,,,,,,,,,
XV,Noctis,,Ranger,ATK +1,DEF +1,RES +1,HP +60,ATK +2,-,Dexterity (3★),2,4,6,8,10,Vitality (3★),1,2,3,4,5,Bravery (3★),2,4,6,8,10,,,,,,
XV,Noctis,,Spellblade,ATK +3,DEF +3,HP +170,ATK +6,PHY dam. +3%,Red Mage,Dexterity (4★),2,4,6,8,10,Vitality (4★),1,2,3,4,5,Wisdom (4★),2,4,6,8,10,,,,,,
XV,Noctis,,Warmage,ATK +3,ATK +4,HP +180,ATK +6,PHY dam. +3%,"Red Mage, Warrior",Dexterity (4★),2,4,6,8,10,Vitality (4★),1,2,3,4,5,Wisdom (4★),2,4,6,8,10,,,,,,
XV,Noctis,,Gladiator,ATK +3,DEF +3,HP +200,ATK +4,Sword dam. +3%,"Warrior, Ranger",Dexterity (4★),1,2,3,4,5,Vitality (4★),2,4,6,8,10,Bravery (4★),2,4,6,8,10,,,,,,
XV,Noctis,,Sky High,Dragoon 5★ -> 6★,Sky High x1,Dragoon dam. +3%,-,-,Dragoon (5★) x1,Dragoon (5★),4,10,15,,,,,,,,,,,,,,,,,,,,
XV,Noctis,,Demonsblood,Samurai 5★ -> 6★,Demonsblood x1,Samurai dam. +3%,-,-,Samurai (5★) x1,Samurai (5★),4,10,15,,,,,,,,,,,,,,,,,,,,
XV,Gladiolus,,Ranger,DEF +1,DEF +1,DEF +1,HP +100,DEF +2,-,Dexterity (3★),2,4,6,8,10,Vitality (3★),1,2,3,4,5,Bravery (3★),2,4,6,8,10,,,,,,
XV,Gladiolus,,Knight,DEF +1,ATK +1,HP +100,ATK +1,ATK +2,-,Vitality (3★),3,6,9,12,15,Bravery (3★),2,4,6,8,10,,,,,,,,,,,,
XV,Gladiolus,,Warrior,ATK +1,DEF +1,DEF +1,ATK +1,DEF +2,-,Vitality (3★),2,4,6,8,10,Bravery (3★),3,6,9,12,15,,,,,,,,,,,,
XV,Gladiolus,,Berserker,ATK +2,ATK +2,ATK +3,ATK +3,ATK +5,Ranger,Vitality (4★),5,10,15,20,25,,,,,,,,,,,,,,,,,,
XV,Gladiolus,,Gladiator,DEF +3,DEF +3,Knight dam. +3%,ATK +5,Knight dam. +6%,"Ranger, Knight",Dexterity (4★),1,2,3,4,5,Vitality (4★),2,4,6,8,10,Bravery (4★),2,4,6,8,10,,,,,,
XV,Gladiolus,,Samurai,ATK +3,ATK +3,HP +230,HP +250,ATK +6,"Knight, Warrior",Dexterity (4★),2,4,6,8,10,Vitality (4★),2,4,6,8,10,Bravery (4★),1,2,3,4,5,,,,,,
XV,Gladiolus,,Aegis Strike,Knight 5★ -> 6★,Aegis Strike x1,Knight dam. +3%,-,-,Knight (5★) x1,Knight (5★),4,10,15,,,,,,,,,,,,,,,,,,,,
XV,Gladiolus,,Demonsblood,Samurai 5★ -> 6★,Demonsblood x1,Samurai dam. +3%,-,-,Samurai (5★) x1,Samurai (5★),4,10,15,,,,,,,,,,,,,,,,,,,,
XV,Ignis,,Warrior,ATK +1,HP +70,DEF +1,ATK +1,ATK +2,-,Vitality (3★),2,4,6,8,10,Bravery (3★),3,6,9,12,15,,,,,,,,,,,,
XV,Ignis,,Ranger,ATK +1,DEF +1,RES +1,HP +60,ATK +2,-,Dexterity (3★),2,4,6,8,10,Vitality (3★),1,2,3,4,5,Bravery (3★),2,4,6,8,10,,,,,,
XV,Ignis,,Red Mage,MAG +1,DEF +1,RES +1,HP +70,ATK +2,-,Spirit (3★),2,4,6,8,10,Vitality (3★),1,2,3,4,5,Wisdom (3★),2,4,6,8,10,,,,,,
XV,Ignis,,Ninja,ATK +3,ATK +4,HP +200,Sharpshooter dam. +3%,ATK +6,Warrior,Dexterity (4★),2,4,6,8,10,Vitality (4★),2,4,6,8,10,Wisdom (4★),1,2,3,4,5,,,,,,
XV,Ignis,,Gladiator,ATK +3,DEF +3,HP +200,DEF +4,ATK +5,"Warrior, Ranger",Dexterity (4★),1,2,3,4,5,Vitality (4★),2,4,6,8,10,Bravery (4★),2,4,6,8,10,,,,,,
XV,Ignis,,Cannoneer,ATK +3,DEF +3,HP +200,ATK +6,Sharpshooter dam. +6%,"Ranger, Red Mage",Dexterity (4★),2,4,6,8,10,Vitality (4★),1,2,3,4,5,Bravery (4★),2,4,6,8,10,,,,,,
XV,Ignis,,Mug Bloodlust,Thief 5★ -> 6★,Mug Bloodlust x1,Thief dam. +3%,-,-,Thief (5★) x1,Thief (5★),4,10,15,,,,,,,,,,,,,,,,,,,,
XV,Prompto,,Warrior,ATK +1,HP +70,DEF +1,ATK +1,ATK +2,-,Vitality (3★),2,4,6,8,10,Bravery (3★),3,6,9,12,15,,,,,,,,,,,,
XV,Prompto,,Ranger,ATK +1,DEF +1,RES +1,HP +60,ATK +2,-,Dexterity (3★),2,4,6,8,10,Vitality (3★),1,2,3,4,5,Bravery (3★),2,4,6,8,10,,,,,,
XV,Prompto,,Thief,RES +1,DEF +1,RES +1,HP +55,ATK +2,-,Dexterity (3★),2,4,6,8,10,Vitality (3★),1,2,3,4,5,Wisdom (3★),2,4,6,8,10,,,,,,
XV,Prompto,,Gladiator,ATK +3,DEF +3,HP +200,ATK +4,ATK +5,Warrior,Dexterity (4★),1,2,3,4,5,Vitality (4★),2,4,6,8,10,Bravery (4★),2,4,6,8,10,,,,,,
XV,Prompto,,Cannoneer,Machinist dam. +3%,DEF +3,HP +150,Gun dam. +3%,Machinist dam. +6%,"Warrior, Ranger, Thief",Dexterity (4★),2,4,6,8,10,Vitality (4★),1,2,3,4,5,Bravery (4★),2,4,6,8,10,,,,,,
XV,Prompto,,Ninja,ATK +3,RES +3,HP +160,ATK +5,ATK +6,"Ranger, Thief",Dexterity (4★),2,4,6,8,10,Vitality (4★),2,4,6,8,10,Wisdom (4★),1,2,3,4,5,,,,,,
XV,Prompto,,Penalty Snipe,Machinist 5★ -> 6★,Penalty Snipe x1,Machinist dam. +3%,-,-,Machinist (5★) x1,Machinist (5★),4,10,15,,,,,,,,,,,,,,,,,,,,
XV,Iris,,White Mage,MND +1,HP +40,RES +1,MND +2,WHT heals +3%,-,Spirit (3★),4,7,10,13,16,Wisdom (3★),1,3,5,7,9,,,,,,,,,,,,
XV,Iris,,Dancer,MND +1,DEF +1,RES +1,HP +55,DEF +2,-,Spirit (3★),2,4,6,8,10,Dexterity (3★),2,4,6,8,10,Vitality (3★),1,2,3,4,5,,,,,,
XV,Iris,,Monk,DEF +1,RES +1,DEF +1,MND +2,HP +80,-,Dexterity (3★),1,2,3,4,5,Vitality (3★),2,4,6,8,10,Bravery (3★),2,4,6,8,10,,,,,,
XV,Iris,,Devout,MND +3,HP +100,RES +3,MND +6,WHT heals +6%,White Mage,Spirit (4★),4,7,10,13,16,Wisdom (4★),1,3,5,7,9,,,,,,,,,,,,
XV,Iris,,Sage,MND +3,RES +3,MND +5,RES +5,Silence Imm. (minor),"White Mage, Dancer",Spirit (4★),2,4,6,8,10,Vitality (4★),1,2,3,4,5,Wisdom (4★),2,4,6,8,10,,,,,,
XV,Iris,,Ninja,RES +3,MND +3,HP +160,MND +5,Dancer 4★ -> 5★,"Dancer, Monk",Dexterity (4★),2,4,6,8,10,Vitality (4★),2,4,6,8,10,Wisdom (4★),1,2,3,4,5,,,,,,
XV,Iris,,Lifebane,Monk 5★ -> 6★,Lifebane x1,Monk dam. +3%,-,-,Monk (5★) x1,Monk (5★),4,10,15,,,,,,,,,,,,,,,,,,,,
XV,Aranea,,Knight,DEF +1,ATK +1,HP +100,DEF +1,DEF +2,-,Vitality (3★),3,6,9,12,15,Bravery (3★),2,4,6,8,10,,,,,,,,,,,,
XV,Aranea,,Warrior,ATK +1,HP +70,DEF +1,ATK +1,ATK +2,-,Vitality (3★),2,4,6,8,10,Bravery (3★),3,6,9,12,15,,,,,,,,,,,,
XV,Aranea,,Ranger,ATK +1,RES +1,ATK +1,HP +60,ATK +2,-,Dexterity (3★),2,4,6,8,10,Vitality (3★),1,2,3,4,5,Bravery (3★),2,4,6,8,10,,,,,,
XV,Aranea,,Dark Knight,ATK +2,ATK +2,HP +220,ATK +5,Spear dam. +3%,Knight,Dexterity (4★),2,3,5,7,9,Vitality (4★),3,7,10,13,16,,,,,,,,,,,,
XV,Aranea,,Dragoon,Dragoon dam. +3%,RES +4,HP +220,ATK +5,Dragoon dam. +6%,"Knight, Warrior",Dexterity (4★),2,4,6,8,10,Vitality (4★),2,4,6,8,10,Bravery (4★),1,2,3,4,5,,,,,,
XV,Aranea,,Gladiator,ATK +3,ATK +3,HP +200,ATK +4,ATK +5,"Warrior, Ranger",Dexterity (4★),1,2,3,4,5,Vitality (4★),2,4,6,8,10,Bravery (4★),2,4,6,8,10,,,,,,
XV,Aranea,,Sky High,Dragoon 5★ -> 6★,Sky High x1,Dragoon dam. +3%,-,-,Dragoon (5★) x1,Dragoon (5★),4,10,15,,,,,,,,,,,,,,,,,,,,
XV,Cor,,Warrior,ATK +1,HP +70,DEF +1,ATK +1,ATK +2,-,Vitality (3★),2,4,6,8,10,Bravery (3★),3,6,9,12,15,,,,,,,,,,,,
XV,Cor,,Knight,DEF +1,ATK +1,HP +100,DEF +1,DEF +2,-,Vitality (3★),3,6,9,12,15,Bravery (3★),2,4,6,8,10,,,,,,,,,,,,
XV,Cor,,Ranger,ATK +1,RES +1,ATK +1,HP +60,ATK +2,-,Dexterity (3★),2,4,6,8,10,Vitality (3★),1,2,3,4,5,Bravery (3★),2,4,6,8,10,,,,,,
XV,Cor,,Samurai,ATK +3,ATK +3,HP +230,HP +250,ATK +6,Warrior,Dexterity (4★),2,4,6,8,10,Vitality (4★),2,4,6,8,10,Bravery (4★),1,2,3,4,5,,,,,,
XV,Cor,,Gladiator,ATK +3,ATK +3,HP +200,ATK +4,ATK +5,"Warrior, Knight",Dexterity (4★),1,2,3,4,5,Vitality (4★),2,4,6,8,10,Bravery (4★),2,4,6,8,10,,,,,,
XV,Cor,,Ninja,ATK +3,ATK +3,HP +160,ATK +6,Katana dam. +3%,"Knight, Ranger",Dexterity (4★),2,4,6,8,10,Vitality (4★),2,4,6,8,10,Wisdom (4★),1,2,3,4,5,,,,,,
XV,Cor,,Aegis Strike,Knight 5★ -> 6★,Aegis Strike x1,Knight dam. +3%,-,-,Knight (5★) x1,Knight (5★),4,10,15,,,,,,,,,,,,,,,,,,,,
XV,Cor,,Demonsblood,Samurai 5★ -> 6★,Demonsblood x1,Samurai dam. +3%,-,-,Samurai (5★) x1,Samurai (5★),4,10,15,,,,,,,,,,,,,,,,,,,,
XV,Ardyn,,Warrior,ATK +1,HP +70,DEF +1,ATK +1,ATK +2,-,Vitality (3★),2,4,6,8,10,Bravery (3★),3,6,9,12,15,,,,,,,,,,,,
XV,Ardyn,,Knight,DEF +1,ATK +1,HP +100,DEF +1,DEF +2,-,Vitality (3★),3,6,9,12,15,Bravery (3★),2,4,6,8,10,,,,,,,,,,,,
XV,Ardyn,,Monk,HP +60,RES +1,ATK +1,ATK +2,HP +80,-,Dexterity (3★),1,2,3,4,5,Vitality (3★),2,4,6,8,10,Bravery (3★),2,4,6,8,10,,,,,,
XV,Ardyn,,Warmage,ATK +3,ATK +3,HP +180,ATK +5,PHY dam. +3%,Warrior,Dexterity (4★),2,4,6,8,10,Vitality (4★),1,2,3,4,5,Wisdom (4★),2,4,6,8,10,,,,,,
XV,Ardyn,,Dark Knight,DEF +2,ATK +2,HP +220,ATK +5,PHY dam. +3%,"Warrior, Knight",Dexterity (4★),2,3,5,7,9,Vitality (4★),3,7,10,13,16,,,,,,,,,,,,
XV,Ardyn,,Viking,ATK +2,DEF +3,ATK +4,HP +230,Sword dam. +3%,"Knight, Monk",Vitality (4★),3,7,10,13,16,Bravery (4★),2,3,5,7,9,,,,,,,,,,,,
XV,Ardyn,,Sky High,Dragoon 5★ -> 6★,Sky High x1,Dragoon dam. +3%,-,-,Dragoon (5★) x1,Dragoon (5★),4,10,15,,,,,,,,,,,,,,,,,,,,
XV,Ardyn,,Demonsblood,Samurai 5★ -> 6★,Demonsblood x1,Samurai dam. +3%,-,-,Samurai (5★) x1,Samurai (5★),4,10,15,,,,,,,,,,,,,,,,,,,,
XV,Lunafreya,,White Mage,MND +1,HP +40,RES +1,MND +2,WHT heals +3%,,Spirit (3★),4,7,10,13,16,Wisdom (3★),1,3,5,7,9,,,,,,,,,,,,
XV,Lunafreya,,Dancer,MND +1,MAG +1,RES +1,HP +55,MAG +2,,Spirit (3★),2,4,6,8,10,Dexterity (3★),2,4,6,8,10,Vitality (3★),1,2,3,4,5,,,,,,
XV,Lunafreya,,Red Mage,MND +1,MAG +1,MAG +1,HP +60,MAG +2,,Spirit (3★),2,4,6,8,10,Vitality (3★),1,2,3,4,5,Wisdom (3★),2,4,6,8,10,,,,,,
XV,Lunafreya,,Devout,MND +3,HP +100,RES +3,MND +6,Water dam. +6%,White Mage,Spirit (4★),4,7,10,13,16,Wisdom (4★),1,3,5,7,9,,,,,,,,,,,,
XV,Lunafreya,,Illusionist,MND +3,MND +3,HP +130,MAG +6,MAG +6,"White Mage, Dancer",Spirit (4★),2,4,6,8,10,Dexterity (4★),1,2,3,4,5,Wisdom (4★),2,4,6,8,10,,,,,,
XV,Lunafreya,,Summoner,SUM dam. +3%,MAG +3,HP +120,MAG +6,SUM dam. +6%,"Dancer, Red Mage",Spirit (4★),2,4,6,8,10,Dexterity (4★),1,2,3,4,5,Wisdom (4★),2,4,6,8,10,,,,,,
XV,Ravus,,Knight,DEF +1,ATK +1,HP +100,ATK +1,DEF +2,-,Vitality (3★),3,6,9,12,15,Bravery (3★),2,4,6,8,10,,,,,,,,,,,,
XV,Ravus,,Warrior,ATK +1,HP +70,DEF +1,ATK +1,ATK +2,-,Vitality (3★),2,4,6,8,10,Bravery (3★),3,6,9,12,15,,,,,,,,,,,,
XV,Ravus,,Red Mage,ATK +1,DEF +1,ATK +1,HP +60,ATK +2,-,Spirit (3★),2,4,6,8,10,Vitality (3★),1,2,3,4,5,Wisdom (3★),2,4,6,8,10,,,,,,
XV,Ravus,,Dark Knight,DEF +2,ATK +2,HP +220,ATK +5,PHY dam. +3%,"Knight, Warrior",Dexterity (4★),2,3,5,7,9,Vitality (4★),3,7,10,13,16,,,,,,,,,,,,
XV,Ravus,,Warmage,ATK +3,DEF +3,HP +180,ATK +5,PHY dam. +3%,Warrior,Dexterity (4★),2,4,6,8,10,Vitality (4★),1,2,3,4,5,Wisdom (4★),2,4,6,8,10,,,,,,
XV,Ravus,,Spellblade,ATK +3,Spellblade dam. +3%,HP +170,ATK +6,Spellblade dam. +6%,"Warrior, Red Mage",Dexterity (4★),2,4,6,8,10,Vitality (4★),1,2,3,4,5,Wisdom (4★),2,4,6,8,10,,,,,,
XV,Ravus,,Snowspell Strike,Spellblade 5★ -> 6★,Snowspell Strike x1,Spellblade dam. +3%,,,Spellblade (5★) x1,Spellblade (5★),4,10,15,,,,,,,,,,,,,,,,,,,,
XV,Ravus,,Aegis Strike,Knight 5★ -> 6★,Aegis Strike x1,Knight dam. +3%,,,Knight (5★) x1,Knight (5★),4,10,15,,,,,,,,,,,,,,,,,,,,
XVI,Clive,,Warrior,ATK +1,HP +70,DEF +1,ATK +1,ATK +2,-,Vitality (3★),2,4,6,8,10,Bravery (3★),3,6,9,12,15,,,,,,,,,,,,
XVI,Clive,,Red Mage,ATK +1,DEF +1,RES +1,HP +60,ATK +2,-,Spirit (3★),2,4,6,8,10,Vitality (3★),1,2,3,4,5,Wisdom (3★),2,4,6,8,10,,,,,,
XVI,Clive,,Knight,DEF +1,ATK +1,HP +100,DEF +1,DEF +2,-,Vitality (3★),3,6,9,12,15,Bravery (3★),2,4,6,8,10,,,,,,,,,,,,
XVI,Clive,,Gladiator,ATK +3,DEF +3,HP +200,ATK +4,PHY dam. +3%,Warrior,Dexterity (4★),1,2,3,4,5,Vitality (4★),2,4,6,8,10,Bravery (4★),2,4,6,8,10,,,,,,
XVI,Clive,,Spellblade,ATK +3,DEF +3,HP +170,ATK +6,PHY dam. +3%,"Warrior, Red Mage",Dexterity (4★),2,4,6,8,10,Vitality (4★),1,2,3,4,5,Wisdom (4★),2,4,6,8,10,,,,,,
XVI,Clive,,Warmage,ATK +3,ATK +4,HP +180,ATK +6,Sword dam. +3%,"Red Mage, Knight",Dexterity (4★),2,4,6,8,10,Vitality (4★),1,2,3,4,5,Wisdom (4★),2,4,6,8,10,,,,,,
XVI,Clive,,Snowspell Strike,Spellblade 5★ -> 6★,Snowspell Strike x1,Spellblade dam. +3%,,,Spellblade (5★) x1,Spellblade (5★),4,10,15,,,,,,,,,,,,,,,,,,,,
XVI,Clive,,Aegis Strike,Knight 5★ -> 6★,Aegis Strike x1,Knight dam. +3%,,,Knight (5★) x1,Knight (5★),4,10,15,,,,,,,,,,,,,,,,,,,,
XVI,Jill,,Red Mage,MND +1,DEF +1,MAG +1,HP +60,MAG +2,-,Spirit (3★),2,4,6,8,10,Vitality (3★),1,2,3,4,5,Wisdom (3★),2,4,6,8,10,,,,,,
XVI,Jill,,Black Mage,MAG +1,HP +40,RES +1,MAG +2,BLK dam. +3%,-,Spirit (3★),1,3,5,7,9,Wisdom (3★),4,7,10,13,16,,,,,,,,,,,,
XVI,Jill,,Bard,DEF +1,MND +1,RES +1,HP +55,MND +2,-,Spirit (3★),2,4,6,8,10,Dexterity (3★),2,4,6,8,10,Wisdom (3★),1,2,3,4,5,,,,,,
XVI,Jill,,Sage,MND +3,MAG +3,MND +6,MAG +6,Silence Imm. (minor),Red Mage,Spirit (4★),2,4,6,8,10,Vitality (4★),1,2,3,4,5,Wisdom (4★),2,4,6,8,10,,,,,,
XVI,Jill,,Magus,MAG +3,HP +100,RES +3,MAG +6,BLK dam. +6%,"Red Mage, Black Mage",Spirit (4★),1,3,5,7,9,Wisdom (4★),4,7,10,13,16,,,,,,,,,,,,
XVI,Jill,,Time Mage,DEF +2,RES +2,HP +120,MAG +5,MND +6,"Black Mage, Bard",Spirit (4★),2,4,6,8,10,Dexterity (4★),1,2,3,4,5,Wisdom (4★),2,4,6,8,10,,,,,,
XVI,Joshua,,Black Mage,MAG +1,HP +40,RES +1,MAG +2,BLK dam. +3%,-,Spirit (3★),1,3,5,7,9,Wisdom (3★),4,7,10,13,16,,,,,,,,,,,,
XVI,Joshua,,White Mage,MND +1,HP +40,RES +1,MND +2,WHT heals +3%,-,Spirit (3★),4,7,10,13,16,Wisdom (3★),1,3,5,7,9,,,,,,,,,,,,
XVI,Joshua,,Red Mage,MND +1,DEF +1,MAG +1,HP +60,ATK +2,-,Spirit (3★),2,4,6,8,10,Vitality (3★),1,2,3,4,5,Wisdom (3★),2,4,6,8,10,,,,,,
XVI,Joshua,,Sage,MND +3,MAG +3,MND +6,MAG +6,Silence Imm. (minor),Black Mage,Spirit (4★),2,4,6,8,10,Vitality (4★),1,2,3,4,5,Wisdom (4★),2,4,6,8,10,,,,,,
XVI,Joshua,,Devout,MND +3,HP +100,RES +3,MND +6,WHT heals +6%,"Black Mage, White Mage",Spirit (4★),4,7,10,13,16,Wisdom (4★),1,3,5,7,9,,,,,,,,,,,,
XVI,Joshua,,Magus,MAG +3,HP +100,RES +3,MAG +6,BLK dam. +6%,"White Mage, Red Mage",Spirit (4★),1,3,5,7,9,Wisdom (4★),4,7,10,13,16,,,,,,,,,,,,
XVI,Cidolfus,,Warrior,DEF +1,HP +70,DEF +1,RES +1,DEF +2,-,Vitality (3★),2,4,6,8,10,Bravery (3★),3,6,9,12,15,,,,,,,,,,,,
XVI,Cidolfus,,Black Mage,MAG +1,HP +40,RES +1,MAG +2,BLK dam. +3%,-,Spirit (3★),1,3,5,7,9,Wisdom (3★),4,7,10,13,16,,,,,,,,,,,,
XVI,Cidolfus,,Red Mage,MND +1,DEF +1,MAG +1,HP +60,MAG +2,-,Spirit (3★),2,4,6,8,10,Vitality (3★),1,2,3,4,5,Wisdom (3★),2,4,6,8,10,,,,,,
XVI,Cidolfus,,Gladiator,RES +3,DEF +3,HP +200,RES +4,Sword dam. +3%,Warrior,Dexterity (4★),1,2,3,4,5,Vitality (4★),2,4,6,8,10,Bravery (4★),2,4,6,8,10,,,,,,
XVI,Cidolfus,,Spellblade,MAG +3,DEF +3,HP +170,MAG +6,Lightning dam. +3%,"Warrior, Black Mage",Dexterity (4★),2,4,6,8,10,Vitality (4★),1,2,3,4,5,Wisdom (4★),2,4,6,8,10,,,,,,
XVI,Cidolfus,,Magus,MAG +3,HP +100,RES +3,MAG +6,BLK dam. +6%,"Black Mage, Red Mage",Spirit (4★),1,3,5,7,9,Wisdom (4★),4,7,10,13,16,,,,,,,,,,,,
FFT,Ramza,,Warrior,ATK +1,HP +70,DEF +1,ATK +1,ATK +2,-,Vitality (3★),2,4,6,8,10,Bravery (3★),3,6,9,12,15,,,,,,,,,,,,
FFT,Ramza,,Knight,DEF +1,ATK +1,HP +100,DEF +1,ATK +2,-,Vitality (3★),3,6,9,12,15,Bravery (3★),2,4,6,8,10,,,,,,,,,,,,
FFT,Ramza,,Ranger,DEF +1,ATK +1,DEF +1,HP +60,ATK +2,-,Dexterity (3★),2,4,6,8,10,Vitality (3★),1,2,3,4,5,Bravery (3★),2,4,6,8,10,,,,,,
FFT,Ramza,,Gladiator,ATK +3,DEF +3,RES +4,ATK +4,PHY +3%,Warrior,Dexterity (4★),1,2,3,4,5,Vitality (4★),2,4,6,8,10,Bravery (4★),2,4,6,8,10,,,,,,
FFT,Ramza,,Paladin,DEF +3,ATK +3,RES +4,HP +250,DEF +6,"Warrior, Knight",Spirit (4★),1,2,3,4,5,Vitality (4★),2,4,6,8,10,Bravery (4★),2,4,6,8,10,,,,,,
FFT,Ramza,,Ninja,ATK +3,RES +3,HP +160,ATK +6,Katana dam. +3%,Ranger,Dexterity (4★),2,4,6,8,10,Vitality (4★),2,4,6,8,10,Wisdom (4★),1,2,3,4,5,,,,,,
FFT,Ramza,,Aegis Strike,Knight 5★ -> 6★,Aegis Strike x1,Knight dam. +3%,-,-,Knight (5★) x1,Knight (5★),4,10,15,,,,,,,,,,,,,,,,,,,,
FFT,Agrias,,Warrior,ATK +1,HP +70,DEF +1,ATK +1,ATK +2,-,Vitality (3★),2,4,6,8,10,Bravery (3★),3,6,9,12,15,,,,,,,,,,,,
FFT,Agrias,,Knight,DEF +1,ATK +1,HP +100,DEF +1,Knight dam. +3%,-,Vitality (3★),3,6,9,12,15,Bravery (3★),2,4,6,8,10,,,,,,,,,,,,
FFT,Agrias,,Red Mage,DEF +1,ATK +1,DEF +1,HP +60,ATK +2,-,Spirit (3★),2,4,6,8,10,Vitality (3★),1,2,3,4,5,Wisdom (3★),2,4,6,8,10,,,,,,
FFT,Agrias,,Gladiator,ATK +3,ATK +3,HP +200,ATK +4,Sword dam. +3%,Warrior,Dexterity (4★),1,2,3,4,5,Vitality (4★),2,4,6,8,10,Bravery (4★),2,4,6,8,10,,,,,,
FFT,Agrias,,Paladin,ATK +3,ATK +3,DEF +4,HP +250,Knight dam. +6%,"Warrior, Knight",Spirit (4★),1,2,3,4,5,Vitality (4★),2,4,6,8,10,Bravery (4★),2,4,6,8,10,,,,,,
FFT,Agrias,,Spellblade,ATK +3,DEF +3,HP +170,ATK +5,ATK +6,"Knight, Red Mage",Dexterity (4★),2,4,6,8,10,Vitality (4★),1,2,3,4,5,Wisdom (4★),2,4,6,8,10,,,,,,
FFT,Agrias,,Aegis Strike,Knight 5★ -> 6★,Aegis Strike x1,Knight dam. +3%,-,-,Knight (5★) x1,Knight (5★),4,10,15,,,,,,,,,,,,,,,,,,,,
FFT,Delita,,Warrior,ATK +1,HP +70,DEF +1,ATK +1,ATK +2,-,Vitality (3★),2,4,6,8,10,Bravery (3★),3,6,9,12,15,,,,,,,,,,,,
FFT,Delita,,Knight,DEF +1,ATK +1,HP +100,DEF +1,DEF +2,-,Vitality (3★),3,6,9,12,15,Bravery (3★),2,4,6,8,10,,,,,,,,,,,,
FFT,Delita,,Red Mage,DEF +1,ATK +1,DEF +1,HP +60,ATK +2,-,Spirit (3★),2,4,6,8,10,Vitality (3★),1,2,3,4,5,Wisdom (3★),2,4,6,8,10,,,,,,
FFT,Delita,,Gladiator,ATK +3,DEF +3,HP +200,ATK +4,PHY +3%,Warrior,Dexterity (4★),1,2,3,4,5,Vitality (4★),2,4,6,8,10,Bravery (4★),2,4,6,8,10,,,,,,
FFT,Delita,,Paladin,ATK +3,DEF +3,ATK +4,HP +250,RES +6,"Warrior, Knight",Spirit (4★),1,2,3,4,5,Vitality (4★),2,4,6,8,10,Bravery (4★),2,4,6,8,10,,,,,,
FFT,Delita,,Spellblade,ATK +3,DEF +3,HP +170,ATK +6,Spellblade dam. +6%,"Knight, Red Mage",Dexterity (4★),2,4,6,8,10,Vitality (4★),1,2,3,4,5,Wisdom (4★),2,4,6,8,10,,,,,,
FFT,Delita,,Snowspell Strike,Spellblade 5★ -> 6★,Snowspell Strike x1,Spellblade dam. +3%,-,-,Spellblade (5★) x1,Spellblade (5★),4,10,15,,,,,,,,,,,,,,,,,,,,
FFT,Delita,,Aegis Strike,Knight 5★ -> 6★,Aegis Strike x1,Knight dam. +3%,-,-,Knight (5★) x1,Knight (5★),4,10,15,,,,,,,,,,,,,,,,,,,,
FFT,Ovelia,,White Mage,MND +1,HP +40,RES +1,MND +2,WHT heals +3%,-,Spirit (3★),4,7,10,13,16,Wisdom (3★),1,3,5,7,9,,,,,,,,,,,,
FFT,Ovelia,,Red Mage,MND +1,DEF +1,RES +1,HP +60,MND +2,-,Spirit (3★),2,4,6,8,10,Vitality (3★),1,2,3,4,5,Wisdom (3★),2,4,6,8,10,,,,,,
FFT,Ovelia,,Dancer,MND +1,RES +1,RES +1,HP +55,MND +2,-,Spirit (3★),2,4,6,8,10,Dexterity (3★),2,4,6,8,10,Vitality (3★),1,2,3,4,5,,,,,,
FFT,Ovelia,,Devout,WHT heals +3%,HP +100,MND +3,MND +5,WHT heals +6%,White Mage,Spirit (4★),4,7,10,13,16,Wisdom (4★),1,3,5,7,9,,,,,,,,,,,,
FFT,Ovelia,,Illusionist,MND +3,RES +3,HP +130,MND +6,Sleep Imm. (minor),"White Mage, Red Mage",Spirit (4★),2,4,6,8,10,Dexterity (4★),1,2,3,4,5,Wisdom (4★),2,4,6,8,10,,,,,,
FFT,Ovelia,,Time Mage,MND +2,RES +2,HP +120,RES +5,Silence Imm. (minor),"Red Mage, Dancer",Spirit (4★),2,4,6,8,10,Dexterity (4★),1,2,3,4,5,Wisdom (4★),2,4,6,8,10,,,,,,
FFT,Mustadio,,Warrior,DEF +1,HP +70,DEF +1,ATK +1,DEF +2,-,Vitality (3★),2,4,6,8,10,Bravery (3★),3,6,9,12,15,,,,,,,,,,,,
FFT,Mustadio,,Ranger,RES +1,ATK +1,RES +1,HP +60,DEF +2,-,Dexterity (3★),2,4,6,8,10,Vitality (3★),1,2,3,4,5,Bravery (3★),2,4,6,8,10,,,,,,
FFT,Mustadio,,Thief,RES +1,DEF +1,RES +1,HP +55,ATK +2,-,Dexterity (3★),2,4,6,8,10,Vitality (3★),1,2,3,4,5,Wisdom (3★),2,4,6,8,10,,,,,,
FFT,Mustadio,,Gladiator,ATK +3,DEF +3,HP +200,ATK +4,ATK +5,Warrior,Dexterity (4★),1,2,3,4,5,Vitality (4★),2,4,6,8,10,Bravery (4★),2,4,6,8,10,,,,,,
FFT,Mustadio,,Cannoneer,Machinist dam. +3%,DEF +3,Machinist dam. +3%,Gun dam. +3%,Machinist dam. +6%,"Warrior, Ranger, Thief",Dexterity (4★),2,4,6,8,10,Vitality (4★),1,2,3,4,5,Bravery (4★),2,4,6,8,10,,,,,,
FFT,Mustadio,,Ninja,RES +3,ATK +3,HP +160,ATK +5,ATK +6,Thief,Dexterity (4★),2,4,6,8,10,Vitality (4★),2,4,6,8,10,Wisdom (4★),1,2,3,4,5,,,,,,
FFT,Mustadio,,Penalty Snipe,Machinist 5★ -> 6★,Penalty Snipe x1,Machinist dam. +3%,-,-,Machinist (5★) x1,Machinist (5★),4,10,15,,,,,,,,,,,,,,,,,,,,
FFT,Orlandeau,,Knight,DEF +1,ATK +2,HP +100,DEF +1,ATK +2,-,Vitality (3★),3,6,9,12,15,Bravery (3★),2,4,6,8,10,,,,,,,,,,,,
FFT,Orlandeau,,Warrior,ATK +1,HP +70,DEF +1,ATK +2,ATK +2,-,Vitality (3★),2,4,6,8,10,Bravery (3★),3,6,9,12,15,,,,,,,,,,,,
FFT,Orlandeau,,Red Mage,DEF +1,ATK +1,DEF +1,HP +60,ATK +2,-,Spirit (3★),2,4,6,8,10,Vitality (3★),1,2,3,4,5,Wisdom (3★),2,4,6,8,10,,,,,,
FFT,Orlandeau,,Paladin,DEF +3,ATK +4,HP +250,ATK +6,Knight dam. +6%,Knight,Spirit (4★),1,2,3,4,5,Vitality (4★),2,4,6,8,10,Bravery (4★),2,4,6,8,10,,,,,,
FFT,Orlandeau,,Gladiator,ATK +3,ATK +4,HP +160,ATK +6,Enable Axe,"Knight, Warrior",Dexterity (4★),1,2,3,4,5,Vitality (4★),2,4,6,8,10,Bravery (4★),2,4,6,8,10,,,,,,
FFT,Orlandeau,,Spellblade,DEF +3,ATK +4,HP +160,Sword dam. +3%,Spellblade dam. +6%,"Warrior, Red Mage",Dexterity (4★),2,4,6,8,10,Vitality (4★),1,2,3,4,5,Wisdom (4★),2,4,6,8,10,,,,,,
FFT,Orlandeau,,Snowspell Strike,Spellblade 5★ -> 6★,Snowspell Strike x1,Spellblade dam. +3%,-,-,Spellblade (5★) x1,Spellblade (5★),4,10,15,,,,,,,,,,,,,,,,,,,,
FFT,Orlandeau,,Aegis Strike,Knight 5★ -> 6★,Aegis Strike x1,Knight dam. +3%,-,-,Knight (5★) x1,Knight (5★),4,10,15,,,,,,,,,,,,,,,,,,,,
FFT,Orlandeau,,Demonsblood,Samurai 5★ -> 6★,Demonsblood x1,Samurai dam. +3%,-,-,Samurai (5★) x1,Samurai (5★),4,10,15,,,,,,,,,,,,,,,,,,,,
FFT,Gaffgarion,,Knight,DEF +1,ATK +1,HP +100,DEF +1,DEF +2,-,Vitality (3★),3,6,9,12,15,Bravery (3★),2,4,6,8,10,,,,,,,,,,,,
FFT,Gaffgarion,,Warrior,ATK +1,HP +70,DEF +1,ATK +1,ATK +2,-,Vitality (3★),2,4,6,8,10,Bravery (3★),3,6,9,12,15,,,,,,,,,,,,
FFT,Gaffgarion,,Ranger,DEF +1,ATK +1,DEF +1,HP +60,ATK +2,-,Dexterity (3★),2,4,6,8,10,Vitality (3★),1,2,3,4,5,Bravery (3★),2,4,6,8,10,,,,,,
FFT,Gaffgarion,,Dark Knight,DEF +3,ATK +3,HP +300,ATK +6,Knight 4★ -> 5★,Knight,Dexterity (4★),2,3,5,7,9,Vitality (4★),3,7,10,13,16,,,,,,,,,,,,
FFT,Gaffgarion,,Warmage,ATK +3,ATK +3,HP +250,Dark dam. +3%,Darkness dam. +6%,"Knight, Warrior",Dexterity (4★),2,4,6,8,10,Vitality (4★),1,2,3,4,5,Wisdom (4★),2,4,6,8,10,,,,,,
FFT,Gaffgarion,,Berserker,ATK +3,ATK +3,ATK +4,ATK +5,Sword dam. +3%,"Warrior, Ranger",Vitality (4★),5,10,15,20,25,,,,,,,,,,,,,,,,,,
FFT,Rapha,,Black Mage,MAG +1,HP +40,RES +1,MAG +2,BLK dam. +3%,-,Spirit (3★),1,3,5,7,9,Wisdom (3★),4,7,10,13,16,,,,,,,,,,,,
FFT,Rapha,,Dancer,MND +1,MAG +1,RES +1,HP +55,MAG +2,-,Spirit (3★),2,4,6,8,10,Dexterity (3★),2,4,6,8,10,Vitality (3★),1,2,3,4,5,,,,,,
FFT,Rapha,,White Mage,MND +1,HP +40,RES +1,MND +2,WHT heals +3%,-,Spirit (3★),4,7,10,13,16,Wisdom (3★),1,3,5,7,9,,,,,,,,,,,,
FFT,Rapha,,Magus,MND +3,HP +100,RES +3,MAG +6,Witch dam. +6%,Black Mage,Spirit (4★),1,3,5,7,9,Wisdom (4★),4,7,10,13,16,,,,,,,,,,,,
FFT,Rapha,,Time Mage,DEF +2,RES +2,HP +120,MAG +5,MAG +6,"Black Mage, Dancer",Spirit (4★),2,4,6,8,10,Dexterity (4★),1,2,3,4,5,Wisdom (4★),2,4,6,8,10,,,,,,
FFT,Rapha,,Sage,MND +3,MAG +3,HP +120,MAG +6,Rod dam. +3%,White Mage,Spirit (4★),2,4,6,8,10,Vitality (4★),1,2,3,4,5,Wisdom (4★),2,4,6,8,10,,,,,,
FFT,Marach,,Black Mage,MAG +1,HP +40,RES +1,MAG +2,BLK dam. +3%,-,Spirit (3★),1,3,5,7,9,Wisdom (3★),4,7,10,13,16,,,,,,,,,,,,
FFT,Marach,,Red Mage,MND +1,DEF +1,MAG +1,HP +60,ATK +2,-,Spirit (3★),2,4,6,8,10,Vitality (3★),1,2,3,4,5,Wisdom (3★),2,4,6,8,10,,,,,,
FFT,Marach,,Knight,DEF +1,ATK +1,HP +100,DEF +1,DEF +2,-,Vitality (3★),3,6,9,12,15,Bravery (3★),2,4,6,8,10,,,,,,,,,,,,
FFT,Marach,,Geomancer,MAG +3,MND +3,HP +130,MAG +6,Rod dam. +3%,Black Mage,Spirit (4★),1,2,3,4,5,Dexterity (4★),2,4,6,8,10,Wisdom (4★),2,4,6,8,10,,,,,,
FFT,Marach,,Magus,MAG +3,HP +100,RES +3,ATK +6,MAG +6,"Black Mage, Red Mage",Spirit (4★),1,3,5,7,9,Wisdom (4★),4,7,10,13,16,,,,,,,,,,,,
FFT,Marach,,Ninja,ATK +3,MAG +3,HP +120,MAG +6,HP +120,"Red Mage, Knight",Dexterity (4★),2,4,6,8,10,Vitality (4★),2,4,6,8,10,Wisdom (4★),1,2,3,4,5,,,,,,
FFT,Meliadoul,,Warrior,ATK +1,HP +50,ATK +1,ATK +1,ATK +2,-,Vitality (3★),2,4,6,8,10,Bravery (3★),3,6,9,12,15,,,,,,,,,,,,
FFT,Meliadoul,,Knight,DEF +1,ATK +1,HP +50,ATK +1,DEF +1,-,Vitality (3★),3,6,9,12,15,Bravery (3★),2,4,6,8,10,,,,,,,,,,,,
FFT,Meliadoul,,Ranger,ATK +1,DEF +1,RES +5,HP +50,ATK +1,-,Dexterity (3★),2,4,6,8,10,Vitality (3★),1,2,3,4,5,Bravery (3★),2,4,6,8,10,,,,,,
FFT,Meliadoul,,Gladiator,ATK +3,ATK +3,HP +200,ATK +4,Sword dam. +3%,Warrior,Dexterity (4★),1,2,3,4,5,Vitality (4★),2,4,6,8,10,Bravery (4★),2,4,6,8,10,,,,,,
FFT,Meliadoul,,Paladin,DEF +3,ATK +3,ATK +4,HP +200,DEF +6,"Warrior, Knight",Spirit (4★),1,2,3,4,5,Vitality (4★),2,4,6,8,10,Bravery (4★),2,4,6,8,10,,,,,,
FFT,Meliadoul,,Viking,ATK +2,ATK +5,RES +5,HP +250,Support dam. +3%,"Knight, Ranger",Vitality (4★),3,7,10,13,16,Bravery (4★),2,3,5,7,9,,,,,,,,,,,,
FFT,Meliadoul,,Aegis Strike,Knight 5★ -> 6★,Aegis Strike x1,Knight dam. +3%,-,-,Knight (5★) x1,Knight (5★),4,10,15,,,,,,,,,,,,,,,,,,,,
FFT,Marche,,Warrior,ATK +1,HP +70,DEF +1,ATK +1,ATK +2,-,Vitality (3★),2,4,6,8,10,Bravery (3★),3,6,9,12,15,,,,,,,,,,,,
FFT,Marche,,Knight,DEF +1,ATK +1,HP +100,DEF +1,DEF +2,-,Vitality (3★),3,6,9,12,15,Bravery (3★),2,4,6,8,10,,,,,,,,,,,,
FFT,Marche,,Thief,DEF +1,DEF +1,ATK +1,ATK +2,HP +80,-,Dexterity (3★),2,4,6,8,10,Vitality (3★),1,2,3,4,5,Wisdom (3★),2,4,6,8,10,,,,,,
FFT,Marche,,Gladiator,ATK +3,DEF +3,HP +200,ATK +4,ATK +5,Warrior,Dexterity (4★),1,2,3,4,5,Vitality (4★),2,4,6,8,10,Bravery (4★),2,4,6,8,10,,,,,,
FFT,Marche,,Paladin,DEF +3,ATK +3,DEF +4,HP +250,DEF +6,"Warrior, Knight",Spirit (4★),1,2,3,4,5,Vitality (4★),2,4,6,8,10,Bravery (4★),2,4,6,8,10,,,,,,
FFT,Marche,,Ninja,ATK +3,ATK +3,HP +160,ATK +6,Sword dam. +3%,Thief,Dexterity (4★),2,4,6,8,10,Vitality (4★),2,4,6,8,10,Wisdom (4★),1,2,3,4,5,,,,,,
FFT,Marche,,Aegis Strike,Knight 5★ -> 6★,Aegis Strike x1,Knight dam. +3%,-,-,Knight (5★) x1,Knight (5★),4,10,15,,,,,,,,,,,,,,,,,,,,
FFT,Montblanc,,Dancer,MAG +1,MAG +1,RES +1,HP +55,MAG +2,-,Spirit (3★),2,4,6,8,10,Dexterity (3★),2,4,6,8,10,Vitality (3★),1,2,3,4,5,,,,,,
FFT,Montblanc,,Black Mage,MAG +1,HP +40,RES +1,MAG +2,BLK dam. +3%,-,Spirit (3★),1,3,5,7,9,Wisdom (3★),4,7,10,13,16,,,,,,,,,,,,
FFT,Montblanc,,Red Mage,DEF +1,DEF +1,MAG +1,HP +60,RES +2,-,Spirit (3★),2,4,6,8,10,Vitality (3★),1,2,3,4,5,Wisdom (3★),2,4,6,8,10,,,,,,
FFT,Montblanc,,Time Mage,DEF +2,RES +2,HP +120,MAG +5,BLK dam. +6%,"Dancer, Black Mage",Spirit (4★),2,4,6,8,10,Dexterity (4★),1,2,3,4,5,Wisdom (4★),2,4,6,8,10,,,,,,
FFT,Montblanc,,Magus,DEF +3,MAG +3,RES +6,MAG +6,Silence Imm. (minor),"Black Mage, Red Mage",Spirit (4★),1,3,5,7,9,Wisdom (4★),4,7,10,13,16,,,,,,,,,,,,
FFT,Montblanc,,Blue Mage,MAG +2,DEF +3,HP +100,HP +120,MAG +6,Red Mage,Spirit (4★),2,4,6,8,10,Vitality (4★),1,2,3,4,5,Wisdom (4★),2,4,6,8,10,,,,,,
FFT,Alma,,White Mage,MND +1,HP +40,MAG +1,MND +2,WHT heals +3%,-,Spirit (3★),4,7,10,13,16,Wisdom (3★),1,3,5,7,9,,,,,,,,,,,,
FFT,Alma,,Black Mage,MAG +1,HP +40,MND +1,MAG +2,MND +2,-,Spirit (3★),1,3,5,7,9,Wisdom (3★),4,7,10,13,16,,,,,,,,,,,,
FFT,Alma,,Bard,MAG +1,MND +1,MAG +1,HP +60,MAG +2,-,Spirit (3★),2,4,6,8,10,Dexterity (3★),2,4,6,8,10,Wisdom (3★),1,2,3,4,5,,,,,,
FFT,Alma,,Devout,MND +3,HP +100,MAG +3,MND +6,WHT heals +6%,White Mage,Spirit (4★),4,7,10,13,16,Wisdom (4★),1,3,5,7,9,,,,,,,,,,,,
FFT,Alma,,Sage,MND +3,MAG +3,MND +6,HP +130,Silence Imm. (minor),"White Mage, Black Mage",Spirit (4★),2,4,6,8,10,Vitality (4★),1,2,3,4,5,Wisdom (4★),2,4,6,8,10,,,,,,
FFT,Alma,,Summoner,MND +3,MAG +3,HP +120,MAG +6,SUM dam. +3%,"Black Mage, Bard",Spirit (4★),2,4,6,8,10,Dexterity (4★),1,2,3,4,5,Wisdom (4★),2,4,6,8,10,,,,,,
FFT,Orran,,Black Mage,RES +1,HP +40,RES +1,RES +1,MND +2,-,Spirit (3★),1,3,5,7,9,Wisdom (3★),4,7,10,13,16,,,,,,,,,,,,
FFT,Orran,,White Mage,MND +1,HP +40,RES +1,MND +2,WHT heals +3%,-,Spirit (3★),4,7,10,13,16,Wisdom (3★),1,3,5,7,9,,,,,,,,,,,,
FFT,Orran,,Bard,DEF +1,MND +1,RES +1,HP +55,MND +2,-,Spirit (3★),2,4,6,8,10,Dexterity (3★),2,4,6,8,10,Wisdom (3★),1,2,3,4,5,,,,,,
FFT,Orran,,Time Mage,DEF +2,RES +2,HP +120,RES +5,MND +6,Black Mage,Spirit (4★),2,4,6,8,10,Dexterity (4★),1,2,3,4,5,Wisdom (4★),2,4,6,8,10,,,,,,
FFT,Orran,,Sage,MND +3,RES +3,MND +6,RES +5,Silence Imm. (minor),"Black Mage, White Mage",Spirit (4★),2,4,6,8,10,Vitality (4★),1,2,3,4,5,Wisdom (4★),2,4,6,8,10,,,,,,
FFT,Orran,,Devout,MND +3,HP +100,RES +3,MND +6,WHT heals +6%,"White Mage, Bard",Spirit (4★),4,7,10,13,16,Wisdom (4★),1,3,5,7,9,,,,,,,,,,,,
FFT,Orran,,Allegro con Moto,Bard 5★ -> 6★,Allegro con Moto x1,WHT heals +3%,-,-,Bard (5★) x1,Bard (5★),4,10,15,,,,,,,,,,,,,,,,,,,,
Type-0,Ace,,Black Mage,MAG +1,HP +40,RES +1,MAG +2,BLK dam. +3%,-,Spirit (3★),1,3,5,7,9,Wisdom (3★),4,7,10,13,16,,,,,,,,,,,,
Type-0,Ace,,Red Mage,MND +1,RES +1,MAG +1,HP +60,MAG +2,-,Spirit (3★),2,4,6,8,10,Vitality (3★),1,2,3,4,5,Wisdom (3★),2,4,6,8,10,,,,,,
Type-0,Ace,,White Mage,MND +1,HP +40,RES +1,RES +1,MND +2,-,Spirit (3★),4,7,10,13,16,Wisdom (3★),1,3,5,7,9,,,,,,,,,,,,
Type-0,Ace,,Magus,MAG +3,HP +100,RES +3,MAG +6,BLK dam. +6%,Black Mage,Spirit (4★),1,3,5,7,9,Wisdom (4★),4,7,10,13,16,,,,,,,,,,,,
Type-0,Ace,,Time Mage,MAG +3,Fire dam. +3%,HP +120,MAG +5,Fire dam. +6%,"Black Mage, Red Mage",Spirit (4★),2,4,6,8,10,Dexterity (4★),1,2,3,4,5,Wisdom (4★),2,4,6,8,10,,,,,,
Type-0,Ace,,Illusionist,MND +3,RES +3,RES +3,HP +130,MAG +6,"Red Mage, White Mage",Spirit (4★),2,4,6,8,10,Dexterity (4★),1,2,3,4,5,Wisdom (4★),2,4,6,8,10,,,,,,
Type-0,Deuce,,White Mage,MND +1,HP +40,RES +1,MND +2,WHT heals +3%,-,Spirit (3★),4,7,10,13,16,Wisdom (3★),1,3,5,7,9,,,,,,,,,,,,
Type-0,Deuce,,Red Mage,MND +1,MAG +1,MAG +1,HP +60,MND +2,-,Spirit (3★),2,4,6,8,10,Vitality (3★),1,2,3,4,5,Wisdom (3★),2,4,6,8,10,,,,,,
Type-0,Deuce,,Bard,RES +1,MND +1,RES +1,HP +55,MND +2,-,Spirit (3★),2,4,6,8,10,Dexterity (3★),2,4,6,8,10,Wisdom (3★),1,2,3,4,5,,,,,,
Type-0,Deuce,,Devout,MND +3,HP +100,RES +3,MND +6,WHT heals +6%,White Mage,Spirit (4★),4,7,10,13,16,Wisdom (4★),1,3,5,7,9,,,,,,,,,,,,
Type-0,Deuce,,Sage,HP +100,MAG +3,MND +6,MAG +6,Silence Imm. (minor),"White Mage, Red Mage",Spirit (4★),2,4,6,8,10,Vitality (4★),1,2,3,4,5,Wisdom (4★),2,4,6,8,10,,,,,,
Type-0,Deuce,,Time Mage,RES +2,RES +2,HP +120,MAG +5,MND +6,"Red Mage, Bard",Spirit (4★),2,4,6,8,10,Dexterity (4★),1,2,3,4,5,Wisdom (4★),2,4,6,8,10,,,,,,
Type-0,Deuce,,Allegro con Moto,Bard 5★ -> 6★,Allegro con Moto x1,WHT heals +3%,-,-,Bard (5★) x1,Bard (5★),4,10,15,,,,,,,,,,,,,,,,,,,,
Type-0,Nine,,Warrior,ATK +1,HP +70,DEF +1,ATK +1,ATK +2,-,Vitality (3★),2,4,6,8,10,Bravery (3★),3,6,9,12,15,,,,,,,,,,,,
Type-0,Nine,,Knight,DEF +1,ATK +1,HP +100,DEF +1,DEF +2,-,Vitality (3★),3,6,9,12,15,Bravery (3★),2,4,6,8,10,,,,,,,,,,,,
Type-0,Nine,,Ranger,DEF +1,DEF +1,ATK +1,HP +60,ATK +2,-,Dexterity (3★),2,4,6,8,10,Vitality (3★),1,2,3,4,5,Bravery (3★),2,4,6,8,10,,,,,,
Type-0,Nine,,Berserker,ATK +2,ATK +2,ATK +3,ATK +3,ATK +5,Warrior,Vitality (4★),5,10,15,20,25,,,,,,,,,,,,,,,,,,
Type-0,Nine,,Dragoon,Spear dam. +3%,DEF +4,HP +220,ATK +5,Dragoon dam. +6%,"Warrior, Knight",Dexterity (4★),2,4,6,8,10,Vitality (4★),2,4,6,8,10,Bravery (4★),1,2,3,4,5,,,,,,
Type-0,Nine,,Viking,ATK +2,DEF +3,ATK +3,ATK +4,HP +230,"Knight, Ranger",Vitality (4★),3,7,10,13,16,Bravery (4★),2,3,5,7,9,,,,,,,,,,,,
Type-0,Nine,,Sky High,Dragoon 5★ -> 6★,Sky High x1,Dragoon dam. +3%,-,-,Dragoon (5★) x1,Dragoon (5★),4,10,15,,,,,,,,,,,,,,,,,,,,
Type-0,Machina,,Warrior,ATK +1,HP +70,DEF +1,ATK +1,ATK +2,-,Vitality (3★),2,4,6,8,10,Bravery (3★),3,6,9,12,15,,,,,,,,,,,,
Type-0,Machina,,Knight,DEF +1,ATK +1,HP +100,DEF +1,DEF +2,-,Vitality (3★),3,6,9,12,15,Bravery (3★),2,4,6,8,10,,,,,,,,,,,,
Type-0,Machina,,Red Mage,ATK +1,DEF +1,ATK +1,HP +60,ATK +2,-,Spirit (3★),2,4,6,8,10,Vitality (3★),1,2,3,4,5,Wisdom (3★),2,4,6,8,10,,,,,,
Type-0,Machina,,Gladiator,ATK +3,DEF +3,HP +200,ATK +4,ATK +6,Warrior,Dexterity (4★),1,2,3,4,5,Vitality (4★),2,4,6,8,10,Bravery (4★),2,4,6,8,10,,,,,,
Type-0,Machina,,Paladin,DEF +3,DEF +3,DEF +4,HP +250,ATK +6,"Warrior, Knight",Spirit (4★),1,2,3,4,5,Vitality (4★),2,4,6,8,10,Bravery (4★),2,4,6,8,10,,,,,,
Type-0,Machina,,Spellblade,ATK +3,Spellblade dam. +3%,HP +170,ATK +6,Spellblade dam. +6%,"Knight, Red Mage",Dexterity (4★),2,4,6,8,10,Vitality (4★),1,2,3,4,5,Wisdom (4★),2,4,6,8,10,,,,,,
Type-0,Machina,,Snowspell Strike,Spellblade 5★ -> 6★,Snowspell Strike x1,Spellblade dam. +3%,-,-,Spellblade (5★) x1,Spellblade (5★),4,10,15,,,,,,,,,,,,,,,,,,,,
Type-0,Rem,,Black Mage,RES +1,HP +40,RES +1,MAG +1,MAG +2,-,Spirit (3★),1,3,5,7,9,Wisdom (3★),4,7,10,13,16,,,,,,,,,,,,
Type-0,Rem,,White Mage,MND +1,HP +40,RES +1,MND +1,WHT dam. +3%,-,Spirit (3★),4,7,10,13,16,Wisdom (3★),1,3,5,7,9,,,,,,,,,,,,
Type-0,Rem,,Red Mage,MND +1,MND +1,MND +1,HP +60,MND +2,-,Spirit (3★),2,4,6,8,10,Vitality (3★),1,2,3,4,5,Wisdom (3★),2,4,6,8,10,,,,,,
Type-0,Rem,,Summoner,MAG +3,HP +100,MND +3,MAG +6,Silence Imm. (minor),Black Mage,Spirit (4★),2,4,6,8,10,Dexterity (4★),1,2,3,4,5,Wisdom (4★),2,4,6,8,10,,,,,,
Type-0,Rem,,Sage,MND +3,MND +3,HP +150,RES +5,MND +6,"Black Mage, White Mage",Spirit (4★),2,4,6,8,10,Vitality (4★),1,2,3,4,5,Wisdom (4★),2,4,6,8,10,,,,,,
Type-0,Rem,,Devout,WHT heals +3%,HP +100,RES +3,MND +5,WHT dam. +6%,"White Mage, Red Mage",Spirit (4★),4,7,10,13,16,Wisdom (4★),1,3,5,7,9,,,,,,,,,,,,
Type-0,Queen,,Warrior,ATK +1,HP +70,DEF +1,ATK +1,ATK +2,-,Vitality (3★),2,4,6,8,10,Bravery (3★),3,6,9,12,15,,,,,,,,,,,,
Type-0,Queen,,Knight,DEF +1,ATK +1,HP +100,DEF +1,Sword dam. +3%,-,Vitality (3★),3,6,9,12,15,Bravery (3★),2,4,6,8,10,,,,,,,,,,,,
Type-0,Queen,,Red Mage,ATK +1,DEF +1,ATK +1,HP +60,DEF +2,-,Spirit (3★),2,4,6,8,10,Vitality (3★),1,2,3,4,5,Wisdom (3★),2,4,6,8,10,,,,,,
Type-0,Queen,,Gladiator,ATK +3,DEF +3,HP +200,ATK +4,ATK +5,Warrior,Dexterity (4★),1,2,3,4,5,Vitality (4★),2,4,6,8,10,Bravery (4★),2,4,6,8,10,,,,,,
Type-0,Queen,,Paladin,DEF +3,ATK +3,DEF +4,HP +250,DEF +6,"Warrior, Knight",Spirit (4★),1,2,3,4,5,Vitality (4★),2,4,6,8,10,Bravery (4★),2,4,6,8,10,,,,,,
Type-0,Queen,,Spellblade,ATK +3,DEF +3,HP +170,ATK +6,Spellblade dam. +6%,"Knight, Red Mage",Dexterity (4★),2,4,6,8,10,Vitality (4★),1,2,3,4,5,Wisdom (4★),2,4,6,8,10,,,,,,
Type-0,Queen,,Snowspell Strike,Spellblade 5★ -> 6★,Snowspell Strike x1,Spellblade dam. +3%,-,-,Spellblade (5★) x1,Spellblade (5★),4,10,15,,,,,,,,,,,,,,,,,,,,
Type-0,King,,Warrior,ATK +1,HP +70,DEF +1,ATK +1,ATK +2,-,Vitality (3★),2,4,6,8,10,Bravery (3★),3,6,9,12,15,,,,,,,,,,,,
Type-0,King,,Ranger,ATK +1,ATK +1,RES +1,HP +100,ATK +1,-,Dexterity (3★),2,4,6,8,10,Vitality (3★),1,2,3,4,5,Bravery (3★),2,4,6,8,10,,,,,,
Type-0,King,,Monk,DEF +1,DEF +1,ATK +1,ATK +2,HP +80,-,Dexterity (3★),1,2,3,4,5,Vitality (3★),2,4,6,8,10,Bravery (3★),2,4,6,8,10,,,,,,
Type-0,King,,Ninja,DEF +2,ATK +3,HP +160,ATK +6,DEF +2,Warrior,Dexterity (4★),2,4,6,8,10,Vitality (4★),2,4,6,8,10,Wisdom (4★),1,2,3,4,5,,,,,,
Type-0,King,,Gladiator,ATK +3,RES +3,HP +200,ATK +4,ATK +5,"Warrior, Ranger",Dexterity (4★),1,2,3,4,5,Vitality (4★),2,4,6,8,10,Bravery (4★),2,4,6,8,10,,,,,,
Type-0,King,,Cannoneer,ATK +3,Gun dam. +3%,HP +150,Machinist dam. +3%,Machinist dam. +6%,"Ranger, Monk",Dexterity (4★),2,4,6,8,10,Vitality (4★),1,2,3,4,5,Bravery (4★),2,4,6,8,10,,,,,,
Type-0,King,,Penalty Snipe,Machinist 5★ -> 6★,Penalty Snipe x1,Machinist dam. +3%,-,-,Machinist (5★) x1,Machinist (5★),4,10,15,,,,,,,,,,,,,,,,,,,,
Type-0,Cinque,,Warrior,ATK +1,HP +70,DEF +1,ATK +1,ATK +2,-,Vitality (3★),2,4,6,8,10,Bravery (3★),3,6,9,12,15,,,,,,,,,,,,
Type-0,Cinque,,Monk,DEF +1,ATK +1,DEF +1,ATK +2,HP +100,-,Dexterity (3★),1,2,3,4,5,Vitality (3★),2,4,6,8,10,Bravery (3★),2,4,6,8,10,,,,,,
Type-0,Cinque,,Knight,DEF +1,DEF +1,DEF +1,HP +80,ATK +2,-,Vitality (3★),3,6,9,12,15,Bravery (3★),2,4,6,8,10,,,,,,,,,,,,
Type-0,Cinque,,Gladiator,ATK +3,DEF +3,HP +200,DEF +5,ATK +6,Warrior,Dexterity (4★),1,2,3,4,5,Vitality (4★),2,4,6,8,10,Bravery (4★),2,4,6,8,10,,,,,,
Type-0,Cinque,,Berserker,ATK +2,DEF +2,ATK +3,HP +250,Heavy dam. +3%,"Monk, Knight",Vitality (4★),5,10,15,20,25,,,,,,,,,,,,,,,,,,
Type-0,Cinque,,Viking,ATK +2,DEF +3,ATK +4,Hammer dam. +3%,Heavy dam. +6%,Knight,Vitality (4★),3,7,10,13,16,Bravery (4★),2,3,5,7,9,,,,,,,,,,,,
Type-0,Seven,,Warrior,ATK +1,HP +70,DEF +1,ATK +1,DEF +2,-,Vitality (3★),2,4,6,8,10,Bravery (3★),3,6,9,12,15,,,,,,,,,,,,
Type-0,Seven,,Red Mage,RES +1,DEF +1,MAG +1,HP +60,MAG +2,-,Spirit (3★),2,4,6,8,10,Vitality (3★),1,2,3,4,5,Wisdom (3★),2,4,6,8,10,,,,,,
Type-0,Seven,,Black Mage,MAG +1,HP +40,RES +2,MAG +2,BLK dam. +3%,-,Spirit (3★),1,3,5,7,9,Wisdom (3★),4,7,10,13,16,,,,,,,,,,,,
Type-0,Seven,,Spellblade,RES +2,MAG +3,HP +170,MAG +4,Ice dam. +3%,"Warrior, Red Mage",Dexterity (4★),2,4,6,8,10,Vitality (4★),1,2,3,4,5,Wisdom (4★),2,4,6,8,10,,,,,,
Type-0,Seven,,Sage,DEF +2,MAG +3,RES +3,MAG +5,BLK dam. +6%,Red Mage,Spirit (4★),2,4,6,8,10,Vitality (4★),1,2,3,4,5,Wisdom (4★),2,4,6,8,10,,,,,,
Type-0,Seven,,Magus,MAG +2,RES +2,MAG +3,HP +120,MAG +5,"Red Mage, Black Mage",Spirit (4★),1,3,5,7,9,Wisdom (4★),4,7,10,13,16,,,,,,,,,,,,
Type-0,Sice,,Ranger,RES +1,DEF +1,ATK +1,HP +60,ATK +2,-,Dexterity (3★),2,4,6,8,10,Vitality (3★),1,2,3,4,5,Bravery (3★),2,4,6,8,10,,,,,,
Type-0,Sice,,Warrior,ATK +1,HP +70,DEF +2,ATK +2,ATK +2,-,Vitality (3★),2,4,6,8,10,Bravery (3★),3,6,9,12,15,,,,,,,,,,,,
Type-0,Sice,,Black Mage,RES +1,DEF +2,RES +2,HP +60,Darkness dam. +3%,-,Spirit (3★),1,3,5,7,9,Wisdom (3★),4,7,10,13,16,,,,,,,,,,,,
Type-0,Sice,,Gladiator,ATK +2,DEF +2,HP +180,ATK +4,ATK +5,"Ranger, Warrior",Dexterity (4★),1,2,3,4,5,Vitality (4★),2,4,6,8,10,Bravery (4★),2,4,6,8,10,,,,,,
Type-0,Sice,,Warmage,DEF +3,RES +3,HP +180,ATK +4,ATK +5,"Warrior, Black Mage",Dexterity (4★),2,4,6,8,10,Vitality (4★),1,2,3,4,5,Wisdom (4★),2,4,6,8,10,,,,,,
Type-0,Sice,,Dark Knight,ATK +2,ATK +2,HP +180,RES +3,Darkness dam. +6%,Black Mage,Dexterity (4★),2,3,5,7,9,Vitality (4★),3,7,10,13,16,,,,,,,,,,,,
Type-0,Jack,,Ranger,DEF +1,HP +60,ATK +1,ATK +2,HP +80,-,Dexterity (3★),2,4,6,8,10,Vitality (3★),1,2,3,4,5,Bravery (3★),2,4,6,8,10,,,,,,
Type-0,Jack,,Warrior,ATK +1,HP +70,DEF +1,ATK +1,ATK +2,-,Vitality (3★),2,4,6,8,10,Bravery (3★),3,6,9,12,15,,,,,,,,,,,,
Type-0,Jack,,Red Mage,HP +60,ATK +1,RES +1,HP +60,ATK +2,-,Spirit (3★),2,4,6,8,10,Vitality (3★),1,2,3,4,5,Wisdom (3★),2,4,6,8,10,,,,,,
Type-0,Jack,,Berserker,ATK +2,ATK +2,ATK +3,ATK +3,ATK +5,Ranger,Vitality (4★),5,10,15,20,25,,,,,,,,,,,,,,,,,,
Type-0,Jack,,Samurai,Samurai dam. +3%,ATK +4,Katana dam. +3%,ATK +6,Samurai dam. +6%,"Ranger, Warrior",Dexterity (4★),2,4,6,8,10,Vitality (4★),2,4,6,8,10,Bravery (4★),1,2,3,4,5,,,,,,
Type-0,Jack,,Gladiator,ATK +3,DEF +3,HP +200,ATK +4,ATK +5,"Warrior, Red Mage",Dexterity (4★),1,2,3,4,5,Vitality (4★),2,4,6,8,10,Bravery (4★),2,4,6,8,10,,,,,,
Type-0,Jack,,Demonsblood,Samurai 5★ -> 6★,Demonsblood x1,Samurai dam. +3%,-,-,Samurai (5★) x1,Samurai (5★),4,10,15,,,,,,,,,,,,,,,,,,,,
Type-0,Eight,,Monk,DEF +1,RES +1,ATK +1,ATK +2,HP +80,-,Dexterity (3★),1,2,3,4,5,Vitality (3★),2,4,6,8,10,Bravery (3★),2,4,6,8,10,,,,,,
Type-0,Eight,,Thief,ATK +1,DEF +1,RES +1,HP +55,ATK +2,-,Dexterity (3★),2,4,6,8,10,Vitality (3★),1,2,3,4,5,Wisdom (3★),2,4,6,8,10,,,,,,
Type-0,Eight,,Warrior,ATK +1,HP +70,DEF +1,ATK +1,ATK +2,-,Vitality (3★),2,4,6,8,10,Bravery (3★),3,6,9,12,15,,,,,,,,,,,,
Type-0,Eight,,Master,DEF +3,HP +200,ATK +4,ATK +5,Monk dam. +6%,Monk,Dexterity (4★),1,2,3,4,5,Vitality (4★),2,4,6,8,10,Bravery (4★),2,4,6,8,10,,,,,,
Type-0,Eight,,Berserker,ATK +2,ATK +2,ATK +3,ATK +3,ATK +5,"Monk, Thief",Vitality (4★),5,10,15,20,25,,,,,,,,,,,,,,,,,,
Type-0,Eight,,Gladiator,ATK +3,DEF +3,HP +200,ATK +4,ATK +5,"Thief, Warrior",Dexterity (4★),1,2,3,4,5,Vitality (4★),2,4,6,8,10,Bravery (4★),2,4,6,8,10,,,,,,
Type-0,Eight,,Lifebane,Monk 5★ -> 6★,Lifebane x1,Monk dam. +3%,-,-,Monk (5★) x1,Monk (5★),4,10,15,,,,,,,,,,,,,,,,,,,,
Type-0,Cater,,Warrior,ATK +1,HP +70,DEF +1,ATK +1,ATK +2,-,Vitality (3★),2,4,6,8,10,Bravery (3★),3,6,9,12,15,,,,,,,,,,,,
Type-0,Cater,,Ranger,ATK +1,DEF +1,RES +1,HP +60,ATK +2,-,Dexterity (3★),2,4,6,8,10,Vitality (3★),1,2,3,4,5,Bravery (3★),2,4,6,8,10,,,,,,
Type-0,Cater,,Thief,ATK +1,DEF +1,RES +1,HP +55,ATK +2,-,Dexterity (3★),2,4,6,8,10,Vitality (3★),1,2,3,4,5,Wisdom (3★),2,4,6,8,10,,,,,,
Type-0,Cater,,Gladiator,ATK +3,DEF +3,HP +200,ATK +4,ATK +6,Warrior,Dexterity (4★),1,2,3,4,5,Vitality (4★),2,4,6,8,10,Bravery (4★),2,4,6,8,10,,,,,,
Type-0,Cater,,Cannoneer,ATK +3,DEF +3,HP +150,Gun dam. +3%,Machinist dam. +6%,"Warrior, Ranger",Dexterity (4★),2,4,6,8,10,Vitality (4★),1,2,3,4,5,Bravery (4★),2,4,6,8,10,,,,,,
Type-0,Cater,,Ninja,ATK +3,RES +3,Blind Imm. (minor),ATK +6,RES +6,"Ranger, Thief",Dexterity (4★),2,4,6,8,10,Vitality (4★),2,4,6,8,10,Wisdom (4★),1,2,3,4,5,,,,,,
Type-0,Cater,,Penalty Snipe,Machinist 5★ -> 6★,Penalty Snipe x1,Machinist dam. +3%,-,-,Machinist (5★) x1,Machinist (5★),4,10,15,,,,,,,,,,,,,,,,,,,,
Type-0,Trey,,Warrior,ATK +1,HP +70,DEF +1,DEF +1,ATK +2,-,Vitality (3★),2,4,6,8,10,Bravery (3★),3,6,9,12,15,,,,,,,,,,,,
Type-0,Trey,,Ranger,ATK +1,DEF +1,RES +1,HP +60,ATK +2,-,Dexterity (3★),2,4,6,8,10,Vitality (3★),1,2,3,4,5,Bravery (3★),2,4,6,8,10,,,,,,
Type-0,Trey,,Red Mage,MND +1,DEF +1,RES +1,HP +60,ATK +2,-,Spirit (3★),2,4,6,8,10,Vitality (3★),1,2,3,4,5,Wisdom (3★),2,4,6,8,10,,,,,,
Type-0,Trey,,Gladiator,ATK +3,DEF +3,HP +200,ATK +4,ATK +5,Warrior,Dexterity (4★),1,2,3,4,5,Vitality (4★),2,4,6,8,10,Bravery (4★),2,4,6,8,10,,,,,,
Type-0,Trey,,Cannoneer,Sharpshooter dam. +3%,ATK +3,HP +150,Bow dam. +3%,Sharpshooter dam. +6%,"Warrior, Ranger",Dexterity (4★),2,4,6,8,10,Vitality (4★),1,2,3,4,5,Bravery (4★),2,4,6,8,10,,,,,,
Type-0,Trey,,Ninja,ATK +3,RES +3,HP +100,ATK +5,ATK +6,"Ranger, Red Mage",Dexterity (4★),2,4,6,8,10,Vitality (4★),2,4,6,8,10,Wisdom (4★),1,2,3,4,5,,,,,,
Type-0,Kurasame,,Warrior,ATK +1,HP +70,ATK +1,ATK +2,ATK +3,,Vitality (3★),2,4,6,8,10,Bravery (3★),3,6,9,12,15,,,,,,,,,,,,
Type-0,Kurasame,,Red Mage,MAG +1,MAG +2,ATK +1,HP +60,ATK +2,,Spirit (3★),2,4,6,8,10,Vitality (3★),1,2,3,4,5,Wisdom (3★),2,4,6,8,10,,,,,,
Type-0,Kurasame,,Black Mage,MAG +1,HP +40,MAG +1,MAG +2,MAG +3,,Spirit (3★),1,3,5,7,9,Wisdom (3★),4,7,10,13,16,,,,,,,,,,,,
Type-0,Kurasame,,Samurai,ATK +3,HP +120,DEF +4,ATK +5,Sword dam. +3%,Warrior,Dexterity (4★),2,4,6,8,10,Vitality (4★),2,4,6,8,10,Bravery (4★),1,2,3,4,5,,,,,,
Type-0,Kurasame,,Spellblade,MAG +3,Spellblade dam. +3%,HP +150,ATK +6,Spellblade dam. +6%,"Warrior, Red Mage",Dexterity (4★),2,4,6,8,10,Vitality (4★),1,2,3,4,5,Wisdom (4★),2,4,6,8,10,,,,,,
Type-0,Kurasame,,Magus,RES +3,HP +130,MAG +5,MAG +6,BLK. dam +6%,"Red Mage, Black Mage",Spirit (4★),1,3,5,7,9,Wisdom (4★),4,7,10,13,16,,,,,,,,,,,,
Type-0,Kurasame,,Snowspell Strike,Spellblade 5★ -> 6★,Snowspell Strike x1,Spellblade dam. +3%,-,-,Spellblade (5★) x1,Spellblade (5★),4,10,15,,,,,,,,,,,,,,,,,,,,
Type-0,Kurasame,,Demonsblood,Samurai 5★ -> 6★,Demonsblood x1,Samurai dam. +3%,-,-,Samurai (5★) x1,Samurai (5★),4,10,15,,,,,,,,,,,,,,,,,,,,
KH,Sora,,Warrior,ATK +1,HP +70,DEF +1,ATK +1,ATK +2,-,Vitality (3★),2,4,6,8,10,Bravery (3★),3,6,9,12,15,,,,,,,,,,,,
KH,Sora,,Red Mage,ATK +1,DEF +1,MND +1,HP +60,ATK +2,-,Spirit (3★),2,4,6,8,10,Vitality (3★),1,2,3,4,5,Wisdom (3★),2,4,6,8,10,,,,,,
KH,Sora,,Knight,DEF +1,ATK +1,HP +100,DEF +1,DEF +2,-,Vitality (3★),3,6,9,12,15,Bravery (3★),2,4,6,8,10,,,,,,,,,,,,
KH,Sora,,Gladiator,ATK +3,DEF +3,HP +200,ATK +4,ATK +5,Warrior,Dexterity (4★),1,2,3,4,5,Vitality (4★),2,4,6,8,10,Bravery (4★),2,4,6,8,10,,,,,,
KH,Sora,,Spellblade,Spellblade dam. +3%,ATK +3,HP +170,ATK +6,Spellblade dam. +6%,"Warrior, Red Mage",Dexterity (4★),2,4,6,8,10,Vitality (4★),1,2,3,4,5,Wisdom (4★),2,4,6,8,10,,,,,,
KH,Sora,,Paladin,ATK +3,ATK +3,DEF +4,HP +250,ATK +6,"Red Mage, Knight",Spirit (4★),1,2,3,4,5,Vitality (4★),2,4,6,8,10,Bravery (4★),2,4,6,8,10,,,,,,
KH,Sora,,Snowspell Strike,Spellblade 5★ -> 6★,Snowspell Strike x1,Spellblade dam. +3%,-,-,Spellblade (5★) x1,Spellblade (5★),4,10,15,,,,,,,,,,,,,,,,,,,,
KH,Riku,,Warrior,ATK +1,HP +70,DEF +1,ATK +1,ATK +2,-,Vitality (3★),2,4,6,8,10,Bravery (3★),3,6,9,12,15,,,,,,,,,,,,
KH,Riku,,Knight,DEF +1,ATK +1,HP +100,DEF +1,DEF +2,-,Vitality (3★),3,6,9,12,15,Bravery (3★),2,4,6,8,10,,,,,,,,,,,,
KH,Riku,,Red Mage,ATK +1,DEF +1,RES +1,HP +60,ATK +2,-,Spirit (3★),2,4,6,8,10,Vitality (3★),1,2,3,4,5,Wisdom (3★),2,4,6,8,10,,,,,,
KH,Riku,,Berserker,ATK +3,HP +170,ATK +4,ATK +5,ATK +6,Warrior,Vitality (4★),5,10,15,20,25,,,,,,,,,,,,,,,,,,
KH,Riku,,Dark Knight,ATK +2,ATK +2,HP +220,ATK +5,DEF +6,"Warrior, Knight",Dexterity (4★),2,3,5,7,9,Vitality (4★),3,7,10,13,16,,,,,,,,,,,,
KH,Riku,,Warmage,Darkness dam. +3%,ATK +3,HP +180,ATK +6,Darkness dam. +6%,"Knight, Red Mage",Dexterity (4★),2,4,6,8,10,Vitality (4★),1,2,3,4,5,Wisdom (4★),2,4,6,8,10,,,,,,
KH,Roxas,,Warrior,ATK +1,HP +70,DEF +1,ATK +1,PHY dam. +3%,-,Vitality (3★),2,4,6,8,10,Bravery (3★),3,6,9,12,15,,,,,,,,,,,,
KH,Roxas,,Knight,DEF +1,ATK +1,HP +100,DEF +1,Knight dam. +3%,-,Vitality (3★),3,6,9,12,15,Bravery (3★),2,4,6,8,10,,,,,,,,,,,,
KH,Roxas,,Red Mage,DEF +1,DEF +1,DEF +1,HP +60,ATK +2,-,Spirit (3★),2,4,6,8,10,Vitality (3★),1,2,3,4,5,Wisdom (3★),2,4,6,8,10,,,,,,
KH,Roxas,,Warmage,ATK +3,ATK +4,HP +250,ATK +6,ATK +5,Warrior,Dexterity (4★),2,4,6,8,10,Vitality (4★),1,2,3,4,5,Wisdom (4★),2,4,6,8,10,,,,,,
KH,Roxas,,Paladin,DEF +2,DEF +2,DEF +4,HP +250,Knight dam. +6%,"Warrior, Knight",Spirit (4★),1,2,3,4,5,Vitality (4★),2,4,6,8,10,Bravery (4★),2,4,6,8,10,,,,,,
KH,Roxas,,Gladiator,ATK +3,DEF +6,HP +200,ATK +4,ATK +5,"Knight, Red Mage",Dexterity (4★),1,2,3,4,5,Vitality (4★),2,4,6,8,10,Bravery (4★),2,4,6,8,10,,,,,,
KH,Roxas,,Aegis Strike,Knight 5★ -> 6★,Aegis Strike x1,Knight dam. +3%,-,-,Knight (5★) x1,Knight (5★),4,10,15,,,,,,,,,,,,,,,,,,,,
KH,Axel,,Black Mage,MAG +1,HP +40,RES +1,MAG +2,Fire dam. +3%,-,Spirit (3★),1,3,5,7,9,Wisdom (3★),4,7,10,13,16,,,,,,,,,,,,
KH,Axel,,Red Mage,ATK +1,DEF +1,MAG +1,HP +60,ATK +2,-,Spirit (3★),2,4,6,8,10,Vitality (3★),1,2,3,4,5,Wisdom (3★),2,4,6,8,10,,,,,,
KH,Axel,,Warrior,ATK +1,HP +70,DEF +1,ATK +1,ATK +2,-,Vitality (3★),2,4,6,8,10,Bravery (3★),3,6,9,12,15,,,,,,,,,,,,
KH,Axel,,Magus,MAG +3,HP +100,RES +3,MAG +6,Fire dam. +6%,Black Mage,Spirit (4★),1,3,5,7,9,Wisdom (4★),4,7,10,13,16,,,,,,,,,,,,
KH,Axel,,Geomancer,MAG +3,MAG +3,HP +130,DEF +6,Throwing dam. +3%,"Black Mage, Red Mage",Spirit (4★),1,2,3,4,5,Dexterity (4★),2,4,6,8,10,Wisdom (4★),2,4,6,8,10,,,,,,
KH,Axel,,Ninja,ATK +3,ATK +3,HP +160,ATK +6,Throwing dam. +3%,"Red Mage, Warrior",Dexterity (4★),2,4,6,8,10,Vitality (4★),2,4,6,8,10,Wisdom (4★),1,2,3,4,5,,,,,,
KH,Axel,,Stitch in Time,Ninja 5★ -> 6★,Stitch in Time x1,Ninja dam. +3%,-,-,Ninja (5★) x1,Ninja (5★),4,10,15,,,,,,,,,,,,,,,,,,,,
Beyond,Reynn,,Black Mage,MAG +1,HP +40,RES +1,MAG +2,BLK dam. +3%,-,Spirit (3★),1,3,5,7,9,Wisdom (3★),4,7,10,13,16,,,,,,,,,,,,
Beyond,Reynn,,White Mage,DEF +1,HP +40,RES +1,DEF +2,RES +2,-,Spirit (3★),4,7,10,13,16,Wisdom (3★),1,3,5,7,9,,,,,,,,,,,,
Beyond,Reynn,,Ranger,DEF +1,MAG +1,RES +1,HP +60,RES +2,-,Dexterity (3★),2,4,6,8,10,Vitality (3★),1,2,3,4,5,Bravery (3★),2,4,6,8,10,,,,,,
Beyond,Reynn,,Magus,DEF +3,HP +100,MAG +4,MAG +5,BLK dam. +6%,Black Mage,Spirit (4★),1,3,5,7,9,Wisdom (4★),4,7,10,13,16,,,,,,,,,,,,
Beyond,Reynn,,Summoner,MAG +3,RES +3,HP +120,MAG +6,SUM dam. +6%,"Black Mage, White Mage",Spirit (4★),2,4,6,8,10,Dexterity (4★),1,2,3,4,5,Wisdom (4★),2,4,6,8,10,,,,,,
Beyond,Reynn,,Geomancer,MAG +2,RES +2,HP +120,MND +5,MAG +6,Ranger,Spirit (4★),1,2,3,4,5,Dexterity (4★),2,4,6,8,10,Wisdom (4★),2,4,6,8,10,,,,,,
Beyond,Lann,,Warrior,ATK +1,HP +70,DEF +1,ATK +1,DEF +2,-,Vitality (3★),2,4,6,8,10,Bravery (3★),3,6,9,12,15,,,,,,,,,,,,
Beyond,Lann,,Ranger,DEF +1,ATK +1,DEF +1,HP +60,ATK +2,-,Dexterity (3★),2,4,6,8,10,Vitality (3★),1,2,3,4,5,Bravery (3★),2,4,6,8,10,,,,,,
Beyond,Lann,,Monk,ATK +1,DEF +1,HP +40,ATK +1,DEF +2,-,Dexterity (3★),1,2,3,4,5,Vitality (3★),2,4,6,8,10,Bravery (3★),2,4,6,8,10,,,,,,
Beyond,Lann,,Gladiator,ATK +3,DEF +3,HP +200,ATK +4,ATK +5,Warrior,Dexterity (4★),1,2,3,4,5,Vitality (4★),2,4,6,8,10,Bravery (4★),2,4,6,8,10,,,,,,
Beyond,Lann,,Beastmaster,ATK +3,ATK +3,HP +150,RES +6,ATK +6,Ranger,Dexterity (4★),3,6,9,12,15,Vitality (4★),1,2,3,4,5,Wisdom (4★),1,2,3,4,5,,,,,,
Beyond,Lann,,Geomancer,RES +3,ATK +3,HP +130,ATK +6,Weakness dam. +3%,"Ranger, Monk",Spirit (4★),1,2,3,4,5,Dexterity (4★),2,4,6,8,10,Wisdom (4★),2,4,6,8,10,,,,,,
Beyond,Lann,,Lifebane,Monk 5★ -> 6★,Lifebane x1,Monk dam. +3%,-,-,Monk (5★) x1,Monk (5★),4,10,15,,,,,,,,,,,,,,,,,,,,
Beyond,Morrow,,Red Mage,ATK +1,DEF +1,RES +1,HP +60,RES +2,-,Spirit (3★),2,4,6,8,10,Vitality (3★),1,2,3,4,5,Wisdom (3★),2,4,6,8,10,,,,,,
Beyond,Morrow,,Ranger,RES +1,DEF +1,RES +1,HP +60,ATK +2,-,Dexterity (3★),2,4,6,8,10,Vitality (3★),1,2,3,4,5,Bravery (3★),2,4,6,8,10,,,,,,
Beyond,Morrow,,Warrior,ATK +1,HP +70,DEF +1,ATK +1,ATK +2,-,Vitality (3★),2,4,6,8,10,Bravery (3★),3,6,9,12,15,,,,,,,,,,,,
Beyond,Morrow,,Time Mage,ATK +3,ATK +3,HP +170,ATK +6,RES +6,Red Mage,Spirit (4★),2,4,6,8,10,Dexterity (4★),1,2,3,4,5,Wisdom (4★),2,4,6,8,10,,,,,,
Beyond,Morrow,,Spellblade,ATK +3,HP +120,ATK +3,ATK +6,Spellblade 4★ -> 5★,"Red Mage, Ranger",Dexterity (4★),2,4,6,8,10,Vitality (4★),1,2,3,4,5,Wisdom (4★),2,4,6,8,10,,,,,,
Beyond,Morrow,,Gladiator,ATK +3,Support dam. +3%,HP +200,ATK +4,Support dam. +6%,"Ranger, Warrior",Dexterity (4★),1,2,3,4,5,Vitality (4★),2,4,6,8,10,Bravery (4★),2,4,6,8,10,,,,,,
Beyond,Aemo,,White Mage,MND +1,HP +40,RES +1,MND +2,WHT heals +3%,-,Spirit (3★),4,7,10,13,16,Wisdom (3★),1,3,5,7,9,,,,,,,,,,,,
Beyond,Aemo,,Black Mage,MAG +1,HP +40,RES +1,MAG +2,RES +2,-,Spirit (3★),1,3,5,7,9,Wisdom (3★),4,7,10,13,16,,,,,,,,,,,,
Beyond,Aemo,,Dancer,MND +1,MAG +1,RES +1,HP +55,MND +2,-,Spirit (3★),2,4,6,8,10,Dexterity (3★),2,4,6,8,10,Vitality (3★),1,2,3,4,5,,,,,,
Beyond,Aemo,,Devout,RES +3,HP +100,MND +3,MND +6,WHT heals +6%,White Mage,Spirit (4★),4,7,10,13,16,Wisdom (4★),1,3,5,7,9,,,,,,,,,,,,
Beyond,Aemo,,Summoner,SUM dam. +3%,HP +100,MAG +3,MAG +6,SUM dam. +6%,"White Mage, Black Mage",Spirit (4★),2,4,6,8,10,Dexterity (4★),1,2,3,4,5,Wisdom (4★),2,4,6,8,10,,,,,,
Beyond,Aemo,,Bard,MAG +3,HP +120,MND +4,MND +6,Bard 4★ -> 5★,"Black Mage, Dancer",Spirit (4★),2,4,6,8,10,Dexterity (4★),2,4,6,8,10,Wisdom (4★),1,2,3,4,5,,,,,,
Beyond,Wrieg,,Knight,DEF +1,ATK +1,HP +100,DEF +1,DEF +2,-,Vitality (3★),3,6,9,12,15,Bravery (3★),2,4,6,8,10,,,,,,,,,,,,
Beyond,Wrieg,,Warrior,ATK +1,HP +70,DEF +1,ATK +1,ATK +2,-,Vitality (3★),2,4,6,8,10,Bravery (3★),3,6,9,12,15,,,,,,,,,,,,
Beyond,Wrieg,,Ranger,DEF +1,RES +1,ATK +1,HP +60,ATK +2,-,Dexterity (3★),2,4,6,8,10,Vitality (3★),1,2,3,4,5,Bravery (3★),2,4,6,8,10,,,,,,
Beyond,Wrieg,,Gladiator,ATK +2,DEF +5,HP +220,ATK +6,Knight 4★ -> 5★,Knight,Dexterity (4★),1,2,3,4,5,Vitality (4★),2,4,6,8,10,Bravery (4★),2,4,6,8,10,,,,,,
Beyond,Wrieg,,Paladin,ATK +3,DEF +4,HP +220,ATK +5,Spear dam. +3%,"Knight, Warrior",Spirit (4★),1,2,3,4,5,Vitality (4★),2,4,6,8,10,Bravery (4★),2,4,6,8,10,,,,,,
Beyond,Wrieg,,Dragoon,DEF +3,ATK +3,DEF +5,HP +250,Dragoon dam. +6%,"Warrior, Ranger",Dexterity (4★),2,4,6,8,10,Vitality (4★),2,4,6,8,10,Bravery (4★),1,2,3,4,5,,,,,,
Beyond,Wrieg,,Sky High,Dragoon 5★ -> 6★,Sky High x1,Dragoon dam. +3%,-,-,Dragoon (5★) x1,Dragoon (5★),4,10,15,,,,,,,,,,,,,,,,,,,,
Beyond,Tama,,White Mage,MND +1,HP +40,RES +1,MND +2,WHT heals +3%,-,Spirit (3★),4,7,10,13,16,Wisdom (3★),1,3,5,7,9,,,,,,,,,,,,
Beyond,Tama,,Red Mage,MND +1,DEF +1,MAG +1,HP +60,RES +2,-,Spirit (3★),2,4,6,8,10,Vitality (3★),1,2,3,4,5,Wisdom (3★),2,4,6,8,10,,,,,,
Beyond,Tama,,Bard,DEF +1,MND +1,RES +1,HP +55,MND +2,-,Spirit (3★),2,4,6,8,10,Dexterity (3★),2,4,6,8,10,Wisdom (3★),1,2,3,4,5,,,,,,
Beyond,Tama,,Devout,MND +3,HP +100,RES +3,MND +5,WHT heals +6%,White Mage,Spirit (4★),4,7,10,13,16,Wisdom (4★),1,3,5,7,9,,,,,,,,,,,,
Beyond,Tama,,Sage,MND +3,RES +3,MND +5,MAG +5,Silence Imm. (minor),"White Mage, Red Mage",Spirit (4★),2,4,6,8,10,Vitality (4★),1,2,3,4,5,Wisdom (4★),2,4,6,8,10,,,,,,
Beyond,Tama,,Time Mage,DEF +2,RES +2,HP +120,MAG +5,MND +6,"Red Mage, Bard",Spirit (4★),2,4,6,8,10,Dexterity (4★),1,2,3,4,5,Wisdom (4★),2,4,6,8,10,,,,,,
Beyond,Enna Kros,,Black Mage,MAG +1,HP +40,DEF +1,MAG +2,BLK dam. +3%,-,Spirit (3★),1,3,5,7,9,Wisdom (3★),4,7,10,13,16,,,,,,,,,,,,
Beyond,Enna Kros,,Red Mage,MND +1,DEF +1,MAG +1,HP +60,RES +2,-,Spirit (3★),2,4,6,8,10,Vitality (3★),1,2,3,4,5,Wisdom (3★),2,4,6,8,10,,,,,,
Beyond,Enna Kros,,White Mage,MND +1,HP +40,RES +1,MND +2,WHT heals +3%,-,Spirit (3★),4,7,10,13,16,Wisdom (3★),1,3,5,7,9,,,,,,,,,,,,
Beyond,Enna Kros,,Magus,MAG +3,HP +100,RES +3,MAG +6,Earth dam. +6%,Black Mage,Spirit (4★),1,3,5,7,9,Wisdom (4★),4,7,10,13,16,,,,,,,,,,,,
Beyond,Enna Kros,,Time Mage,DEF +2,RES +2,HP +120,MAG +5,BLK dam. +6%,Red Mage,Spirit (4★),2,4,6,8,10,Dexterity (4★),1,2,3,4,5,Wisdom (4★),2,4,6,8,10,,,,,,
Beyond,Enna Kros,,Sage,RES +3,MAG +3,MND +6,MAG +6,Silence Imm. (minor),"Red Mage, White Mage",Spirit (4★),2,4,6,8,10,Vitality (4★),1,2,3,4,5,Wisdom (4★),2,4,6,8,10,,,,,,
Beyond,Serafie,,Black Mage,MAG +1,HP +40,RES +1,MAG +2,BLK dam. +3%,-,Spirit (3★),1,3,5,7,9,Wisdom (3★),4,7,10,13,16,,,,,,,,,,,,
Beyond,Serafie,,Red Mage,MND +1,DEF +1,MAG +1,HP +60,MAG +2,-,Spirit (3★),2,4,6,8,10,Vitality (3★),1,2,3,4,5,Wisdom (3★),2,4,6,8,10,,,,,,
Beyond,Serafie,,Bard,DEF +1,MND +1,RES +1,HP +50,RES +2,-,Spirit (3★),2,4,6,8,10,Dexterity (3★),2,4,6,8,10,Wisdom (3★),1,2,3,4,5,,,,,,
Beyond,Serafie,,Sage,MAG +3,HP +100,RES +3,MAG +6,BLK dam. +6%,Black Mage,Spirit (4★),2,4,6,8,10,Vitality (4★),1,2,3,4,5,Wisdom (4★),2,4,6,8,10,,,,,,
Beyond,Serafie,,Time Mage,DEF +2,MND +4,HP +100,MAG +5,MAG +6,"Black Mage, Red Mage",Spirit (4★),2,4,6,8,10,Dexterity (4★),1,2,3,4,5,Wisdom (4★),2,4,6,8,10,,,,,,
Beyond,Serafie,,Illusionist,RES +3,RES +4,HP +100,MAG +6,Wind dam. +3%,Bard,Spirit (4★),2,4,6,8,10,Dexterity (4★),1,2,3,4,5,Wisdom (4★),2,4,6,8,10,,,,,,
Beyond,Serafie,,Allegro con Moto,Bard 5★ -> 6★,Allegro con Moto x1,Weakness dam. +3%,-,-,Bard (5★) x1,Bard (5★),4,10,15,,,,,,,,,,,,,,,,,,,,
Beyond,Rain,,Warrior,ATK +1,HP +70,DEF +1,ATK +1,PHY dam. +3%,-,Vitality (3★),2,4,6,8,10,Bravery (3★),3,6,9,12,15,,,,,,,,,,,,
Beyond,Rain,,Red Mage,ATK +1,DEF +1,ATK +1,HP +60,ATK +2,-,Spirit (3★),2,4,6,8,10,Vitality (3★),1,2,3,4,5,Wisdom (3★),2,4,6,8,10,,,,,,
Beyond,Rain,,Knight,DEF +1,ATK +1,HP +100,DEF +1,DEF +2,-,Vitality (3★),3,6,9,12,15,Bravery (3★),2,4,6,8,10,,,,,,,,,,,,
Beyond,Rain,,Gladiator,ATK +3,DEF +3,HP +200,ATK +4,ATK +5,Warrior,Dexterity (4★),1,2,3,4,5,Vitality (4★),2,4,6,8,10,Bravery (4★),2,4,6,8,10,,,,,,
Beyond,Rain,,Spellblade,ATK +3,Spellblade dam. +3%,HP +170,ATK +6,Spellblade dam. +6%,"Warrior, Red Mage",Dexterity (4★),2,4,6,8,10,Vitality (4★),1,2,3,4,5,Wisdom (4★),2,4,6,8,10,,,,,,
Beyond,Rain,,Paladin,DEF +3,ATK +3,DEF +4,HP +250,DEF +6,Knight,Dexterity (4★),2,4,6,8,10,Vitality (4★),2,4,6,8,10,Bravery (4★),1,2,3,4,5,,,,,,
Beyond,Rain,,Snowspell Strike,Spellblade 5★ -> 6★,Snowspell Strike x1,Spellblade dam. +3%,-,-,Spellblade (5★) x1,Spellblade (5★),4,10,15,,,,,,,,,,,,,,,,,,,,
Beyond,Rain,,Aegis Strike,Knight 5★ -> 6★,Aegis Strike x1,Knight dam. +3%,-,-,Knight (5★) x1,Knight (5★),4,10,15,,,,,,,,,,,,,,,,,,,,
Beyond,Fina,,White Mage,MND +1,HP +40,RES +1,MND +2,WHT heals +3%,-,Spirit (3★),4,7,10,13,16,Wisdom (3★),1,3,5,7,9,,,,,,,,,,,,
Beyond,Fina,,Black Mage,MAG +1,HP +40,RES +1,RES +2,HP +20,-,Spirit (3★),1,3,5,7,9,Wisdom (3★),4,7,10,13,16,,,,,,,,,,,,
Beyond,Fina,,Red Mage,MND +1,DEF +1,MAG +1,HP +60,MND +2,-,Spirit (3★),2,4,6,8,10,Vitality (3★),1,2,3,4,5,Wisdom (3★),2,4,6,8,10,,,,,,
Beyond,Fina,,Sage,WHT heals +3%,HP +100,RES +3,MND +6,WHT heals +6%,White Mage,Spirit (4★),2,4,6,8,10,Vitality (4★),1,2,3,4,5,Wisdom (4★),2,4,6,8,10,,,,,,
Beyond,Fina,,Illusionist,MND +3,RES +3,HP +130,RES +5,MND +5,"White Mage, Black Mage",Spirit (4★),2,4,6,8,10,Dexterity (4★),1,2,3,4,5,Wisdom (4★),2,4,6,8,10,,,,,,
Beyond,Fina,,Time Mage,DEF +2,RES +2,HP +120,MND +3,MND +6,"Red Mage, Black Mage",Spirit (4★),2,4,6,8,10,Dexterity (4★),1,2,3,4,5,Wisdom (4★),2,4,6,8,10,,,,,,
Beyond,Lasswell,,Warrior,DEF +1,HP +100,DEF +1,ATK +1,ATK +2,-,Vitality (3★),2,4,6,8,10,Bravery (3★),3,6,9,12,15,,,,,,,,,,,,
Beyond,Lasswell,,Knight,DEF +1,ATK +1,HP +100,ATK +2,DEF +2,-,Vitality (3★),3,6,9,12,15,Bravery (3★),2,4,6,8,10,,,,,,,,,,,,
Beyond,Lasswell,,Red Mage,DEF +1,ATK +1,DEF +1,HP +80,ATK +2,-,Spirit (3★),2,4,6,8,10,Vitality (3★),1,2,3,4,5,Wisdom (3★),2,4,6,8,10,,,,,,
Beyond,Lasswell,,Samurai,Samurai dam. +3%,ATK +3,ATK +4,Katana dam. +3%,Samurai dam. +6%,Warrior,Dexterity (4★),2,4,6,8,10,Vitality (4★),2,4,6,8,10,Bravery (4★),1,2,3,4,5,,,,,,
Beyond,Lasswell,,Gladiator,ATK +3,DEF +2,HP +220,ATK +4,ATK +5,"Knight, Warrior",Dexterity (4★),1,2,3,4,5,Vitality (4★),2,4,6,8,10,Bravery (4★),2,4,6,8,10,,,,,,
Beyond,Lasswell,,Paladin,DEF +2,DEF +3,ATK +4,HP +300,ATK +6,"Red Mage, Knight",Dexterity (4★),2,4,6,8,10,Vitality (4★),2,4,6,8,10,Bravery (4★),1,2,3,4,5,,,,,,
Beyond,Lasswell,,Demonsblood,Samurai 5★ -> 6★,Demonsblood x1,Samurai dam. +3%,-,-,Samurai (5★) x1,Samurai (5★),4,10,15,,,,,,,,,,,,,,,,,,,,