"Realm","Character","Img","Name","Effect","Unlock Criteria","Name (JP)","ID","GL","✓"
"Core","Tyro","","Attunement I","Increases damage dealt by 10% when exploiting elemental weakness","Use Tyro's Memory Crystal","みやぶるⅠ","111000020","✓","✓"
"Core","Tyro","","Attunement II","Increases damage dealt by 20% when exploiting elemental weakness","Chance to obtain with Tyro in party","みやぶるⅡ","111000021","✓","✓"
"Core","Tyro","","Dr. Mog's Teachings","Grants 500 Soul Break points at the beginning of the Dungeon","Use Tyro's Memory Crystal II, chance to obtain with Tyro in party","Dr.モグの教え","111000022","✓","✓"
"Core","Tyro","","Scholar's Boon","Increases damage dealt by 30% when exploiting elemental weakness","Bring Tyro to level 99","学者の慧眼","111000023","✓","✓"
"Core","Warrior","","Blade's Edge","PHY attacks deal 10% more damage when equipping a sword","Use Warrior's Memory Crystal","戦士の剣撃","111000032","✓","✓"
"Core","Warrior","","Warrior's Drive","Restores 1 use for all Combat abilities at the beginning of the battle","Use Warrior's Memory Crystal II, chance to obtain with Warrior in party","戦士の気迫","111000033","✓","✓"
"Core","Warrior","","Warrior's Honor","PHY attacks deal 30% more damage when equipping a sword","Bring Warrior to level 99","戦士の威信","111000034","✓","✓"
"Core","Knight","","Knight of Steel","DEF +10% when equipping a helm","Use Knight's Memory Crystal","鋼の騎士","111000042","✓","✓"
"Core","Knight","","Defensive Aspect","Grants [Protect] and [Low Regen] at the beginning of the battle","Use Knight's Memory Crystal II, chance to obtain with Knight in party","護りの要","111000043","✓","✓"
"Core","Knight","","Steadfast Knight","DEF +25% when equipping a helm","Bring Knight to level 99","牢固なる騎士","111000044","✓","✓"
"Core","Monk","","Fist of the Monk","Monk abilities deal 15% more damage","Use Monk's Memory Crystal","モンクの拳","111000060","✓","✓"
"Core","Monk","","Martial Enlightenment","8% chance to dualcast Monk abilities","Chance to obtain with Monk in party","武術開眼","111000061","✓","✓"
"Core","Monk","","Blemished Insight","10% chance to counter PHY attacks with Chakra","Use Monk's Memory Crystal II, chance to obtain with Monk in party","磨き抜かれし感覚","111000062","✓","✓"
"Core","Monk","","Honed Senses","30% chance to counter PHY attacks with Chakra","Bring Monk to level 99","研ぎ澄まされし感覚","111000063","✓","✓"
"Core","Red Mage","","Magic Flame I","30% chance to turn Attack into an ability (BLK: single, 0.70 magical Fire)","Use Red Mage's Memory Crystal","魔法攻撃・炎Ⅰ","111000090","✓","✓"
"Core","Red Mage","","Secrets of the Red Mage","13% chance to dualcast Black Magic abilities","Use Red Mage's Memory Crystal II, chance to obtain with Red Mage in party","赤魔道士の奥義","111000091","✓","✓"
"Core","Red Mage","","Mage-of-all-Trades","Attack turns into an ability, randomly (BLK: single, 2.60 magical Fire, Ice or Lightning) or (WHT: single, restores HP (39))","Bring Red Mage to level 99","万能の魔道士","111000092","✓","✓"
"Core","Black Mage","","Mana Spring I","50% chance to restore 1 use for all Black Magic abilities at the beginning of the battle","Use Black Mage's Memory Crystal","魔力の泉Ⅰ","111000110","✓","✓"
"Core","Black Mage","","Mana Spring II","Restores 1 use for all Black Magic abilities at the beginning of the battle","Chance to obtain with Black Mage in party","魔力の泉Ⅱ","111000111","✓","✓"
"Core","Black Mage","","Omnicast Fire","Attack turns into an ability (BLK: group, 1.50 magical Fire)","Use Black Mage's Memory Crystal II, chance to obtain with Black Mage in party","全体化・炎","111000112","✓","✓"
"Core","Black Mage","","Omnicast Direflame","Attack turns into an ability (BLK: group, 2.08 magical Fire)","Bring Black Mage to level 99","全体化・猛炎","111000113","✓","✓"
"Core","Magus","","Forbidden Arts I","8% chance to dualcast Black Magic abilities","Use Magus's Memory Crystal","魔人の禁術Ⅰ","111000120","✓","✓"
"Core","Magus","","Forbidden Arts II","15% chance to dualcast Black Magic abilities","Chance to obtain with Magus in party","魔人の禁術Ⅱ","111000121","✓","✓"
"Core","Magus","","Forbidden Knowledge","Attack turns into an ability (BLK: single, 1.50 magical Fire/Lightning/Ice)","Use Magus's Memory Crystal II, chance to obtain with Magus in party","禁忌の魔術","111000122","✓","✓"
"Core","Magus","","Forbidden Sorcery","Attack turns into an ability (BLK: group, 2.00 magical Fire/Lightning/Ice)","Bring Magus to level 99","禁忌の大魔術","111000123","✓","✓"
"Core","White Mage","","Concentration I","50% chance to restore 1 use for all White Magic abilities at the beginning of the battle","Use White Mage's Memory Crystal","精神統一Ⅰ","111000140","✓","✓"
"Core","White Mage","","Concentration II","Restores 1 use for all White Magic abilities at the beginning of the battle","Chance to obtain with White Mage in party","精神統一Ⅱ","111000141","✓","✓"
"Core","White Mage","","Prayer of Mending","Attack turns into an ability (WHT: single, restores HP (26))","Use White Mage's Memory Crystal II, chance to obtain with White Mage in party","白魔道士の祈り","111000142","✓","✓"
"Core","White Mage","","White Mage Wonder","Attack turns into an ability (WHT: single, restores HP (39))","Bring White Mage to level 99","白魔道士の奇跡","111000143","✓","✓"
"Core","Devout","","Healer's Prayer I","8% chance to dualcast White Magic abilities","Use Devout's Memory Crystal","癒しの願いⅠ","111000150","✓","✓"
"Core","Devout","","Healer's Prayer II","15% chance to dualcast White Magic abilities","Chance to obtain with Devout in party","癒しの願いⅡ","111000151","✓","✓"
"Core","Devout","","Cleansing Spirit","If an ally has negative effects, 50% chance to turn Attack into an ability (NAT: single, removes negative effects)","Use Devout's Memory Crystal II, chance to obtain with Devout in party","浄化の精神","111000152","✓","✓"
"Core","Devout","","Cleansing Grace","If an ally has negative effects, 70% chance to turn Attack into an ability (NAT: single, removes negative effects)","Bring Devout to level 99","浄化の祝福","111000153","✓","✓"
"Core","Summoner","","Summoning Spring I","50% chance to restore 1 use for all Summoning abilities at the beginning of the battle","Use Summoner's Memory Crystal","召喚の泉Ⅰ","111000171","✓","✓"
"Core","Summoner","","Summoning Spring II","Restores 1 use for all Summoning abilities at the beginning of the battle","Chance to obtain with Summoner in party","召喚の泉Ⅱ","111000172","✓","✓"
"Core","Summoner","","Summoner's Quality","SUM attacks deal 20% more damage","Use Summoner's Memory Crystal II, chance to obtain with Summoner in party","召喚士の真価","111000173","✓","✓"
"Core","Summoner","","Summoner's Oath","40% chance to turn Attack into an ability (SUM: randomly casts Goblin, Chocobo, Drake or Bomb) with 2.50 cast time","Bring Summoner to level 99","召喚獣との盟約","111000174","✓","✓"
"Core","Samurai","","Way of the Samurai I","50% chance to restore 1 use for all Samurai abilities at the beginning of the battle","Use Samurai's Memory Crystal","武士道Ⅰ","111000190","✓","✓"
"Core","Samurai","","Way of the Samurai II","Restores 1 use for all Samurai abilities at the beginning of the battle","Chance to obtain with Samurai in party","武士道Ⅱ","111000191","✓","✓"
"Core","Samurai","","Blade of the East","25% chance to counter PHY attacks with Blade Bash","Use Samurai's Memory Crystal II, chance to obtain with Samurai in party","東方の剣術","111000192","✓","✓"
"Core","Samurai","","Inner Awakening","50% chance to turn Attack into an ability (PHY: group, 2x 0.90 physical, 100% hit rate)","Bring Samurai to level 99","奥義の開眼","111000193","✓","✓"
"Core","Dragoon","","Dragoon's Soul I","50% chance to restore 1 use for all Dragoon abilities at the beginning of the battle","Use Dragoon's Memory Crystal","飛竜の魂Ⅰ","111000200","✓","✓"
"Core","Dragoon","","Dragoon's Soul II","Restores 1 use for all Dragoon abilities at the beginning of the battle","Chance to obtain with Dragoon in party","飛竜の魂Ⅱ","111000201","✓","✓"
"Core","Dragoon","","Dragoon's Devastation","Jump attacks deal 25% more damage","Use Dragoon's Memory Crystal II, chance to obtain with Dragoon in party","竜騎士の強撃","111000202","✓","✓"
"Core","Dragoon","","From On High","50% chance to turn Attack into an ability (PHY: single, 2x 1.90 ranged physical, air time (2.50 sec.))","Bring Dragoon to level 99","天高き飛翔","111000203","✓","✓"
"Core","Dark Knight","","Helm Expertise","DEF +10% when equipping a helm","Use Dark Knight's Memory Crystal","兜防御力UP","111000220","✓","✓"
"Core","Dark Knight","","Dark Blade","25% chance to turn Attack into an ability (PHY: single, 0.90 physical, heals the user for 32% of the damage dealt)","Chance to obtain with Dark Knight in party","闇の剣技","111000221","✓","✓"
"Core","Dark Knight","","Secrets of Darkness","50% chance to turn Attack into an ability (PHY: single, 1.00 physical, heals the user for 32% of the damage dealt)","Use Dark Knight's Memory Crystal II, chance to obtain with Dark Knight in party","闇の秘技","111000222","✓","✓"
"Core","Dark Knight","","Dark Delight","60% chance to turn Attack into an ability (PHY: single, 1.67 physical, heals the user for 32% of the damage dealt)","Bring Dark Knight to level 99","闇の絶技","111000223","✓","✓"
"Core","Spellblade","","Spellblade Mastery I","50% chance to restore 1 use for all Spellblade abilities at the beginning of the battle","Use Spellblade's Memory Crystal","魔法剣の熟達Ⅰ","111000230","✓","✓"
"Core","Spellblade","","Spellblade Mastery II","Restores 1 use for all Spellblade abilities at the beginning of the battle","Chance to obtain with Spellblade in party","魔法剣の熟達Ⅱ","111000231","✓","✓"
"Core","Spellblade","","Spellblade Splendor","60% chance to randomly turn Attack into Fire Strike, Blizzard Strike or Thunder Strike","Use Spellblade's Memory Crystal II, chance to obtain with Spellblade in party","魔法剣の極致","111000232","✓","✓"
"Core","Spellblade","","Earthen Blade","Attack turns into an ability (PHY: group, 2x 0.60 physical Earth)","Bring Spellblade to level 99","地の魔法剣の神技","111000233","✓","✓"
"Core","Viking","","Hammer Master","PHY attacks deal 10% more damage when equipping a hammer","Use Viking's Memory Crystal","ハンマーの使い手","111000240","✓","✓"
"Core","Viking","","Ferocious Charge","Attack turns into Charge","Chance to obtain with Viking in party","渾身の一撃","111000241","✓","✓"
"Core","Viking","","Scourge of the Seas","PHY attacks deal 20% more damage when equipping a helm","Use Viking's Memory Crystal II, chance to obtain with Viking in party","荒海の猛者","111000242","✓","✓"
"Core","Viking","","Fury of the Sea","ATK +15% when equipping a hammer","Bring Viking to level 99","雄々しき海の勇","111000243","✓","✓"
"Core","Berserker","","Berserker's Axe","PHY attacks deal 10% more damage when equipping an axe","Use Berserker's Memory Crystal","狂戦士の戦斧","111000250","✓","✓"
"Core","Berserker","","Berserker's Awakening","PHY attacks deal 20% more damage when equipping an axe","Chance to obtain with Berserker in party","狂戦士の覚醒","111000251","✓","✓"
"Core","Berserker","","Berserker's Might","ATK +10%, causes Berserk at the beginning of the battle","Use Berserker's Memory Crystal II, chance to obtain with Berserker in party","狂戦士の猛攻","111000252","✓","✓"
"Core","Berserker","","Berserker's Fury","PHY attacks deal 30% more damage when equipping an axe","Bring Berserker to level 99","狂戦士の暴乱","111000253","✓","✓"
"Core","Ranger","","Master Archer","PHY attacks deal 10% more damage when equipping a bow","Use Ranger's Memory Crystal","弓の使い手","111000260","✓","✓"
"Core","Ranger","","Blue Moon Barrage","16% chance to turn Attack into Barrage","Chance to obtain with Ranger in party","みだれうちチャンス","111000261","✓","✓"
"Core","Ranger","","Hawk Eye","Grants [Haste] at the beginning of the battle, Attack turns into Aim","Use Ranger's Memory Crystal II, chance to obtain with Ranger in party","鷹の目","111000262","✓","✓"
"Core","Ranger","","Distinguished Marksman","33% chance to turn Attack into Barrage","Bring Ranger to level 99","卓越せし射手","111000263","✓","✓"
"Core","Thief (Core)","","Thief's Pride I","50% chance to restore 1 use for all Thief abilities at the beginning of the battle","Use Thief (Core)'s Memory Crystal","シーフのプライドⅠ","111000270","✓","✓"
"Core","Thief (Core)","","Thief's Pride II","Restores 1 use for all Thief abilities at the beginning of the battle","Chance to obtain with Thief (Core) in party","シーフのプライドⅡ","111000271","✓","✓"
"Core","Thief (Core)","","Way of the Thief","35% chance to turn Attack into Steal HP","Use Thief (Core)'s Memory Crystal II, chance to obtain with Thief (Core) in party","シーフの流儀","111000272","✓","✓"
"Core","Thief (Core)","","Thief's Slight","50% chance to turn Attack into an ability (PHY: single, 2x 0.97 physical Poison, 1.17 multiplier when equipping a dagger)","Bring Thief (Core) to level 99","シーフの奥の手","111000273","✓","✓"
"Core","Bard","","Concert Musician","PHY attacks deal 10% more damage when equipping an instrument","Use Bard's Memory Crystal","楽器の使い手","111000280","✓","✓"
"Core","Bard","","Zealot","Attack turns into an ability (PHY: group, 0.60 physical)","Chance to obtain with Bard in party","伝道師","111000281","✓","✓"
"Core","Bard","","War Ballad","ATK +10%, grants [Low Regen] at the beginning of the battle","Use Bard's Memory Crystal II, chance to obtain with Bard in party","戦歌","111000282","✓","✓"
"Core","Bard","","Chant of Repose","Attack turns into an ability (NAT: single, 2.00 magical, causes Sleep (20%))","Bring Bard to level 99","安息の呪歌","111000283","✓","✓"
"Core","Ninja","","Shuriken Master","PHY attacks deal 10% more damage when equipping a thrown weapon","Use Ninja's Memory Crystal","投てきの達人","111000300","✓","✓"
"Core","Ninja","","Vanish","Grants [Physical Blink 1] when HP fall below 10%","Chance to obtain with Ninja in party","隠れ身","111000301","✓","✓"
"Core","Ninja","","Shinobi's Acumen","PHY attacks deal 20% more damage when equipping a thrown weapon","Use Ninja's Memory Crystal II, chance to obtain with Ninja in party","忍びの投てき術","111000302","✓","✓"
"Core","Ninja","","Master Ninja","Attack turns into an ability (NIN: group, 18.00 magical Fire, ignores RES) with 0.825 cast time","Bring Ninja to level 99","忍びの極意","111000303","✓","✓"
"Core","Gladiator","","Axe Master","PHY attacks deal 10% more damage when equipping an axe","Use Gladiator's Memory Crystal","斧の使い手","111000330","✓","✓"
"Core","Gladiator","","Super Critical","16% chance to turn attack into an ability (PHY: single, 2.80 physical)","Chance to obtain with Gladiator in party","スーパークリティカル","111000331","✓","✓"
"Core","Gladiator","","Unyielding Will","DEF +20% when equipping a light armor","Use Gladiator's Memory Crystal II, chance to obtain with Gladiator in party","不落の剣闘士","111000332","✓","✓"
"Core","Gladiator","","Gladiator's Guile","Attack turns into an ability (PHY: single, 1.00 physical, ATK -30% for 15 seconds)","Bring Gladiator to level 99","剣闘士の秘剣","111000333","✓","✓"
"Core","Elarra","","Girl Awakened","WHT abilities restore 10% more HP","Use Elarra's Memory Crystal","目覚めし少女","111000390","✓","✓"
"Core","Elarra","","Providence of Memory","WHT abilities restore 20% more HP","Use Elarra's Memory Crystal II, chance to obtain with Elarra in party","記憶の加護","111000391","✓","✓"
"Core","Elarra","","Divine Fundamentals","100% chance to double Experience gained at the end of the battle","Bring Elarra to level 99","学びし白魔法の知識","111000392","✓","✓"
"Core","Elarra","","Guardian of Creation","Taking damage grants ?% more Soul Break points","Have Elarra participate a battle","万象の護り人","111000393","",""
"Core","Biggs","","Muscle Man","PHY attacks deal 10% more damage when equipping a sword","Use Biggs's Memory Crystal","筋骨隆々","111000430","✓","✓"
"Core","Biggs","","Chauvanist Chivalry","PHY attacks deal 20% more damage when equipping a sword","Use Biggs's Memory Crystal II, chance to obtain with Biggs in party","美女への騎士道","111000431","✓","✓"
"Core","Biggs","","Stout Specialist","Knight abilities deal 40% more damage","Bring Biggs to level 99","豪腕なる特務官","111000432","✓","✓"
"Core","Wedge","","Master Adapter","PHY attacks deal 10% more damage when equipping a hat","Use Wedge's Memory Crystal","緩急自在","111000440","✓","✓"
"Core","Wedge","","Animal Lover","BLK attacks deal 20% more damage when equipping a hat","Use Wedge's Memory Crystal II, chance to obtain with Wedge in party","動物への愛護","111000441","✓","✓"
"Core","Wedge","","Swift Specialist","Increases Wind damage dealt by 30%","Bring Wedge to level 99","る特務官","111000442","✓","✓"
"Core","Dr. Mog","","Eminent Historian","MAG and MND +10% when equipping a book","Use Dr. Mog's Memory Crystal","歴史学の第一人者","111000450","✓","✓"
"Core","Dr. Mog","","Sagacious Scholar","Increases damage dealt by 20% when exploiting elemental weakness","Use Dr. Mog's Memory Crystal II, chance to obtain with Dr. Mog in party","学者の賢知","111000451","✓","✓"
"Core","Dr. Mog","","Top Archivist","WHT abilities restore 20% more HP, BLK attacks deal 20% more damage","Bring Dr. Mog to level 99","歴史省のトップ","111000452","✓","✓"
"Core","Shadowsmith","","Memories of the Past","MAG +?%, MND -?%","Use Shadowsmith's Memory Crystal","在りし日の思い出","111000460","",""
"Core","Shadowsmith","","Timespace Wanderer","PHY attacks deal ?% more damage when equipping a book","Use Shadowsmith's Memory Crystal II, chance to obtain with Shadowsmith in party","時空の彷徨者","111000461","",""
"Core","Shadowsmith","","Power of Chaos","SUM attacks deal ?% more damage when equipping a book","Bring Shadowsmith to level 99","混沌の力","111000462","",""
"I","Warrior of Light","","Crystals' Blessing","Grants [Shell] when HP fall below 20%","Use Warrior of Light's Memory Crystal","クリスタルの加護","111010010","✓","✓"
"I","Warrior of Light","","Light's Wrath","Attack turns into an ability (PHY: single, 1.00 physical Holy)","Chance to obtain with Warrior of Light in party","光の力","111010011","✓","✓"
"I","Warrior of Light","","Holy Might","Increases Holy damage dealt by 20%","Use Warrior of Light's Memory Crystal II, chance to obtain with Warrior of Light in party","聖なる力","111010012","✓","✓"
"I","Warrior of Light","","The Promised One","ATK and DEF +13% when equipping a sword","Bring Warrior of Light to level 99","予言の戦士","111010013","✓","✓"
"I","Garland","","Heretic","30% chance to turn Attack into an ability (PHY: single, 1.00 physical Dark)","Use Garland's Memory Crystal","異端者","111010020","✓","✓"
"I","Garland","","Stalwart Warrior","DEF +20% when equipping a heavy armor","Use Garland's Memory Crystal II, chance to obtain with Garland in party","重厚な戦士","111010021","✓","✓"
"I","Garland","","True Madness","Increases Dark damage dealt by 30%","Bring Garland to level 99","真の混沌","111010022","✓","✓"
"I","Sarah","","Bloom of Cornelia","MND +20%, MAG -20%","Use Sarah's Memory Crystal","コーネリアの華","111010030","✓","✓"
"I","Sarah","","Royal Benediction","Attack turns into an ability (WHT: restores HP (26))","Use Sarah's Memory Crystal II, chance to obtain with Sara in party","王家の祝福","111010031","✓","✓"
"I","Sarah","","First Princess","MND +25% when equipping a staff","Bring Sarah to level 99","はじまりの姫","111010032","✓","✓"
"I","Wol","","The Stranger","DEF +10% when equipping a light armor","Use Wol's Memory Crystal","異邦人","111010040","✓","✓"
"I","Wol","","Critical Affinity","16% chance to turn attack into an ability (PHY: single, 2.80 physical)","Use Wol's Memory Crystal II, chance to obtain with Wol in party","クリティカルブースト","111010041","✓","✓"
"I","Wol","","Palamecian Adventurer","ATK and DEF +13% when equipping a light armor","Bring Wol to level 99","パラミティアの冒険者","111010042","✓","✓"
"I","Echo","","Pluck","Increases Lightning damage dealt by 10%","Use Echo's Memory Crystal","おてんば","111010050","✓","✓"
"I","Echo","","Tiny Sprite","MAG +10%, causes Blind at the beginning of the battle","Use Echo's Memory Crystal II, chance to obtain with Echo in party","小さな妖精","111010051","✓","✓"
"I","Echo","","Mischievous Sprite","MAG +15%, causes Blind at the beginning of the battle","Bring Echo to level 99","あまのじゃくな妖精","111010052","✓","✓"
"I","Master","","Burnished Fist","8% chance to turn attack into an ability (PHY: single, 2.80 physical)","Use Master's Memory Crystal","磨かれし拳","111010060","✓","✓"
"I","Master","","Martial Artist","25% chance to dualcast Monk abilities if HP are lower than 50%","Use Master's Memory Crystal II, chance to obtain with Master in party","武の極意","111010061","✓","✓"
"I","Master","","Arduous Path","Attack turns into Chi Blast","Bring Master to level 99","厳しき修練の道","111010062","✓","✓"
"I","Matoya","","Witch's Tonic","50% chance to restore 1 use for all Black Magic abilities at the beginning of the battle","Use Matoya's Memory Crystal","魔女のくすり","111010070","✓","✓"
"I","Matoya","","Witch's Sight","15% chance to dualcast Black Magic abilities","Use Matoya's Memory Crystal II, chance to obtain with Matoya in party","全知の魔女","111010071","✓","✓"
"I","Matoya","","Legendary Witch","BLK attacks deal 30% more damage when equipping a staff","Bring Matoya to level 99","伝説の魔女","111010072","✓","✓"
"I","Meia","","Azure Witch","SUM attacks deal 10% more damage","Use Meia's Memory Crystal","碧の魔女","111010080","✓","✓"
"I","Meia","","Bewitching Sorcery","BLK and SUM attacks deal 10% more damage when equipping a rod","Use Meia's Memory Crystal II, chance to obtain with Meia in party","妖艶な魔術","111010081","✓","✓"
"I","Meia","","Palamecian Avenger","30% chance to turn Attack into Leviathan","Bring Meia to level 99","パラミティアの復讐者","111010082","✓","✓"
"I","Thief (I)","","Smooth Operator","Thief abilities deal 15% more damage","Use Thief (I)'s Memory Crystal","抜け目ない盗賊","111010090","✓","✓"
"I","Thief (I)","","Deft Moves","ATK +10%, grants [Haste] at the beginning of the battle","Use Thief (I)'s Memory Crystal II, chance to obtain with Thief (I) in party","早技の名手","111010091","✓","✓"
"I","Thief (I)","","Dagger Master","ATK and RES +13% when equipping a dagger","Bring Thief (I) to level 99","短剣の極意","111010092","✓","✓"
"II","Firion","","Hold the Line","ATK +5% for each 10% missing HP","Use Firion's Memory Crystal","立ち向かう勇気","111020010","✓","✓"
"II","Firion","","Rebel's Might","ATK and DEF +10%, grants [Low Regen] at the beginning of the battle","Use Firion's Memory Crystal II, chance to obtain with Firion in party","反乱軍のエース","111020011","✓","✓"
"II","Firion","","Weapons Master","ATK +13%","Bring Firion to level 99","武具を修めし者","111020012","✓","✓"
"II","Maria","","Archer Mage","BLK attacks deal 10% more damage when equipping a bow","Use Maria's Memory Crystal","弓の魔術師","111020020","✓","✓"
"II","Maria","","Rebel Sharpshooter","PHY and BLK attacks deal 10% more damage when equipping a bow","Chance to obtain with Maria in party","反乱軍の射手","111020021","✓","✓"
"II","Maria","","Inflame","Attack turns into an ability (BLK: single, 2.20 magical Fire)","Use Maria's Memory Crystal II, chance to obtain with Maria in party","誘爆","111020022","✓","✓"
"II","Maria","","Defiant Archer","MAG +15% when equipping a bow","Bring Maria to level 99","帝国に弓ひきし者","111020023","✓","✓"
"II","Guy","","Son of Beasts","ATK +10%, DEF -10%","Chance to obtain with Guy in party","野獣の子","111020030","✓","✓"
"II","Guy","","Unyielding Fang","ATK and DEF +10% when equipping an axe","Use Guy's Memory Crystal II, chance to obtain with Guy in party","狼牙剛体","111020031","✓","✓"
"II","Guy","","Untempered Giant","PHY attacks deal 30% more damage when equipping an axe","Bring Guy to level 99","鍛え抜かれし巨漢","111020032","✓","✓"
"II","Leon","","Misplaced Faith","DEF +5% for each 10% missing HP","Use Leon's Memory Crystal","力への妄信","111020040","✓","✓"
"II","Leon","","Power of Darkness","Attack turns into an ability (PHY: single, 1.00 physical Dark)","Chance to obtain with Leon in party","闇の力","111020041","✓","✓"
"II","Leon","","Lone Warrior","ATK +10%, DEF -10%","Use Leon's Memory Crystal II, chance to obtain with Leon in party","孤独な戦士","111020042","✓","✓"
"II","Leon","","Darkborn Knight","ATK and DEF +13% when equipping a heavy armor","Bring Leon to level 99","暗黒に染まる騎士","111020043","✓","✓"
"II","Minwu","","White Shepherd","MND +10% when equipping a staff","Use Minwu's Memory Crystal","白の導き手","111020050","✓","✓"
"II","Minwu","","Master in White","WHT abilities restore 20% more HP","Use Minwu's Memory Crystal II, chance to obtain with Minwu in party","白魔道の大家","111020051","✓","✓"
"II","Minwu","","Greater Good","WHT abilities restore 30% more HP","Bring Minwu to level 99","天命に殉ずる覚悟","111020052","✓","✓"
"II","Gordon","","Grim Determination","RES +5% for each 10% missing HP","Use Gordon's Memory Crystal","湧き上がる士気","111020060","✓","✓"
"II","Gordon","","Pride of Kashuan","Grants [Protect] at the beginning of the battle","Chance to obtain with Gordon in party","カシュオーンの誇り","111020061","✓","✓"
"II","Gordon","","Royal Charge","RES +20% when equipping a shield","Use Gordon's Memory Crystal II, chance to obtain with Gordon in party","王族の自覚","111020062","✓","✓"
"II","Gordon","","Princely Promise","ATK and DEF +13% when equipping a spear","Bring Gordon to level 99","芽生えし威厳","111020063","✓","✓"
"II","Leila","","Pirate's Code","PHY attacks deal 10% more damage when equipping a dagger","Use Leila's Memory Crystal","女海賊の心得","111020070","✓","✓"
"II","Leila","","Trick Attack","PHY attacks deal 20% more damage when equipping a dagger","Use Leila's Memory Crystal II, chance to obtain with Leila in party","だまし討ち","111020071","✓","✓"
"II","Leila","","Ringleader","24% chance to turn Attack into Thief's Revenge","Bring Leila to level 99","やり手の女頭領","111020072","✓","✓"
"II","Ricard","","Dragoon's Determination","ATK +20%, causes Sap at the beginning of the battle","Use Ricard's Memory Crystal","竜騎士の決意","111020080","✓","✓"
"II","Ricard","","Dragoon's Pride","37% chance to turn Attack into Jump","Chance to obtain with Ricard in party","竜騎士団の誇り","111020081","✓","✓"
"II","Ricard","","The Last Dragoon","Dragoon abilities deal 30% more damage","Use Ricard's Memory Crystal II, chance to obtain with Ricard in party","最後の竜騎士","111020082","✓","✓"
"II","Ricard","","Dragoon of Deist","24% chance to turn Attack into Sky Grinder","Bring Ricard to level 99","ディスト竜騎士の矜持","111020083","✓","✓"
"II","Josef","","Self-Sacrifice","ATK and DEF +10%, causes Sap at the beginning of the battle","Use Josef's Memory Crystal","自己犠牲","111020090","✓","✓"
"II","Josef","","Double Hit","Attack turns into an ability (PHY: single, 2x 0.65 physical)","Chance to obtain with Josef in party","連続HIT","111020091","✓","✓"
"II","Josef","","Ward of the Snow Plains","Increases Ice damage dealt by 20%","Use Josef's Memory Crystal II, chance to obtain with Josef in party","雪原の盾","111020092","✓","✓"
"II","Josef","","Entrusted Ambition","ATK +15%, DEF -15%","Bring Josef to level 99","託せし大志","111020093","✓","✓"
"II","Emperor","","Emperor's Stratagem","8% chance to counter PHY attacks with an ability (BLK: single, 0.70 magical Wind)","Use Emperor's Memory Crystal","皇帝の謀略","111020100","✓","✓"
"II","Emperor","","Winds of Darkness","Attack turns into an ability (BLK: group, 1.50 magical Wind)","Use Emperor's Memory Crystal II, chance to obtain with Emperor in party","暗黒の風","111020101","✓","✓"
"II","Emperor","","Thirst for Power","60% chance to turn Attack into Drain","Bring Emperor to level 99","飽くなき支配欲","111020102","✓","✓"
"II","Hilda","","Trustworthy Princess","MND +10% when equipping an instrument","Use Hilda's Memory Crystal","信頼厚き王女","111020110","✓","✓"
"II","Hilda","","Wisdom and Will","13% chance to dualcast Bard abilities","Use Hilda's Memory Crystal II, chance to obtain with Hilda in party","聡明さと強い意志","111020111","✓","✓"
"II","Hilda","","Masterful Leader","Attack turns into Requiem","Bring Hilda to level 99","才色兼備のリーダー","111020112","✓","✓"
"II","Scott","","Valiant Prince","Spellblade abilities deal 15% more damage","Use Scott's Memory Crystal","勇ましき王子","111020120","✓","✓"
"II","Scott","","Blade of Kashuan","49% chance to turn Attack into Fire Strike","Use Scott's Memory Crystal II, chance to obtain with Scott in party","カシュオーンの刃","111020121","✓","✓"
"II","Scott","","Undying Flame","DEF +20%, grants [Reraise: 40%] at the beginning of the battle","Bring Scott to level 99","消えぬ闘炎","111020122","✓","✓"
"III","Luneth","","Might of Wind","Increases Wind damage dealt by 10%","Use Luneth's Memory Crystal","風のクリスタルの力","111030010","✓","✓"
"III","Luneth","","Zeal","Grants [Haste] at the beginning of the battle","Chance to obtain with Luneth in party","強き心","111030011","✓","✓"
"III","Luneth","","Prey on the Weak","Increases damage dealt by 20% when exploiting elemental weakness","Use Luneth's Memory Crystal II, chance to obtain with Luneth in party","ウィークウォッチ","111030012","✓","✓"
"III","Luneth","","Fast Learner","100% chance to double Experience gained at the end of the battle","Bring Luneth to level 99","未完の大器","111030013","✓","✓"
"III","Arc","","Might of Water","Increases Water damage dealt by 10%","Use Arc's Memory Crystal","水のクリスタルの力","111030020","✓","✓"
"III","Arc","","Gentle Soul","Grants [Shell] at the beginning of the battle","Chance to obtain with Arc in party","優しき心","111030021","✓","✓"
"III","Arc","","Wisdom Beyond Years","MAG and MND +10% when equipping a staff","Use Arc's Memory Crystal II, chance to obtain with Arc in party","少年たちの知恵袋","111030022","✓","✓"
"III","Arc","","Unseen Valor","MAG and MND +13% when equipping a robe","Bring Arc to level 99","秘めたる勇気","111030023","✓","✓"
"III","Refia","","Might of Fire","Increases Fire damage dealt by 10%","Use Refia's Memory Crystal","火のクリスタルの力","111030030","✓","✓"
"III","Refia","","Beloved Soul","Grants [Protect] at the beginning of the battle","Chance to obtain with Refia in party","愛しき心","111030031","✓","✓"
"III","Refia","","Chakram Arts","PHY attacks deal 20% more damage when equipping a thrown weapon","Use Refia's Memory Crystal II, chance to obtain with Refia in party","チャクラムアーツ","111030032","✓","✓"
"III","Refia","","Heightened Senses","PHY attacks deal 30% more damage when equipping a thrown weapon","Bring Refia to level 99","研ぎ澄まされた感性","111030033","✓","✓"
"III","Ingus","","Might of Earth","Increases Earth damage dealt by 10%","Use Ingus's Memory Crystal","土のクリスタルの力","111039960","✓","✓"
"III","Ingus","","Devout Soul","Grants [Medium Regen] at the beginning of the battle","Chance to obtain with Ingus in party","信じる心","111039961","✓","✓"
"III","Ingus","","Spirit of Sasune","DEF +20% when equipping a shield","Use Ingus's Memory Crystal II, chance to obtain with Ingus in party","サスーン騎士の心意気","111030042","✓","✓"
"III","Ingus","","Steady Hand","DEF +25% when equipping a shield","Bring Ingus to level 99","実直な戦士","111030043","✓","✓"
"III","Desch","","Ancient Power","BLK attacks deal 10% more damage when equipping a sword","Use Desch's Memory Crystal","眠る古代の力","111030050","✓","✓"
"III","Desch","","Duty Bound","ATK and MAG +10%, causes Sap at the beginning of the battle","Use Desch's Memory Crystal II, chance to obtain with Desch in party","使命の果て","111030051","✓","✓"
"III","Desch","","Shocking Demeanor","Attack turns into an ability (BLK: single, 2.60 magical Lightning)","Bring Desch to level 99","鮮烈なる生き様","111030052","✓","✓"
"III","Onion Knight","","Mage Aspirant","MAG +10% when equipping a staff","Use Onion Knight's Memory Crystal","未完の魔道士","111030060","✓","✓"
"III","Onion Knight","","Untapped Talent","100% chance to double Experience gained at the end of the battle","Use Onion Knight's Memory Crystal II, chance to obtain with Onion Knight in party","大器晩成","111030061","✓","✓"
"III","Onion Knight","","Timeless Wisdom","MAG and MND +13% when equipping a staff","Bring Onion Knight to level 99","悠久の知恵","111030062","✓","✓"
"III","Cloud of Darkness","","Ripples of Magic","30% chance to turn Attack into an ability (BLK: single, 0.70 magical)","Use Cloud of Darkness's Memory Crystal","妖魔の波動","111030070","✓","✓"
"III","Cloud of Darkness","","Portent of Doom","Attack turns into an ability (BLK: group, 1.50 magical Dark)","Use Cloud of Darkness's Memory Crystal II, chance to obtain with Cloud of Darkness in party","終末の兆し","111030071","✓","✓"
"III","Cloud of Darkness","","Avatar of the Void","Attack turns into an ability (BLK: single, 2.60 magical)","Bring Cloud of Darkness to level 99","無の化身","111030072","✓","✓"
"III","Aria","","Maiden's Awakening","MND +20%, MAG -20%","Use Aria's Memory Crystal","巫女の目覚め","111030090","✓","✓"
"III","Aria","","Word of Prayer","Restores 1 use for all White Magic abilities at the beginning of the battle","Use Aria's Memory Crystal II, chance to obtain with Aria in party","祈りの言葉","111030091","✓","✓"
"III","Aria","","Guiding Light","WHT abilities restore 30% more HP","Bring Aria to level 99","光導く虹","111030092","✓","✓"
"IV","Cecil (Dark Knight)","","Gore-stained Blade I","Attack turns into an ability (PHY: single, 1.20 physical, damages the user for 5% of the user's maximum HP)","Use Cecil (Dark Knight)'s Memory Crystal","血塗られた剣技Ⅰ","111040010","✓","✓"
"IV","Cecil (Dark Knight)","","Gore-stained Blade II","Attack turns into an ability (PHY: single, 1.30 physical, damages the user for 5% of the user's maximum HP)","Chance to obtain with Cecil (Dark Knight) in party","血塗られた剣技Ⅱ","111040011","✓","✓"
"IV","Cecil (Dark Knight)","","Pride of the Red Wings","PHY attacks deal 20% more damage when equipping a sword","Use Cecil (Dark Knight)'s Memory Crystal II, chance to obtain with Cecil (Dark Knight) in party","赤い翼の誇り","111040012","✓","✓"
"IV","Cecil (Dark Knight)","","Cursed Power","Darkness abilities deal 40% more damage","Bring Cecil (Dark Knight) to level 99","呪われし闇の力","111040013","✓","✓"
"IV","Cecil (Paladin)","","Indomitable Spirit","Grants [Protect] when HP fall below 20%","Use Cecil (Paladin)'s Memory Crystal","屈せぬ魂","111040020","✓","✓"
"IV","Cecil (Paladin)","","Holy Blade","Attack turns into an ability (PHY: single, 0.90 physical, heals the user for 8% of the damage dealt)","Chance to obtain with Cecil (Paladin) in party","聖騎士の剣技","111040021","✓","✓"
"IV","Cecil (Paladin)","","Paladin's Devotion","30% chance to counter PHY attacks with an ability (NAT: self, restores HP (30))","Use Cecil (Paladin)'s Memory Crystal II, chance to obtain with Cecil (Paladin) in party","聖騎士の決意","111040022","✓","✓"
"IV","Cecil (Paladin)","","Azure Blade","Increases Holy damage dealt by 30%","Bring Cecil (Paladin) to level 99","青き星の聖剣","111040023","✓","✓"
"IV","Kain","","Heart of the Dragoon","Jump attacks deal 20% more damage","Use Kain's Memory Crystal","竜騎士の心","111040030","✓","✓"
"IV","Kain","","Brainwash","ATK and DEF +10%, causes Confuse at the beginning of the battle","Chance to obtain with Kain in party","洗脳","111040031","✓","✓"
"IV","Kain","","Illustrious Dragoon","Jump attacks deal 25% more damage","Use Kain's Memory Crystal II, chance to obtain with Kain in party","プライド高き竜騎士","111040032","✓","✓"
"IV","Kain","","Heights of Honor","Jump attacks deal 35% more damage","Bring Kain to level 99","誇りの飛翔","111040033","✓","✓"
"IV","Rydia","","Eidolon's Gift","Grants [Shell] when HP fall below 20%","Use Rydia's Memory Crystal","幻獣の加護","111040040","✓","✓"
"IV","Rydia","","Eidolon's Bond","SUM attacks deal 20% more damage","Chance to obtain with Rydia in party","幻獣との絆","111040041","✓","✓"
"IV","Rydia","","Summoner of Mist","MAG +10% when equipping a whip","Use Rydia's Memory Crystal II, chance to obtain with Rydia in party","ミストの召喚士","111040042","✓","✓"
"IV","Rydia","","Child of the Feymarch","MAG and RES +13% when equipping a whip","Bring Rydia to level 99","幻界で育まれし魔力","111040043","✓","✓"
"IV","Rosa","","Archer in White","MND +10% when equipping a bow","Use Rosa's Memory Crystal","白魔道士団の弓使い","111040060","✓","✓"
"IV","Rosa","","Artemis of Baron","MND +20% when equipping a bow","Use Rosa's Memory Crystal II, chance to obtain with Rosa in party","バロンのアルテミス","111040061","✓","✓"
"IV","Rosa","","Rose of Baron","MND +25% when equipping a bow","Bring Rosa to level 99","バロン随一の美貌","111040062","✓","✓"
"IV","Edward","","Royal Song I","50% chance to restore 1 use for all Bard abilities at the beginning of the battle","Use Edward's Memory Crystal","王族の歌声I","111040070","✓","✓"
"IV","Edward","","Royal Song II","Restores 1 use for all Bard abilities at the beginning of the battle","Chance to obtain with Edward in party","王族の歌声II","111040071","✓","✓"
"IV","Edward","","Frail Prince","DEF and RES +10%, causes Sap at the beginning of the battle","Use Edward's Memory Crystal II, chance to obtain with Edward in party","衰弱の王子","111040072","✓","✓"
"IV","Edward","","Spoony Bard","PHY attacks deal 30% more damage when equipping an instrument","Bring Edward to level 99","心優しき吟遊詩人","111040073","✓","✓"
"IV","Yang","","Ascetic Journey","50% chance to restore 1 use for all Monk abilities at the beginning of the battle","Use Yang's Memory Crystal","僧兵の修行","111040080","✓","✓"
"IV","Yang","","Tough Love","Attack turns into an ability (PHY: group, 0.40 physical)","Use Yang's Memory Crystal II, chance to obtain with Yang in party","愛のけり","111040081","✓","✓"
"IV","Yang","","Feat of Fabul","Attack turns into an ability (PHY: group, 0.80 physical)","Bring Yang to level 99","ファブール最強のけり","111040082","✓","✓"
"IV","Palom","","Black Magic Adept","BLK attacks deal 10% more damage when equipping a dagger","Use Palom's Memory Crystal","黒魔道士の素質","111040090","✓","✓"
"IV","Palom","","Black Magic Prodigy","100% chance to double Experience gained at the end of the battle","Use Palom's Memory Crystal II, chance to obtain with Palom in party","黒魔法の天才児","111040091","✓","✓"
"IV","Palom","","Black Magic Marvel","MAG +15% when equipping a rod","Bring Palom to level 99","卓越せし黒魔法の才能","111040092","✓","✓"
"IV","Porom","","White Magic Adept","8% chance to dualcast White Magic abilities","Use Porom's Memory Crystal","白魔道士の素質","111040100","✓","✓"
"IV","Porom","","White Magic Prodigy","MND +20% when equipping a staff","Use Porom's Memory Crystal II, chance to obtain with Porom in party","白魔法の天才児","111040101","✓","✓"
"IV","Porom","","White Magic Marvel","MND +25% when equipping a hat","Bring Porom to level 99","卓越せし白魔法の才能","111040102","✓","✓"
"IV","Tellah","","Sage's Sigil","30% chance to turn Attack into an ability (BLK: single, 0.70 magical Ice)","Use Tellah's Memory Crystal","賢者の印","111040110","✓","✓"
"IV","Tellah","","Sage's Monograph","MAG and MND +10% when equipping a rod","Use Tellah's Memory Crystal II, chance to obtain with Tellah in party","賢者の心得","111040111","✓","✓"
"IV","Tellah","","Sage's Reverie","MAG and MND +13% when equipping a staff","Bring Tellah to level 99","賢者の想起","111040112","✓","✓"
"IV","Edge","","Secrets of Eblan","50% chance to restore 1 use for all Ninja abilities at the beginning of the battle","Use Edge's Memory Crystal","エブラーナの秘伝","111040120","✓","✓"
"IV","Edge","","Smoldering Fury","Increases Fire damage dealt by 20%","Use Edge's Memory Crystal II, chance to obtain with Edge in party","燃え盛る怒り","111040121","✓","✓"
"IV","Edge","","Sacred Tradition","Ninja abilities deal 40% more damage","Bring Edge to level 99","先祖代々の奥義","111040122","✓","✓"
"IV","Fusoya","","Moon's Grace I","40% chance to restore 1 use for all Black Magic and White Magic abilities at the beginning of the battle","Use Fusoya's Memory Crystal","月の恵みⅠ","111040130","✓","✓"
"IV","Fusoya","","Moon's Grace II","Restores 1 use for all Black Magic and White Magic abilities at the beginning of the battle","Chance to obtain with Fusoya in party","月の恵みⅡ","111040131","✓","✓"
"IV","Fusoya","","Wizard's Beard","BLK and WHT attacks deal 10% more damage when equipping a rod","Use Fusoya's Memory Crystal II, chance to obtain with Fusoya in party","神秘的なヒゲ","111040132","✓","✓"
"IV","Fusoya","","Waxing Moon","MAG and MND +10%","Bring Fusoya to level 99","格調高き月の番人","111040133","✓","✓"
"IV","Golbez","","Devil's Pact","MAG +2% for each 10% missing HP","Use Golbez's Memory Crystal","魔人の底力","111040140","✓","✓"
"IV","Golbez","","Brooding Darkness","Increases Dark damage dealt by 20%","Use Golbez's Memory Crystal II, chance to obtain with Golbez in party","漆黒の力","111040141","✓","✓"
"IV","Golbez","","Sorceror in Black","DEF and MAG +13% when equipping a rod","Bring Golbez to level 99","黒衣の魔人","111040142","✓","✓"
"IV","Cid (IV)","","Baron Airshipwright","Machinist abilities deal 15% more damage","Use Cid (IV)'s Memory Crystal","バロンの飛空艇技師","111040150","✓","✓"
"IV","Cid (IV)","","Stubborn Ox","PHY attacks deal 20% more damage when equipping a hammer","Use Cid (IV)'s Memory Crystal II, chance to obtain with Cid (IV) in party","頑固な人情家","111040151","✓","✓"
"IV","Cid (IV)","","Grizzled Veteran","20% chance to turn Attack into an ability (PHY: single, 1.00 physical, causes Silence (100%))","Bring Cid (IV) to level 99","たくましい元気オヤジ","111040152","✓","✓"
"IV","Ceodore","","Hero's Progeny","If an ally has negative effects, 40% chance to turn Attack into an ability (NAT: single, removes negative effects)","Use Ceodore's Memory Crystal","英雄の息子","111040180","✓","✓"
"IV","Ceodore","","Conqueror of Trials","DEF and RES +10% when equipping a heavy armor","Use Ceodore's Memory Crystal II, chance to obtain with Ceodore in party","試練を越えし者","111040181","✓","✓"
"IV","Ceodore","","Vigor of Youth","ATK and MND +10%","Bring Ceodore to level 99","覚醒せし若き力","111040182","✓","✓"
"IV","Rubicante","","Lord of Flame","Increases Fire damage dealt by 10%","Use Rubicante's Memory Crystal","炎をつかさどる者","111040200","✓","✓"
"IV","Rubicante","","Master of Fire","Attack turns into an ability (BLK: group, 1.50 magical Fire)","Use Rubicante's Memory Crystal II, chance to obtain with Rubicante in party","炎術の手練","111040201","✓","✓"
"IV","Rubicante","","Honorable Foe","MAG and MND +13% when equipping a light armor","Bring Rubicante to level 99","誇り高き宿敵","111040202","✓","✓"
"IV","Ursula","","Fabul Princess","Increases physical damage dealt by 10% when equipping a light armor","Use Ursula's Memory Crystal","ファブールの王女","111040210","✓","✓"
"IV","Ursula","","Flirting with Power","ATK +13% when equipping a fist weapon","Use Ursula's Memory Crystal II, chance to obtain with Ursula in party","強さに憧れる少女","111040211","✓","✓"
"IV","Ursula","","Deadly Secrets","15% chance to turn Attack into Gaia Rush","Bring Ursula to level 99","極意を得し者","111040212","✓","✓"
"IV","Barbariccia","","Standout Archfiend","MAG +10%, DEF -10%","Use Barbariccia's Memory Crystal","四天王の紅一点","111040220","✓","✓"
"IV","Barbariccia","","Midair Combatant","Increases Wind damage dealt by 20%","Use Barbariccia's Memory Crystal II, chance to obtain with Barbariccia in party","空中戦に長ける戦士","111040221","✓","✓"
"IV","Barbariccia","","One With the Wind","Attack turns into an ability (BLK: group, 2.08 magical Wind)","Bring Barbariccia to level 99","風を名に冠する者","111040222","✓","✓"
"V","Lenna","","Oath of Tycoon","WHT abilities restore 10% more HP","Use Lenna's Memory Crystal","タイクーンの誓い","111050020","✓","✓"
"V","Lenna","","Empathic Soul","Grants [High Regen] at the beginning of the battle","Use Lenna's Memory Crystal II, chance to obtain with Lenna in party","いたわりの心","111050021","✓","✓"
"V","Lenna","","Heart of Grace","WHT abilities restore 30% more HP","Bring Lenna to level 99","仁愛の姫君","111050022","✓","✓"
"V","Galuf","","Fit of Rage","Grants [Berserk] at the beginning of the battle","Use Galuf's Memory Crystal","激情","111050051","✓","✓"
"V","Galuf","","Martial Master","12% chance to counter PHY attacks with an ability (PHY: single, 2x 0.65 physical)","Chance to obtain with Galuf in party","熟達の拳技","111050050","✓","✓"
"V","Galuf","","Fist of Dawn","PHY attacks deal 20% more damage when equipping a fist weapon","Use Galuf's Memory Crystal II, chance to obtain with Galuf in party","暁の拳技","111050052","✓","✓"
"V","Galuf","","Quiet Resolve","24% chance to turn Attack into Fires Within","Bring Galuf to level 99","必倒の覚悟","111050053","✓","✓"
"V","Gogo (V)","","Master's Touch","Grants [Reflect] at the beginning of the battle","Use Gogo (V)'s Memory Crystal","名人の所作","111050060","✓","✓"
"V","Gogo (V)","","Master's Bearing","Grants [Low Regen] and Retaliate at the beginning of the battle","Use Gogo (V)'s Memory Crystal II, chance to obtain with Gogo (V) in party","名人芸","111050062","✓","✓"
"V","Gogo (V)","","Master's Guise","MAG and MND +13% when equipping a hat","Bring Gogo (V) to level 99","名人の極意","111050063","✓","✓"
"V","Gilgamesh","","Warrior's Burden","DEF +10% when equipping a heavy armor","Use Gilgamesh's Memory Crystal","隊長の責任","111050070","✓","✓"
"V","Gilgamesh","","Captain's Protection","Restores 1 use for all Knight abilities at the beginning of the battle","Use Gilgamesh's Memory Crystal II, chance to obtain with Gilgamesh in party","親衛隊長の守護","111050071","✓","✓"
"V","Gilgamesh","","Into the Fray","Grants [Protect], Shell and Haste at the beginning of the battle","Bring Gilgamesh to level 99","強敵（とも）","111050072","✓","✓"
"V","Bartz","","Wind Wanderer","Increases Wind damage dealt by 10%","Use Bartz's Memory Crystal","風の旅人","111050010","✓","✓"
"V","Bartz","","Spellblade Master","13% chance to dualcast Spellblade abilities","Use Bartz's Memory Crystal II, chance to obtain with Bartz in party","魔法剣の使い手","111050011","✓","✓"
"V","Bartz","","World Traveler","Increases Wind damage dealt by 30%","Bring Bartz to level 99","世界を巡る冒険者","111050012","✓","✓"
"V","Faris","","Pirate's Vanguard","50% chance to restore 1 use for all Support abilities at the beginning of the battle","Use Faris's Memory Crystal","女頭領の統率","111050090","✓","✓"
"V","Faris","","Fury of the Seas","PHY attacks deal 20% more damage when equipping a bow","Use Faris's Memory Crystal II, chance to obtain with Faris in party","海上の戦女神","111050091","✓","✓"
"V","Faris","","Flower of the Sea","Support abilities deal 40% more damage","Bring Faris to level 99","美しき海賊の頭領","111050092","✓","✓"
"V","Dorgann","","Proud Father","Increases Holy damage dealt by 10%","Use Dorgann's Memory Crystal","誇り高き父","111050100","✓","✓"
"V","Dorgann","","Tempered Blade","Knight abilities deal 30% more damage","Use Dorgann's Memory Crystal II, chance to obtain with Dorgann in party","鍛えられし剣技","111050101","✓","✓"
"V","Dorgann","","Dawn's Star","DEF and RES +20% when equipping a light armor","Bring Dorgann to level 99","暁の誇り","111050102","✓","✓"
"V","Exdeath","","Evil Thoughts","10% chance to turn Attack into an ability (PHY: single, 1.00 physical, causes Instant KO (100%))","Use Exdeath's Memory Crystal","邪悪な意思","111050110","✓","✓"
"V","Exdeath","","Arcane Secrets","13% chance to dualcast Darkness abilities","Use Exdeath's Memory Crystal II, chance to obtain with Exdeath in party","暗黒魔道士の秘技","111050111","✓","✓"
"V","Exdeath","","Call of the Void","MAG and RES +13% when equipping a heavy armor","Bring Exdeath to level 99","無の力への渇望","111050112","✓","✓"
"V","Krile","","Bestial Affinity","SUM attacks deal 10% more damage","Use Krile's Memory Crystal","豊かな感受性","111050120","✓","✓"
"V","Krile","","Familial Bond","MAG +10%, grants [Low Regen] at the beginning of the battle","Use Krile's Memory Crystal II, chance to obtain with Krile in party","おじいちゃんとの絆","111050121","✓","✓"
"V","Krile","","Unbroken Promise","MAG +15% when equipping a whip","Bring Krile to level 99","受け継いだ遺志","111050122","✓","✓"
"V","Xezat","","Humble Monarch","50% chance to restore 1 use for all Spellblade abilities at the beginning of the battle","Use Xezat's Memory Crystal","気さくな王","111050160","✓","✓"
"V","Xezat","","Proud Swordsman","Spellblade abilities deal 30% more damage","Use Xezat's Memory Crystal II, chance to obtain with Xezat in party","剣士の自負","111050161","✓","✓"
"V","Xezat","","Xezat of Ice","24% chance to turn Attack into Frost Strike","Bring Xezat to level 99","氷の異名を持つ剣士","111050162","✓","✓"
"V","Kelger","","Alpha Wolf","50% chance to restore 1 use for all Celerity abilities at the beginning of the battle","Use Kelger's Memory Crystal","勇猛なるウェアウルフ","111050170","✓","✓"
"V","Kelger","","Lupine Swiftness","50% chance to begin the round with full ATB gauge","Use Kelger's Memory Crystal II, chance to obtain with Kelger in party","迅速な狼戦士","111050171","✓","✓"
"V","Kelger","","Ferocious Fang","Attack turns into an ability (PHY: single, 2.10 physical) with 0.01 cast time that grants 0 SB points","Bring Kelger to level 99","どう猛なる狼の牙","111050172","✓","✓"
"VI","Terra","","Hidden Power","50% chance to restore 1 use for all Black Magic abilities at the beginning of the battle","Use Terra's Memory Crystal","秘めたる魔導","111060010","✓","✓"
"VI","Terra","","Blood of Espers","13% chance to dualcast Black Magic abilities","Use Terra's Memory Crystal II, chance to obtain with Terra in party","幻獣の血","111060012","✓","✓"
"VI","Terra","","Light of Hope","MAG +13%","Bring Terra to level 99","希望という名の光","111060013","✓","✓"
"VI","Locke","","Treasure Hunter's Zeal","50% chance to restore 1 use for all Celerity abilities at the beginning of the battle","Use Locke's Memory Crystal","冒険家の備え","111060030","✓","✓"
"VI","Locke","","Adventurer's Dagger","PHY attacks deal 20% more damage when equipping a dagger","Use Locke's Memory Crystal II, chance to obtain with Locke in party","冒険家の短剣術","111060031","✓","✓"
"VI","Locke","","True Treasure Hunter","Celerity abilities deal 35% more damage","Bring Locke to level 99","真のトレジャーハンター","111060032","✓","✓"
"VI","Celes","","Hand of the Victor","30% chance to turn Attack into Blizzard Strike","Use Celes's Memory Crystal","常勝","111060040","✓","✓"
"VI","Celes","","Unbreakable Spellblade","Spellblade abilities deal 30% more damage","Use Celes's Memory Crystal II, chance to obtain with Celes in party","常勝将軍の魔剣","111060041","✓","✓"
"VI","Celes","","Love's Wake","Spellblade abilities deal 40% more damage","Bring Celes to level 99","愛の軌跡","111060042","✓","✓"
"VI","Mog","","Heart of the Dancer I","50% chance to restore 1 use for all Dancer abilities at the beginning of the battle","Use Mog's Memory Crystal","踊りの心I","111060050","✓","✓"
"VI","Mog","","Heart of the Dancer II","Restores 1 use for all Dancer abilities at the beginning of the battle","Chance to obtain with Mog in party","踊りの心II","111060051","✓","✓"
"VI","Mog","","Moogle Warrior","MND +20%, MAG -20%","Use Mog's Memory Crystal II, chance to obtain with Mog in party","モーグリ族の戦士","111060052","✓","✓"
"VI","Mog","","Moogle Gallantry","MND +25% when equipping a spear","Bring Mog to level 99","勇敢なるモーグリ","111060053","✓","✓"
"VI","Edgar","","Might of Figaro","Grants [Protect] when HP fall below 20%","Use Edgar's Memory Crystal","フィガロ王家の力","111060060","✓","✓"
"VI","Edgar","","Pride of Figaro","PHY attacks deal 20% more damage when equipping a spear","Use Edgar's Memory Crystal II, chance to obtain with Edgar in party","フィガロの誇り","111060061","✓","✓"
"VI","Edgar","","Well-Oiled Machine","Increases Poison damage dealt by 30%","Bring Edgar to level 99","華麗なるマシーナリー","111060062","✓","✓"
"VI","Sabin","","Innate Healing","Grants [Low Regen] at the beginning of the battle","Use Sabin's Memory Crystal","自然治癒","111060070","✓","✓"
"VI","Sabin","","Keeper of the Old Ways","13% chance to dualcast Monk abilities","Use Sabin's Memory Crystal II, chance to obtain with Sabin in party","奥義の継承者","111060071","✓","✓"
"VI","Sabin","","Fists of Justice","Monk abilities deal 40% more damage","Bring Sabin to level 99","正義の熱血漢","111060072","✓","✓"
"VI","Shadow","","Cold Steel","Attack turns into an ability (PHY: single, 1.20 physical) that grants 35 Soul Break points","Use Shadow's Memory Crystal","非情なる刃","111060080","✓","✓"
"VI","Shadow","","Hardened Assassin","Ninja abilities deal 30% more damage","Use Shadow's Memory Crystal II, chance to obtain with Shadow in party","冷徹な暗殺者","111060081","✓","✓"
"VI","Shadow","","Violent Ambition","24% chance to turn Attack into Doppelblade","Bring Shadow to level 99","極めし修羅道","111060082","✓","✓"
"VI","Cyan","","Katana Master","PHY attacks deal 10% more damage when equipping a katana","Use Cyan's Memory Crystal","刀の使い手","111060090","✓","✓"
"VI","Cyan","","Samurai Spirit","Grants [Retaliate] when HP fall below 20%","Chance to obtain with Cyan in party","侍の心得","111060091","✓","✓"
"VI","Cyan","","Samurai of Doma","Samurai abilities deal 30% more damage","Use Cyan's Memory Crystal II, chance to obtain with Cyan in party","ドマ国のサムライ","111060092","✓","✓"
"VI","Cyan","","Brink of Despair","ATK and DEF +13% when equipping a katana","Bring Cyan to level 99","絶望を超えし武人","111060093","✓","✓"
"VI","Gau","","Wild Child","ATK +10%, DEF -10%","Use Gau's Memory Crystal","野生児","111060100","✓","✓"
"VI","Gau","","Feral Might","ATK +10%, grants [Haste] at the beginning of the battle","Use Gau's Memory Crystal II, chance to obtain with Gau in party","獣の力","111060101","✓","✓"
"VI","Gau","","Veldt Mischief","60% chance to turn Attack into an ability (NAT: single, 2.20 physical)","Bring Gau to level 99","獣ヶ原のあばれん坊","111060102","✓","✓"
"VI","Setzer","","All In","50% chance to restore 1 use for all Combat abilities at the beginning of the battle","Use Setzer's Memory Crystal","真剣勝負","111060110","✓","✓"
"VI","Setzer","","Soaring Dreams","Machinist abilities deal 30% more damage","Use Setzer's Memory Crystal II, chance to obtain with Setzer in party","世界最速の夢","111060111","✓","✓"
"VI","Setzer","","Wandering Gambler","24% chance to turn Attack into Rapid Fire","Bring Setzer to level 99","流浪のギャンブラー","111060112","✓","✓"
"VI","Strago","","Elder Sage","Increases Water damage dealt by 10%","Use Strago's Memory Crystal","老魔導士の知識","111060120","✓","✓"
"VI","Strago","","Blue Mage Defiance","15% chance to counter BLK or WHT attacks with an ability (NAT: random, 1.50 magical, causes Confuse (6%))","Chance to obtain with Strago in party","青魔導士の意地","111060121","✓","✓"
"VI","Strago","","Mystic Bloodlines","Increases Water damage dealt by 20%","Use Strago's Memory Crystal II, chance to obtain with Strago in party","魔導士の末裔","111060122","✓","✓"
"VI","Strago","","Reborn Zeal","Attack turns into an ability (BLK: group, 2.08 magical)","Bring Strago to level 99","蘇る魔導士の情熱","111060123","✓","✓"
"VI","Relm","","Granddaughter's Love","MND +10% when equipping a rod","Use Relm's Memory Crystal","孫の思いやり","111060130","✓","✓"
"VI","Relm","","Gifted Artist","100% chance to double Experience gained at the end of the battle","Use Relm's Memory Crystal II, chance to obtain with Relm in party","才能あふれる幼画家","111060131","✓","✓"
"VI","Relm","","Precocious Youth","MND +25% when equipping a robe","Bring Relm to level 99","口達者なお嬢ちゃん","111060132","✓","✓"
"VI","Gogo (VI)","","Defensive Instinct","10% chance to counter PHY attacks with an ability (NAT: self, grants [Protect])","Use Gogo (VI)'s Memory Crystal","オウム返し","111060140","✓","✓"
"VI","Gogo (VI)","","Mimic-Fashion","MND +20%, grants [Low Regen] at the beginning of the battle","Use Gogo (VI)'s Memory Crystal II, chance to obtain with Gogo (VI) in party","ものまね士の流儀","111060141","✓","✓"
"VI","Gogo (VI)","","Enigmatic Ally","DEF and RES +20% when equipping a helmet","Bring Gogo (VI) to level 99","謎に包まれし仲間","111060142","✓","✓"
"VI","Umaro","","Blizzard Berserker","Grants [Berserk] at the beginning of the battle","Use Umaro's Memory Crystal","吹雪の狂戦士","111060150","✓","✓"
"VI","Umaro","","Bone Carver","ATK +13% when equipping a hammer","Use Umaro's Memory Crystal II, chance to obtain with Umaro in party","洞窟の骨彫刻家","111060151","✓","✓"
"VI","Umaro","","Icy Jewel","16% chance to turn Attack into an ability (PHY: group, 2x 1.73 ranged physical Ice)","Bring Umaro to level 99","凍てつく宝玉の力","111060152","✓","✓"
"VI","Kefka","","Magic Madness","MAG +10%, DEF -10%","Use Kefka's Memory Crystal","狂気の魔導士","111060160","✓","✓"
"VI","Kefka","","Jester","MAG +10% when equipping an instrument","Use Kefka's Memory Crystal II, chance to obtain with Kefka in party","道化師","111060161","✓","✓"
"VI","Kefka","","God of Ruin","MAG +15% when equipping an instrument","Bring Kefka to level 99","ガレキの破壊神","111060162","✓","✓"
"VI","Leo","","Moment of Truth","ATK and DEF +10% for each KO'd or missing party member","Use Leo's Memory Crystal","最後の決闘","111060180","✓","✓"
"VI","Leo","","One Against Many","Attack turns into an ability (PHY: group, 1.00 physical) with 4.50 cast time","Use Leo's Memory Crystal II, chance to obtain with Leo in party","一騎当千","111060181","✓","✓"
"VI","Leo","","Knight Inviolate","DEF and RES +20% when equipping a heavy armor","Bring Leo to level 99","貫きし騎士道","111060182","✓","✓"
"VI","Ultros","","Without a Paddle!","PHY and BLK attacks deal ?% more damage when equipping a rod","Use Ultros's Memory Crystal","とおせんぼ！","111060780","",""
"VI","Ultros","","It's Me Again!","ATK+ ?%, MAG -?%","Use Ultros's Memory Crystal II, chance to obtain with Ultros in party","また出たよ","111060781","",""
"VI","Ultros","","Slow Learner","MAG +?%, ATK -?%","Bring Ultros to level 99","三度目の正直 だよ～ん","111060782","",""
"VII","Cloud","","SOLDIER Strike","PHY attacks deal 10% more damage when equipping a sword","Use Cloud's Memory Crystal","ソルジャーの一撃","111070010","✓","✓"
"VII","Cloud","","SOLDIER Counter","15% chance to counter PHY attacks with Attack","Chance to obtain with Cloud in party","ソルジャーの反撃","111070011","✓","✓"
"VII","Cloud","","Mako Might","Grants 500 Soul Break points at the beginning of the Dungeon","Use Cloud's Memory Crystal II, chance to obtain with Cloud in party","魔晄の力","111070012","✓","✓"
"VII","Cloud","","Truthseeker","PHY attacks deal 30% more damage when equipping a sword","Bring Cloud to level 99","取り戻す真実","111070013","✓","✓"
"VII","Barret","","Reload I","50% chance to restore 1 use for all Support abilities at the beginning of the battle","Use Barret's Memory Crystal","弾薬補給Ⅰ","111070020","✓","✓"
"VII","Barret","","Gun-Arm Master","PHY attacks deal 20% more damage when equipping a gun-arm","Use Barret's Memory Crystal II, chance to obtain with Barret in party","ギミックアームの使い手","111070021","✓","✓"
"VII","Barret","","Solemn Protector","PHY attacks deal 30% more damage when equipping a gun-arm","Bring Barret to level 99","真なる救星の誓い","111070022","✓","✓"
"VII","Tifa","","Pugilist's Lore","PHY attacks deal 10% more damage when equipping a fist weapon","Use Tifa's Memory Crystal","格闘の心得","111070030","✓","✓"
"VII","Tifa","","The Zangan Way","PHY attacks deal 20% more damage when equipping a fist weapon","Use Tifa's Memory Crystal II, chance to obtain with Tifa in party","ザンガン流格闘術","111070031","✓","✓"
"VII","Tifa","","Face the Past","Increases Earth damage dealt by 30%","Bring Tifa to level 99","過去に向き合う覚悟","111070032","✓","✓"
"VII","Aerith","","Prayer of the Cetra","Increases Holy damage dealt by 10%","Use Aerith's Memory Crystal","セトラのいのり","111070040","✓","✓"
"VII","Aerith","","Cetra's Destiny","WHT abilities restore 20% more HP","Use Aerith's Memory Crystal II, chance to obtain with Aerith in party","セトラの宿命","111070042","✓","✓"
"VII","Aerith","","Planet's Salvation","MAG and MND +13% when equipping a rod","Bring Aerith to level 99","星を救う使命","111070043","✓","✓"
"VII","Red XIII","","Planet Guardian","Grants [Reflect] at the beginning of the battle","Use Red XIII's Memory Crystal","星の守り手","111070050","✓","✓"
"VII","Red XIII","","Seto's Will","Grants [High Regen] when HP fall below 25%","Chance to obtain with Red XIII in party","セトの意志","111070051","✓","✓"
"VII","Red XIII","","Survival Instinct","Restores 1 use for all Support abilities at the beginning of the battle","Use Red XIII's Memory Crystal II, chance to obtain with Red XIII in party","一族の生き残り","111070052","✓","✓"
"VII","Red XIII","","Ancient Spirit","PHY attacks deal 30% more damage when equipping an hairpin","Bring Red XIII to level 99","受け継がれし魂","111070053","✓","✓"
"VII","Yuffie","","Gift of the Shinobi","PHY attacks deal 10% more damage when equipping a thrown weapon","Use Yuffie's Memory Crystal","忍びの末裔","111070060","✓","✓"
"VII","Yuffie","","Lickety-Split","Attack turns into an ability (PHY: single, 1.00 physical) with 0.01 cast time","Use Yuffie's Memory Crystal II, chance to obtain with Yuffie in party","シュシュシュ","111070061","✓","✓"
"VII","Yuffie","","Master of Shadows","ATK and MAG +10%, grants [Physical Blink 1] at the beginning of the battle","Bring Yuffie to level 99","凄腕の忍","111070062","✓","✓"
"VII","Cait Sith","","Lucky Slots","30% chance to turn Attack into an ability (NAT: single, 0.80 magical)","Use Cait Sith's Memory Crystal","ラッキースロット","111070070","✓","✓"
"VII","Cait Sith","","Moogle Ward","Grants [High Regen] at the beginning of the battle","Use Cait Sith's Memory Crystal II, chance to obtain with Cait Sith in party","デブモーグリの守護","111070071","✓","✓"
"VII","Cait Sith","","Hidden Burden","MAG and MND +13% when equipping an instrument","Bring Cait Sith to level 99","秘めし責任感","111070072","✓","✓"
"VII","Vincent","","Flesh Undying","MAG +10% when equipping a gun","Use Vincent's Memory Crystal","不老の肉体","111070080","✓","✓"
"VII","Vincent","","Unerring Shot","PHY attacks deal 20% more damage when equipping a gun","Use Vincent's Memory Crystal II, chance to obtain with Vincent in party","錆びぬ射撃の腕","111070081","✓","✓"
"VII","Vincent","","Lingering Nightmare","DEF and RES +20% when equipping a gun","Bring Vincent to level 99","悪夢を超えしガンマン","111070082","✓","✓"
"VII","Zack","","SOLDIER's Pride","PHY attacks deal 10% more damage when equipping a sword","Use Zack's Memory Crystal","ソルジャーの誇り","111070090","✓","✓"
"VII","Zack","","SOLDIER's Resolve","30% chance to reduce physical damage taken by PHY attacks by 20%","Use Zack's Memory Crystal II, chance to obtain with Zack in party","ソルジャーのタフネス","111070091","✓","✓"
"VII","Zack","","Worthy Hero","ATK and DEF +10%, grants [Haste] at the beginning of the battle","Bring Zack to level 99","ソルジャーの覚悟","111070092","✓","✓"
"VII","Sephiroth","","Loner","ATK and DEF +10% for each KO'd or missing party member","Use Sephiroth's Memory Crystal","孤高","111070100","✓","✓"
"VII","Sephiroth","","Heroic Stance","PHY attacks deal 20% more damage when equipping a katana","Use Sephiroth's Memory Crystal II, chance to obtain with Sephiroth in party","英雄の太刀筋","111070102","✓","✓"
"VII","Sephiroth","","Argent Hero","PHY attacks deal 30% more damage when equipping a katana","Bring Sephiroth to level 99","白銀の英雄","111070103","✓","✓"
"VII","Cid (VII)","","Fury","Grants [Berserk] at the beginning of the battle","Use Cid (VII)'s Memory Crystal","激昂","111070110","✓","✓"
"VII","Cid (VII)","","Ace Pilot","100% chance to double Experience gained at the end of the battle","Chance to obtain with Cid (VII) in party","パイロットの経験","111070111","✓","✓"
"VII","Cid (VII)","","Air Raid","Increases Wind damage dealt by 20%","Use Cid (VII)'s Memory Crystal II, chance to obtain with Cid in party","パイロットの急襲","111070112","✓","✓"
"VII","Cid (VII)","","Star Dreams","Dragoon abilities deal 35% more damage","Bring Cid (VII) to level 99","宇宙への夢","111070113","✓","✓"
"VII","Reno","","Crimson Lockdown","16% chance to turn Attack into an ability (PHY: 1.00 physical, causes Stop (70%))","Use Reno's Memory Crystal","赤髪の一閃","111070120","✓","✓"
"VII","Reno","","Ace Turk","PHY and BLK attacks deal 20% more damage when equipping a rod","Use Reno's Memory Crystal II, chance to obtain with Reno in party","タークスのエース","111070121","✓","✓"
"VII","Reno","","Turks' Technique","24% chance to turn Attack into Tempest Snipe","Bring Reno to level 99","タークスの流儀","111070122","✓","✓"
"VII","Angeal","","Heroic Stride","10% chance to counter PHY attacks with an ability (NAT: self, grants [Protect])","Use Angeal's Memory Crystal","英雄の資質","111070150","✓","✓"
"VII","Angeal","","Pride's Sigil","DEF +20% when equipping a sword","Use Angeal's Memory Crystal II, chance to obtain with Angeal in party","誇りの証","111070151","✓","✓"
"VII","Angeal","","Rightful Pride","DEF +25% when equipping a bracer","Bring Angeal to level 99","誇りを伝えし者","111070152","✓","✓"
"VII","Rufus","","Savage Shots","Sharpshooter abilities deal 15% more damage","Use Rufus's Memory Crystal","非情なる狙撃","111070180","✓","✓"
"VII","Rufus","","Master of Fear","Sharpshooter abilities deal 30% more damage","Use Rufus's Memory Crystal II, chance to obtain with Rufus in party","恐怖の統率者","111070181","✓","✓"
"VII","Rufus","","Ambitious Scion","ATK +15% when equipping a gun","Bring Rufus to level 99","野心溢れし指導者","111070182","✓","✓"
"VII","Shelke","","Forever Young","50% chance to restore 1 use for all Celerity abilities at the beginning of the battle","Use Shelke's Memory Crystal","少女の面影","111070190","✓","✓"
"VII","Shelke","","Invisible Soldier","Celerity abilities deal 25% more damage","Use Shelke's Memory Crystal II, chance to obtain with Shelke in party","無色のソルジャー","111070191","✓","✓"
"VII","Shelke","","Double Destruction","42% chance to turn Attack into Double Cut","Bring Shelke to level 99","二槍の使い手","111070192","✓","✓"
"VII","Rude","","Strong and Silent","Increases Earth damage dealt by 10%","Use Rude's Memory Crystal","黙して語らぬ巨漢","111070200","✓","✓"
"VII","Rude","","Quiet Determination","Grants [Shell] and [Low Regen] at the beginning of the battle","Use Rude's Memory Crystal II, chance to obtain with Rude in party","静かな闘志","111070201","✓","✓"
"VII","Rude","","Turk Muscle","ATK and MAG +13% when equipping a fist weapon","Bring Rude to level 99","タークスの豪腕","111070202","✓","✓"
"VII","Elena","","Elbow Grease","15% chance to begin the round with full ATB gauge","Use Elena's Memory Crystal","努力家の秘技","111070210","✓","✓"
"VII","Elena","","New Recruit","PHY attacks deal 20% more damage when equipping a gun","Use Elena's Memory Crystal II, chance to obtain with Elena in party","タークスの新人","111070211","✓","✓"
"VII","Elena","","First Fist","ATK +15% when equipping a fist weapon","Bring Elena to level 99","格闘クラスのエリート","111070212","✓","✓"
"VII","Genesis","","Rebel SOLDIER","ATK +5% for each 10% missing HP","Use Genesis's Memory Crystal","反旗のソルジャー","111070800","✓","✓"
"VII","Genesis","","Gift of the Goddess","Increases Fire damage dealt by 20%","Use Genesis's Memory Crystal II, chance to obtain with Genesis in party","女神の贈り物","111070801","✓","✓"
"VII","Genesis","","Twisted Creator","PHY attacks deal 30% more damage when equipping a sword","Bring Genesis to level 99","ゆがんだ創造主","111070802","✓","✓"
"VIII","Squall","","Composure","Attack turns into an ability (PHY: single, 1.20 physical) that grants 35 Soul Break points","Use Squall's Memory Crystal","冷静沈着","111080010","✓","✓"
"VIII","Squall","","Gunblade","16% chance to turn Attack into an ability (PHY: single, 2.50 physical)","Chance to obtain with Squall in party","ガンブレード","111080011","✓","✓"
"VIII","Squall","","Lionheart","Taking damage grants 50% more Soul Break points","Use Squall's Memory Crystal II, chance to obtain with Squall in party","獅子の魂","111080012","✓","✓"
"VIII","Squall","","Orphaned Cub","Increases Ice damage dealt by 30%","Bring Squall to level 99","孤高の若獅子","111080013","✓","✓"
"VIII","Rinoa","","Angelo Recover","30% chance to turn Attack into an ability (PHY: single, 0.90 physical, heals the user for 8% of the damage dealt)","Use Rinoa's Memory Crystal","アンジェロリカバー","111080020","✓","✓"
"VIII","Rinoa","","Witch of Succession","BLK attacks deal 15% more damage","Use Rinoa's Memory Crystal II, chance to obtain with Rinoa in party","魔女の継承者","111080021","✓","✓"
"VIII","Rinoa","","Sorceress's Vow","BLK attacks deal 25% more damage","Bring Rinoa to level 99","約束の場所で待つ魔女","111080022","✓","✓"
"VIII","Quistis","","Keen Eye","Increases damage dealt by 10% when exploiting elemental weakness","Use Quistis's Memory Crystal","観察眼","111080030","✓","✓"
"VIII","Quistis","","Instructor's Discipline","PHY attacks deal 20% more damage when equipping a whip","Use Quistis's Memory Crystal II, chance to obtain with Quistis in party","教官のムチ","111080031","✓","✓"
"VIII","Quistis","","Trepies Forever","Increases Poison damage dealt by 30%","Bring Quistis to level 99","トゥリープFCの応援","111080032","✓","✓"
"VIII","Zell","","Untapped Power","ATK +5% for each 10% missing HP","Use Zell's Memory Crystal","底力","111080040","✓","✓"
"VIII","Zell","","Raw Power","50% chance to begin the round with full ATB gauge","Chance to obtain with Zell in party","勢い任せ","111080041","✓","✓"
"VIII","Zell","","Balamb Firebrand","Monk abilities deal 30% more damage","Use Zell's Memory Crystal II, chance to obtain with Zell in party","バラムの暴れん坊","111080042","✓","✓"
"VIII","Zell","","No Chicken Wuss","PHY attacks deal 30% more damage when equipping a fist weapon","Bring Zell to level 99","脱チキン野郎","111080043","✓","✓"
"VIII","Selphie","","Slots","30% chance to randomly turn Attack into Fire, Blizzard or Thunder","Use Selphie's Memory Crystal","スロット","111080050","✓","✓"
"VIII","Selphie","","Flower of Trabia","Attack turns into an ability (WHT: single, 1.80 magical Holy)","Use Selphie's Memory Crystal II, chance to obtain with Selphie in party","トラビアの元気娘","111080051","✓","✓"
"VIII","Selphie","","Shrewd Negotiator","MND +25% when equipping a rod","Bring Selphie to level 99","辣腕な実行委員","111080052","✓","✓"
"VIII","Irvine","","Solitude","ATK and DEF +10% for each KO'd or missing party member","Use Irvine's Memory Crystal","孤独","111080060","✓","✓"
"VIII","Irvine","","Master Sniper","PHY attacks deal 20% more damage when equipping a gun","Chance to obtain with Irvine in party","狙撃の名手","111080061","✓","✓"
"VIII","Irvine","","Fragile Psyche","ATK and DEF +10%, causes Confuse at the beginning of the battle","Use Irvine's Memory Crystal II, chance to obtain with Irvine in party","繊細な心","111080062","✓","✓"
"VIII","Irvine","","Nerves of Steel","Sharpshooter abilities deal 40% more damage","Bring Irvine to level 99","重圧を超えし狙撃手","111080063","✓","✓"
"VIII","Seifer","","Dirty Trick","10% chance to turn Attack into an ability (NAT: single, 1.50 magical Fire followed by 1.00 physical)","Use Seifer's Memory Crystal","禁じ手","111080070","✓","✓"
"VIII","Seifer","","Fallen Gunblade","Darkness abilities deal 20% more damage","Use Seifer's Memory Crystal II, chance to obtain with Seifer in party","悪しき魔女の騎士","111080071","✓","✓"
"VIII","Seifer","","Worthy Rival","24% chance to turn Attack into Gaia's Cross","Bring Seifer to level 99","夢見し好敵手","111080072","✓","✓"
"VIII","Laguna","","The Fairies' Boon","PHY attacks deal 10% more damage when equipping a gun","Use Laguna's Memory Crystal","妖精さんの力","111080090","✓","✓"
"VIII","Laguna","","Charismatic Aura","ATK and DEF +10%, grants [Low Regen] at the beginning of the battle","Use Laguna's Memory Crystal II, chance to obtain with Laguna in party","天性のカリスマ","111080091","✓","✓"
"VIII","Laguna","","Destiny's Burden","Machinist abilities deal 35% more damage","Bring Laguna to level 99","命運を担う者","111080092","✓","✓"
"VIII","Edea","","Icy Manipulator","30% chance to turn Attack into an ability (BLK: single, 0.70 magical Ice)","Use Edea's Memory Crystal","冷酷な支配者","111080100","✓","✓"
"VIII","Edea","","Chosen Sorceress","MAG +10% when equipping a thrown weapon","Use Edea's Memory Crystal II, chance to obtain with Edea in party","選ばれし魔女","111080101","✓","✓"
"VIII","Edea","","Successor's Power","Witch abilities deal 35% more damage","Bring Edea to level 99","継承せし魔女の力","111080102","✓","✓"
"VIII","Raijin","","Faithful Friend","30% chance to turn Attack into an ability (NAT: single, restores HP for 40% of the target's maximum HP)","Use Raijin's Memory Crystal","気のいい大男","111080120","✓","✓"
"VIII","Raijin","","Firm Discipline","Increases Lightning damage dealt by 20%","Use Raijin's Memory Crystal II, chance to obtain with Raijin in party","いかつい風紀委員","111080121","✓","✓"
"VIII","Raijin","","Solemn Warrior","24% chance to turn Attack into Exploding Fist","Bring Raijin to level 99","純粋な豪傑","111080122","✓","✓"
"VIII","Fujin","","Terse Beauty","If an ally has negative effects, 40% chance to turn Attack into an ability (NAT: single, removes negative effects)","Use Fujin's Memory Crystal","寡黙な美女","111080130","✓","✓"
"VIII","Fujin","","Stern Discipline","Increases Wind damage dealt by 20%","Use Fujin's Memory Crystal II, chance to obtain with Fujin in party","眼帯の風紀委員","111080131","✓","✓"
"VIII","Fujin","","Silvered Warrior","MAG and RES +13% when equipping a thrown weapon","Bring Fujin to level 99","銀髪の女傑","111080132","✓","✓"
"VIII","Kiros","","Straight Man","Ninja abilities deal 15% more damage","Use Kiros's Memory Crystal","チームのツッコミ役","111080150","✓","✓"
"VIII","Kiros","","Loyal Friend","40% chance to turn Attack into an ability (PHY: single, 2x 1.00 physical)","Use Kiros's Memory Crystal II, chance to obtain with Kiros in party","友という名の娯楽","111080151","✓","✓"
"VIII","Kiros","","Eccentric Styling","24% chance to turn Attack into Ancestral Reflection","Bring Kiros to level 99","奇抜なファッション","111080152","✓","✓"
"VIII","Ward","","Profound Depths","Dragoon abilities deal 15% more damage","Use Ward's Memory Crystal","豊かな表情","111080160","✓","✓"
"VIII","Ward","","Gentle Giant","ATK +13% when equipping a spear","Use Ward's Memory Crystal II, chance to obtain with Ward in party","愛嬌溢れる巨漢","111080161","✓","✓"
"VIII","Ward","","Silent Bond","48% chance to turn Attack into Soaring Jump","Bring Ward to level 99","無声の絆","111080162","✓","✓"
"VIII","Ultimecia","","Future Witch","MAG +10%, RES -10%","Use Ultimecia's Memory Crystal","未来の魔女","111080200","✓","✓"
"VIII","Ultimecia","","Witch's Plot","Increases Wind damage dealt by 20%","Use Ultimecia's Memory Crystal II, chance to obtain with Ultimecia in party","魔女の深謀","111080201","✓","✓"
"VIII","Ultimecia","","Heart of Fury","BLK attacks deal 30% more damage when equipping a rod","Bring Ultimecia to level 99","怒りに満ちた心","111080202","✓","✓"
"IX","Zidane","","Thief's Code","Grants [Haste] at the beginning of the battle","Use Zidane's Memory Crystal","盗賊の掟","111090010","✓","✓"
"IX","Zidane","","Prestidigitation","13% chance to dualcast Thief abilities","Use Zidane's Memory Crystal II, chance to obtain with Zidane in party","盗賊の早業","111090011","✓","✓"
"IX","Zidane","","Tantalus Code","Thief abilities deal 40% more damage","Bring Zidane to level 99","タンタラスのオキテ","111090012","✓","✓"
"IX","Garnet","","Blessing of Alexandria","Grants [Low Regen] when HP fall below 20%","Use Garnet's Memory Crystal","アレクサンドリアの加護","111090020","✓","✓"
"IX","Garnet","","Healer","Attack turns into an ability (WHT: single, restores HP (13))","Chance to obtain with Garnet in party","いやしの","111090021","✓","✓"
"IX","Garnet","","Blood of the Summoner","20% chance to dualcast Summoning abilities","Use Garnet's Memory Crystal II, chance to obtain with Garnet in party","召喚士の血筋","111090022","✓","✓"
"IX","Garnet","","Dagger's Will","MAG and MND +13% when equipping a dagger","Bring Garnet to level 99","ダガーが刻む意志","111090023","✓","✓"
"IX","Vivi","","Rod Master","BLK attacks deal 10% more damage when equipping a rod","Use Vivi's Memory Crystal","ロッドの使い手","111090030","✓","✓"
"IX","Vivi","","Devotion","MAG +20%, DEF and RES -10%","Chance to obtain with Vivi in party","専念","111090031","✓","✓"
"IX","Vivi","","Black Mage's Awakening","Attack turns into an ability (BLK: single, 2.00 magical)","Use Vivi's Memory Crystal II, chance to obtain with Vivi in party","黒魔道士の覚醒","111090032","✓","✓"
"IX","Vivi","","Spark of Life","Increases Fire damage dealt by 30%","Bring Vivi to level 99","いのちのあかし","111090033","✓","✓"
"IX","Steiner","","Ironclad","DEF +10% when equipping a heavy armor","Use Steiner's Memory Crystal","強固たる鎧","111090040","✓","✓"
"IX","Steiner","","Knight's Pride","25% chance to counter PHY attacks with an ability (NAT: self, grants [Protect])","Chance to obtain with Steiner in party","騎士の誇り","111090041","✓","✓"
"IX","Steiner","","Knight's Charge","Acting and taking damage grants 25% more Soul Break points","Use Steiner's Memory Crystal II, chance to obtain with Steiner in party","騎士の底力","111090042","✓","✓"
"IX","Steiner","","Unbending Loyalty","DEF +25% when equipping a heavy armor","Bring Steiner to level 99","真の忠節","111090043","✓","✓"
"IX","Freya","","Burmecian Dragon Knight","Dragoon abilities deal 15% more damage","Use Freya's Memory Crystal","ブルメシアの竜騎士","111090050","✓","✓"
"IX","Freya","","Warrior Extraordinaire","ATK and DEF +10% when equipping a light armor","Use Freya's Memory Crystal II, chance to obtain with Freya in party","精鋭戦士","111090051","✓","✓"
"IX","Freya","","Undaunted Dragon Knight","48% chance to turn Attack into Leeching Leap","Bring Freya to level 99","気品漂う女竜騎士","111090052","✓","✓"
"IX","Quina","","Hunger of the Qu","16% chance to turn Attack into Drain Strike","Use Quina's Memory Crystal","ク族の食欲","111090060","✓","✓"
"IX","Quina","","Secrets of the Qu","Support abilities deal 30% more damage","Chance to obtain with Quina in party","ク族の秘伝","111090061","✓","✓"
"IX","Quina","","Arms of the Qu","PHY attacks deal 20% more damage when equipping a spear","Use Quina's Memory Crystal II, chance to obtain with Quina in party","ク族の武器","111090062","✓","✓"
"IX","Quina","","Qu Pathfinder","60% chance to turn Attack into Drain Strike","Bring Quina to level 99","ク族の求道者","111090064","✓","✓"
"IX","Eiko","","Impetuous Youth","MAG +10%, RES -10%","Use Eiko's Memory Crystal","おませ","111090070","✓","✓"
"IX","Eiko","","Impish Recital","PHY attacks deal 20% more damage when equipping an instrument","Use Eiko's Memory Crystal II, chance to obtain with Eiko in party","お茶目な演奏","111090071","✓","✓"
"IX","Eiko","","Uplifting Melody","MND +25% when equipping an instrument","Bring Eiko to level 99","友に捧ぐ演奏","111090072","✓","✓"
"IX","Amarant","","Way of the Fist","PHY attacks deal 10% more damage when equipping a fist weapon","Use Amarant's Memory Crystal","孤高の拳士","111090080","✓","✓"
"IX","Amarant","","Bounty Hunter","Grants [Draw Fire] for 15 seconds at the beginning of the battle","Use Amarant's Memory Crystal II, chance to obtain with Amarant in party","賞金首の男","111090081","✓","✓"
"IX","Amarant","","Flaming Stand","Grants [Last Stand] at the beginning of the battle","Bring Amarant to level 99","焔色の拳闘家","111090082","✓","✓"
"IX","Beatrix","","Sacred Duty","50% chance to restore 1 use for all Knight abilities at the beginning of the battle","Use Beatrix's Memory Crystal","聖騎士の使命","111090090","✓","✓"
"IX","Beatrix","","One-Eyed General","PHY attacks deal 20% more damage when equipping a sword","Use Beatrix's Memory Crystal II, chance to obtain with Beatrix in party","隻眼の将軍","111090091","✓","✓"
"IX","Beatrix","","Veteran General","24% chance to turn Attack into Saint Cross","Bring Beatrix to level 99","百戦錬磨の女将軍","111090092","✓","✓"
"IX","Kuja","","Silver Genome","Increases Dark damage dealt by 10%","Use Kuja's Memory Crystal","銀髪のジェノム","111090100","✓","✓"
"IX","Kuja","","Dark Fate","Increases Dark damage dealt by 20%","Use Kuja's Memory Crystal II, chance to obtain with Kuja in party","闇の運命","111090101","✓","✓"
"IX","Kuja","","Inevitable Fate","Causes Doom: 60 at the beginning of the battle","Bring Kuja to level 99","定められた宿命","111090102","✓","✓"
"IX","Marcus","","Thick as Thieves","ATK +10% when equipping a dagger","Use Marcus's Memory Crystal","盗賊一座","111090150","✓","✓"
"IX","Marcus","","Blood Brother","PHY attacks deal 20% more damage when equipping a dagger","Use Marcus's Memory Crystal II, chance to obtain with Marcus in party","手だれの弟分","111090151","✓","✓"
"IX","Marcus","","Noble Thief","ATK and DEF +10%, grants [Haste] at the beginning of the battle","Bring Marcus to level 99","礼儀正しき盗賊","111090152","✓","✓"
"X","Tidus","","Winning Spirit","Grants [Haste] when HP fall below 20%","Use Tidus's Memory Crystal","エースの意地","111100010","✓","✓"
"X","Tidus","","High Scorer","Attack turns into an ability (PHY: single, 1.00 physical) that grants 65 Soul Break points","Chance to obtain with Tidus in party","ポイントゲッター","111100011","✓","✓"
"X","Tidus","","Ace Striker","Acting grants 50% more Soul Break points","Use Tidus's Memory Crystal II, chance to obtain with Tidus in party","エースストライカー","111100012","✓","✓"
"X","Tidus","","Dreamguide","Increases Water damage dealt by 30%","Bring Tidus to level 99","スピラを導く夢","111100013","✓","✓"
"X","Yuna","","Light of the Fayth","WHT abilities restore 10% more HP","Use Yuna's Memory Crystal","祈り子の光","111100020","✓","✓"
"X","Yuna","","Summoner's Prayer","MND +20% when equipping a rod","Use Yuna' Memory Crystal II, chance to obtain with Yuna in party","召喚士の祈り","111100021","✓","✓"
"X","Yuna","","Savior of Spira","SUM attacks deal 30% more damage","Bring Yuna to level 99","スピラを救う想い","111100022","✓","✓"
"X","Wakka","","Preemptive Strike","15% chance to begin the round with full ATB gauge","Use Wakka's Memory Crystal","速攻","111100030","✓","✓"
"X","Wakka","","Blitz-Eye","Attack turns into Aim","Chance to obtain with Wakka in party","百発百中","111100031","✓","✓"
"X","Wakka","","Self Discipline","Grants [High Regen] when HP fall below 50%","Use Wakka's Memory Crystal II, chance to obtain with Wakka in party","フィジカルコントロール","111100071","✓","✓"
"X","Wakka","","Heart of the Team","PHY attacks deal 30% more damage when equipping a blitzball","Bring Wakka to level 99","チームの大黒柱","111100033","✓","✓"
"X","Lulu","","Inner Fire","Increases Fire damage dealt by 10%","Use Lulu's Memory Crystal","熱き己","111100040","✓","✓"
"X","Lulu","","Ice Beauty","Increases Ice damage dealt by 20%","Use Lulu's Memory Crystal II, chance to obtain with Lulu in party","氷の美女","111100041","✓","✓"
"X","Lulu","","Doll Collector","MAG +15% when equipping a doll","Bring Lulu to level 99","美女のコレクション","111100042","✓","✓"
"X","Kimahri","","Ronso Pride","PHY attacks deal 10% more damage when equipping a spear","Use Kimahri's Memory Crystal","ロンゾの誇り","111100050","✓","✓"
"X","Kimahri","","Guardian","Grants [Magical Blink 1] when HP fall below 10%","Chance to obtain with Kimahri in party","護る者","111100051","✓","✓"
"X","Kimahri","","Proud Tradition","49% chance to turn Attack into Jump","Use Kimahri's Memory Crystal II, chance to obtain with Kimahri in party","誇り高き獣人","111100052","✓","✓"
"X","Kimahri","","Unyielding Resolve","Attack turns into Jump","Bring Kimahri to level 99","押し通す意志","111100053","✓","✓"
"X","Rikku","","Machina Meddler","50% chance to restore 1 use for all Thief abilities at the beginning of the battle","Use Rikku's Memory Crystal","機械いじり","111100060","✓","✓"
"X","Rikku","","Al Bhed Ingenuity","Thief abilities deal 30% more damage","Use Rikku's Memory Crystal II, chance to obtain with Rikku in party","アルベドの早業","111100061","✓","✓"
"X","Rikku","","Fleet-Footed Hunter","24% chance to turn Attack into Quick Hit","Bring Rikku to level 99","神速のハンター","111100062","✓","✓"
"X","Auron","","Bushido","PHY attacks deal 10% more damage when equipping a katana","Use Auron's Memory Crystal","秘伝の技","111100070","✓","✓"
"X","Auron","","Legend's Blade","13% chance to dualcast Samurai abilities","Use Auron's Memory Crystal II, chance to obtain with Auron in party","伝説のガードの太刀","111100072","✓","✓"
"X","Auron","","Untarnished Spirit","Samurai abilities deal 40% more damage","Bring Auron to level 99","朽ちぬ魂","111100073","✓","✓"
"X","Jecht","","Legendary Shot","PHY attacks deal 10% more damage when equipping a blitzball","Use Jecht's Memory Crystal","伝説のシュート","111100101","✓","✓"
"X","Jecht","","Heavy-Handed Father","14% chance to turn Attack into Exploding Fist","Use Jecht's Memory Crystal II, chance to obtain with Jecht in party","不器用な父親","111100102","✓","✓"
"X","Jecht","","Ace of Aces","ATK and DEF +13% when equipping a fist weapon","Bring Jecht to level 99","元祖エース選手","111100103","✓","✓"
"X","Braska","","Selfless Summoner","MAG +10%, RES -10%","Use Braska's Memory Crystal","闊達な大召喚士","111100120","✓","✓"
"X","Braska","","Summoner's Resolve","SUM attacks deal 20% more damage","Use Braska's Memory Crystal II, chance to obtain with Braska in party","究極召喚への決意","111100121","✓","✓"
"X","Braska","","Unwavering Vision","MAG +15% when equipping a staff","Bring Braska to level 99","未来をつなぐ意志","111100122","✓","✓"
"X","Paine","","Woman of Mystery","Spellblade abilities deal 15% more damage","Use Paine's Memory Crystal","謎めいた女剣士","111100150","✓","✓"
"X","Paine","","Gullwing Blade","Spellblade abilities deal 30% more damage","Use Paine's Memory Crystal II, chance to obtain with Paine in party","カモメ団の剣士","111100151","✓","✓"
"X","Paine","","Steely Warrior","24% chance to turn Attack into Engulfing Quadstrike","Bring Paine to level 99","冷静沈着な剣士","111100152","✓","✓"
"X","Seymour","","Maester of Yevon","MAG +10% when equipping a rod","Use Seymour's Memory Crystal","エボンの老師","111100180","✓","✓"
"X","Seymour","","Twisted Summoner","17% chance to turn Attack into an ability (SUM: randomly casts Goblin, Chocobo, Drake, Bomb, Shiva, Ramuh, Ifrit or Bahamut)","Use Seymour's Memory Crystal II, chance to obtain with Seymour in party","暗黒の召喚術","111100181","✓","✓"
"X","Seymour","","Mad Obsession","DEF and MAG +13% when equipping a staff","Bring Seymour to level 99","狂気の執着","111100182","✓","✓"
"XI","Shantotto","","Minister of Windurst","BLK attacks deal 10% more damage when equipping a staff","Use Shantotto's Memory Crystal","ウィンダス3博士のひとり","111110010","✓","✓"
"XI","Shantotto","","Legendary Lady","BLK attacks deal 20% more damage when equipping a staff","Use Shantotto's Memory Crystal II, chance to obtain with Shantotto in party","伝説の淑女","111110011","✓","✓"
"XI","Shantotto","","Witch's Cackle","BLK attacks deal 30% more damage when equipping a staff","Bring Shantotto to level 99","魔女の高笑い","111110012","✓","✓"
"XI","Ayame","","Mighty Musketeer","Samurai abilities deal 15% more damage","Use Ayame's Memory Crystal","ミスリル銃士紅一点","111110020","✓","✓"
"XI","Ayame","","Blade of Bastok","12% chance to turn Attack into Flashing Blade","Use Ayame's Memory Crystal II, chance to obtain with Ayame in party","バストゥークの懐刀","111110021","✓","✓"
"XI","Ayame","","Hardened Faith","24% chance to turn Attack into Hailstorm","Bring Ayame to level 99","研ぎ澄ます信念","111110022","✓","✓"
"XI","Curilla","","Noble Beauty","Knight abilities deal 15% more damage","Use Curilla's Memory Crystal","高貴なる麗人","111110030","✓","✓"
"XI","Curilla","","First Sword","DEF +20% when equipping a sword","Use Curilla's Memory Crystal II, chance to obtain with Curilla in party","王国一の剣技","111110031","✓","✓"
"XI","Curilla","","Knight Captain","Grants Sentinel at the beginning of the battle","Bring Curilla to level 99","神殿騎士団の長","111110032","✓","✓"
"XI","Prishe","","Ageless Maiden","Grants [Low Regen] at the beginning of the battle","Use Prishe's Memory Crystal","不老の少女","111110040","✓","✓"
"XI","Prishe","","Feeling Peckish","40% chance to turn attack into Drain Strike","Use Prishe's Memory Crystal II, chance to obtain with Prishe in party","腹ペコ","111110041","✓","✓"
"XI","Prishe","","Unexpected Assault","Attack turns into an ability (PHY: single, 3x 0.66 physical)","Bring Prishe to level 99","破天荒","111110042","✓","✓"
"XI","Lion","","Fleeting Strike","Attack turns into an ability (PHY: single, 2x 0.65 physical)","Use Lion's Memory Crystal","俊敏なる体術","111110050","✓","✓"
"XI","Lion","","Ace Agent","Grants [Haste] at the beginning of the battle, ATK +10%","Use Lion's Memory Crystal II, chance to obtain with Lion in party","凄腕のエージェント","111110051","✓","✓"
"XI","Lion","","First Pirate","24% chance to turn attack into Mug Time","Bring Lion to level 99","ノーグ頭領の養女","111110052","✓","✓"
"XI","Aphmau","","Pure of Thought","MND +10% when equipping a staff","Use Aphmau's Memory Crystal","純真な乙女心","111110060","✓","✓"
"XI","Aphmau","","Unarmed Puppeteer","Attack turns into an ability (WHT: single, 2.00 magical)","Use Aphmau's Memory Crystal II, chance to obtain with Aphmau in party","無手の傀儡師","111110061","✓","✓"
"XI","Aphmau","","Imperial Heir","MND +25% when equipping a staff","Bring Aphmau to level 99","聖皇を継ぎし者","111110062","✓","✓"
"XI","Zeid","","Dark Knight of Bastok","Darkness abilities deal 15% more damage","Use Zeid's Memory Crystal","バストゥークの暗黒騎士","111110070","✓","✓"
"XI","Zeid","","Karmic Blade","13% chance to dualcast Darkness abilities","Use Zeid's Memory Crystal II, chance to obtain with Zeid in party","業を背負う者の剣","111110071","✓","✓"
"XI","Zeid","","Darkest Iron","Darkness abilities deal 40% more damage","Bring Zeid to level 99","銃士隊最強の暗黒剣","111110072","✓","✓"
"XI","Lilisette","","Master Dancer","50% chance to restore 1 use for all Dancer abilities at the beginning of the battle","Use Lilisette's Memory Crystal","踊り子のリーダー格","111110080","✓","✓"
"XI","Lilisette","","Idolized Beauty","Restores 1 use for all Dancer abilities at the beginning of the battle","Use Lilisette's Memory Crystal II, chance to obtain with Lilisette in party","トップアイドル","111110081","✓","✓"
"XI","Lilisette","","Moonshade Butterfly","PHY attacks deal 30% more damage when equipping a dagger","Bring Lilisette to level 99","月影の胡蝶","111110082","✓","✓"
"XI","Naja","","Miserly Matron","Monk abilities deal 15% more damage","Use Naja's Memory Crystal","守銭奴","111110090","✓","✓"
"XI","Naja","","Headstrong President","PHY attacks deal 20% more damage when equipping a hammer","Use Naja's Memory Crystal II, chance to obtain with Naja in party","勝手気ままな経営者","111110091","✓","✓"
"XI","Naja","","Moral Mercenary","PHY attacks deal 30% more damage when equipping a hammer","Bring Naja to level 99","愛国故の傭兵稼業","111110092","✓","✓"
"XI","Arciela","","Kind Hearted Girl","Grants [Haste] at the beginning of the battle","Use Arciela's Memory Crystal","心優しき少女","111110110","","✓"
"XI","Arciela","","Adoulin's Witch Princess","BLK attacks deal 15% more damage","Use Arciela's Memory Crystal II, chance to obtain with Arciela in party","アドゥリンの魔女姫","111110111","","✓"
"XI","Arciela","","Young Leader","BLK attacks deal 30% more damage when equipping a dagger","Bring Arciela to level 99","若き指導者","111110112","","✓"
"XII","Vaan","","Freedom's Wish","ATK +10%, DEF -10%","Use Vaan's Memory Crystal","自由への想い","111120010","✓","✓"
"XII","Vaan","","Winds of Rabanastre","13% chance to dualcast Celerity abilities","Use Vaan's Memory Crystal II, chance to obtain with Vaan in party","ラバナスタの風","111120011","✓","✓"
"XII","Vaan","","Wings Unfurled","PHY attacks deal 30% more damage when equipping a dagger","Bring Vaan to level 99","奔放な若き翼","111120012","✓","✓"
"XII","Balthier","","Sky Pirate's Pride","Grants [Haste] at the beginning of the battle","Use Balthier's Memory Crystal","空賊の証","111120020","✓","✓"
"XII","Balthier","","Machinist's Touch","13% chance to dualcast Machinist abilities","Use Balthier's Memory Crystal II, chance to obtain with Balthier in party","熟練の機工士","111120022","✓","✓"
"XII","Balthier","","A Sky Pirate's Life","PHY attacks deal 30% more damage when equipping a gun","Bring Balthier to level 99","自由を愛す義賊","111120023","✓","✓"
"XII","Fran","","Seething Mist","Causes Berserk at the beginning of the battle","Use Fran's Memory Crystal","ミストの暴走","111120030","✓","✓"
"XII","Fran","","Viera Virtuoso","PHY attacks deal 20% more damage when equipping a bow","Chance to obtain with Fran in party","ヴィエラの手練","111120031","✓","✓"
"XII","Fran","","Art of the Barrage","16% chance to turn Attack into an ability (PHY: random, 4x 1.00 physical)","Use Fran's Memory Crystal II, chance to obtain with Fran in party","連射の極意","111120032","✓","✓"
"XII","Fran","","Reign of Arrows","PHY attacks deal 30% more damage when equipping a bow","Bring Fran to level 99","天地を制す弓術","111120033","✓","✓"
"XII","Basch","","Shield of Dalmasca","ATK +10% when equipping a shield","Use Basch's Memory Crystal","ダルマスカの盾","111120040","✓","✓"
"XII","Basch","","Loyal Captain","13% chance to dualcast Knight abilities","Use Basch's Memory Crystal II, chance to obtain with Basch in party","忠義の勇将","111120072","✓","✓"
"XII","Basch","","Unwavering Devotion","DEF and RES +20% when equipping a shield","Bring Basch to level 99","揺るがぬ信念","111120044","✓","✓"
"XII","Ashe","","Vow of Vengeance","MAG +10%, ATK -10%","Use Ashe's Memory Crystal","復讐の誓い","111120050","✓","✓"
"XII","Ashe","","Dalmascan Royalty","Increases Lightning damage dealt by 20%","Use Ashe's Memory Crystal II, chance to obtain with Ashe in party","ダルマスカ王族の誇り","111120051","✓","✓"
"XII","Ashe","","True Path","MAG +15% when equipping a sword","Bring Ashe to level 99","歩むべき真の道","111120052","✓","✓"
"XII","Penelo","","Loving Soul","MND +10% when equipping a staff","Use Penelo's Memory Crystal","慈愛の心","111120060","✓","✓"
"XII","Penelo","","Desert Bloom","MND +20%, ATK and MAG -10%","Use Penelo's Memory Crystal II, chance to obtain with Penelo in party","幼馴染みへの恋心","111120061","✓","✓"
"XII","Penelo","","Moral Compass","White Magic abilities deal 30% more damage","Bring Penelo to level 99","朗らかな理解者","111120062","✓","✓"
"XII","Gabranth","","Icy Veins","Increases Dark damage dealt by 10%","Use Gabranth's Memory Crystal","冷静な武人","111120070","✓","✓"
"XII","Gabranth","","Object of Hatred","Increases Dark damage dealt by 20%","Use Gabranth's Memory Crystal II, chance to obtain with Gabranth in party","憎悪の矛先","111120071","✓","✓"
"XII","Gabranth","","Errant Hound","DEF +20%","Bring Gabranth to level 99","野良犬の意地","111120073","✓","✓"
"XII","Larsa","","Untarnished Prince","50% chance to restore 1 use for all White Magic abilities at the beginning of the battle","Use Larsa's Memory Crystal","純真な皇子","111120080","✓","✓"
"XII","Larsa","","Road to Peace","MND +10%, grants [Low Regen] at the beginning of the battle","Use Larsa's Memory Crystal II, chance to obtain with Larsa in party","平和への道","111120081","✓","✓"
"XII","Larsa","","Noble Intentions","ATK and MND +10%","Bring Larsa to level 99","屈せぬ理想家","111120082","✓","✓"
"XII","Vayne","","Cold Ambition","DEF +5% for each 10% missing HP","Use Vayne's Memory Crystal","冷酷な野心家","111120100","✓","✓"
"XII","Vayne","","Noble Bearing","ATK and MAG +10% when equipping a fist weapon","Use Vayne's Memory Crystal II, chance to obtain with Vayne in party","威風堂々","111120101","✓","✓"
"XII","Vayne","","Military Genius","ATK +13%, grants [Magical Blink 1] at the beginning of the battle","Bring Vayne to level 99","戦略の天才","111120102","✓","✓"
"XII","Reks","","Spark of Youth","Spellblade abilities deal 15% more damage","Use Reks's Memory Crystal","若き志","111120110","✓","✓"
"XII","Reks","","Cool Head","Increases damage dealt by 20% when exploiting elemental weakness","Use Reks's Memory Crystal II, chance to obtain with Reks in party","冷静な判断力","111120111","✓","✓"
"XII","Reks","","Uncanny Ability","24% chance to turn attack into Thundering Quadstrike","Bring Reks to level 99","雄才なる萌芽","111120112","✓","✓"
"XIII","Lightning","","Flash of Light","15% chance to begin the round with full ATB gauge","Use Lightning's Memory Crystal","閃光","111130010","✓","✓"
"XIII","Lightning","","Thunderstroke","Attack turns into an ability (PHY: single, 1.00 physical) with 0.01 cast time","Use Lightning's Memory Crystal II, chance to obtain with Lightning in party","疾雷","111130011","✓","✓"
"XIII","Lightning","","Bolt from Above","Increases Lightning damage dealt by 30%","Bring Lightning to level 99","雷光の軍神","111130012","✓","✓"
"XIII","Snow","","Bastion","DEF +10%, ATK -10%","Use Snow's Memory Crystal","タフネス","111130020","✓","✓"
"XIII","Snow","","Indomitable Will","DEF +5% for each 10% missing HP","Chance to obtain with Snow in party","不屈の意志","111130021","✓","✓"
"XIII","Snow","","Eternal Optimist","ATK and DEF +10% when equipping a fist weapon","Use Snow's Memory Crystal II, chance to obtain with Snow in party","前向きなヒーロー","111130022","✓","✓"
"XIII","Snow","","Bittersweet Vow","DEF +25% when equipping a light armor","Bring Snow to level 99","挫けぬ誓い","111130023","✓","✓"
"XIII","Vanille","","Innocence","10% chance to counter PHY attacks with an ability (NAT: self, restores HP (30))","Use Vanille's Memory Crystal","天真爛漫","111130030","✓","✓"
"XIII","Vanille","","Pulse Kindness","Attack turns into an ability (WHT: single, restores HP (26))","Use Vanille's Memory Crystal II, chance to obtain with Vanille in party","下界の少女の労り","111130031","✓","✓"
"XIII","Vanille","","Words of Truth","Attack turns into an ability (WHT: single, 2.50 magical)","Bring Vanille to level 99","語り部の紡ぐ真実","111130032","✓","✓"
"XIII","Sazh","","Father's Pride","Grants [Low Regen] when HP fall below 20%","Use Sazh's Memory Crystal","父の意地","111130040","✓","✓"
"XIII","Sazh","","Double Barrels","Attack turns into an ability (PHY: single, 2x 0.65 physical)","Use Sazh's Memory Crystal II, chance to obtain with Sazh in party","二丁拳銃","111130041","✓","✓"
"XIII","Sazh","","Friendly Skies","ATK and DEF +13% when equipping a gun","Bring Sazh to level 99","陽気な腕利きパイロット","111130042","✓","✓"
"XIII","Hope","","Ascendance","BLK attacks deal 10% more damage when equipping a thrown weapon","Use Hope's Memory Crystal","成長の証","111130050","✓","✓"
"XIII","Hope","","Hope not in Vain","BLK attacks deal 20% more damage when equipping a thrown weapon","Use Hope's Memory Crystal II, chance to obtain with Hope in party","甘えを捨てた希望","111130051","✓","✓"
"XIII","Hope","","Beyond Oaths","MAG +15% when equipping a thrown weapon","Bring Hope to level 99","誓約の先にあるもの","111130052","✓","✓"
"XIII","Fang","","Gran Pulse Warrior","PHY attacks deal 10% more damage when equipping a spear","Use Fang's Memory Crystal","グラン＝パルスの闘士","111130060","✓","✓"
"XIII","Fang","","Power Pulse","Dragoon abilities deal 30% more damage","Use Fang's Memory Crystal II, chance to obtain with Fang in party","グラン＝パルスの流儀","111130061","✓","✓"
"XIII","Fang","","Spear of Gran Pulse","PHY attacks deal 30% more damage when equipping a spear","Bring Fang to level 99","グラン＝パルスの槍撃","111130062","✓","✓"
"XIII","Serah","","Air of Enchantment","MAG +10%, ATK -10%","Use Serah's Memory Crystal","可憐な雰囲気","111130070","✓","✓"
"XIII","Serah","","Etro's Intervention","BLK attacks deal 20% more damage when equipping a bow","Use Serah's Memory Crystal II, chance to obtain with Serah in party","女神エトロの干渉","111130071","✓","✓"
"XIII","Serah","","Awoken Powers","MAG +15%, DEF -10%","Bring Serah to level 99","目覚める異能","111130072","✓","✓"
"XIII","Cid Raines","","Cavalry Commander","BLK attacks deal 10% more damage when equipping a light armor","Use Cid Raines's Memory Crystal","騎兵隊の司令官","111130100","✓","✓"
"XIII","Cid Raines","","Might of the L'Cie","ATK and MAG +10% when equipping a fist weapon","Use Cid Raines's Memory Crystal II, chance to obtain with Cid Raines in party","ルシの力","111130101","✓","✓"
"XIII","Cid Raines","","Rising Pawn","MAG +15% when equipping a fist weapon","Bring Cid Raines to level 99","傀儡の抗い","111130102","✓","✓"
"XIII","Noel","","Yeul's Blessing","Grants [Low Regen] at the beginning of the battle","Use Noel's Memory Crystal","ユールの加護","111130111","✓","✓"
"XIII","Noel","","Shadow Hunter","Attack turns into an ability (PHY: single, 1.00 ranged physical)","Use Noel's Memory Crystal II, chance to obtain with Noel in party","ラストハンター","111130112","✓","✓"
"XIII","Noel","","Life's Protector","ATK and RES +10%, grants [Haste] at the beginning of the battle","Bring Noel to level 99","命の重みを知る守護者","111130113","✓","✓"
"XIII","Nabaat","","L'Cie's Despair","Increases damage dealt by 10% when exploiting elemental weakness","Use Nabaat's Memory Crystal","ルシを弄ぶ女軍人","111130120","✓","✓"
"XIII","Nabaat","","Fencer's Baton","MAG +13% when equipping a sword","Use Nabaat's Memory Crystal II, chance to obtain with Nabaat in party","特殊警棒の使い手","111130121","✓","✓"
"XIII","Nabaat","","PSICOM Marvel","Attack turns into an ability (BLK: group, 3.00 magical) with 4.50 cast time","Bring Nabaat to level 99","PSICOMの才媛","111130122","✓","✓"
"XIV","Y'shtola","","Cultured Conjurer","WHT abilities restore 10% more HP","Use Y'shtola's Memory Crystal","神秘的な幻術士","111140010","✓","✓"
"XIV","Y'shtola","","Solemn Soul","WHT attacks deal 20% more damage","Use Y'shtola's Memory Crystal II, chance to obtain with Y'shtola in party","粛然たる心","111140011","✓","✓"
"XIV","Y'shtola","","Matoya's Treasure","DEF and RES +20% when equipping a robe","Bring Y'shtola to level 99","マトーヤの大切なもの","111140012","✓","✓"
"XIV","Thancred","","Fraternal Knowledge","PHY attacks deal 10% more damage when equipping a dagger","Use Thancred's Memory Crystal","地下組織の戦闘術","111140020","✓","✓"
"XIV","Thancred","","Blades Like Wind","Increases Wind damage dealt by 20%","Use Thancred's Memory Crystal II, chance to obtain with Thancred in party","双剣の風","111140021","✓","✓"
"XIV","Thancred","","Oathsworn","ATK and DEF +13% when equipping a dagger","Bring Thancred to level 99","盟主への誓い","111140022","✓","✓"
"XIV","Yda","","Honed Flesh","Monk abilities deal 15% more damage","Use Yda's Memory Crystal","磨かれた体術","111140030","✓","✓"
"XIV","Yda","","Capricious Pugilist","Attack turns into an ability (PHY: group, 0.60 physical)","Use Yda's Memory Crystal II, chance to obtain with Yda in party","気まぐれな格闘士","111140031","✓","✓"
"XIV","Yda","","Divine Fists","Attack turns into an ability (PHY: group, 0.80 physical)","Bring Yda to level 99","拳聖の域","111140032","✓","✓"
"XIV","Papalymo","","Derisive Smile","MAG +10% when equipping a rod","Use Papalymo's Memory Crystal","冷笑家の力","111140050","✓","✓"
"XIV","Papalymo","","Sharlayan Thaumaturge","BLK attacks deal 20% more damage when equipping a rod","Use Papalymo's Memory Crystal II, chance to obtain with Papalymo in party","シャーレアンの呪術士","111140051","✓","✓"
"XIV","Papalymo","","Scion Thaumaturge","MAG and RES +13% when equipping a rod","Bring Papalymo to level 99","暁の大魔道師","111140052","✓","✓"
"XIV","Alphinaud","","Sharlayan Prodigy","MAG +10% when equipping a book","Use Alphinaud's Memory Crystal","シャーレアンの異才","111140060","✓","✓"
"XIV","Alphinaud","","Louisoix's Heir","MAG and MND +10% when equipping a book","Use Alphinaud's Memory Crystal II, chance to obtain with Alphinaud in party","ルイゾワの意志を継ぐ者","111140061","✓","✓"
"XIV","Alphinaud","","Bellwether","MAG and MND +13% when equipping a book","Bring Alphinaud to level 99","主導者の素質","111140062","✓","✓"
"XIV","Minfilia","","Antecedent","ATK +10% when equipping a shield","Use Minfilia's Memory Crystal","暁の盟主","111140070","✓","✓"
"XIV","Minfilia","","Protector of Eorzea","ATK +13% when equipping a shield","Use Minfilia's Memory Crystal II, chance to obtain with Minfilia in party","エオルゼアの守護者","111140071","✓","✓"
"XIV","Minfilia","","Word of the Mother","ATK and DEF +13% when equipping a shield","Bring Minfilia to level 99","星の代弁者","111140072","✓","✓"
"XIV","Cid (XIV)","","Hidden Truths","ATK and DEF +10%, causes Confuse at the beginning of the battle","Use Cid (XIV)'s Memory Crystal","雪に埋もれた真実","111140080","✓","✓"
"XIV","Cid (XIV)","","Magiteknician","ATK +13% when equipping a gun","Use Cid (XIV)'s Memory Crystal II, chance to obtain with Cid (XIV) in party","機工の業","111140081","✓","✓"
"XIV","Cid (XIV)","","Engineer's Mark","ATK and RES +13% when equipping a gun","Bring Cid (XIV) to level 99","技師の矜持","111140082","✓","✓"
"XIV","Ysayle","","Lady of Ice","MAG +10%, ATK -10%","Use Ysayle's Memory Crystal","凍えし少女","111140090","✓","✓"
"XIV","Ysayle","","Speaker of Heresies","Increases Ice damage dealt by 20%","Use Ysayle's Memory Crystal II, chance to obtain with Ysayle in party","異端者を総べる巫女","111140091","✓","✓"
"XIV","Ysayle","","Dragonsong Seer","Attack turns into an ability (BLK: single, 0.70 magical Ice)","Bring Ysayle to level 99","真の竜詩を知る者","111140092","✓","✓"
"XIV","Haurchefant","","Knight's Discipline","Knight abilities deal 15% more damage","Use Haurchefant's Memory Crystal","騎士の教え","111140100","✓","✓"
"XIV","Haurchefant","","Fortemps Champion","DEF +20% when equipping a shield","Use Haurchefant's Memory Crystal II, chance to obtain with Haurchefant in party","フォルタン家のイイ騎士","111140101","✓","✓"
"XIV","Haurchefant","","Shield of the People","DEF and RES +20% when equipping a shield","Bring Haurchefant to level 99","民と友を護る盾","111140102","✓","✓"
"XIV","Estinien","","Wyrmhunter","PHY attacks deal 10% more damage when equipping a spear","Use Estinien's Memory Crystal","竜を狩る者","111140110","✓","✓"
"XIV","Estinien","","Slayer of Dragons","Jump attacks deal 25% more damage","Use Estinien's Memory Crystal II, chance to obtain with Estinien in party","屠龍の名","111140111","✓","✓"
"XIV","Estinien","","Might of the Eye","Dragoon abilities deal 35% more damage","Bring Estinien to level 99","竜の眼の力","111140112","✓","✓"
"XIV","Alisaie","","Unwavering Spirit","40% chance to restore 1 use for all Black Magic and White Magic abilities at the beginning of the battle","Use Alisaie's Memory Crystal","勝ち気な令嬢","111140120","✓","✓"
"XIV","Alisaie","","Blade of Eorzea","15% chance to dualcast White Magic abilities","Use Alisaie's Memory Crystal II, chance to obtain with Alisaie in party","エオルゼアの剣","111140121","✓","✓"
"XIV","Alisaie","","Fencing Guardian","BLK attacks deal 30% more damage when equipping a sword","Bring Alisaie to level 99","旅立ちの宿の用心棒","111140122","✓","✓"
"XV","Noctis","","Sleeping Prince","ATK and DEF +10%, causes Sleep at the beginning of the battle","Use Noctis's Memory Crystal","眠れる王子","111150010","✓","✓"
"XV","Noctis","","Lucian Heir","Defend turns into an ability (NAT: self, restores HP for 10% of the target's maximum HP)","Use Noctis's Memory Crystal II, chance to obtain with Noctis in party","ルシス王国の後継者","111150011","✓","✓"
"XV","Noctis","","Promised Power","Attack turns into an ability (PHY: single, 2.10 physical) with 0.01 cast time that grants 0 SB points","Bring Noctis to level 99","聖石に導かれし力","111150012","✓","✓"
"XV","Gladiolus","","Staunch Ally","DEF +5% for each 10% missing HP","Use Gladiolus's Memory Crystal","頼りになる兄貴分","111150020","✓","✓"
"XV","Gladiolus","","Stalwart Watch","Grants [Protect] at the beginning of the battle","Use Gladiolus's Memory Crystal II, chance to obtain with Gladiolus in party","強固なる防人","111150021","✓","✓"
"XV","Gladiolus","","Crown Defense","ATK +15% when equipping a shield","Bring Gladiolus to level 99","王都警備隊の要","111150022","✓","✓"
"XV","Ignis","","Diligent Study","PHY attacks deal 10% more damage when equipping a dagger","Use Ignis's Memory Crystal","たゆまぬ研鑽","111150030","✓","✓"
"XV","Ignis","","Aide to Royalty","15% chance to counter PHY attacks with an ability (PHY: single, 1.00 physical, heals the user for 30% of the damage dealt)","Use Ignis's Memory Crystal II, chance to obtain with Ignis in party","王族の側仕え","111150031","✓","✓"
"XV","Ignis","","Promising Tactician","PHY attacks deal 30% more damage when equipping a dagger","Bring Ignis to level 99"," 有望なる軍師 ","111150032","✓","✓"
"XV","Prompto","","Life of the Party","ATK +10% when equipping a gun","Use Prompto's Memory Crystal","陽気なムードメーカー","111150040","✓","✓"
"XV","Prompto","","Social Butterfly","13% chance to dualcast Machinist abilities","Use Prompto's Memory Crystal II, chance to obtain with Prompto in party","大胆な人懐っこさ","111150041","✓","✓"
"XV","Prompto","","Hidden Struggle","PHY attacks deal 30% more damage when equipping a gun","Bring Prompto to level 99","密かなる努力","111150042","✓","✓"
"XV","Iris","","Puppy Love","WHT abilities restore 10% more HP","Use Iris's Memory Crystal","王子を慕う幼馴染","111150050","✓","✓"
"XV","Iris","","The Two of Us","Attack turns into an ability (WHT: single, restores HP (26))","Use Iris's Memory Crystal II, chance to obtain with Iris in party","ふたりでおさんぽ","111150051","✓","✓"
"XV","Iris","","Stern Stuff","35% chance to counter attacks that cause Slow with an ability (NAT: self, grants [Haste])","Bring Iris to level 99","芯の強き少女","111150052","✓","✓"
"XV","Aranea","","Spearhead","PHY attacks deal 10% more damage when equipping a spear","Use Aranea's Memory Crystal","突撃槍の使い手","111150060","✓","✓"
"XV","Aranea","","Dazzling Flight","Dragoon abilities deal 30% more damage","Use Aranea's Memory Crystal II, chance to obtain with Aranea in party","美麗なる飛翔","111150061","✓","✓"
"XV","Aranea","","Mother of Mercenaries","PHY attacks deal 30% more damage when equipping a helm","Bring Aranea to level 99","姉御肌の傭兵隊長","111150062","✓","✓"
"XV","Cor","","Master Martial","Samurai abilities deal 15% more damage","Use Cor's Memory Crystal","手練れの将軍","111150080","✓","✓"
"XV","Cor","","Unfailing Warrior","Samurai abilities deal 30% more damage","Use Cor's Memory Crystal II, chance to obtain with Cor in party","才能あふれる武人","111150081","✓","✓"
"XV","Cor","","Venerable Leader","Grant Last Stand at the beginning of the battle","Bring Cor to level 99","若者を導く先達","111150082","✓","✓"
"XV","Lunafreya","","Youngest Oracle","40% chance to restore 1 use for all White Magic and Summoning abilities at the beginning of the battle","Use Lunafreya's Memory Crystal","史上最年少の神凪","111150090","✓","✓"
"XV","Lunafreya","","Journey of Salvation","Restores 1 use for all White Magic and Summoning abilities at the beginning of the battle","Use Lunafreya's Memory Crystal II, chance to obtain with Lunafreya in party","救済の旅路","111150091","✓","✓"
"XV","Lunafreya","","Subject of Adoration","Acting and taking damage grants 25% more Soul Break points","Bring Lunafreya to level 99","民に敬愛されし巫女","111150092","✓","✓"
"XV","Ardyn","","Imperial Chancellor","PHY attacks deal 10% more damage when equipping a hat","Use Ardyn's Memory Crystal","帝国の宰相","111150100","✓","✓"
"XV","Ardyn","","Fearless Demeanor","Attack turns into an ability (PHY: group, 1.00 physical Dark)","Use Ardyn's Memory Crystal II, chance to obtain with Ardyn in party","不敵な佇まい","111150101","✓","✓"
"XV","Ardyn","","Elusive Misfit","Restores HP for 100% of the user's maximum HP when HP fall below 10%","Bring Ardyn to level 99","神出鬼没な奇人","111150102","✓","✓"
"XV","Ravus","","Oracle Guardian","PHY attacks deal 10% more damage when equipping a sword","Use Ravus's Memory Crystal","神凪を守る者","111150110","✓","✓"
"XV","Ravus","","Unfinished Business","Dark attacks deal 20% more damage","Use Ravus's Memory Crystal II, chance to obtain with Ravus in party","叶わぬ望み","111150111","✓","✓"
"XV","Ravus","","Hand of Retribution","Lightning attacks deal 30% more damage","Bring Ravus to level 99","報いの義手","111150112","✓","✓"
"XVI","Clive","","Rosarian Pride","?% chance to dualcast Combat abilities","Use Clive's Memory Crystal","公国騎士の誇り","111160010","",""
"XVI","Clive","","Phoenix Knight","ATK +?% when equipping a sword","Use Clive's Memory Crystal II, chance to obtain with Clive in party","フェニックスのナイト","111160011","",""
"XVI","Clive","","Cid's Successor","Combat abilities deal ?% more damage","Bring Clive to level 99","シドの名を継ぐもの","111160012","",""
"XVI","Jill","","Daughter of the Silvermane","?% chance to dualcast Witch abilities","Use Jill's Memory Crystal","白銀公の娘","111160020","",""
"XVI","Jill","","Weapon of the Iron Kingdom","BLK attacks deal ?% more damage when equipping a sword","Use Jill's Memory Crystal II, chance to obtain with Jill in party","鉄王国の兵器","111160021","",""
"XVI","Jill","","Walking with Cid","?% chance to begin the round with full ATB gauge","Bring Jill to level 99","シドと歩むもの","111160022","",""
"XVI","Joshua","","Prince's Sorrow","MND -?% & MAG +?%","Use Joshua's Memory Crystal","公世子の憂い","111160030","",""
"XVI","Joshua","","Phoenix Dominant","MAG -?% & MND +?%","Use Joshua's Memory Crystal II, chance to obtain with Joshua in party","フェニックスのドミナント","111160031","",""
"XVI","Joshua","","Leader of the Undying","Black Magic abilities deal 40% more damage","Bring Joshua to level 99","不死鳥教団宗主","111160032","",""
"XVI","Cidolfus","","Aware Soldier","Attack turns into an ability (BLK: group, 2.08 magical Lightning)","Use Cidolfus's Memory Crystal","真実を知る騎士長","111160050","","✓"
"XVI","Cidolfus","","Boss of the Hideaway","Black Magic abilities deal 30% more damage","Use Cidolfus's Memory Crystal II, chance to obtain with Cidolfus in party","隠れ家の長","111160051","","✓"
"XVI","Cidolfus","","Entrusted Name","Increases damage dealt by 30% when exploiting elemental weakness","Bring Cidolfus to level 99","シドの名を託すもの","111160052","","✓"
"FFT","Ramza","","Salve","If an ally has negative effects, 40% chance to turn Attack into an ability (NAT: single, removes negative effects)","Use Ramza's Memory Crystal","手当て","111500010","✓","✓"
"FFT","Ramza","","Battleforged","Acting grants 50% more Soul Break points","Use Ramza's Memory Crystal II, chance to obtain with Ramza in party","戦士の成長","111500011","✓","✓"
"FFT","Ramza","","Standard Bearer","Attack turns into an ability (PHY: single, 1.60 physical Lightning)","Bring Ramza to level 99","天騎士の意思を継ぐ者","111500012","✓","✓"
"FFT","Agrias","","Holy Knight's Sigil","30% chance to turn Attack into an ability (PHY: single, 1.00 physical Holy)","Use Agrias's Memory Crystal","ホーリーナイトの証","111500020","✓","✓"
"FFT","Agrias","","Holy Knight's Pride","Knight abilities deal 30% more damage","Use Agrias's Memory Crystal II, chance to obtain with Agrias in party","ホーリーナイトの誇り","111500021","✓","✓"
"FFT","Agrias","","Holy Knight's Muse","Knight abilities deal 40% more damage","Bring Agrias to level 99","ホーリーナイトの美技","111500022","✓","✓"
"FFT","Delita","","Will of the Commons","ATK +10%, DEF -10%","Use Delita's Memory Crystal","平民の志","111500030","✓","✓"
"FFT","Delita","","Captain of the Order","Grants [Magic Lure] for 15 seconds at the beginning of the battle","Use Delita's Memory Crystal II, chance to obtain with Delita in party","南天騎士団の将軍","111500031","✓","✓"
"FFT","Delita","","Sword Attested","DEF and RES +20% when equipping a sword","Bring Delita to level 99","覇道を征く者","111500032","✓","✓"
"FFT","Ovelia","","Forlorn Princess","Grants [Magical Blink 1] at the beginning of the battle","Use Ovelia's Memory Crystal","薄幸のプリンセス","111500040","✓","✓"
"FFT","Ovelia","","Lady of Ivalice","Attack turns into an ability (WHT: single, 2.00 magical)","Use Ovelia's Memory Crystal II, chance to obtain with Ovelia in party","イヴァリースの王女","111500041","✓","✓"
"FFT","Ovelia","","Royal Imperative","RES and MND +13% when equipping a robe","Bring Ovelia to level 99","英雄王の妃","111500042","✓","✓"
"FFT","Mustadio","","Goug Machinist","17% chance to turn Attack into Blind Shell","Use Mustadio's Memory Crystal","ゴーグの機工士","111500050","✓","✓"
"FFT","Mustadio","","Expert Marksman","40% chance to turn Attack into an ability (PHY: single, 1.00 physical, causes Stop (70%))","Use Mustadio's Memory Crystal II, chance to obtain with Mustadio in party","熟練の銃使い","111500051","✓","✓"
"FFT","Mustadio","","Rare Gift","20% chance to turn Attack into an ability (PHY: single, 1.00 physical, causes Petrify (100%))","Bring Mustadio to level 99","稀有な特殊技能者","111500052","✓","✓"
"FFT","Orlandeau","","Godspeed","Grants [Haste] at the beginning of the battle","Use Orlandeau's Memory Crystal","神速","111500060","✓","✓"
"FFT","Orlandeau","","God Among Men","Attack turns into an ability (PHY: group, 0.40~0.90 physical scaling with targets)","Use Orlandeau's Memory Crystal II, chance to obtain with Orlandeau in party","一世之雄","111500061","✓","✓"
"FFT","Orlandeau","","Gathering Storm","Grants [Thunder God's Might] at the beginning of the battle","Bring Orlandeau to level 99","乱世の雷神","111500062","✓","✓"
"FFT","Gaffgarion","","Darkest Arts","Darkness abilities deal 15% more damage","Use Gaffgarion's Memory Crystal","漆黒の戦術","111500070","✓","✓"
"FFT","Gaffgarion","","Fell Blademaster","15% chance to counter PHY attacks with an ability (PHY: single, 1.00 physical, heals the user for 30% of the damage dealt)","Use Gaffgarion's Memory Crystal II, chance to obtain with Gaffgarion in party","暗黒剣の使い手","111500071","✓","✓"
"FFT","Gaffgarion","","Masterful Mercenary","48% chance to counter PHY attacks with an ability (PHY: single, 2.30 physical, heals the user for 40% of the damage dealt)","Bring Gaffgarion to level 99","老獪なる傭兵","111500072","✓","✓"
"FFT","Rapha","","Divine Mantra","8% chance to dualcast Witch abilities","Use Rapha's Memory Crystal","真言の加護","111500090","✓","✓"
"FFT","Rapha","","Avenging Sister","Witch abilities deal 30% more damage","Use Rapha's Memory Crystal II, chance to obtain with Rapha in party","仇をうつ妹","111500091","✓","✓"
"FFT","Rapha","","Skyseer Adept","24% chance to turn Attack into Hell Thunder","Bring Rapha to level 99","一子相伝の天道術","111500092","✓","✓"
"FFT","Marach","","Dark Mantra","30% chance to turn Attack into an ability (BLK: single, 0.70 magical Lightning)","Use Marach's Memory Crystal","裏真言の冥利","111500100","✓","✓"
"FFT","Marach","","Avenging Brother","Attack turns into an ability (BLK: group, 1.50 magical Lightning)","Use Marach's Memory Crystal II, chance to obtain with Marach in party","恩義に報いる兄","111500101","✓","✓"
"FFT","Marach","","Netherseer Adept","Attack turns into an ability (BLK: single, 2.60 magical Lightning)","Bring Marach to level 99","一子相伝の天冥術","111500102","✓","✓"
"FFT","Meliadoul","","Hardened Blade","16% chance to turn Attack into Armor Break","Use Meliadoul's Memory Crystal","剛剣の使い手","111500110","✓","✓"
"FFT","Meliadoul","","Tenacious Templar","DEF +20% when equipping a light armor","Use Meliadoul's Memory Crystal II, chance to obtain with Meliadoul in party","頑ななる神殿騎士","111500111","✓","✓"
"FFT","Meliadoul","","Steeling Gaze","Support abilities deal 40% more damage","Bring Meliadoul to level 99","真実を求める眼差し","111500112","✓","✓"
"FFT","Marche","","Between Worlds","PHY attacks deal 10% more damage when equipping a sword","Use Marche's Memory Crystal","迷い込んだ少年","111500120","✓","✓"
"FFT","Marche","","Crystal Breaker","Knight abilities deal 30% more damage","Use Marche's Memory Crystal II, chance to obtain with Marche in party","クリスタルを壊す者","111500121","✓","✓"
"FFT","Marche","","Facing Reality","Grants [Sentinel] at the beginning of the battle","Bring Marche to level 99","現実と向き合う覚悟","111500122","✓","✓"
"FFT","Montblanc","","Tried and True","BLK attacks deal 10% more damage when equipping a staff","Use Montblanc's Memory Crystal","しっかり者の長男","111500130","✓","✓"
"FFT","Montblanc","","Born Leader","MAG +10%, grants [Haste] at the beginning of the battle","Use Montblanc's Memory Crystal II, chance to obtain with Montblanc in party","頼りになるクランのリーダー","111500131","✓","✓"
"FFT","Montblanc","","Fluffy Fortitude","MAG +15% when equipping a robe","Bring Montblanc to level 99","白き者の一族","111500132","✓","✓"
"FFT","Alma","","Youngest Beoulve","WHT abilities restore 10% more HP","Use Alma's Memory Crystal","ベオルブの末子","111500140","✓","✓"
"FFT","Alma","","Monastic Teachings","15% chance to dualcast White Magic abilities","Use Alma's Memory Crystal II, chance to obtain with Alma in party","修道院での教え","111500141","✓","✓"
"FFT","Alma","","Sacred Heart","DEF and MND +10% when equipping a staff","Bring Alma to level 99","聖魂を宿す少女","111500142","✓","✓"
"FFT","Orran","","Astrologer","MND +10% when equipping a book","Use Orran's Memory Crystal","占星術士","111500280","✓","✓"
"FFT","Orran","","Chronicler of History","MND +20% when equipping a book","Use Orran's Memory Crystal II, chance to obtain with Orran in party","歴史の記録者","111500281","✓","✓"
"FFT","Orran","","Beholder of Truth","MND +25% when equipping a book","Bring Orran to level 99","真実を知る異端者","111500282","✓","✓"
"Type-0","Ace","","Cards Wheeler","MAG +10% when equipping a thrown weapon","Use Ace's Memory Crystal","カードの使い手","111600010","✓","✓"
"Type-0","Ace","","Master Dealer","MAG +13% when equipping a thrown weapon","Use Ace's Memory Crystal II, chance to obtain with Ace in party","華麗なるカードさばき","111600011","✓","✓"
"Type-0","Ace","","Class Ace","MAG +13%, grants [Physical Blink 1] at the beginning of the battle","Bring Ace to level 99","0組のエース格","111600012","✓","✓"
"Type-0","Deuce","","Tender Touch","WHT abilities restore 10% more HP","Use Deuce's Memory Crystal","温厚な少女","111600020","✓","✓"
"Type-0","Deuce","","Musical Inclination","MND +10% when equipping an instrument","Use Deuce's Memory Crystal II, chance to obtain with Deuce in party","音楽への関心","111600021","✓","✓"
"Type-0","Deuce","","Soft Power","MND +25% when equipping an instrument","Bring Deuce to level 99","優しき力を司る者","111600022","✓","✓"
"Type-0","Nine","","Wild Side","ATK +10%, DEF -10%","Use Nine's Memory Crystal","ワイルドな言動","111600030","✓","✓"
"Type-0","Nine","","Spearmaster","PHY attacks deal 20% more damage when equipping a spear","Use Nine's Memory Crystal II, chance to obtain with Nine in party","槍の名手","111600031","✓","✓"
"Type-0","Nine","","Head Basher","ATK +15% when equipping a spear","Bring Nine to level 99","ブッコミ上等","111600032","✓","✓"
"Type-0","Machina","","Star Pupil","Spellblade abilities deal 15% more damage","Use Machina's Memory Crystal","さわやかな優等生","111600040","✓","✓"
"Type-0","Machina","","Naive Heart","Attack turns into an ability (PHY: group, 1.00 physical) with 4.50 cast time","Use Machina's Memory Crystal II, chance to obtain with Machina in party","純粋すぎる心","111600041","✓","✓"
"Type-0","Machina","","Whirling Blades","Spellblade abilities deal 40% more damage","Bring Machina to level 99","振るいし螺旋の刃","111600042","✓","✓"
"Type-0","Rem","","Lady of Daggers","MND +10% when equipping a dagger","Use Rem's Memory Crystal","ダガーを操る少女","111600050","✓","✓"
"Type-0","Rem","","Tender Care","WHT attacks deal 20% more damage","Use Rem's Memory Crystal II, chance to obtain with Rem in party","親身な対応","111600051","✓","✓"
"Type-0","Rem","","Earnest Intentions","WHT attacks deal 30% more damage","Bring Rem to level 99","一途な想い","111600052","✓","✓"
"Type-0","Queen","","Implacable Justice","ATK +10% when equipping a sword","Use Queen's Memory Crystal","清廉潔白な賢女","111600060","✓","✓"
"Type-0","Queen","","Swift Charge","Attack turns into an ability (PHY: single, 1.00 physical) with 0.01 cast time","Use Queen's Memory Crystal II, chance to obtain with Queen in party","すばやい突進","111600061","✓","✓"
"Type-0","Queen","","Tempered Power","42% chance to turn Attack into Double Cut","Bring Queen to level 99","賢き力を司る者","111600062","✓","✓"
"Type-0","King","","Slick Cadet","PHY attacks deal 10% more damage when equipping a gun","Use King's Memory Crystal","オールバックの候補生","111600070","✓","✓"
"Type-0","King","","Calculated Combat","Restores 1 use for all Machinist abilities at the beginning of the battle","Use King's Memory Crystal II, chance to obtain with King in party","冷静な戦術","111600071","✓","✓"
"Type-0","King","","Decisive Spark","16% chance to turn Attack into Spark Offering","Bring King to level 99","決断する力を司る者","111600073","✓","✓"
"Type-0","Cinque","","Offbeat Warrior","8% chance to turn attack into an ability (PHY: single, 2.80 physical)","Use Cinque's Memory Crystal","突拍子もない言動","111600080","✓","✓"
"Type-0","Cinque","","Iron Maiden","Increases Earth damage dealt by 20%","Use Cinque's Memory Crystal II, chance to obtain with Cinque in party","剛力な天然少女","111600081","✓","✓"
"Type-0","Cinque","","Strength of Innocence","Heavy abilities deal 40% more damage","Bring Cinque to level 99","純真なる力を司る者","111600082","✓","✓"
"Type-0","Seven","","Gaze Upon Truth","Grants [Magical Blink 1] at the beginning of the battle","Use Seven's Memory Crystal","真を見すえる瞳","111600090","✓","✓"
"Type-0","Seven","","Whipblade Warrior","MAG +10% when equipping a whip","Use Seven's Memory Crystal II, chance to obtain with Seven in party","鞭剣使いの麗人","111600091","✓","✓"
"Type-0","Seven","","Unblinking Power","BLK attacks deal 30% more damage when equipping a whip","Bring Seven to level 99","認識する力を司る者","111600092","✓","✓"
"Type-0","Sice","","Searing Darkness","Darkness abilities deal 15% more damage","Use Sice's Memory Crystal","鋭光の一匹狼","111600100","✓","✓"
"Type-0","Sice","","Spiteful Scythe","13% chance to dualcast Darkness abilities","Use Sice's Memory Crystal II, chance to obtain with Sice in party","大鎌に宿る怨念","111600101","✓","✓"
"Type-0","Sice","","Unyielding Power","ATK +15%, DEF -15%","Bring Sice to level 99","執着する力を司る者","111600102","✓","✓"
"Type-0","Jack","","Positive Thinking","50% chance to restore 1 use for all Samurai abilities at the beginning of the battle","Use Jack's Memory Crystal","ポジティブ思考","111600110","✓","✓"
"Type-0","Jack","","Bright Future","13% chance to dualcast Samurai abilities","Use Jack's Memory Crystal II, chance to obtain with Jack in party","前向きな未来","111600111","✓","✓"
"Type-0","Jack","","Power Untold","Samurai abilities deal 40% more damage","Bring Jack to level 99","無知なる力を司る者","111600112","✓","✓"
"Type-0","Eight","","Nimble Pugilist","Grants [Haste] at the beginning of the battle","Use Eight's Memory Crystal","俊敏な格闘少年","111600120","✓","✓"
"Type-0","Eight","","Class Zero Conscience","13% chance to dualcast Monk abilities","Use Eight's Memory Crystal II, chance to obtain with Eight in party","0組の良心","111600121","✓","✓"
"Type-0","Eight","","Serene Power","Monk abilities deal 40% more damage","Bring Eight to level 99","冷静なる力を司る者","111600122","✓","✓"
"Type-0","Cater","","Magicite Pistoleer","PHY attacks deal 10% more damage when equipping a gun","Use Cater's Memory Crystal","魔法銃を操る少女","111600130","✓","✓"
"Type-0","Cater","","Tricky Tactics","Restores 1 use for all Machinist abilities at the beginning of the battle","Use Cater's Memory Crystal II, chance to obtain with Cater in party","トリッキーな戦法","111600131","✓","✓"
"Type-0","Cater","","Heroic Power","PHY attacks deal 30% more damage when equipping a gun","Bring Cater to level 99","勇敢なる力を司る者","111600132","✓","✓"
"Type-0","Trey","","Competitive Heart","PHY attacks deal 10% more damage when equipping a bow","Use Trey's Memory Crystal","内に秘めし対抗意識","111600140","✓","✓"
"Type-0","Trey","","Class Zero Brainiac","Sharpshooter abilities deal 30% more damage","Use Trey's Memory Crystal II, chance to obtain with Trey in party","0組の知恵袋","111600141","✓","✓"
"Type-0","Trey","","Wisdom Within","13% chance to dualcast Sharpshooter abilities","Bring Trey to level 99","知の力を司る者","111600142","✓","✓"
"Type-0","Kurasame","","Grim Reaper's Prowess","BLK and PHY attacks deal 10% more damage when equipping a sword","Use Kurasame's Memory Crystal","死神の戦闘能力","111600160","","✓"
"Type-0","Kurasame","","Silent Commander","Increases Ice damage dealt by 20%","Use Kurasame's Memory Crystal II, chance to obtain with Kursame in party","無口な指揮隊長","111600161","","✓"
"Type-0","Kurasame","","Vermillion Tonberry","Increases Ice damage dealt by 30%","Bring Kurasame to level 99","従者朱雀トンベリ","111600162","","✓"
"KH","Sora","","Link Between Hearts","Spellblade abilities deal 15% more damage","Use Sora's Memory Crystal","心を繋ぐ少年","111700010","✓","✓"
"KH","Sora","","Bond Between Worlds","Spellblade abilities deal 30% more damage","Use Sora's Memory Crystal II, chance to obtain with Sora in party","世界をめぐる絆","111700011","✓","✓"
"KH","Sora","","Faith in the Light","Spellblade abilities deal 40% more damage","Bring Sora to level 99","光を信じる心","111700012","✓","✓"
"KH","Riku","","Dreams of Power","Increases Dark damage dealt by 10%","Use Riku's Memory Crystal","力を望む少年","111700020","✓","✓"
"KH","Riku","","Means to an End","Increases Dark damage dealt by 20%","Use Riku's Memory Crystal II, chance to obtain with Riku in party","手段を選ばぬ意思","111700021","✓","✓"
"KH","Riku","","Heart of Darkness","Increases Dark damage dealt by 30%","Bring Riku to level 99","闇を覆いし心","111700022","✓","✓"
"KH","Roxas","","Self Oblivion","Increases Holy damage dealt by 10%","Use Roxas's Memory Crystal","自身を知らぬ少年","111700040","✓","✓"
"KH","Roxas","","Light's Shadow","Increases Holy damage dealt by 20%","Use Roxas's Memory Crystal II, chance to obtain with Roxas in party","	光の勇者に関わる存在","111700041","✓","✓"
"KH","Roxas","","Trembling Twilight","Increases Holy damage dealt by 30%","Bring Roxas to level 99","たそがれに揺れる光","111700042","✓","✓"
"KH","Axel","","Elusive Motives","Increases Fire damage dealt by 10%","Use Axel's Memory Crystal","つかみどころのない性格","111700050","✓","✓"
"KH","Axel","","Nobody's Friend","Increases Fire damage dealt by 20%","Use Axel's Memory Crystal II, chance to obtain with Axel in party","ロクサスの親友","111700051","✓","✓"
"KH","Axel","","Assassin of Flames","Increases Fire damage dealt by 30%","Bring Axel to level 99","炎操る暗殺者","111700052","✓","✓"
"Beyond","Reynn","","Ward of Heaven","Grants [Magical Blink 1] at the beginning of the battle","Use Reynn's Memory Crystal","天の護り","111900050","✓","✓"
"Beyond","Reynn","","Hidden Nature","MAG +10%, grants [Magical Blink 1] at the beginning of the battle","Use Reynn's Memory Crystal II, chance to obtain with Reynn in party","秘めたる資質","111900051","✓","✓"
"Beyond","Reynn","","Fate Usurper","BLK attacks deal 30% more damage when equipping a thrown weapon","Bring Reynn to level 99","結末を覆せし決意","111900052","✓","✓"
"Beyond","Lann","","Sunny Disposition","Grants [Low Regen] at the beginning of the battle","Use Lann's Memory Crystal","明朗快活","111900060","✓","✓"
"Beyond","Lann","","Spring of Youth","ATK +10%, grants [Low Regen] at the beginning of the battle","Use Lann's Memory Crystal II, chance to obtain with Lann in party","幼き覚醒","111900061","✓","✓"
"Beyond","Lann","","Unforseen Power","ATK and DEF +13% when equipping a thrown weapon","Bring Lann to level 99","異形の腕に宿りし力","111900062","✓","✓"
"Beyond","Morrow","","Unspoiled Vista","PHY attacks deal 10% more damage when equipping a sword","Use Morrow's Memory Crystal","原風景","111900110","✓","✓"
"Beyond","Morrow","","A Day on the Road","Restores 1 use for all Support abilities at the beginning of the battle","Use Morrow's Memory Crystal II, chance to obtain with Morrow in party","旅の一日","111900111","✓","✓"
"Beyond","Morrow","","Endless Adventure","Support abilities deal 40% more damage","Bring Morrow to level 99","果てなき冒険","111900112","✓","✓"
"Beyond","Aemo","","Radical Orange","40% chance to restore 1 use for all White Magic and Summoning abilities at the beginning of the battle","Use Aemo's Memory Crystal","ラジカルオレンジ","111900120","✓","✓"
"Beyond","Aemo","","Small Hero","WHT abilities restore 20% more HP","Use Aemo's Memory Crystal II, chance to obtain with Aemo in party","小さなヒーロー","111900121","✓","✓"
"Beyond","Aemo","","Precious Days","MND +25% when equipping a rod","Bring Aemo to level 99","守りたかった日常","111900122","✓","✓"
"Beyond","Wrieg","","Wrieg's Song","DEF +10% when equipping a spear","Use Wrieg's Memory Crystal","リーグ・ソング","111900130","✓","✓"
"Beyond","Wrieg","","Ironclad Oath","Dragoon abilities deal 30% more damage","Use Wrieg's Memory Crystal II, chance to obtain with Wrieg in party","交わす約束","111900131","✓","✓"
"Beyond","Wrieg","","Budding Trust","ATK and DEF +13% when equipping a spear","Bring Wrieg to level 99","芽吹く信頼","111900132","✓","✓"
"Beyond","Tama","","Journey's Guide","MND +10% when equipping a rod","Use Tama's Memory Crystal","旅の案内役","111900160","✓","✓"
"Beyond","Tama","","Mood Maker","Restores 1 use for all Black Magic and White Magic abilities at the beginning of the battle","Use Tama's Memory Crystal II, chance to obtain with Tama in party","ノリ上手","111900161","✓","✓"
"Beyond","Tama","","Hand of Protection","MAG and MND +13% when equipping a light armor","Bring Tama to level 99","導きの守り手","111900162","✓","✓"
"Beyond","Enna Kros","","Self-Styled God","Increases Earth damage dealt by 10%","Use Enna Kros's Memory Crystal","自称神様","111900170","✓","✓"
"Beyond","Enna Kros","","Journey's Observer","MAG +13% when equipping a thrown weapon","Use Enna Kros's Memory Crystal II, chance to obtain with Enna Kros in party","旅の傍観者","111900171","✓","✓"
"Beyond","Enna Kros","","Divine Smile","Attack turns into an ability (BLK: single, 2.60 magical Earth)","Bring Enna Kros to level 99","神の微笑み","111900172","✓","✓"
"Beyond","Serafie","","Pixie of Grymoire","Increases Wind damage dealt by 10%","Use Serafie's Memory Crystal","グリモワルの妖精","111900320","✓","✓"
"Beyond","Serafie","","Nonchalant Airs","MAG +13% when equipping an instrument","Use Serafie's Memory Crystal II, chance to obtain with Serafie in party","気だるげなしゃべり方","111900321","✓","✓"
"Beyond","Serafie","","Prismarium Keeper","100% chance to double Experience gained at the end of the battle","Bring Serafie to level 99","ガーデンジェムの管理人","111900322","✓","✓"
"Beyond","Rain","","Knight of Grandshelt","Spellblade abilities deal 15% more damage","Use Rain's Memory Crystal","グランシェルトの騎士","111900330","✓","✓"
"Beyond","Rain","","Knight's Pride","Increases Earth damage dealt by 20%","Use Rain's Memory Crystal II, chance to obtain with Rain in party","騎士のプライド","111900331","✓","✓"
"Beyond","Rain","","Blazing Soul","Increases Fire damage dealt by 30%","Bring Fina to level 99","燃えたつ心","111900332","✓","✓"
"Beyond","Fina","","Purity","MAG and MND +10%","Use Fina's Memory Crystal","純真無垢","111900340","✓","✓"
"Beyond","Fina","","Girl from the Crystal","MND +20% when equipping a bow","Use Fina's Memory Crystal II, chance to obtain with Fina in party","クリスタルより現れし少女","111900341","✓","✓"
"Beyond","Fina","","Honest Wish","Attack turns into an ability (NAT: single, removes negative effects)","Bring Fina to level 99","清廉なる願い","111900342","✓","✓"
"Beyond","Lasswell","","Lifelong Friend","15% chance to counter PHY attacks with an ability (PHY: single, 1x 1.00 physical)","Use Lasswell's Memory Crystal","レインの幼馴染","111900350","✓","✓"
"Beyond","Lasswell","","Tranquil Spirit","PHY attacks deal 20% more damage when equipping a katana","Use Lasswell's Memory Crystal II, chance to obtain with Lasswell in party","静かなる闘志","111900351","✓","✓"
"Beyond","Lasswell","","Untiring Efforts","PHY attacks deal 30% more damage when equipping a katana","Bring Lasswell to level 99","たゆまぬ努力","111900352","✓","✓"